                                                                        S      1
1H,,1H;,7H128-000,11H128-000.IGS,9H{unknown},9H{unknown},16,6,15,13,15, G      1
7H128-000,1.,6,1HM,8,0.016,15H19970830.165254, 0.0001,0.,               G      2
21Hdennette@wiz-worx.com,23HLegacy PDD AP Committee,11,3,               G      3
13H920717.080000,23HMIL-PRF-28000B0,CLASS 1;                            G      4
     128       1       0       0       1       0       0       000000001D      1
     128       0       2    2120       0                               0D      2
     128    2121       0       0       1       0       0       000000001D      3
     128       0       2    2120       0                               0D      4
     128    4241       0       0       1       0       0       000000001D      5
     128       0       2     219       0                               0D      6
     128    4460       0       0       1       0       0       000000001D      7
     128       0       2     132       0                               0D      8
     128    4592       0       0       1       0       0       000000001D      9
     128       0       2     132       0                               0D     10
       128,        21,        70,         3,         3,                1P      1
         0,         0,         1,         0,         0,                1P      2
                   0,                   0,                   0,        1P      3
                   0,    0.00641619095209,     0.0254307594075,        1P      4
     0.0596288763355,      0.103063694687,      0.156566961603,        1P      5
      0.224105712151,        0.2937894593,      0.368471408595,        1P      6
      0.452612338008,      0.531439996705,      0.609180548175,        1P      7
      0.689751374679,      0.759020166219,      0.821484775531,        1P      8
      0.879561942127,      0.923169298156,      0.956306677412,        1P      9
      0.980641249822,                   1,                   1,        1P     10
                   1,                   1,                   0,        1P     11
                   0,                   0,                   0,        1P     12
   0.000575339509827,    0.00128528860465,    0.00226217077561,        1P     13
    0.00348942767092,    0.00494690823228,    0.00661298358895,        1P     14
    0.00846913041159,     0.0105077176395,     0.0127411648861,        1P     15
      0.015206142544,     0.0179546446597,     0.0188469583179,        1P     16
     0.0210319347595,     0.0244440862165,     0.0281468289372,        1P     17
     0.0320375468545,     0.0359680611267,      0.039765758692,        1P     18
     0.0432578094848,     0.0462921183088,     0.0487504048501,        1P     19
     0.0505517398802,     0.0516480843581,     0.0520158196062,        1P     20
     0.0554082888857,      0.100096167797,       0.13642006669,        1P     21
      0.144819298056,      0.189982110661,      0.223740906871,        1P     22
      0.233856725758,      0.277248664028,      0.316900558027,        1P     23
       0.32196675189,      0.351468483254,      0.384444343991,        1P     24
      0.414900358391,      0.441962085515,       0.45783176669,        1P     25
      0.464444443837,      0.484278377886,      0.504112311936,        1P     26
      0.523946245985,      0.543780180035,      0.563614114084,        1P     27
      0.583448048134,      0.603281982183,      0.623115916233,        1P     28
      0.638541398851,      0.642950165515,      0.662785517818,        1P     29
      0.682620870122,      0.702456222425,      0.722291574729,        1P     30
      0.742126927032,      0.761962279336,      0.781797631639,        1P     31
      0.801632983942,      0.819263952914,      0.821468500829,        1P     32
       0.84130533407,      0.861142167311,      0.880979000552,        1P     33
      0.900815833794,      0.920652667035,      0.940489500276,        1P     34
      0.960326333517,                   1,                   1,        1P     35
                   1,                   1,                   1,        1P     36
                   1,                   1,                   1,        1P     37
                   1,                   1,                   1,        1P     38
                   1,                   1,                   1,        1P     39
                   1,                   1,                   1,        1P     40
                   1,                   1,                   1,        1P     41
                   1,                   1,                   1,        1P     42
                   1,                   1,                   1,        1P     43
                   1,                   1,                   1,        1P     44
                   1,                   1,                   1,        1P     45
                   1,                   1,                   1,        1P     46
                   1,                   1,                   1,        1P     47
                   1,                   1,                   1,        1P     48
                   1,                   1,                   1,        1P     49
                   1,                   1,                   1,        1P     50
                   1,                   1,                   1,        1P     51
                   1,                   1,                   1,        1P     52
                   1,                   1,                   1,        1P     53
                   1,                   1,                   1,        1P     54
                   1,                   1,                   1,        1P     55
                   1,                   1,                   1,        1P     56
                   1,                   1,                   1,        1P     57
                   1,                   1,                   1,        1P     58
                   1,                   1,                   1,        1P     59
                   1,                   1,                   1,        1P     60
                   1,                   1,                   1,        1P     61
                   1,                   1,                   1,        1P     62
                   1,                   1,                   1,        1P     63
                   1,                   1,                   1,        1P     64
                   1,                   1,                   1,        1P     65
                   1,                   1,                   1,        1P     66
                   1,                   1,                   1,        1P     67
                   1,                   1,                   1,        1P     68
                   1,                   1,                   1,        1P     69
                   1,                   1,                   1,        1P     70
                   1,                   1,                   1,        1P     71
                   1,                   1,                   1,        1P     72
                   1,                   1,                   1,        1P     73
                   1,                   1,                   1,        1P     74
                   1,                   1,                   1,        1P     75
                   1,                   1,                   1,        1P     76
                   1,                   1,                   1,        1P     77
                   1,                   1,                   1,        1P     78
                   1,                   1,                   1,        1P     79
                   1,                   1,                   1,        1P     80
                   1,                   1,                   1,        1P     81
                   1,                   1,                   1,        1P     82
                   1,                   1,                   1,        1P     83
                   1,                   1,                   1,        1P     84
                   1,                   1,                   1,        1P     85
                   1,                   1,                   1,        1P     86
                   1,                   1,                   1,        1P     87
                   1,                   1,                   1,        1P     88
                   1,                   1,                   1,        1P     89
                   1,                   1,                   1,        1P     90
                   1,                   1,                   1,        1P     91
                   1,                   1,                   1,        1P     92
                   1,                   1,                   1,        1P     93
                   1,                   1,                   1,        1P     94
                   1,                   1,                   1,        1P     95
                   1,                   1,                   1,        1P     96
                   1,                   1,                   1,        1P     97
                   1,                   1,                   1,        1P     98
                   1,                   1,                   1,        1P     99
                   1,                   1,                   1,        1P    100
                   1,                   1,                   1,        1P    101
                   1,                   1,                   1,        1P    102
                   1,                   1,                   1,        1P    103
                   1,                   1,                   1,        1P    104
                   1,                   1,                   1,        1P    105
                   1,                   1,                   1,        1P    106
                   1,                   1,                   1,        1P    107
                   1,                   1,                   1,        1P    108
                   1,                   1,                   1,        1P    109
                   1,                   1,                   1,        1P    110
                   1,                   1,                   1,        1P    111
                   1,                   1,                   1,        1P    112
                   1,                   1,                   1,        1P    113
                   1,                   1,                   1,        1P    114
                   1,                   1,                   1,        1P    115
                   1,                   1,                   1,        1P    116
                   1,                   1,                   1,        1P    117
                   1,                   1,                   1,        1P    118
                   1,                   1,                   1,        1P    119
                   1,                   1,                   1,        1P    120
                   1,                   1,                   1,        1P    121
                   1,                   1,                   1,        1P    122
                   1,                   1,                   1,        1P    123
                   1,                   1,                   1,        1P    124
                   1,                   1,                   1,        1P    125
                   1,                   1,                   1,        1P    126
                   1,                   1,                   1,        1P    127
                   1,                   1,                   1,        1P    128
                   1,                   1,                   1,        1P    129
                   1,                   1,                   1,        1P    130
                   1,                   1,                   1,        1P    131
                   1,                   1,                   1,        1P    132
                   1,                   1,                   1,        1P    133
                   1,                   1,                   1,        1P    134
                   1,                   1,                   1,        1P    135
                   1,                   1,                   1,        1P    136
                   1,                   1,                   1,        1P    137
                   1,                   1,                   1,        1P    138
                   1,                   1,                   1,        1P    139
                   1,                   1,                   1,        1P    140
                   1,                   1,                   1,        1P    141
                   1,                   1,                   1,        1P    142
                   1,                   1,                   1,        1P    143
                   1,                   1,                   1,        1P    144
                   1,                   1,                   1,        1P    145
                   1,                   1,                   1,        1P    146
                   1,                   1,                   1,        1P    147
                   1,                   1,                   1,        1P    148
                   1,                   1,                   1,        1P    149
                   1,                   1,                   1,        1P    150
                   1,                   1,                   1,        1P    151
                   1,                   1,                   1,        1P    152
                   1,                   1,                   1,        1P    153
                   1,                   1,                   1,        1P    154
                   1,                   1,                   1,        1P    155
                   1,                   1,                   1,        1P    156
                   1,                   1,                   1,        1P    157
                   1,                   1,                   1,        1P    158
                   1,                   1,                   1,        1P    159
                   1,                   1,                   1,        1P    160
                   1,                   1,                   1,        1P    161
                   1,                   1,                   1,        1P    162
                   1,                   1,                   1,        1P    163
                   1,                   1,                   1,        1P    164
                   1,                   1,                   1,        1P    165
                   1,                   1,                   1,        1P    166
                   1,                   1,                   1,        1P    167
                   1,                   1,                   1,        1P    168
                   1,                   1,                   1,        1P    169
                   1,                   1,                   1,        1P    170
                   1,                   1,                   1,        1P    171
                   1,                   1,                   1,        1P    172
                   1,                   1,                   1,        1P    173
                   1,                   1,                   1,        1P    174
                   1,                   1,                   1,        1P    175
                   1,                   1,                   1,        1P    176
                   1,                   1,                   1,        1P    177
                   1,                   1,                   1,        1P    178
                   1,                   1,                   1,        1P    179
                   1,                   1,                   1,        1P    180
                   1,                   1,                   1,        1P    181
                   1,                   1,                   1,        1P    182
                   1,                   1,                   1,        1P    183
                   1,                   1,                   1,        1P    184
                   1,                   1,                   1,        1P    185
                   1,                   1,                   1,        1P    186
                   1,                   1,                   1,        1P    187
                   1,                   1,                   1,        1P    188
                   1,                   1,                   1,        1P    189
                   1,                   1,                   1,        1P    190
                   1,                   1,                   1,        1P    191
                   1,                   1,                   1,        1P    192
                   1,                   1,                   1,        1P    193
                   1,                   1,                   1,        1P    194
                   1,                   1,                   1,        1P    195
                   1,                   1,                   1,        1P    196
                   1,                   1,                   1,        1P    197
                   1,                   1,                   1,        1P    198
                   1,                   1,                   1,        1P    199
                   1,                   1,                   1,        1P    200
                   1,                   1,                   1,        1P    201
                   1,                   1,                   1,        1P    202
                   1,                   1,                   1,        1P    203
                   1,                   1,                   1,        1P    204
                   1,                   1,                   1,        1P    205
                   1,                   1,                   1,        1P    206
                   1,                   1,                   1,        1P    207
                   1,                   1,                   1,        1P    208
                   1,                   1,                   1,        1P    209
                   1,                   1,                   1,        1P    210
                   1,                   1,                   1,        1P    211
                   1,                   1,                   1,        1P    212
                   1,                   1,                   1,        1P    213
                   1,                   1,                   1,        1P    214
                   1,                   1,                   1,        1P    215
                   1,                   1,                   1,        1P    216
                   1,                   1,                   1,        1P    217
                   1,                   1,                   1,        1P    218
                   1,                   1,                   1,        1P    219
                   1,                   1,                   1,        1P    220
                   1,                   1,                   1,        1P    221
                   1,                   1,                   1,        1P    222
                   1,                   1,                   1,        1P    223
                   1,                   1,                   1,        1P    224
                   1,                   1,                   1,        1P    225
                   1,                   1,                   1,        1P    226
                   1,                   1,                   1,        1P    227
                   1,                   1,                   1,        1P    228
                   1,                   1,                   1,        1P    229
                   1,                   1,                   1,        1P    230
                   1,                   1,                   1,        1P    231
                   1,                   1,                   1,        1P    232
                   1,                   1,                   1,        1P    233
                   1,                   1,                   1,        1P    234
                   1,                   1,                   1,        1P    235
                   1,                   1,                   1,        1P    236
                   1,                   1,                   1,        1P    237
                   1,                   1,                   1,        1P    238
                   1,                   1,                   1,        1P    239
                   1,                   1,                   1,        1P    240
                   1,                   1,                   1,        1P    241
                   1,                   1,                   1,        1P    242
                   1,                   1,                   1,        1P    243
                   1,                   1,                   1,        1P    244
                   1,                   1,                   1,        1P    245
                   1,                   1,                   1,        1P    246
                   1,                   1,                   1,        1P    247
                   1,                   1,                   1,        1P    248
                   1,                   1,                   1,        1P    249
                   1,                   1,                   1,        1P    250
                   1,                   1,                   1,        1P    251
                   1,                   1,                   1,        1P    252
                   1,                   1,                   1,        1P    253
                   1,                   1,                   1,        1P    254
                   1,                   1,                   1,        1P    255
                   1,                   1,                   1,        1P    256
                   1,                   1,                   1,        1P    257
                   1,                   1,                   1,        1P    258
                   1,                   1,                   1,        1P    259
                   1,                   1,                   1,        1P    260
                   1,                   1,                   1,        1P    261
                   1,                   1,                   1,        1P    262
                   1,                   1,                   1,        1P    263
                   1,                   1,                   1,        1P    264
                   1,                   1,                   1,        1P    265
                   1,                   1,                   1,        1P    266
                   1,                   1,                   1,        1P    267
                   1,                   1,                   1,        1P    268
                   1,                   1,                   1,        1P    269
                   1,                   1,                   1,        1P    270
                   1,                   1,                   1,        1P    271
                   1,                   1,                   1,        1P    272
                   1,                   1,                   1,        1P    273
                   1,                   1,                   1,        1P    274
                   1,                   1,                   1,        1P    275
                   1,                   1,                   1,        1P    276
                   1,                   1,                   1,        1P    277
                   1,                   1,                   1,        1P    278
                   1,                   1,                   1,        1P    279
                   1,                   1,                   1,        1P    280
                   1,                   1,                   1,        1P    281
                   1,                   1,                   1,        1P    282
                   1,                   1,                   1,        1P    283
                   1,                   1,                   1,        1P    284
                   1,                   1,                   1,        1P    285
                   1,                   1,                   1,        1P    286
                   1,                   1,                   1,        1P    287
                   1,                   1,                   1,        1P    288
                   1,                   1,                   1,        1P    289
                   1,                   1,                   1,        1P    290
                   1,                   1,                   1,        1P    291
                   1,                   1,                   1,        1P    292
                   1,                   1,                   1,        1P    293
                   1,                   1,                   1,        1P    294
                   1,                   1,                   1,        1P    295
                   1,                   1,                   1,        1P    296
                   1,                   1,                   1,        1P    297
                   1,                   1,                   1,        1P    298
                   1,                   1,                   1,        1P    299
                   1,                   1,                   1,        1P    300
                   1,                   1,                   1,        1P    301
                   1,                   1,                   1,        1P    302
                   1,                   1,                   1,        1P    303
                   1,                   1,                   1,        1P    304
                   1,                   1,                   1,        1P    305
                   1,                   1,                   1,        1P    306
                   1,                   1,                   1,        1P    307
                   1,                   1,                   1,        1P    308
                   1,                   1,                   1,        1P    309
                   1,                   1,                   1,        1P    310
                   1,                   1,                   1,        1P    311
                   1,                   1,                   1,        1P    312
                   1,                   1,                   1,        1P    313
                   1,                   1,                   1,        1P    314
                   1,                   1,                   1,        1P    315
                   1,                   1,                   1,        1P    316
                   1,                   1,                   1,        1P    317
                   1,                   1,                   1,        1P    318
                   1,                   1,                   1,        1P    319
                   1,                   1,                   1,        1P    320
                   1,                   1,                   1,        1P    321
                   1,                   1,                   1,        1P    322
                   1,                   1,                   1,        1P    323
                   1,                   1,                   1,        1P    324
                   1,                   1,                   1,        1P    325
                   1,                   1,                   1,        1P    326
                   1,                   1,                   1,        1P    327
                   1,                   1,                   1,        1P    328
                   1,                   1,                   1,        1P    329
                   1,                   1,                   1,        1P    330
                   1,                   1,                   1,        1P    331
                   1,                   1,                   1,        1P    332
                   1,                   1,                   1,        1P    333
                   1,                   1,                   1,        1P    334
                   1,                   1,                   1,        1P    335
                   1,                   1,                   1,        1P    336
                   1,                   1,                   1,        1P    337
                   1,                   1,                   1,        1P    338
                   1,                   1,                   1,        1P    339
                   1,                   1,                   1,        1P    340
                   1,                   1,                   1,        1P    341
                   1,                   1,                   1,        1P    342
                   1,                   1,                   1,        1P    343
                   1,                   1,                   1,        1P    344
                   1,                   1,                   1,        1P    345
                   1,                   1,                   1,        1P    346
                   1,                   1,                   1,        1P    347
                   1,                   1,                   1,        1P    348
                   1,                   1,                   1,        1P    349
                   1,                   1,                   1,        1P    350
                   1,                   1,                   1,        1P    351
                   1,                   1,                   1,        1P    352
                   1,                   1,                   1,        1P    353
                   1,                   1,                   1,        1P    354
                   1,                   1,                   1,        1P    355
                   1,                   1,                   1,        1P    356
                   1,                   1,                   1,        1P    357
                   1,                   1,                   1,        1P    358
                   1,                   1,                   1,        1P    359
                   1,                   1,                   1,        1P    360
                   1,                   1,                   1,        1P    361
                   1,                   1,                   1,        1P    362
                   1,                   1,                   1,        1P    363
                   1,                   1,                   1,        1P    364
                   1,                   1,                   1,        1P    365
                   1,                   1,                   1,        1P    366
                   1,                   1,                   1,        1P    367
                   1,                   1,                   1,        1P    368
                   1,                   1,                   1,        1P    369
                   1,                   1,                   1,        1P    370
                   1,                   1,                   1,        1P    371
                   1,                   1,                   1,        1P    372
                   1,                   1,                   1,        1P    373
                   1,                   1,                   1,        1P    374
                   1,                   1,                   1,        1P    375
                   1,                   1,                   1,        1P    376
                   1,                   1,                   1,        1P    377
                   1,                   1,                   1,        1P    378
                   1,                   1,                   1,        1P    379
                   1,                   1,                   1,        1P    380
                   1,                   1,                   1,        1P    381
                   1,                   1,                   1,        1P    382
                   1,                   1,                   1,        1P    383
                   1,                   1,                   1,        1P    384
                   1,                   1,                   1,        1P    385
                   1,                   1,                   1,        1P    386
                   1,                   1,                   1,        1P    387
                   1,                   1,                   1,        1P    388
                   1,                   1,                   1,        1P    389
                   1,                   1,                   1,        1P    390
                   1,                   1,                   1,        1P    391
                   1,                   1,                   1,        1P    392
                   1,                   1,                   1,        1P    393
                   1,                   1,                   1,        1P    394
                   1,                   1,                   1,        1P    395
                   1,                   1,                   1,        1P    396
                   1,                   1,                   1,        1P    397
                   1,                   1,                   1,        1P    398
                   1,                   1,                   1,        1P    399
                   1,                   1,                   1,        1P    400
                   1,                   1,                   1,        1P    401
                   1,                   1,                   1,        1P    402
                   1,                   1,                   1,        1P    403
                   1,                   1,                   1,        1P    404
                   1,                   1,                   1,        1P    405
                   1,                   1,                   1,        1P    406
                   1,                   1,                   1,        1P    407
                   1,                   1,                   1,        1P    408
                   1,                   1,                   1,        1P    409
                   1,                   1,                   1,        1P    410
                   1,                   1,                   1,        1P    411
                   1,                   1,                   1,        1P    412
                   1,                   1,                   1,        1P    413
                   1,                   1,                   1,        1P    414
                   1,                   1,                   1,        1P    415
                   1,                   1,                   1,        1P    416
                   1,                   1,                   1,        1P    417
                   1,                   1,                   1,        1P    418
                   1,                   1,                   1,        1P    419
                   1,                   1,                   1,        1P    420
                   1,                   1,                   1,        1P    421
                   1,                   1,                   1,        1P    422
                   1,                   1,                   1,        1P    423
                   1,                   1,                   1,        1P    424
                   1,                   1,                   1,        1P    425
                   1,                   1,                   1,        1P    426
                   1,                   1,                   1,        1P    427
                   1,                   1,                   1,        1P    428
                   1,                   1,                   1,        1P    429
                   1,                   1,                   1,        1P    430
                   1,                   1,                   1,        1P    431
                   1,                   1,                   1,        1P    432
                   1,                   1,                   1,        1P    433
                   1,                   1,                   1,        1P    434
                   1,                   1,                   1,        1P    435
                   1,                   1,                   1,        1P    436
                   1,                   1,                   1,        1P    437
                   1,                   1,                   1,        1P    438
                   1,                   1,                   1,        1P    439
                   1,                   1,                   1,        1P    440
                   1,                   1,                   1,        1P    441
                   1,                   1,                   1,        1P    442
                   1,                   1,                   1,        1P    443
                   1,                   1,                   1,        1P    444
                   1,                   1,                   1,        1P    445
                   1,                   1,                   1,        1P    446
                   1,                   1,                   1,        1P    447
                   1,                   1,                   1,        1P    448
                   1,                   1,                   1,        1P    449
                   1,                   1,                   1,        1P    450
                   1,                   1,                   1,        1P    451
                   1,                   1,                   1,        1P    452
                   1,                   1,                   1,        1P    453
                   1,                   1,                   1,        1P    454
                   1,                   1,                   1,        1P    455
                   1,                   1,                   1,        1P    456
                   1,                   1,                   1,        1P    457
                   1,                   1,                   1,        1P    458
                   1,                   1,                   1,        1P    459
                   1,                   1,                   1,        1P    460
                   1,                   1,                   1,        1P    461
                   1,                   1,                   1,        1P    462
                   1,                   1,                   1,        1P    463
                   1,                   1,                   1,        1P    464
                   1,                   1,                   1,        1P    465
                   1,                   1,                   1,        1P    466
                   1,                   1,                   1,        1P    467
                   1,                   1,                   1,        1P    468
                   1,                   1,                   1,        1P    469
                   1,                   1,                   1,        1P    470
                   1,                   1,                   1,        1P    471
                   1,                   1,                   1,        1P    472
                   1,                   1,                   1,        1P    473
                   1,                   1,                   1,        1P    474
                   1,                   1,                   1,        1P    475
                   1,                   1,                   1,        1P    476
                   1,                   1,                   1,        1P    477
                   1,                   1,                   1,        1P    478
                   1,                   1,                   1,        1P    479
                   1,                   1,                   1,        1P    480
                   1,                   1,                   1,        1P    481
                   1,                   1,                   1,        1P    482
                   1,                   1,                   1,        1P    483
                   1,                   1,                   1,        1P    484
                   1,                   1,                   1,        1P    485
                   1,                   1,                   1,        1P    486
                   1,                   1,                   1,        1P    487
                   1,                   1,                   1,        1P    488
                   1,                   1,                   1,        1P    489
                   1,                   1,                   1,        1P    490
                   1,                   1,                   1,        1P    491
                   1,                   1,                   1,        1P    492
                   1,                   1,                   1,        1P    493
                   1,                   1,                   1,        1P    494
                   1,                   1,                   1,        1P    495
                   1,                   1,                   1,        1P    496
                   1,                   1,                   1,        1P    497
                   1,                   1,                   1,        1P    498
                   1,                   1,                   1,        1P    499
                   1,                   1,                   1,        1P    500
                   1,                   1,                   1,        1P    501
                   1,                   1,                   1,        1P    502
                   1,                   1,                   1,        1P    503
                   1,                   1,                   1,        1P    504
                   1,                   1,                   1,        1P    505
                   1,                   1,                   1,        1P    506
                   1,                   1,                   1,        1P    507
                   1,                   1,                   1,        1P    508
                   1,                   1,                   1,        1P    509
                   1,                   1,                   1,        1P    510
                   1,                   1,                   1,        1P    511
                   1,                   1,                   1,        1P    512
                   1,                   1,                   1,        1P    513
                   1,                   1,                   1,        1P    514
                   1,                   1,                   1,        1P    515
                   1,                   1,                   1,        1P    516
                   1,                   1,                   1,        1P    517
                   1,                   1,                   1,        1P    518
                   1,                   1,                   1,        1P    519
                   1,                   1,                   1,        1P    520
                   1,                   1,                   1,        1P    521
                   1,                   1,                   1,        1P    522
                   1,                   1,                   1,        1P    523
                   1,                   1,                   1,        1P    524
                   1,                   1,                   1,        1P    525
                   1,                   1,                   1,        1P    526
                   1,                   1,                   1,        1P    527
                   1,                   1,                   1,        1P    528
                   1,                   1,                   1,        1P    529
                   1,                   1,                   1,        1P    530
                   1,                   1,                   1,        1P    531
                   1,                   1,                   1,        1P    532
                   1,                   1,                   1,        1P    533
                   1,                   1,                   1,        1P    534
                   1,                   1,                   1,        1P    535
                   1,                   1,                   1,        1P    536
                   1,                   1,                   1,        1P    537
                   1,                   1,                   1,        1P    538
                   1,                   1,                   1,        1P    539
                   1,                   1,                   1,        1P    540
                   1,                   1,                   1,        1P    541
                   1,                   1,                   1,        1P    542
                   1,                   1,                   1,        1P    543
                   1,                   1,                   1,        1P    544
                   1,                   1,                   1,        1P    545
                   1,                   1,                   1,        1P    546
                   1,                   1,                   1,        1P    547
                   1,                   1,                   1,        1P    548
                   1,                   1,                   1,        1P    549
                   1,                   1,                   1,        1P    550
                   1,                   1,                   1,        1P    551
                   1,                   1,                   1,        1P    552
                   1,                   1,                   1,        1P    553
                   1,                   1,                   1,        1P    554
                   1,                   1,                   1,        1P    555
                   1,                   1,                   1,        1P    556
                   1,       44.7118009858,      0.854902729577,        1P    557
                   0,       44.6214197884,      0.864671523251,        1P    558
                   0,       44.2647526025,      0.915886423868,        1P    559
                   0,       43.4304362746,       1.04852924751,        1P    560
                   0,       42.0783825469,       1.26499683595,        1P    561
                   0,       40.2407536855,       1.53894767141,        1P    562
                   0,       37.9302927579,        1.8428049445,        1P    563
                   0,          35.2441849,       2.13821024751,        1P    564
                   0,       32.2540293167,       2.40771411157,        1P    565
                   0,       29.0256947515,       2.65088232053,        1P    566
                   0,       25.6660233283,       2.87169601339,        1P    567
                   0,       22.2619211335,       3.07798988534,        1P    568
                   0,       18.9075671013,       3.26605900629,        1P    569
                   0,       15.6864982002,       3.41374135951,        1P    570
                   0,       12.6792274795,        3.4854116613,        1P    571
                   0,       9.98980649622,       3.43938753377,        1P    572
                   0,       7.66920416396,        3.2467444962,        1P    573
                   0,       5.79558242221,       2.86099836822,        1P    574
                   0,       4.45457669914,       2.31812004797,        1P    575
                   0,       3.65350848214,       1.53649252038,        1P    576
                   0,       3.53159117036,      0.908001155453,        1P    577
                   0,       3.50819047838,      0.621726532368,        1P    578
                   0,        44.711801013,      0.854899519478,        1P    579
         0.008127382,       44.6214198162,      0.864668318293,        1P    580
         0.008127382,       44.2647526349,      0.915883247848,        1P    581
         0.008127382,       43.4304363181,       1.04852613401,        1P    582
         0.008127382,       42.0783826085,       1.26499382429,        1P    583
         0.008127382,       40.2407537708,       1.53894480186,        1P    584
         0.008127382,       37.9302928691,       1.84280224991,        1P    585
         0.008127382,       35.2441850378,       2.13820776243,        1P    586
         0.008127382,       32.2540294792,       2.40771185706,        1P    587
         0.008127382,       29.0256949372,       2.65088031871,        1P    588
         0.008127382,       25.6660235354,       2.87169427328,        1P    589
         0.008127382,       22.2619213613,       3.07798840999,        1P    590
         0.008127382,       18.9075673478,       3.26605779274,        1P    591
         0.008127382,       15.6864984628,       3.41374039805,        1P    592
         0.008127382,       12.6792277512,       3.48541094047,        1P    593
         0.008127382,       9.98980676855,       3.43938703027,        1P    594
         0.008127382,       7.66920442171,       3.24674419271,        1P    595
         0.008127382,       5.79558265075,       2.86099822384,        1P    596
         0.008127382,       4.45457688011,       2.31812002851,        1P    597
         0.008127382,       3.65350859698,       1.53649255714,        1P    598
         0.008127382,       3.53159127848,      0.908001197232,        1P    599
         0.008127382,       3.50819058087,      0.621726571961,        1P    600
         0.008127382,       44.7118001391,      0.854889880038,        1P    601
         0.032370465,       44.6214189604,      0.864658697167,        1P    602
         0.032370465,       44.2647518531,      0.915873702751,        1P    603
         0.032370465,       43.4304357126,       1.04851676367,        1P    604
         0.032370465,       42.0783822891,       1.26498473723,        1P    605
         0.032370465,       40.2407538355,        1.5389361044,        1P    606
         0.032370465,       37.9302934081,       1.84279405574,        1P    607
         0.032370465,       35.2441861145,       2.13820016645,        1P    608
         0.032370465,       32.2540311404,       2.40770494029,        1P    609
         0.032370465,       29.0256972181,       2.65087414447,        1P    610
         0.032370465,       25.6660264527,       2.87168887417,        1P    611
         0.032370465,       22.2619249202,       3.07798380438,        1P    612
         0.032370465,        18.907571534,       3.26605396953,        1P    613
         0.032370465,       15.6865032455,        3.4137373379,        1P    614
         0.032370465,       12.6792330723,       3.48540861787,        1P    615
         0.032370465,       9.98981254728,       3.43938540053,        1P    616
         0.032370465,       7.66921055043,       3.24674320519,        1P    617
         0.032370465,        5.7955890031,       2.86099781101,        1P    618
         0.032370465,       4.45458331493,       2.31812008796,        1P    619
         0.032370465,       3.65351496073,        1.5364929278,        1P    620
         0.032370465,       3.53159763851,      0.908001689377,        1P    621
         0.032370465,       3.50819692671,      0.621727106207,        1P    622
         0.032370465,       44.7117902407,      0.854875075509,        1P    623
         0.072314444,       44.6214092376,      0.864643917305,        1P    624
         0.072314444,       44.2647428276,      0.915858981876,        1P    625
         0.072314444,       43.4304283242,       1.04850215905,        1P    626
         0.072314444,       42.0783775546,       1.26497031938,        1P    627
         0.072314444,       40.2407526998,        1.5389219829,        1P    628
         0.072314444,       37.9302967803,       1.84278039285,        1P    629
         0.072314444,       35.2441947026,       2.13818715306,        1P    630
         0.072314444,       32.2540455086,       2.40769277134,        1P    631
         0.072314444,       29.0257178052,       2.65086297413,        1P    632
         0.072314444,       25.6660534969,       2.87167880866,        1P    633
         0.072314444,       22.2619584994,       3.07797488105,        1P    634
         0.072314444,       18.9076115446,       3.26604621328,        1P    635
         0.072314444,       15.6865494206,       3.41373076868,        1P    636
         0.072314444,       12.6792849681,       3.48540330541,        1P    637
         0.072314444,        9.9898695154,       3.43938144346,        1P    638
         0.072314444,       7.66927181083,        3.2467407434,        1P    639
         0.072314444,       5.79565362248,       2.86099701537,        1P    640
         0.072314444,        4.4546501915,       2.31812101976,        1P    641
         0.072314444,       3.65358296675,       1.53649566737,        1P    642
         0.072314444,       3.53166581267,      0.908005642163,        1P    643
         0.072314444,       3.50826510503,      0.621731588279,        1P    644
         0.072314444,       44.7117428793,      0.854860459793,        1P    645
         0.127275866,       44.6213627608,       0.86462927719,        1P    646
         0.127275866,       44.2646998521,      0.915844120234,        1P    647
         0.127275866,       43.4303935469,       1.04848664522,        1P    648
         0.127275866,       42.0783560649,       1.26495373928,        1P    649
         0.127275866,       40.2407492554,       1.53890415738,        1P    650
         0.127275866,       37.9303159948,       1.84276140723,        1P    651
         0.127275866,       35.2442402167,       2.13816739294,        1P    652
         0.127275866,       32.2541202528,       2.40767272899,        1P    653
         0.127275866,       29.0258240716,       2.65084309487,        1P    654
         0.127275866,       25.6661925414,       2.87165941114,        1P    655
         0.127275866,       22.2621307438,       3.07795613992,        1P    656
         0.127275866,        18.907816489,       3.26602827018,        1P    657
         0.127275866,       15.6867857455,       3.41371392691,        1P    658
         0.127275866,        12.679550532,       3.48538816474,        1P    659
         0.127275866,       9.99016115068,       3.43936892852,        1P    660
         0.127275866,       7.66958580026,       3.24673203306,        1P    661
         0.127275866,       5.79598547613,       2.86099364497,        1P    662
         0.127275866,       4.45499458631,       2.31812410059,        1P    663
         0.127275866,       3.65393447505,        1.5365069117,        1P    664
         0.127275866,       3.53201834093,       0.90802303641,        1P    665
         0.127275866,       3.50861776862,      0.621751744985,        1P    666
         0.127275866,       44.7115950608,      0.854857213733,        1P    667
         0.196314327,       44.6212179776,       0.86462582102,        1P    668
         0.196314327,       44.2645670643,      0.915839428197,        1P    669
         0.196314327,        43.430288835,       1.04847862284,        1P    670
         0.196314327,       42.0782968543,       1.26494027532,        1P    671
         0.196314327,       40.2407518616,       1.53888398215,        1P    672
         0.196314327,       37.9303962713,       1.84273416563,        1P    673
         0.196314327,       35.2444107159,       2.13813388596,        1P    674
         0.196314327,       32.2543911083,       2.40763424463,        1P    675
         0.196314327,       29.0262032135,       2.65080083732,        1P    676
         0.196314327,       25.6666843297,       2.87161429782,        1P    677
         0.196314327,       22.2627366472,       3.07790872183,        1P    678
         0.196314327,       18.9085348157,       3.26597908968,        1P    679
         0.196314327,       15.6876119913,        3.4136641814,        1P    680
         0.196314327,       12.6804774357,       3.48534014017,        1P    681
         0.196314327,       9.99117793532,       3.43932618216,        1P    682
         0.196314327,       7.67067990527,        3.2466990185,        1P    683
         0.196314327,       5.79714169036,       2.86097623716,        1P    684
         0.196314327,       4.45619484549,       2.31812683974,        1P    685
         0.196314327,       3.65516039964,       1.53653680445,        1P    686
         0.196314327,       3.53324793716,      0.908074049283,        1P    687
         0.196314327,       3.50984793915,      0.621812316656,        1P    688
         0.196314327,       44.7112420716,      0.854880305317,        1P    689
         0.278248558,       44.6208731204,      0.864648247127,        1P    690
         0.278248558,       44.2642543244,      0.915858064349,        1P    691
         0.278248558,       43.4300512536,       1.04848724995,        1P    692
         0.278248558,       42.0781810742,       1.26493254213,        1P    693
         0.278248558,       40.2408015827,       1.53885584518,        1P    694
         0.278248558,       37.9306539883,       1.84268403693,        1P    695
         0.278248558,       35.2449101167,       2.13806340232,        1P    696
         0.278248558,        32.255159414,         2.407546438,        1P    697
         0.278248558,       29.0272617353,       2.65069861761,        1P    698
         0.278248558,       25.6680447986,       2.87149997529,        1P    699
         0.278248558,        22.264403019,       3.07778369185,        1P    700
         0.278248558,       18.9105025806,        3.2658448894,        1P    701
         0.278248558,       15.6898691072,       3.41352414526,        1P    702
         0.278248558,       12.6830045335,       3.48520065429,        1P    703
         0.278248558,       9.99394624175,        3.4391971287,        1P    704
         0.278248558,       7.67365595339,       3.24659277739,        1P    705
         0.278248558,       5.80028493058,       2.86090912753,        1P    706
         0.278248558,       4.45945707486,       2.31811174892,        1P    707
         0.278248558,        3.6584926252,       1.53659359807,        1P    708
         0.278248558,       3.53659021857,      0.908187436031,        1P    709
         0.278248558,       3.51319188824,      0.621951384592,        1P    710
         0.278248558,       44.7105435276,      0.854941520399,        1P    711
         0.371676642,       44.6201928612,      0.864707825282,        1P    712
         0.371676642,       44.2636462684,      0.915908619825,        1P    713
         0.371676642,       43.4296121426,       1.04851410502,        1P    714
         0.371676642,        42.078015753,       1.26492068523,        1P    715
         0.371676642,       40.2410083084,       1.53879548324,        1P    716
         0.371676642,       37.9313283423,       1.84257090162,        1P    717
         0.371676642,        35.246127917,       2.13790062013,        1P    718
         0.371676642,       32.2569819542,       2.40734038473,        1P    719
         0.371676642,       29.0297370091,       2.65045550281,        1P    720
         0.371676642,        25.671199238,       2.87122479721,        1P    721
         0.371676642,       22.2682455445,       3.07747954718,        1P    722
         0.371676642,       18.9150230744,       3.26551528179,        1P    723
         0.371676642,       15.6950405184,       3.41317676143,        1P    724
         0.371676642,       12.6887833974,       3.48485010639,        1P    725
         0.371676642,       10.0002679607,       3.43886605392,        1P    726
         0.371676642,       7.68044546816,       3.24630949303,        1P    727
         0.371676642,       5.80745126829,       2.86071098093,        1P    728
         0.371676642,       4.46689204962,       2.31802848553,        1P    729
         0.371676642,       3.66608632637,       1.53667103796,        1P    730
         0.371676642,       3.54420685538,      0.908392137476,        1P    731
         0.371676642,       3.52081244903,       0.62221390552,        1P    732
         0.371676642,       44.7093440635,      0.855038983385,        1P    733
               0.475,       44.6190293716,      0.864801912909,        1P    734
               0.475,       44.2626248165,      0.915984374773,        1P    735
               0.475,        43.428923016,       1.04854185548,        1P    736
               0.475,       42.0778651867,       1.26487004837,        1P    737
               0.475,       40.2415896078,       1.53864637028,        1P    738
               0.475,       37.9328295945,        1.8423141311,        1P    739
               0.475,       35.2486983678,       2.13754170686,        1P    740
               0.475,       32.2607422927,        2.4068913643,        1P    741
               0.475,        29.034781745,       2.64992820428,        1P    742
               0.475,       25.6775804377,       2.87062884425,        1P    743
               0.475,       22.2759807871,       3.07682096267,        1P    744
               0.475,       18.9240924791,       3.26480103437,        1P    745
               0.475,       15.7053908976,       3.41242217871,        1P    746
               0.475,       12.7003293349,       3.48408424423,        1P    747
               0.475,       10.0128824861,       3.43813395556,        1P    748
               0.475,       7.69398112026,       3.24566741861,        1P    749
               0.475,       5.82172930577,       2.86023316023,        1P    750
               0.475,       4.48169983454,       2.31777434705,        1P    751
               0.475,       3.68120791598,       1.53673198434,        1P    752
               0.475,       3.55937405902,      0.908703451034,        1P    753
               0.475,       3.53598762046,      0.622639047701,        1P    754
               0.475,       44.7075045216,      0.855147010294,        1P    755
         0.586450739,        44.617253368,      0.864903816104,        1P    756
         0.586450739,       44.2610996503,       0.91605318884,        1P    757
         0.586450739,        43.427984713,       1.04852425851,        1P    758
         0.586450739,       42.0778779387,       1.26471135439,        1P    759
         0.586450739,       40.2428948156,       1.53831015013,        1P    760
         0.586450739,       37.9357594897,       1.84178322514,        1P    761
         0.586450739,       35.2535166374,       2.13682511312,        1P    762
         0.586450739,       32.2676622072,       2.40600974531,        1P    763
         0.586450739,       29.0439703245,       2.64890197857,        1P    764
         0.586450739,       25.6891297135,       2.86947477045,        1P    765
         0.586450739,       22.2899218418,       3.07554959091,        1P    766
         0.586450739,       18.9403902295,       3.26342477177,        1P    767
         0.586450739,       15.7239514468,       3.41096833303,        1P    768
         0.586450739,       12.7210019383,       3.48260452745,        1P    769
         0.586450739,       10.0354430412,       3.43670849886,        1P    770
         0.586450739,       7.71816943073,       3.24439628462,        1P    771
         0.586450739,       5.84722996953,       2.85924833438,        1P    772
         0.586450739,        4.5081375439,       2.31718185965,        1P    773
         0.586450739,       3.70820163329,       1.53669466693,        1P    774
         0.586450739,       3.58644904875,      0.909108296476,        1P    775
         0.586450739,       3.56307702816,      0.623245004483,        1P    776
         0.586450739,       44.7049351998,      0.855211185897,        1P    777
         0.704121907,       44.6147864947,      0.864957897179,        1P    778
         0.704121907,          44.2590372,      0.916053099997,        1P    779
         0.704121907,       43.4268684265,       1.04838290661,        1P    780
         0.704121907,       42.0782949773,       1.26433937056,        1P    781
         0.704121907,       40.2453956416,       1.53764765894,        1P    782
         0.704121907,       37.9408798412,       1.84080145932,        1P    783
         0.704121907,       35.2616817926,       2.13553769805,        1P    784
         0.704121907,        32.279216179,       2.40444929508,        1P    785
         0.704121907,       29.0591825345,       2.64710087684,        1P    786
         0.704121907,       25.7081486392,       2.86745974007,        1P    787
         0.704121907,       22.3127976422,       3.07333754807,        1P    788
         0.704121907,       18.9670663703,       3.26103582828,        1P    789
         0.704121907,       15.7542765796,       3.40844682098,        1P    790
         0.704121907,       12.7547331355,       3.48003428336,        1P    791
         0.704121907,       10.0722191375,        3.4342194503,        1P    792
         0.704121907,       7.75757116765,       3.24215057956,        1P    793
         0.704121907,       5.88874912586,        2.8574598597,        1P    794
         0.704121907,       4.55116925403,       2.31602282382,        1P    795
         0.704121907,       3.75213192529,       1.53642921779,        1P    796
         0.704121907,       3.63051135352,      0.909555734609,        1P    797
         0.704121907,       3.60716304088,      0.624016784609,        1P    798
         0.704121907,       44.7016213723,      0.855152523409,        1P    799
         0.826000117,        44.611625233,      0.864883961883,        1P    800
         0.826000117,       44.2564781717,      0.915897544021,        1P    801
         0.826000117,       43.4257183119,        1.0480147492,        1P    802
         0.826000117,       42.0794281037,       1.26362414072,        1P    803
         0.826000117,       40.2496317414,       1.53649488782,        1P    804
         0.826000117,        37.949016788,       1.83916703111,        1P    805
         0.826000117,       35.2743530377,       2.13344090043,        1P    806
         0.826000117,       32.2969341799,       2.40193788665,        1P    807
         0.826000117,       29.0823486506,       2.64422245861,        1P    808
         0.826000117,       25.7369840808,       2.86425376665,        1P    809
         0.826000117,       22.3473771548,        3.0698290976,        1P    810
         0.826000117,       19.0073058013,       3.25725498649,        1P    811
         0.826000117,       15.7999506024,       3.40445994673,        1P    812
         0.826000117,       12.8054801336,       3.47596677676,        1P    813
         0.826000117,        10.127501473,       3.43026562826,        1P    814
         0.826000117,       7.81676479818,       3.23855287124,        1P    815
         0.826000117,       5.95109759663,       2.85453800858,        1P    816
         0.826000117,        4.6157721084,        2.3140347379,        1P    817
         0.826000117,        3.8180753207,       1.53577002564,        1P    818
         0.826000117,       3.69665257422,      0.909958092775,        1P    819
         0.826000117,         3.673340145,      0.624902220541,        1P    820
         0.826000117,       44.6976334014,      0.854881626956,        1P    821
                0.95,       44.6078488472,      0.864591622131,        1P    822
                0.95,       44.2535369507,      0.915490940695,        1P    823
                0.95,       43.4247309095,       1.04731082696,        1P    824
                0.95,       42.0816069903,       1.26243485176,        1P    825
                0.95,       40.2561137418,       1.53469332473,        1P    826
                0.95,       37.9609084873,       1.83669060196,        1P    827
                0.95,       35.2925330746,       2.13031523892,        1P    828
                0.95,        32.322113425,       2.39822833149,        1P    829
                0.95,       29.1150838775,       2.63999432519,        1P    830
                0.95,       25.7775821825,       2.85956139694,        1P    831
                0.95,       22.3959418462,       3.06470714683,        1P    832
                0.95,       19.0637204171,       3.25174532097,        1P    833
                0.95,       15.8639027204,       3.39865498641,        1P    834
                0.95,       12.8764684131,       3.47004104847,        1P    835
                0.95,       10.2047805316,       3.42448954589,        1P    836
                0.95,       7.89946952887,       3.23326373975,        1P    837
                0.95,       6.03817934932,       2.85018060854,        1P    838
                0.95,       4.70598242135,       2.31096837466,        1P    839
                0.95,       3.91014737633,       1.53454457368,        1P    840
                0.95,       3.78900045271,      0.910204743608,        1P    841
                0.95,       3.76573846989,      0.625818889429,        1P    842
                0.95,       44.6963191057,      0.854745784998,        1P    843
           0.9874875,       44.6066107394,       0.86444800562,        1P    844
           0.9874875,       44.2525995628,      0.915305973082,        1P    845
           0.9874875,        43.424497031,       1.04701831525,        1P    846
           0.9874875,       42.0825131938,        1.2619667866,        1P    847
           0.9874875,       40.2585693732,       1.53400372399,        1P    848
           0.9874875,       37.9653120192,       1.83575665408,        1P    849
           0.9874875,       35.2992009162,       2.12914595674,        1P    850
           0.9874875,       32.3313015808,       2.39684706613,        1P    851
           0.9874875,       29.1269928612,       2.63842446382,        1P    852
           0.9874875,       25.7923225215,        2.8578224275,        1P    853
           0.9874875,       22.4135508974,       3.06281153035,        1P    854
           0.9874875,       19.0841561791,       3.24970815574,        1P    855
           0.9874875,       15.8870527098,       3.39650963168,        1P    856
           0.9874875,       12.9021521382,       3.46785046413,        1P    857
           0.9874875,       10.2327296401,       3.42235129212,        1P    858
           0.9874875,       7.92937257841,       3.23129947923,        1P    859
           0.9874875,       6.06965882317,        2.8485507725,        1P    860
           0.9874875,       4.73858883724,       2.30980264746,        1P    861
           0.9874875,       3.94342467917,       1.53404132591,        1P    862
           0.9874875,       3.82237737244,      0.910231550188,        1P    863
           0.9874875,       3.79913369207,      0.626086968442,        1P    864
           0.9874875,        44.693118545,      0.854319986476,        1P    865
         1.073999883,       44.6036089158,        0.8640018331,        1P    866
         1.073999883,       44.2503821586,      0.914751554445,        1P    867
         1.073999883,        43.424114696,        1.0461824689,        1P    868
         1.073999883,        42.085104704,       1.26067154705,        1P    869
         1.073999883,       40.2652025078,       1.53212862464,        1P    870
         1.073999883,       37.9770262221,       1.83324168563,        1P    871
         1.073999883,       35.3168215964,       2.12601422827,        1P    872
         1.073999883,       32.3554965917,       2.39315916319,        1P    873
         1.073999883,       29.1582853011,       2.63424114217,        1P    874
         1.073999883,       25.8310007421,       2.85319439485,        1P    875
         1.073999883,       22.4597123636,       3.05777122975,        1P    876
         1.073999883,       19.1376913455,       3.24429504128,        1P    877
         1.073999883,       15.9476681865,       3.39081084699,        1P    878
         1.073999883,         12.96937717,       3.46203048458,        1P    879
         1.073999883,        10.305864311,       3.41666492611,        1P    880
         1.073999883,       8.00760460914,       3.22606449323,        1P    881
         1.073999883,       6.15200361056,       2.84418613332,        1P    882
         1.073999883,        4.8238740161,       2.30664724149,        1P    883
         1.073999883,       4.03046081781,       1.53261325344,        1P    884
         1.073999883,       3.90967393114,       0.91018609332,        1P    885
         1.073999883,       3.88647825403,      0.626670894217,        1P    886
         1.073999883,       44.6882772337,      0.853422408653,        1P    887
         1.195878093,       44.5991037933,       0.86306953493,        1P    888
         1.195878093,       44.2472039489,      0.913635182095,        1P    889
         1.195878093,       43.4240406294,       1.04458775894,        1P    890
         1.195878093,        42.090061093,       1.25829604909,        1P    891
         1.195878093,       40.2769956249,       1.52876723935,        1P    892
         1.195878093,       37.9974144741,       1.82879160699,        1P    893
         1.195878093,       35.3472013995,       2.12051353872,        1P    894
         1.195878093,       32.3969978639,       2.38670954858,        1P    895
         1.195878093,        29.211793068,       2.62694473253,        1P    896
         1.195878093,       25.8970028871,       2.84513663163,        1P    897
         1.195878093,       22.5383738115,       3.04900687736,        1P    898
         1.195878093,       19.2288268224,       3.23489097784,        1P    899
         1.195878093,       16.0507814517,       3.38091484782,        1P    900
         1.195878093,       13.0836720269,       3.45192134346,        1P    901
         1.195878093,       10.4301569797,       3.40677455558,        1P    902
         1.195878093,        8.1405213168,       3.21693143489,        1P    903
         1.195878093,       6.29187916601,       2.83652036619,        1P    904
         1.195878093,       4.96872550358,       2.30102349908,        1P    905
         1.195878093,       4.17827664361,       1.52990964066,        1P    906
         1.195878093,        4.0579317567,       0.90982123951,        1P    907
         1.195878093,       4.03481795508,      0.627370768471,        1P    908
         1.195878093,       44.6833310991,       0.85219346646,        1P    909
         1.313549261,       44.5945458184,      0.861800235628,        1P    910
         1.313549261,       44.2441779707,      0.912152237834,        1P    911
         1.313549261,       43.4245985252,       1.04254994963,        1P    912
         1.313549261,       42.0964268708,       1.25535254338,        1P    913
         1.313549261,       40.2912547673,        1.5246797298,        1P    914
         1.313549261,       38.0215972795,        1.8234399381,        1P    915
         1.313549261,       35.3829202994,       2.11394051907,        1P    916
         1.313549261,       32.4455576266,       2.37903165557,        1P    917
         1.313549261,       29.2742156911,       2.61827916331,        1P    918
         1.313549261,       25.9738517871,       2.83558163664,        1P    919
         1.313549261,       22.6298394666,       3.03862556758,        1P    920
         1.313549261,       19.3346953588,       3.22376070936,        1P    921
         1.313549261,       16.1704799923,       3.36920666234,        1P    922
         1.313549261,       13.2162814615,       3.43995778803,        1P    923
         1.313549261,       10.5743107807,       3.39505529994,        1P    924
         1.313549261,       8.29463368933,       3.20607941834,        1P    925
         1.313549261,       6.45402794781,        2.8273567466,        1P    926
         1.313549261,       5.13662157546,       2.29421354011,        1P    927
         1.313549261,         4.349598001,       1.52646906234,        1P    928
         1.313549261,       4.22976515962,      0.909080830678,        1P    929
         1.313549261,       4.20674667573,      0.627859729233,        1P    930
         1.313549261,       44.6784918452,      0.850692898032,        1P    931
               1.425,       44.5901306691,      0.860255310873,        1P    932
               1.425,       44.2414366533,       0.91037288617,        1P    933
               1.425,        43.425772845,       1.04016198296,        1P    934
               1.425,        42.103946714,       1.25197119763,        1P    935
               1.425,       40.3073987258,       1.52004325043,        1P    936
               1.425,       38.0485837236,        1.8174157106,        1P    937
               1.425,       35.4225111146,        2.1065742685,        1P    938
               1.425,       32.4991785717,       2.37044980247,        1P    939
               1.425,       29.3429835496,        2.6086090996,        1P    940
               1.425,       26.0583822529,       2.82493035646,        1P    941
               1.425,       22.7303407096,       3.02706189947,        1P    942
               1.425,       19.4509337372,       3.21136932377,        1P    943
               1.425,       16.3018296472,       3.35617480805,        1P    944
               1.425,       13.3617383208,       3.42663848616,        1P    945
               1.425,       10.7323819977,        3.3819953926,        1P    946
               1.425,         8.463586929,       3.19396058073,        1P    947
               1.425,       6.63176345138,       2.81707747796,        1P    948
               1.425,       5.32063853817,       2.28650223692,        1P    949
               1.425,       4.53735989394,        1.5224371902,        1P    950
               1.425,       4.41808811317,      0.907999050146,        1P    951
               1.425,       4.39517450198,      0.628121203916,        1P    952
               1.425,       44.6739390931,      0.849045753403,        1P    953
         1.528323358,       44.5860169886,      0.858562097211,        1P    954
         1.528323358,       44.2390558547,      0.908436372121,        1P    955
         1.528323358,       43.4274458021,       1.03759398845,        1P    956
         1.528323358,       42.1121890183,       1.24837250153,        1P    957
         1.528323358,       40.3245693758,        1.5151420579,        1P    958
         1.528323358,       38.0769794117,       1.81107393373,        1P    959
         1.528323358,       35.4639559862,        2.0988386303,        1P    960
         1.528323358,       32.5551487975,       2.36145067775,        1P    961
         1.528323358,       29.4146354119,       2.59847799418,        1P    962
         1.528323358,       26.1463532343,        2.8137778233,        1P    963
         1.528323358,        22.834846358,       3.01495913077,        1P    964
         1.528323358,       19.5717321873,        3.1984040569,        1P    965
         1.528323358,       16.4382729938,       3.34254112395,        1P    966
         1.528323358,       13.5127871472,       3.41270221716,        1P    967
         1.528323358,       10.8964909074,       3.36832321194,        1P    968
         1.528323358,       8.63896263601,        3.1812588379,        1P    969
         1.528323358,       6.81623233504,       2.80627714657,        1P    970
         1.528323358,       5.51161171444,       2.27835832534,        1P    971
         1.528323358,       4.73221161549,       1.51810139781,        1P    972
         1.528323358,       4.61352161709,      0.906717391699,        1P    973
         1.528323358,       4.59071700095,      0.628230232126,        1P    974
         1.528323358,       44.6698096404,       0.84737706445,        1P    975
         1.621751442,       44.5823182999,      0.856848136442,        1P    976
         1.621751442,       44.2370572492,      0.906483421435,        1P    977
         1.621751442,       43.4294242155,       1.03502081982,        1P    978
         1.621751442,       42.1206124222,       1.24478702418,        1P    979
         1.621751442,       40.3417521284,       1.51027721813,        1P    980
         1.621751442,       38.1051747663,       1.80479387194,        1P    981
         1.621751442,       35.5049536115,       2.09118887497,        1P    982
         1.621751442,       32.6103969814,       2.35255889312,        1P    983
         1.621751442,       29.4852685998,       2.58847300382,        1P    984
         1.621751442,        26.232996877,        2.8027679846,        1P    985
         1.621751442,         22.93771194,       3.00301425486,        1P    986
         1.621751442,       19.6905824312,       3.18561026118,        1P    987
         1.621751442,        16.572472273,       3.32908892757,        1P    988
         1.621751442,        13.661315757,        3.3989506968,        1P    989
         1.621751442,       11.0578327575,       3.35482858565,        1P    990
         1.621751442,        8.8113584654,       3.16871438387,        1P    991
         1.621751442,       6.99754976808,        2.7955966027,        1P    992
         1.621751442,         5.699310942,       2.27028286067,        1P    993
         1.621751442,       4.92371672039,       1.51376142881,        1P    994
         1.621751442,       4.80559792566,      0.905373735992,        1P    995
         1.621751442,       4.78290044001,      0.628250965159,        1P    996
         1.621751442,       44.6661991543,      0.845796919323,        1P    997
         1.703685673,       44.5791076166,      0.855225933708,        1P    998
         1.703685673,       44.2354244493,      0.904639247842,        1P    999
         1.703685673,       43.4314825667,       1.03260063763,        1P   1000
         1.703685673,        42.128652497,       1.24142669247,        1P   1001
         1.703685673,       40.3579219372,       1.50572865959,        1P   1002
         1.703685673,       38.1315656186,       1.79893078541,        1P   1003
         1.703685673,       35.5432265637,       2.08405334723,        1P   1004
         1.703685673,       32.6618962511,       2.34426928203,        1P   1005
         1.703685673,       29.5510471165,       2.57914876885,        1P   1006
         1.703685673,       26.3136351531,        2.7925096403,        1P   1007
         1.703685673,       23.0334062676,        2.9918865736,        1P   1008
         1.703685673,       19.8011125934,         3.173693195,        1P   1009
         1.703685673,       16.6972483397,       3.31655935514,        1P   1010
         1.703685673,       13.7993913396,       3.38614198528,        1P   1011
         1.703685673,       11.2078007705,       3.34225710747,        1P   1012
         1.703685673,       8.97158614569,       3.15702375475,        1P   1013
         1.703685673,       7.16605806945,       2.78563509087,        1P   1014
         1.703685673,       5.87374265451,       2.26273859748,        1P   1015
         1.703685673,       5.10168115144,       1.50968386503,        1P   1016
         1.703685673,       4.98409273204,      0.904077108839,        1P   1017
         1.703685673,       4.96149478186,      0.628220669513,        1P   1018
         1.703685673,       44.6631718559,      0.844400577836,        1P   1019
         1.772724134,       44.5764296028,      0.853792835692,        1P   1020
         1.772724134,       44.2341249391,      0.903012163191,        1P   1021
         1.772724134,        43.433407795,       1.03047018024,        1P   1022
         1.772724134,       42.1358035997,       1.23847463953,        1P   1023
         1.772724134,       40.3721755069,       1.50173819957,        1P   1024
         1.772724134,       38.1547487147,       1.79379148914,        1P   1025
         1.772724134,       35.5767903639,       2.07780191693,        1P   1026
         1.772724134,       32.7070151315,       2.33700907127,        1P   1027
         1.772724134,        29.608640969,       2.57098409504,        1P   1028
         1.772724134,       26.3842111451,       2.78352829958,        1P   1029
         1.772724134,        23.117135891,       2.98214514098,        1P   1030
         1.772724134,       19.8978034604,       3.16326153583,        1P   1031
         1.772724134,       16.8063850657,       3.30559201555,        1P   1032
         1.772724134,       13.9201471301,       3.37493024802,        1P   1033
         1.772724134,       11.3389463492,       3.33125215175,        1P   1034
         1.772724134,       9.11169508302,         3.146787936,        1P   1035
         1.772724134,       7.31340141205,        2.7769095665,        1P   1036
         1.772724134,       6.02626106378,       2.25612465153,        1P   1037
         1.772724134,       5.25728604839,       1.50609845242,        1P   1038
         1.772724134,       5.14016107211,      0.902921234417,        1P   1039
         1.772724134,       5.11765011975,      0.628171120245,        1P   1040
         1.772724134,       44.6607719207,       0.84325989723,        1P   1041
         1.827685556,       44.5743134619,        0.8526222859,        1P   1042
         1.827685556,       44.2331288353,      0.901683993011,        1P   1043
         1.827685556,       43.4350317966,       1.02873299719,        1P   1044
         1.827685556,       42.1416736342,       1.23606988145,        1P   1045
         1.827685556,       40.3838163089,       1.49848969155,        1P   1046
         1.827685556,       38.1736447743,       1.78960949611,        1P   1047
         1.827685556,       35.6041207675,       2.07271625427,        1P   1048
         1.827685556,       32.7437340625,       2.33110369964,        1P   1049
         1.827685556,       29.6554958438,       2.56434377512,        1P   1050
         1.827685556,       26.4416140383,       2.77622435793,        1P   1051
         1.827685556,        23.185226141,        2.9742235506,        1P   1052
         1.827685556,       19.9764247514,       3.15477905222,        1P   1053
         1.827685556,       16.8951186481,       3.29667422185,        1P   1054
         1.827685556,       14.0183212318,       3.36581380697,        1P   1055
         1.827685556,       11.4455621835,       3.32230366054,        1P   1056
         1.827685556,       9.22559367488,       3.13846431123,        1P   1057
         1.827685556,       7.43317798765,       2.76981301586,        1P   1058
         1.827685556,       6.15024240895,        2.2507437267,        1P   1059
         1.827685556,       5.38377519283,       1.50317820372,        1P   1060
         1.827685556,        5.2670267687,       0.90197499088,        1P   1061
         1.827685556,       5.24458650416,      0.628123769271,        1P   1062
         1.827685556,        44.659032055,      0.842421600578,        1P   1063
         1.867629535,       44.5727818204,      0.851762074836,        1P   1064
         1.867629535,       44.2324189826,      0.900708146177,        1P   1065
         1.867629535,       43.4362443569,       1.02745708088,        1P   1066
         1.867629535,       42.1460015764,       1.23430420352,        1P   1067
         1.867629535,       40.3923783537,       1.49610500275,        1P   1068
         1.867629535,       38.1875301147,       1.78653997599,        1P   1069
         1.867629535,        35.624194515,       2.06898378899,        1P   1070
         1.867629535,       32.7706963144,       2.32676990415,        1P   1071
         1.867629535,       29.6898949889,        2.5594708464,        1P   1072
         1.867629535,       26.4837524211,        2.7708646348,        1P   1073
         1.867629535,       23.2352059953,       2.96841076171,        1P   1074
         1.867629535,       20.0341313858,       3.14855484481,        1P   1075
         1.867629535,       16.9602448181,       3.29013072803,        1P   1076
         1.867629535,       14.0903740472,       3.35912466564,        1P   1077
         1.867629535,       11.5238088151,       3.31573783474,        1P   1078
         1.867629535,       9.30918376306,       3.13235703752,        1P   1079
         1.867629535,       7.52108082149,       2.76460612532,        1P   1080
         1.867629535,         6.241230325,       2.24679565978,        1P   1081
         1.867629535,       5.47660308987,       1.50103559637,        1P   1082
         1.867629535,       5.36013092274,      0.901280743415,        1P   1083
         1.867629535,       5.33774251205,      0.628089053383,        1P   1084
         1.867629535,       44.6579771129,      0.841911275433,        1P   1085
         1.891872618,       44.5718536651,      0.851238411421,        1P   1086
         1.891872618,       44.2319912103,      0.900114080499,        1P   1087
         1.891872618,       43.4369871336,        1.0266803309,        1P   1088
         1.891872618,       42.1486412952,       1.23322927828,        1P   1089
         1.891872618,       40.3975961987,       1.49465322081,        1P   1090
         1.891872618,       38.1959892889,       1.78467127174,        1P   1091
         1.891872618,       35.6364217793,       2.06671150107,        1P   1092
         1.891872618,       32.7871179527,       2.32413155748,        1P   1093
         1.891872618,       29.7108449108,       2.55650432003,        1P   1094
         1.891872618,       26.5094147215,        2.7676017993,        1P   1095
         1.891872618,       23.2656429234,        2.9648721587,        1P   1096
         1.891872618,       20.0692731062,       3.14476583068,        1P   1097
         1.891872618,       16.9999042505,       3.28614739561,        1P   1098
         1.891872618,       14.1342510713,       3.35505273898,        1P   1099
         1.891872618,       11.5714572133,       3.31174107266,        1P   1100
         1.891872618,       9.36008575131,       3.12863955199,        1P   1101
         1.891872618,        7.5746088023,       2.76143693414,        1P   1102
         1.891872618,       6.29663677536,       2.24439299651,        1P   1103
         1.891872618,       5.53312987125,       1.49973229046,        1P   1104
         1.891872618,       5.41682589649,      0.900859337198,        1P   1105
         1.891872618,       5.39446905078,      0.628069232307,        1P   1106
         1.891872618,       44.6576235197,       0.84174018013,        1P   1107
                 1.9,       44.5715426021,       0.85106284027,        1P   1108
                 1.9,       44.2318479995,       0.89991489783,        1P   1109
                 1.9,       43.4372365799,       1.02641987262,        1P   1110
                 1.9,       42.1495270649,        1.2328688069,        1P   1111
                 1.9,        40.399346793,       1.49416634691,        1P   1112
                 1.9,        38.198827177,       1.78404455924,        1P   1113
                 1.9,        35.640523661,       2.06594942381,        1P   1114
                 1.9,       32.7926268234,       2.32324671079,        1P   1115
                 1.9,       29.7178727786,       2.55550940517,        1P   1116
                 1.9,       26.5180233406,       2.76650751455,        1P   1117
                 1.9,       23.2758531746,       2.96368538897,        1P   1118
                 1.9,       20.0810615636,       3.14349508391,        1P   1119
                 1.9,       17.0132081584,       3.28481148891,        1P   1120
                 1.9,       14.1489697549,       3.35368713003,        1P   1121
                 1.9,       11.5874409897,       3.31040069877,        1P   1122
                 1.9,       9.37716093099,       3.12739287561,        1P   1123
                 1.9,       7.59256485927,       2.76037419043,        1P   1124
                 1.9,       6.31522295362,       2.24358739357,        1P   1125
                 1.9,       5.55209185463,       1.49929546707,        1P   1126
                 1.9,        5.4358442962,      0.900718345337,        1P   1127
                 1.9,       5.41349803698,      0.628062950725,        1P   1128
                 1.9,       44.6542015727,      0.840115414732,        1P   1129
            1.974975,       44.5685141217,       0.84939787258,        1P   1130
            1.974975,       44.2303726825,      0.898037067373,        1P   1131
            1.974975,       43.4393951351,       1.02399036181,        1P   1132
            1.974975,       42.1575753029,       1.22954335797,        1P   1133
            1.974975,       40.4154002099,       1.48971764509,        1P   1134
            1.974975,       38.2249446554,       1.77836514353,        1P   1135
            1.974975,       35.6783390086,       2.05908945607,        1P   1136
            1.974975,         32.84346036,        2.3153157104,        1P   1137
            1.974975,       29.7827577015,       2.54660023756,        1P   1138
            1.974975,       26.5975273291,       2.75667542463,        1P   1139
            1.974975,       23.3701666099,       2.95294243851,        1P   1140
            1.974975,        20.189965018,       3.13187583396,        1P   1141
            1.974975,        17.136121794,       3.27246362248,        1P   1142
            1.974975,       14.2849643889,       3.34094025824,        1P   1143
            1.974975,       11.7351382686,       3.29779746973,        1P   1144
            1.974975,       9.53495624855,       3.11562199204,        1P   1145
            1.974975,       7.75849812675,        2.7503551214,        1P   1146
            1.974975,       6.48694764533,       2.23607609746,        1P   1147
            1.974975,        5.7271148542,       1.49537986137,        1P   1148
            1.974975,       5.61130240025,      0.899544252461,        1P   1149
            1.974975,       5.58904458242,      0.628136397744,        1P   1150
            1.974975,       44.5979342012,      0.813349435199,        1P   1151
           2.9624625,       44.5175467224,      0.822242698671,        1P   1152
           2.9624625,       44.2003626465,      0.868726731064,        1P   1153
           2.9624625,        43.458487268,      0.989175549993,        1P   1154
           2.9624625,       42.2563492873,       1.18635609583,        1P   1155
           2.9624625,       40.6225442871,       1.43719691139,        1P   1156
           2.9624625,       38.5682845526,       1.71716650055,        1P   1157
           2.9624625,       36.1797662673,       1.99099380852,        1P   1158
           2.9624625,       33.5204325422,       2.24097579488,        1P   1159
           2.9624625,       30.6488004313,       2.46426141413,        1P   1160
           2.9624625,       27.6598349911,        2.6617315506,        1P   1161
           2.9624625,       24.6309572104,       2.83920570504,        1P   1162
           2.9624625,       21.6459836493,       2.99436340767,        1P   1163
           2.9624625,       18.7796430278,       3.10988995917,        1P   1164
           2.9624625,       16.1037826867,        3.1578666927,        1P   1165
           2.9624625,       13.7113861398,       3.10573113054,        1P   1166
           2.9624625,       11.6473858296,       2.93048532301,        1P   1167
           2.9624625,       9.97904427402,       2.59486424996,        1P   1168
           2.9624625,       8.78119591375,       2.12969914057,        1P   1169
           2.9624625,       8.04433268275,       1.46036419034,        1P   1170
           2.9624625,       7.92322683325,      0.902278760617,        1P   1171
           2.9624625,       7.90097842765,      0.647885626785,        1P   1172
           2.9624625,       44.5511434591,      0.789433684189,        1P   1173
               3.765,       44.4750880442,      0.798067322464,        1P   1174
               3.765,       44.1750468114,      0.843048693645,        1P   1175
               3.765,       43.4733581815,      0.959669111091,        1P   1176
               3.765,       42.3364645769,        1.1512346489,        1P   1177
               3.765,       40.7914137922,       1.39630719863,        1P   1178
               3.765,       38.8486857163,       1.67167700724,        1P   1179
               3.765,       36.5895562892,       1.94273321721,        1P   1180
               3.765,       34.0737753851,       2.19036336332,        1P   1181
               3.765,       31.3566087472,       2.40919327009,        1P   1182
               3.765,       28.5278569003,       2.59714545882,        1P   1183
               3.765,        25.660909258,       2.75845755063,        1P   1184
               3.765,       22.8352018434,        2.8919492758,        1P   1185
               3.765,       20.1218191604,       2.98385905533,        1P   1186
               3.765,       17.5891037652,       3.01181107428,        1P   1187
               3.765,       15.3252158729,       2.95000586907,        1P   1188
               3.765,       13.3726284452,       2.77940360154,        1P   1189
               3.765,       11.7920438143,       2.46941256887,        1P   1190
               3.765,       10.6541045544,       2.04716821734,        1P   1191
               3.765,       9.93176618626,       1.44262659244,        1P   1192
               3.765,       9.80238137905,      0.916229639819,        1P   1193
               3.765,       9.77980199966,      0.675929937572,        1P   1194
               3.765,       44.5403529953,      0.783718025427,        1P   1195
             3.94995,       44.4652943493,       0.79228802009,        1P   1196
             3.94995,       44.1691962541,      0.836902241435,        1P   1197
             3.94995,        43.476748239,      0.952577116293,        1P   1198
             3.94995,       42.3548516407,       1.14271038735,        1P   1199
             3.94995,       40.8301954119,       1.38620662033,        1P   1200
             3.94995,       38.9130930243,       1.66013896621,        1P   1201
             3.94995,       36.6836969183,        1.9300814682,        1P   1202
             3.94995,       34.2009203389,       2.17670975208,        1P   1203
             3.94995,       31.5192869162,       2.39422531199,        1P   1204
             3.94995,       28.7274180784,       2.58005384153,        1P   1205
             3.94995,        25.897772003,       2.73817153748,        1P   1206
             3.94995,       23.1087797685,       2.86761358316,        1P   1207
             3.94995,       20.4306558891,       2.95529191538,        1P   1208
             3.94995,       17.9309246491,       2.97985782778,        1P   1209
             3.94995,       15.6965890638,       2.91677821662,        1P   1210
             3.94995,       13.7695975258,        2.7477268623,        1P   1211
             3.94995,       12.2092450726,       2.44340083112,        1P   1212
             3.94995,       11.0853614666,       2.03007633397,        1P   1213
             3.94995,       10.3677962169,        1.4390448131,        1P   1214
             3.94995,       10.2371243735,      0.919940635078,        1P   1215
             3.94995,       10.2145293033,      0.682878832269,        1P   1216
             3.94995,        44.482806644,      0.747300462925,        1P   1217
           4.9374375,       44.4131155117,      0.755571557373,        1P   1218
           4.9374375,       44.1382592122,      0.798390563328,        1P   1219
           4.9374375,       43.4956023154,      0.909415856873,        1P   1220
           4.9374375,       42.4545214723,       1.09255608397,        1P   1221
           4.9374375,       41.0397481887,       1.32844481189,        1P   1222
           4.9374375,       39.2606600304,       1.59547549571,        1P   1223
           4.9374375,       37.1913162331,       1.85994301653,        1P   1224
           4.9374375,       34.8861250367,       2.10130739721,        1P   1225
           4.9374375,       32.3956367339,       2.31168188353,        1P   1226
           4.9374375,       29.8021779845,       2.48619178857,        1P   1227
           4.9374375,       27.1732196312,       2.62781040222,        1P   1228
           4.9374375,       24.5818301773,        2.7368429761,        1P   1229
           4.9374375,       22.0934692525,       2.80376213078,        1P   1230
           4.9374375,       19.7712743652,        2.8124097968,        1P   1231
           4.9374375,       17.6958192815,       2.74473830346,        1P   1232
           4.9374375,       15.9064092525,       2.58584346411,        1P   1233
           4.9374375,       14.4545834752,       2.31321228672,        1P   1234
           4.9374375,        13.406459588,       1.94779689592,        1P   1235
           4.9374375,        12.715680124,       1.42970044519,        1P   1236
           4.9374375,       12.5774504727,      0.950321399765,        1P   1237
           4.9374375,       12.5547216774,      0.730780226317,        1P   1238
           4.9374375,       44.0601388071,      0.712348696254,        1P   1239
               5.694,       43.9952352828,      0.720259861519,        1P   1240
               5.694,       43.7392993876,      0.761015847323,        1P   1241
               5.694,        43.140939161,      0.866603617741,        1P   1242
               5.694,       42.1716903394,       1.04104875053,        1P   1243
               5.694,       40.8545917137,       1.26662432834,        1P   1244
               5.694,        39.198332721,       1.52350018962,        1P   1245
               5.694,       37.2717269101,       1.77993453387,        1P   1246
               5.694,       35.1252367904,       2.01562159949,        1P   1247
               5.694,       32.8057965414,       2.22146310297,        1P   1248
               5.694,       30.3900221806,        2.3906494717,        1P   1249
               5.694,       27.9408190501,       2.52449368633,        1P   1250
               5.694,       25.5264206068,       2.62334572369,        1P   1251
               5.694,       23.2079265212,       2.67961132065,        1P   1252
               5.694,       21.0444800152,       2.68047846706,        1P   1253
               5.694,       19.1109464617,        2.6121665265,        1P   1254
               5.694,       17.4443375693,       2.46213143137,        1P   1255
               5.694,       16.0906508577,       2.21241340211,        1P   1256
               5.694,       15.1125482374,       1.88058664076,        1P   1257
               5.694,       14.4570814533,       1.41445442538,        1P   1258
               5.694,       14.3185525937,      0.969859465029,        1P   1259
               5.694,       14.2963122323,      0.765805816622,        1P   1260
               5.694,       43.2934183417,      0.696261343798,        1P   1261
            5.924925,       43.2313090842,      0.703770983188,        1P   1262
            5.924925,       42.9863648196,      0.742414112921,        1P   1263
            5.924925,       42.4136793749,      0.842579510731,        1P   1264
            5.924925,       41.4860744246,       1.00841968423,        1P   1265
            5.924925,        40.225747266,       1.22377660052,        1P   1266
            5.924925,       38.6411600864,       1.47067391859,        1P   1267
            5.924925,       36.7982267172,       1.71976098424,        1P   1268
            5.924925,       34.7451361614,       1.95189148349,        1P   1269
            5.924925,       32.5266188901,       2.15771036265,        1P   1270
            5.924925,       30.2158125863,        2.3292107697,        1P   1271
            5.924925,       27.8727800911,       2.46559401912,        1P   1272
            5.924925,       25.5628245689,        2.5656007123,        1P   1273
            5.924925,       23.3443955916,       2.62094529066,        1P   1274
            5.924925,       21.2743511476,       2.61940204288,        1P   1275
            5.924925,       19.4243396344,       2.54910579896,        1P   1276
            5.924925,       17.8303702778,       2.39954180702,        1P   1277
            5.924925,        16.535714647,       2.15574287751,        1P   1278
            5.924925,       15.6013120181,       1.83599354742,        1P   1279
            5.924925,       14.9725632021,        1.3913338571,        1P   1280
            5.924925,       14.8386375692,      0.967216773691,        1P   1281
            5.924925,       14.8168231425,      0.772068296634,        1P   1282
            5.924925,       38.6180113749,      0.628107117286,        1P   1283
           6.9124125,       38.5706729698,       0.63243240878,        1P   1284
           6.9124125,       38.3835760281,      0.654665155544,        1P   1285
           6.9124125,       37.9457501054,      0.713506704439,        1P   1286
           6.9124125,       37.2370803677,      0.815772425397,        1P   1287
           6.9124125,       36.2762092345,      0.959188273565,        1P   1288
           6.9124125,       35.0714191611,       1.14153583583,        1P   1289
           6.9124125,       33.6743167208,       1.35279489886,        1P   1290
           6.9124125,       32.1214997679,        1.5835485448,        1P   1291
           6.9124125,       30.4455973775,       1.82291050088,        1P   1292
           6.9124125,       28.7000499602,       2.05278737012,        1P   1293
           6.9124125,       26.9277007609,       2.25171611741,        1P   1294
           6.9124125,       25.1769430466,       2.39858267651,        1P   1295
           6.9124125,       23.4916452775,       2.47028154279,        1P   1296
           6.9124125,       21.9187749562,       2.45132325076,        1P   1297
           6.9124125,       20.5148405944,       2.34321051028,        1P   1298
           6.9124125,       19.3141468713,       2.15526654804,        1P   1299
           6.9124125,       18.3428950442,       1.90044663732,        1P   1300
           6.9124125,       17.6557332366,       1.61462941972,        1P   1301
           6.9124125,       17.1785007954,       1.26480925793,        1P   1302
           6.9124125,       17.0760632343,      0.954856843351,        1P   1303
           6.9124125,       17.0543623225,        0.8071681898,        1P   1304
           6.9124125,       33.5657834425,       0.63290121595,        1P   1305
              7.8999,       33.5337326875,      0.634903630898,        1P   1306
              7.8999,       33.4068661038,      0.645201044227,        1P   1307
              7.8999,        33.109763739,      0.673497983847,        1P   1308
              7.8999,       32.6289723036,      0.726754948291,        1P   1309
              7.8999,       31.9778957392,      0.809824720224,        1P   1310
              7.8999,       31.1632325668,      0.928269023198,        1P   1311
              7.8999,       30.2211866064,        1.0826729264,        1P   1312
              7.8999,       29.1771998026,       1.26951785889,        1P   1313
              7.8999,       28.0528995101,        1.4791900894,        1P   1314
              7.8999,       26.8828171884,       1.69269115248,        1P   1315
              7.8999,       25.6930898024,        1.8836055108,        1P   1316
              7.8999,       24.5145378846,       2.02544445261,        1P   1317
              7.8999,       23.3763393031,       2.09161196244,        1P   1318
              7.8999,       22.3136195589,       2.06669969568,        1P   1319
              7.8999,       21.3676606466,       1.95872683097,        1P   1320
              7.8999,       20.5654951296,       1.78572056875,        1P   1321
              7.8999,       19.9200340857,         1.572648923,        1P   1322
              7.8999,       19.4699002612,       1.35517840016,        1P   1323
              7.8999,       19.1481454615,       1.11376681354,        1P   1324
              7.8999,       19.0748302509,      0.911285850572,        1P   1325
              7.8999,       19.0567778147,      0.812430240045,        1P   1326
              7.8999,       33.2260072965,      0.637621113097,        1P   1327
               8.041,       33.1952508536,      0.639519421319,        1P   1328
               8.041,       33.0735037312,      0.649282357072,        1P   1329
               8.041,       32.7883849597,       0.67614483282,        1P   1330
               8.041,       32.3269844403,      0.726832045248,        1P   1331
               8.041,       31.7021781086,       0.80614754821,        1P   1332
               8.041,        30.920418509,      0.919597785035,        1P   1333
               8.041,       30.0164830936,       1.06792924317,        1P   1334
               8.041,       29.0148124518,       1.24784066458,        1P   1335
               8.041,        27.936155065,       1.45005478351,        1P   1336
               8.041,       26.8136068974,       1.65617861688,        1P   1337
               8.041,       25.6721686001,       1.84057713413,        1P   1338
               8.041,       24.5413611708,       1.97752819622,        1P   1339
               8.041,        23.449172026,       2.04123446291,        1P   1340
               8.041,       22.4294190362,       2.01678142091,        1P   1341
               8.041,       21.5218011042,       1.91210011449,        1P   1342
               8.041,       20.7523570088,       1.74482924984,        1P   1343
               8.041,       20.1332594829,       1.53944659396,        1P   1344
               8.041,       19.7016022564,       1.33039371283,        1P   1345
               8.041,       19.3925320248,       1.09913053525,        1P   1346
               8.041,       19.3216640523,       0.90510274694,        1P   1347
               8.041,       19.3042442665,      0.810293507028,        1P   1348
               8.041,       33.2264711121,      0.661225361641,        1P   1349
           8.8873875,       33.1988907035,      0.662909337699,        1P   1350
           8.8873875,       33.0897131678,      0.671576082072,        1P   1351
           8.8873875,         32.83402539,      0.695429670963,        1P   1352
           8.8873875,       32.4202418904,      0.740460349465,        1P   1353
           8.8873875,       31.8599040429,      0.810996665861,        1P   1354
           8.8873875,       31.1588000246,      0.912033923973,        1P   1355
           8.8873875,       30.3481260532,       1.04434352026,        1P   1356
           8.8873875,        29.449805433,       1.20498033688,        1P   1357
           8.8873875,       28.4824259712,       1.38552357387,        1P   1358
           8.8873875,       27.4756391395,       1.56926103333,        1P   1359
           8.8873875,       26.4518344202,       1.73295270467,        1P   1360
           8.8873875,       25.4375584454,       1.85340109686,        1P   1361
           8.8873875,       24.4579967391,       1.90760147218,        1P   1362
           8.8873875,       23.5436928604,       1.88260622936,        1P   1363
           8.8873875,       22.7300668628,       1.78647990866,        1P   1364
           8.8873875,       22.0404323865,       1.63550600708,        1P   1365
           8.8873875,        21.484827787,       1.45271592028,        1P   1366
           8.8873875,       21.0965877895,       1.26803120714,        1P   1367
           8.8873875,       20.8155850304,       1.06680756219,        1P   1368
           8.8873875,       20.7470158515,      0.894207493396,        1P   1369
           8.8873875,       20.7310576264,       0.80942211541,        1P   1370
           8.8873875,        33.227027621,      0.693828674274,        1P   1371
            9.874875,       33.2029730883,      0.695260800095,        1P   1372
            9.874875,       33.1077492703,      0.702662636008,        1P   1373
            9.874875,       32.8847329013,      0.723074171999,        1P   1374
            9.874875,        32.523806224,      0.761653622578,        1P   1375
            9.874875,       32.0350150736,      0.822109308856,        1P   1376
            9.874875,        31.423372998,      0.908649063349,        1P   1377
            9.874875,        30.716030005,       1.02172745145,        1P   1378
            9.874875,       29.9320263122,       1.15842100792,        1P   1379
            9.874875,       29.0875100609,       1.31106398759,        1P   1380
            9.874875,       28.2083525741,       1.46482883965,        1P   1381
            9.874875,       27.3142648281,       1.59964394439,        1P   1382
            9.874875,       26.4287501767,       1.69601695213,        1P   1383
            9.874875,       25.5741044913,       1.73534641261,        1P   1384
            9.874875,       24.7769912333,        1.7080668023,        1P   1385
            9.874875,       24.0677183251,       1.62288542524,        1P   1386
            9.874875,       23.4657891645,       1.49365752954,        1P   1387
            9.874875,       22.9794659968,       1.34122705287,        1P   1388
            9.874875,       22.6367557889,       1.18765550646,        1P   1389
            9.874875,       22.3854244261,       1.02544592416,        1P   1390
            9.874875,       22.3145144853,      0.877349871079,        1P   1391
            9.874875,        22.300107184,      0.803905094231,        1P   1392
            9.874875,       33.2275606445,      0.731716368355,        1P   1393
          10.8623625,       33.2066789057,      0.732901283901,        1P   1394
          10.8623625,         33.12401029,      0.739088317173,        1P   1395
          10.8623625,       32.9303893764,      0.756229577729,        1P   1396
          10.8623625,       32.6170128948,      0.788699352634,        1P   1397
          10.8623625,       32.1925608595,      0.839505871883,        1P   1398
          10.8623625,       31.6612949351,      0.911820334833,        1P   1399
          10.8623625,       31.0466320385,       1.00531459458,        1P   1400
          10.8623625,       30.3649052386,       1.11657392384,        1P   1401
          10.8623625,       29.6300601791,       1.23843279079,        1P   1402
          10.8623625,       28.8646653917,       1.35798302158,        1P   1403
          10.8623625,       28.0864001281,       1.45905039343,        1P   1404
          10.8623625,       27.3162375489,        1.5269187887,        1P   1405
          10.8623625,       26.5741265091,       1.54881808328,        1P   1406
          10.8623625,       25.8824832599,       1.51923311253,        1P   1407
          10.8623625,       25.2670723235,       1.44755216037,        1P   1408
          10.8623625,       24.7424608666,       1.34330895765,        1P   1409
          10.8623625,        24.317746469,       1.22514893968,        1P   1410
          10.8623625,       24.0125963228,       1.10332761859,        1P   1411
          10.8623625,       23.7893933847,      0.982424627385,        1P   1412
          10.8623625,       23.7106463905,      0.856099984039,        1P   1413
          10.8623625,       23.6981916918,      0.793433726075,        1P   1414
          10.8623625,       33.2279690983,      0.773952253164,        1P   1415
            11.84985,       33.2097379141,      0.774903801891,        1P   1416
            11.84985,       33.1375559116,      0.779972402654,        1P   1417
            11.84985,       32.9684850973,      0.794141800801,        1P   1418
            11.84985,       32.6948111713,      0.821081021778,        1P   1419
            11.84985,       32.3240520589,      0.863040618829,        1P   1420
            11.84985,       31.8597801214,      0.921922534543,        1P   1421
            11.84985,       31.3222097825,      0.996135838217,        1P   1422
            11.84985,       30.7253151664,       1.08120427386,        1P   1423
            11.84985,       30.0812659164,       1.17016077069,        1P   1424
            11.84985,       29.4100057003,       1.25199932935,        1P   1425
            11.84985,        28.727971739,       1.31528039611,        1P   1426
            11.84985,        28.053996902,       1.35110962372,        1P   1427
            11.84985,       27.4063340532,       1.35396462576,        1P   1428
            11.84985,       26.8026358554,       1.32236739965,        1P   1429
            11.84985,         26.26578915,       1.26667402173,        1P   1430
            11.84985,       25.8037883959,       1.18948534457,        1P   1431
            11.84985,       25.4308985343,       1.10908270311,        1P   1432
            11.84985,        25.152876152,        1.0174475388,        1P   1433
            11.84985,       24.9573385034,      0.940598673979,        1P   1434
            11.84985,         24.86392176,      0.830547029529,        1P   1435
            11.84985,       24.8544241922,      0.778444246428,        1P   1436
            11.84985,        33.228084236,      0.804582484894,        1P   1437
           12.508107,       33.2112483904,      0.805383933375,        1P   1438
           12.508107,       33.1445842927,      0.809749535626,        1P   1439
           12.508107,       32.9884274894,      0.822074789667,        1P   1440
           12.508107,       32.7356267557,      0.845598017147,        1P   1441
           12.508107,       32.3930720412,      0.882036223029,        1P   1442
           12.508107,       31.9639331925,      0.932319897784,        1P   1443
           12.508107,       31.4667013439,      0.993755385695,        1P   1444
           12.508107,       30.9140865648,       1.06082315058,        1P   1445
           12.508107,       30.3174304819,       1.12650778244,        1P   1446
           12.508107,       29.6954223662,       1.18106454797,        1P   1447
           12.508107,       29.0641116404,       1.21677766493,        1P   1448
           12.508107,       28.4409947506,       1.22922089372,        1P   1449
           12.508107,       27.8435111339,       1.21849393545,        1P   1450
           12.508107,       27.2859526749,       1.18551958772,        1P   1451
           12.508107,       26.7906469727,       1.14176453692,        1P   1452
           12.508107,       26.3604389344,       1.08346160394,        1P   1453
           12.508107,        26.015505178,       1.03069379207,        1P   1454
           12.508107,       25.7490785249,      0.958056741744,        1P   1455
           12.508107,        25.571140754,      0.913805273017,        1P   1456
           12.508107,       25.4634878402,      0.810925893684,        1P   1457
           12.508107,       25.4567183276,      0.766561117915,        1P   1458
           12.508107,       33.3157246625,      0.822678246855,        1P   1459
          12.8373375,       33.2990729721,      0.823458238134,        1P   1460
          12.8373375,       33.2331369629,      0.827722026996,        1P   1461
          12.8373375,       33.0786834434,      0.839780081006,        1P   1462
          12.8373375,       32.8286365129,      0.862823732137,        1P   1463
          12.8373375,        32.489808195,       0.89855325264,        1P   1464
          12.8373375,       32.0653326706,      0.947889039712,        1P   1465
          12.8373375,         31.57349959,       1.00818303765,        1P   1466
          12.8373375,       31.0268864739,       1.07399134395,        1P   1467
          12.8373375,       30.4367153619,       1.13839244061,        1P   1468
          12.8373375,       29.8214850101,       1.19177548399,        1P   1469
          12.8373375,       29.1970674958,       1.22653443976,        1P   1470
          12.8373375,       28.5807849143,       1.23831448434,        1P   1471
          12.8373375,       27.9898557278,       1.22723369652,        1P   1472
          12.8373375,       27.4384600694,       1.19422257881,        1P   1473
          12.8373375,       26.9485816952,       1.15063810374,        1P   1474
          12.8373375,       26.5231866902,       1.09277678853,        1P   1475
          12.8373375,       26.1819414734,       1.04051712081,        1P   1476
          12.8373375,       25.9186027345,      0.968752107044,        1P   1477
          12.8373375,       25.7422847611,      0.925198894655,        1P   1478
          12.8373375,       25.6358897803,      0.823616793557,        1P   1479
          12.8373375,       25.6293615652,      0.779774225891,        1P   1480
          12.8373375,       33.5785828045,      0.876378710793,        1P   1481
           13.824825,       33.5624834946,      0.877096014986,        1P   1482
           13.824825,       33.4987315951,      0.881061519646,        1P   1483
           13.824825,       33.3493879089,      0.892335505801,        1P   1484
           13.824825,       33.1076029174,      0.913969851734,        1P   1485
           13.824825,        32.779955267,      0.947614354145,        1P   1486
           13.824825,       32.3694723243,      0.994159103106,        1P   1487
           13.824825,       31.8938392372,       1.05109070343,        1P   1488
           13.824825,       31.3652350777,        1.1131901304,        1P   1489
           13.824825,       30.7945224245,       1.17381531217,        1P   1490
           13.824825,       30.1996267631,       1.22375343658,        1P   1491
           13.824825,       29.5958880383,       1.25572444676,        1P   1492
           13.824825,        29.000103566,       1.26558452055,        1P   1493
           13.824825,       28.4288319212,       1.25350460686,        1P   1494
           13.824825,        27.895913998,       1.22043523123,        1P   1495
           13.824825,       27.4223118166,       1.17740342687,        1P   1496
           13.824825,       27.0113416332,       1.12089109062,        1P   1497
           13.824825,       26.6811647885,       1.07016611884,        1P   1498
           13.824825,       26.4270760477,       1.00100169813,        1P   1499
           13.824825,       26.2556373903,      0.959521268031,        1P   1500
           13.824825,       26.1530352816,      0.861811226264,        1P   1501
           13.824825,       26.1472092525,      0.819528427673,        1P   1502
           13.824825,        33.841429407,      0.929215375786,        1P   1503
          14.8123125,       33.8258825191,      0.929872493542,        1P   1504
          14.8123125,       33.7643151592,      0.933550364177,        1P   1505
          14.8123125,       33.6200828249,      0.944066338707,        1P   1506
          14.8123125,       33.3865630582,      0.964335090087,        1P   1507
          14.8123125,       33.0701016521,      0.995955503626,        1P   1508
          14.8123125,        32.673619398,       1.03978731432,        1P   1509
          14.8123125,       32.2141966868,       1.09344862281,        1P   1510
          14.8123125,       31.7036128124,        1.1519423082,        1P   1511
          14.8123125,       31.1523697635,       1.20890248753,        1P   1512
          14.8123125,       30.5778169702,       1.25550903579,        1P   1513
          14.8123125,       29.9947620187,       1.28480307555,        1P   1514
          14.8123125,       29.4194745844,        1.2928469822,        1P   1515
          14.8123125,       28.8678579365,       1.27986118683,        1P   1516
          14.8123125,       28.3534072514,       1.24681165104,        1P   1517
          14.8123125,       27.8960779187,       1.20439410086,        1P   1518
          14.8123125,       27.4995150805,        1.1492675006,        1P   1519
          14.8123125,       27.1804152673,       1.10009305792,        1P   1520
          14.8123125,       26.9355568727,        1.0335072595,        1P   1521
          14.8123125,       26.7690325337,      0.994066800175,        1P   1522
          14.8123125,       26.6702484052,      0.900200017591,        1P   1523
          14.8123125,       26.6650919743,       0.85946741101,        1P   1524
          14.8123125,       34.1042666714,      0.981187711129,        1P   1525
             15.7998,       34.0892722438,      0.981787145089,        1P   1526
             15.7998,       34.0298898362,      0.985188034645,        1P   1527
             15.7998,        33.890770325,      0.994972068993,        1P   1528
             15.7998,       33.6655189788,       1.01391896235,        1P   1529
             15.7998,       33.3602492611,        1.0435762583,        1P   1530
             15.7998,       32.9777756193,       1.08477329027,        1P   1531
             15.7998,       32.5345734468,        1.1352564895,        1P   1532
             15.7998,       32.0420209266,       1.19024766077,        1P   1533
             15.7998,       31.5102583663,       1.24365384353,        1P   1534
             15.7998,       30.9560563349,       1.28704224606,        1P   1535
             15.7998,        30.393689935,       1.31377036241,        1P   1536
             15.7998,       29.8388982136,       1.32010197374,        1P   1537
             15.7998,       29.3069339893,       1.30630357979,        1P   1538
             15.7998,       28.8109397673,       1.27335205889,        1P   1539
             15.7998,       28.3698802936,        1.2316103545,        1P   1540
             15.7998,       27.9877066839,       1.17790645915,        1P   1541
             15.7998,       27.6796939017,       1.13029830786,        1P   1542
             15.7998,       27.4440438757,       1.06626981538,        1P   1543
             15.7998,       27.2824733054,       1.02883582618,        1P   1544
             15.7998,       27.1875264781,      0.938783081717,        1P   1545
             15.7998,       27.1830067725,      0.899591369867,        1P   1546
             15.7998,        34.367096802,       1.03229521129,        1P   1547
          16.7872875,       34.3526548701,       1.03283946524,        1P   1548
          16.7872875,       34.2954578102,       1.03597403148,        1P   1549
          16.7872875,       34.1614525444,       1.04505220943,        1P   1550
          16.7872875,       33.9444727239,       1.06272100714,        1P   1551
          16.7872875,       33.6504000041,       1.09047619813,        1P   1552
          16.7872875,       33.2819427136,       1.12911666904,        1P   1553
          16.7872875,       32.8549710195,       1.17651401642,        1P   1554
          16.7872875,       32.3804606609,       1.22810598913,        1P   1555
          16.7872875,        31.868189208,       1.27806927072,        1P   1556
          16.7872875,       31.3343455474,       1.31835304627,        1P   1557
          16.7872875,       30.7926722663,       1.34262635311,        1P   1558
          16.7872875,       30.2583746798,       1.34734960765,        1P   1559
          16.7872875,       29.7460602672,       1.33283193184,        1P   1560
          16.7872875,       29.2685114662,        1.3000566799,        1P   1561
          16.7872875,       28.8437191926,       1.25905241075,        1P   1562
          16.7872875,       28.4759160897,       1.20680840933,        1P   1563
          16.7872875,       28.1790016202,       1.16078221267,        1P   1564
          16.7872875,        27.952535749,       1.09929038533,        1P   1565
          16.7872875,        27.795962713,       1.06382860111,        1P   1566
          16.7872875,       27.7048668511,      0.977560268729,        1P   1567
          16.7872875,       27.7009507573,      0.939900430638,        1P   1568
          16.7872875,       34.6299220064,       1.08253739512,        1P   1569
           17.774775,       34.6160326024,        1.0830289724,        1P   1570
           17.774775,       34.5610212678,       1.08590787875,        1P   1571
           17.774775,        34.432131621,       1.09430629667,        1P   1572
           17.774775,       34.2234263395,       1.11074078648,        1P   1573
           17.774775,       33.9405557911,       1.13665492345,        1P   1574
           17.774775,        33.586122404,       1.17281710921,        1P   1575
           17.774775,        33.175390903,       1.21722093503,        1P   1576
           17.774775,       32.7189332493,       1.26551711019,        1P   1577
           17.774775,       32.2261632541,       1.31214867403,        1P   1578
           17.774775,       31.7126852862,       1.34944142537,        1P   1579
           17.774775,       31.1917094755,       1.37137110235,        1P   1580
           17.774775,       30.6779041948,       1.37459000374,        1P   1581
           17.774775,       30.1852369342,       1.35944639234,        1P   1582
           17.774775,       29.7261222548,       1.32692574419,        1P   1583
           17.774775,       29.3175948306,       1.28672048794,        1P   1584
           17.774775,       28.9641429405,       1.23597379763,        1P   1585
           17.774775,       28.6783392939,       1.19154509174,        1P   1586
           17.774775,       28.4610312127,       1.13256998187,        1P   1587
           17.774775,       28.3095036661,       1.09904530748,        1P   1588
           17.774775,       28.2222668973,       1.01653136227,        1P   1589
           17.774775,       28.2189211039,       0.98039464993,        1P   1590
           17.774775,        34.892744495,       1.13191380515,        1P   1591
          18.7622625,       34.8794076481,       1.13235521101,        1P   1592
          18.7622625,       34.8265823985,       1.13498912379,        1P   1593
          18.7622625,       34.7028096945,       1.14273389141,        1P   1594
          18.7622625,       34.5023818729,       1.15797788415,        1P   1595
          18.7622625,       34.2307185318,        1.1821120574,        1P   1596
          18.7622625,       33.8903164122,        1.2158742885,        1P   1597
          18.7622625,       33.4958345918,       1.25737699468,        1P   1598
          18.7622625,       33.0574399204,       1.30248085719,        1P   1599
          18.7622625,       32.5841814612,       1.34589197159,        1P   1600
          18.7622625,       32.0910762203,       1.38030738489,        1P   1601
          18.7622625,       31.5908020109,       1.40000467304,        1P   1602
          18.7622625,       31.0974869582,       1.40182328875,        1P   1603
          18.7622625,       30.6244641325,       1.38614711569,        1P   1604
          18.7622625,       30.1837720295,       1.35395948502,        1P   1605
          18.7622625,       29.7915073886,       1.31461480148,        1P   1606
          18.7622625,       29.4523868824,       1.26540307235,        1P   1607
          18.7622625,       29.1777077365,       1.22258724266,        1P   1608
          18.7622625,       28.9695290272,       1.16610961033,        1P   1609
          18.7622625,       28.8230989635,       1.13448606045,        1P   1610
          18.7622625,       28.7397240295,       1.05569607686,        1P   1611
          18.7622625,       28.7369150657,       1.02107401278,        1P   1612
          18.7622625,       35.1555664811,       1.18042400686,        1P   1613
            19.74975,       35.1427822171,        1.1808177464,        1P   1614
            19.74975,       35.0921433943,       1.18321733754,        1P   1615
            19.74975,       34.9734889069,       1.19033457474,        1P   1616
            19.74975,       34.7813413729,       1.20443190574,        1P   1617
            19.74975,       34.5208901365,       1.22684724228,        1P   1618
            19.74975,       34.1945264591,       1.25828790455,        1P   1619
            19.74975,       33.8163035771,       1.29698196207,        1P   1620
            19.74975,       33.3959818984,       1.33899707866,        1P   1621
            19.74975,       32.9422447789,       1.37929909483,        1P   1622
            19.74975,       32.4695190108,       1.41095093593,        1P   1623
            19.74975,       31.9899503089,       1.42852713687,        1P   1624
            19.74975,       31.5171231598,       1.42904959663,        1P   1625
            19.74975,       31.0637419849,       1.41293425781,        1P   1626
            19.74975,         30.64146068,       1.38115814178,        1P   1627
            19.74975,       30.2654570154,       1.34273556345,        1P   1628
            19.74975,       29.9406475699,        1.2950966837,        1P   1629
            19.74975,       29.6771077026,       1.25390894278,        1P   1630
            19.74975,       29.4780280063,        1.1999102681,        1P   1631
            19.74975,       29.3367512789,       1.17015091115,        1P   1632
            19.74975,       29.2572357199,       1.09505405703,        1P   1633
            19.74975,       29.2549299921,       1.06193843083,        1P   1634
            19.74975,       35.4183901805,         1.228067588,        1P   1635
          20.7372375,       35.4061585221,       1.22841616847,        1P   1636
          20.7372375,       35.3577064497,       1.23059211183,        1P   1637
          20.7372375,       35.2441714023,       1.23710795161,        1P   1638
          20.7372375,       35.0603068897,       1.25010247779,        1P   1639
          20.7372375,       34.8110725161,       1.27086014123,        1P   1640
          20.7372375,        34.498754265,       1.30005767223,        1P   1641
          20.7372375,       34.1367993485,       1.33603562024,        1P   1642
          20.7372375,       33.7345604043,       1.37506563747,        1P   1643
          20.7372375,       33.3003541506,       1.41236998773,        1P   1644
          20.7372375,        32.848014313,       1.44137210131,        1P   1645
          20.7372375,       32.3891547949,       1.45693857269,        1P   1646
          20.7372375,       31.9368129836,       1.45626906838,        1P   1647
          20.7372375,       31.5030705965,       1.43980797949,        1P   1648
          20.7372375,       31.0991880958,        1.4085219574,        1P   1649
          20.7372375,       30.7394438252,       1.37108298366,        1P   1650
          20.7372375,       30.4289246816,       1.32505508492,        1P   1651
          20.7372375,       30.1765398701,       1.28551045138,        1P   1652
          20.7372375,       29.9865270626,       1.23397294338,        1P   1653
          20.7372375,       29.8504630915,       1.20603985365,        1P   1654
          20.7372375,        29.774799584,       1.13460487328,        1P   1655
          20.7372375,       29.7729634082,       1.10298773833,        1P   1656
          20.7372375,        35.622799152,       1.26452217442,        1P   1657
           21.505238,       35.6109972862,       1.26483736637,        1P   1658
           21.505238,       35.5642461312,       1.26684675382,        1P   1659
           21.505238,       35.4546934488,       1.27291293989,        1P   1660
           21.505238,       35.2772727355,       1.28508011236,        1P   1661
           21.505238,       35.0367652731,       1.30459085517,        1P   1662
           21.505238,       34.7353753036,       1.33209808893,        1P   1663
           21.505238,       34.3860785939,       1.36602764622,        1P   1664
           21.505238,       33.9979097308,       1.40280775775,        1P   1665
           21.505238,       33.5788996604,       1.43785781072,        1P   1666
           21.505238,       33.1424188904,       1.46487789635,        1P   1667
           21.505238,       32.6996679565,        1.4789583547,        1P   1668
           21.505238,       32.2632563194,       1.47743388713,        1P   1669
           21.505238,       31.8447856072,       1.46076848678,        1P   1670
           21.505238,       31.4552040232,       1.42991800165,        1P   1671
           21.505238,       31.1081042329,       1.39328649753,        1P   1672
           21.505238,        30.808684515,       1.34853802891,        1P   1673
           21.505238,       30.5649868391,       1.31028153881,        1P   1674
           21.505238,       30.3820023944,       1.26064633148,        1P   1675
           21.505238,       30.2500357566,       1.23410670553,        1P   1676
           21.505238,       30.1773601158,       1.16549778984,        1P   1677
           21.505238,        30.175865799,       1.13504075287,        1P   1678
           21.505238,       35.6812185926,       1.27525638308,        1P   1679
           21.724725,       35.6695395498,        1.2755624066,        1P   1680
           21.724725,       35.6232745036,       1.27752579033,        1P   1681
           21.724725,       35.5148600144,       1.28346739098,        1P   1682
           21.724725,       35.3392811026,       1.29540473241,        1P   1683
           21.724725,       35.1012681664,       1.31456840011,        1P   1684
           21.724725,       34.8030021237,        1.3416045157,        1P   1685
           21.724725,       34.4573239809,        1.3749627682,        1P   1686
           21.724725,       34.0731772482,       1.41111560038,        1P   1687
           21.724725,       33.6585110389,       1.44553811893,        1P   1688
           21.724725,       33.2265631195,       1.47200854998,        1P   1689
           21.724725,       32.7884158797,       1.48568031947,        1P   1690
           21.724725,        32.356556172,       1.48392604914,        1P   1691
           21.724725,        31.942449065,       1.46721476425,        1P   1692
           21.724725,       31.5569527422,       1.43649893304,        1P   1693
           21.724725,       31.2134659061,       1.40010570999,        1P   1694
           21.724725,       30.9172158184,       1.35572757391,        1P   1695
           21.724725,       30.6760021089,       1.31784039189,        1P   1696
           21.724725,       30.4950231216,       1.26874690366,        1P   1697
           21.724725,       30.3642334974,       1.24259910949,        1P   1698
           21.724725,       30.2924131332,       1.17479317035,        1P   1699
           21.724725,       30.2910127252,       1.14466617378,        1P   1700
           21.724725,       35.9440559641,       1.32302887613,        1P   1701
          22.7122125,       35.9329295218,        1.3232951572,        1P   1702
          22.7122125,       35.8888516885,        1.3250579815,        1P   1703
          22.7122125,       35.7855586901,       1.33045476749,        1P   1704
          22.7122125,       35.6182677071,        1.3413844352,        1P   1705
          22.7122125,       35.3914805116,       1.35902333653,        1P   1706
          22.7122125,       35.1072731971,       1.38398698447,        1P   1707
          22.7122125,       34.7778803793,        1.4148305093,        1P   1708
          22.7122125,       34.4118350154,       1.44822348422,        1P   1709
          22.7122125,        34.016717535,       1.47988971882,        1P   1710
          22.7122125,       33.6051667719,       1.50395577555,        1P   1711
          22.7122125,       33.1877338441,       1.51585596864,        1P   1712
          22.7122125,       32.7763517754,       1.51313074398,        1P   1713
          22.7122125,       32.3818750842,       1.49626954872,        1P   1714
          22.7122125,        32.014751148,       1.46620726748,        1P   1715
          22.7122125,       31.6875186839,       1.43092343274,        1P   1716
          22.7122125,        31.405515824,       1.38823496467,        1P   1717
          22.7122125,       31.1754886918,       1.35201837034,        1P   1718
          22.7122125,        31.003510422,       1.30535222521,        1P   1719
          22.7122125,       30.8780573235,       1.28094337354,        1P   1720
          22.7122125,       30.8100735473,       1.21673021221,        1P   1721
          22.7122125,        30.809075066,       1.18808375772,        1P   1722
          22.7122125,       36.2069018007,       1.36994704079,        1P   1723
             23.6997,       36.1963279741,       1.37017604625,        1P   1724
             23.6997,       36.1544376277,       1.37174882251,        1P   1725
             23.6997,       36.0562671948,       1.37662652383,        1P   1726
             23.6997,       35.8972665825,       1.38659169845,        1P   1727
             23.6997,       35.6817094321,       1.40276604997,        1P   1728
             23.6997,       35.4115671938,       1.42573446228,        1P   1729
             23.6997,       35.0984679431,       1.45415439682,        1P   1730
             23.6997,       34.7505327918,       1.48488964076,        1P   1731
             23.6997,       34.3749726619,       1.51390944756,        1P   1732
             23.6997,       33.9838246426,       1.53568346957,        1P   1733
             23.6997,       33.5871090696,       1.54592208058,        1P   1734
             23.6997,       33.1962014987,        1.5423290171,        1P   1735
             23.6997,       32.8213522703,        1.5254104688,        1P   1736
             23.6997,        32.472588322,       1.49607994467,        1P   1737
             23.6997,       32.1616094082,       1.46196658186,        1P   1738
             23.6997,       31.8938320033,       1.42100646655,        1P   1739
             23.6997,        31.675010087,       1.38647504996,        1P   1740
             23.6997,       31.5119955363,       1.34222063658,        1P   1741
             23.6997,       31.3919483497,       1.31951064165,        1P   1742
             23.6997,       31.3277794983,       1.25885741214,        1P   1743
             23.6997,       31.3271492556,       1.23168458572,        1P   1744
             23.6997,       36.4697582882,       1.41600953742,        1P   1745
          24.6871875,       36.4597370893,       1.41620373906,        1P   1746
          24.6871875,       36.4200344859,       1.41759699281,        1P   1747
          24.6871875,       36.3269876446,       1.42198137887,        1P   1748
          24.6871875,       36.1762797551,       1.43102530919,        1P   1749
          24.6871875,       35.9719568207,       1.44579542779,        1P   1750
          24.6871875,        35.715885826,       1.46684597034,        1P   1751
          24.6871875,       35.4190881642,       1.49293361423,        1P   1752
          24.6871875,       35.0892718146,        1.5211134359,        1P   1753
          24.6871875,       34.7332773874,       1.54759685938,        1P   1754
          24.6871875,       34.3625374236,       1.56719137086,        1P   1755
          24.6871875,       33.9865420108,       1.57587854675,        1P   1756
          24.6871875,       33.6161055673,       1.57152091043,        1P   1757
          24.6871875,       33.2608807325,       1.55463764765,        1P   1758
          24.6871875,       32.9304641962,       1.52611723347,        1P   1759
          24.6871875,        32.635738137,       1.49323540321,        1P   1760
          24.6871875,        32.382164119,       1.45404261802,        1P   1761
          24.6871875,       32.1745668029,       1.42121069649,        1P   1762
          24.6871875,         32.02047763,       1.37935318596,        1P   1763
          24.6871875,       31.9059086165,       1.35830072718,        1P   1764
          24.6871875,       31.8455289609,       1.30117411574,        1P   1765
          24.6871875,       31.8452332574,       1.27546824898,        1P   1766
          24.6871875,       36.7326276192,        1.4612151142,        1P   1767
           25.674675,       36.7231590571,       1.46137698507,        1P   1768
           25.674675,       36.6856444371,       1.46260125148,        1P   1769
           25.674675,       36.5977221678,       1.46651811342,        1P   1770
           25.674675,       36.4553092682,       1.47468408457,        1P   1771
           25.674675,       36.2622245931,       1.48811033794,        1P   1772
           25.674675,        36.020230835,       1.50732044297,        1P   1773
           25.674675,       35.7397425693,       1.53116717631,        1P   1774
           25.674675,       35.4280533633,       1.55689397936,        1P   1775
           25.674675,       35.0916327308,       1.58095116475,        1P   1776
           25.674675,       34.7413058714,       1.59847880293,        1P   1777
           25.674675,       34.3860332021,       1.60572479409,        1P   1778
           25.674675,       34.0360643053,       1.60070598014,        1P   1779
           25.674675,        33.700460691,        1.5839507325,        1P   1780
           25.674675,       33.3883788327,       1.55631895923,        1P   1781
           25.674675,       33.1099050562,       1.52472974811,        1P   1782
           25.674675,       32.8705120844,       1.48734361819,        1P   1783
           25.674675,       32.6741594686,       1.45622529809,        1P   1784
           25.674675,       32.5289560341,       1.41675069149,        1P   1785
           25.674675,       32.4199402357,       1.39731329477,        1P   1786
           25.674675,       32.3633199898,       1.34367953873,        1P   1787
           25.674675,       32.3633251322,       1.31943423862,        1P   1788
           25.674675,       36.9955119925,       1.50556260215,        1P   1789
          26.6621625,       36.9865960723,       1.50569462103,        1P   1790
          26.6621625,       36.9512696545,       1.50676046062,        1P   1791
          26.6621625,        36.868472881,       1.51023565624,        1P   1792
          26.6621625,       36.7343571367,       1.51756707669,        1P   1793
          26.6621625,       36.5525146159,       1.52971001536,        1P   1794
          26.6621625,       36.3246038899,       1.54715736558,        1P   1795
          26.6621625,       36.0604325885,       1.56885486977,        1P   1796
          26.6621625,       35.7668785928,       1.59223139346,        1P   1797
          26.6621625,       35.4500395501,       1.61397281832,        1P   1798
          26.6621625,       35.1201305386,       1.62954652276,        1P   1799
          26.6621625,       34.7855829179,       1.63546180049,        1P   1800
          26.6621625,       34.4560777286,       1.62988536994,        1P   1801
          26.6621625,       34.1400919973,       1.61335090014,        1P   1802
          26.6621625,       33.8463319074,       1.58668636217,        1P   1803
          26.6621625,       33.5841099056,       1.55645069808,        1P   1804
          26.6621625,       33.3588754236,       1.52091072712,        1P   1805
          26.6621625,       33.1737882181,       1.49151964472,        1P   1806
          26.6621625,       33.0374298084,       1.45441463337,        1P   1807
          26.6621625,       32.9340447479,       1.43654827757,        1P   1808
          26.6621625,        32.881150707,       1.38637290256,        1P   1809
          26.6621625,       32.8814230241,       1.36358195901,        1P   1810
          26.6621625,       37.2584136125,       1.54905091048,        1P   1811
            27.64965,       37.2500503359,       1.54915555875,        1P   1812
            27.64965,       37.2169123214,       1.55007354591,        1P   1813
            27.64965,       37.1392419173,       1.55313296879,        1P   1814
            27.64965,       37.0134254018,       1.55967330977,        1P   1815
            27.64965,       36.8428287936,       1.57059357842,        1P   1816
            27.64965,       36.6290067106,       1.58635598155,        1P   1817
            27.64965,       36.3811597154,        1.6059960911,        1P   1818
            27.64965,       36.1057487369,       1.62712524649,        1P   1819
            27.64965,       35.8084988018,       1.64666156496,        1P   1820
            27.64965,       35.4990121034,       1.66039444616,        1P   1821
            27.64965,       35.1851915884,       1.66508961707,        1P   1822
            27.64965,       34.8761460466,       1.65905926336,        1P   1823
            27.64965,       34.5797747223,       1.64283839379,        1P   1824
            27.64965,       34.3043233509,       1.61721981445,        1P   1825
            27.64965,       34.0583526785,       1.58839857172,        1P   1826
            27.64965,       33.8472539539,       1.55474454609,        1P   1827
            27.64965,        33.673453421,       1.52709400878,        1P   1828
            27.64965,        33.545898338,       1.49234605617,        1P   1829
            27.64965,        33.448223814,       1.47600538026,        1P   1830
            27.64965,       33.3990194338,       1.42925324061,        1P   1831
            27.64965,       33.3995252885,        1.4079106857,        1P   1832
            27.64965,        37.521334689,       1.59167902221,        1P   1833
          28.6371375,       37.5135240544,       1.59175878401,        1P   1834
          28.6371375,       37.4825746263,       1.59253950615,        1P   1835
          28.6371375,       37.4100314154,       1.59520908299,        1P   1836
          28.6371375,       37.2925161104,       1.60100187588,        1P   1837
          28.6371375,       37.1331690363,       1.61076020588,        1P   1838
          28.6371375,       36.9334410224,       1.62491558948,        1P   1839
          28.6371375,       36.7019254485,       1.64259028286,        1P   1840
          28.6371375,       36.4446650342,       1.66157514631,        1P   1841
          28.6371375,       36.1670114461,       1.67901717807,        1P   1842
          28.6371375,       35.8779512483,          1.69102251,        1P   1843
          28.6371375,       35.5848596479,        1.6946083075,        1P   1844
          28.6371375,       35.2962694752,       1.68822785245,        1P   1845
          28.6371375,       35.0195089423,       1.67241345782,        1P   1846
          28.6371375,       34.7623531053,       1.64791968951,        1P   1847
          28.6371375,       34.5326333737,        1.6205736811,        1P   1848
          28.6371375,        34.335647512,       1.58884567515,        1P   1849
          28.6371375,       34.1731554496,       1.56294864227,        1P   1850
          28.6371375,       34.0543610453,       1.53054599472,        1P   1851
          28.6371375,       33.9624790768,       1.51568425622,        1P   1852
          28.6371375,       33.9169245431,       1.47231947776,        1P   1853
          28.6371375,       33.9176303399,       1.45241958899,        1P   1854
          28.6371375,       37.7842774365,       1.63344599001,        1P   1855
           29.624625,       37.7770194391,       1.63350335336,        1P   1856
           29.624625,       37.7482587624,       1.63415740916,        1P   1857
           29.624625,       37.6808435189,        1.6364630982,        1P   1858
           29.624625,       37.5716313147,       1.64155192973,        1P   1859
           29.624625,       37.4235372595,       1.65020913573,        1P   1860
           29.624625,       37.2379085562,       1.66283554002,        1P   1861
           29.624625,       37.0227312915,       1.67863693282,        1P   1862
           29.624625,       36.7836287288,       1.69558073707,        1P   1863
           29.624625,       36.5255784491,       1.71103945937,        1P   1864
           29.624625,       36.2569486624,       1.72143067106,        1P   1865
           29.624625,       35.9845875379,       1.72401794889,        1P   1866
           29.624625,       35.7164482393,       1.71739133663,        1P   1867
           29.624625,       35.4592947436,       1.70207633847,        1P   1868
           29.624625,       35.2204211249,        1.6787863631,        1P   1869
           29.624625,       35.0069520034,       1.65297633273,        1P   1870
           29.624625,         34.82405595,       1.62321471438,        1P   1871
           29.624625,       34.6728946955,       1.59908377817,        1P   1872
           29.624625,         34.56281737,       1.56901547817,        1P   1873
           29.624625,       34.4768122059,        1.5555845032,        1P   1874
           29.624625,       34.4348644187,       1.51557043014,        1P   1875
           29.624625,       34.4357366123,       1.49710773417,        1P   1876
           29.624625,       38.0180182733,       1.66984760273,        1P   1877
           30.502369,       38.0112514897,       1.66988714626,        1P   1878
           30.502369,       37.9844364441,       1.67043752013,        1P   1879
           30.502369,        37.921579886,        1.6724415766,        1P   1880
           30.502369,       37.8197495383,       1.67694131411,        1P   1881
           30.502369,       37.6816607237,       1.68467088414,        1P   1882
           30.502369,       37.5085686683,       1.69600383009,        1P   1883
           30.502369,       37.3079195694,       1.71021754401,        1P   1884
           30.502369,       37.0849628099,        1.7254339015,        1P   1885
           30.502369,       36.8443428628,       1.73922301165,        1P   1886
           30.502369,        36.593876032,       1.74827482726,        1P   1887
           30.502369,        36.339942633,       1.75006770522,        1P   1888
           30.502369,       36.0899774725,       1.74330964642,        1P   1889
           30.502369,       35.8502487421,       1.72851658405,        1P   1890
           30.502369,        35.627614281,       1.70636302662,        1P   1891
           30.502369,       35.4285895446,       1.68196920591,        1P   1892
           30.502369,       35.2581979583,       1.65398957332,        1P   1893
           30.502369,       35.1171274668,       1.63143871605,        1P   1894
           30.502369,       35.0147610804,       1.60343679881,        1P   1895
           30.502369,       34.9340521479,       1.59123593641,        1P   1896
           30.502369,       34.8952714128,       1.55416874869,        1P   1897
           30.502369,       34.8962633969,       1.53697913466,        1P   1898
           30.502369,       38.0472455842,       1.67453509911,        1P   1899
          30.6121125,       38.0405402031,        1.6745726644,        1P   1900
          30.6121125,       38.0139683814,       1.67511114227,        1P   1901
          30.6121125,       37.9516817412,       1.67708011549,        1P   1902
          30.6121125,       37.8507743218,       1.68151066029,        1P   1903
          30.6121125,        37.713936518,       1.68913054046,        1P   1904
          30.6121125,        37.542412082,       1.70030990198,        1P   1905
          30.6121125,       37.3435796995,       1.71433472574,        1P   1906
          30.6121125,       37.1226419056,       1.72934579129,        1P   1907
          30.6121125,       36.8842014197,       1.74293743169,        1P   1908
          30.6121125,       36.6360053558,       1.75183296047,        1P   1909
          30.6121125,       36.3843755214,       1.75353694326,        1P   1910
          30.6121125,       36.1366818145,       1.74677170089,        1P   1911
          30.6121125,       35.8991307669,       1.73205157031,        1P   1912
          30.6121125,       35.6785253933,       1.71004618424,        1P   1913
          30.6121125,       35.4813059245,       1.68583365502,        1P   1914
          30.6121125,       35.3124763532,       1.65807955276,        1P   1915
          30.6121125,        35.172668018,        1.6357265066,        1P   1916
          30.6121125,       35.0712640264,       1.60798220092,        1P   1917
          30.6121125,       34.9912206759,       1.59593035664,        1P   1918
          30.6121125,       34.9528370241,       1.55922728376,        1P   1919
          30.6121125,       34.9538422209,       1.54219575251,        1P   1920
          30.6121125,       38.3102509507,       1.71627333398,        1P   1921
             31.5996,       38.3040980824,       1.71629436685,        1P   1922
             31.5996,       38.2797149294,       1.71673120822,        1P   1923
             31.5996,       38.2225569249,       1.71839772299,        1P   1924
             31.5996,       38.1299551533,       1.72222782911,        1P   1925
             31.5996,       38.0043759387,       1.72889157914,        1P   1926
             31.5996,       37.8469598565,       1.73872853956,        1P   1927
             31.5996,       37.6644780692,       1.75110042072,        1P   1928
             31.5996,       37.4617109288,       1.76431669405,        1P   1929
             31.5996,       37.2428851416,       1.77618806723,        1P   1930
             31.5996,       37.0151238028,       1.78373549567,        1P   1931
             31.5996,       36.7842227451,       1.78469691508,        1P   1932
             31.5996,       36.5569656521,       1.77792133752,        1P   1933
             31.5996,        36.339008115,       1.76390652979,        1P   1934
             31.5996,       36.1366537237,       1.74327668886,        1P   1935
             31.5996,        35.955678893,       1.72072821914,        1P   1936
             31.5996,       35.8008916778,       1.69502577707,        1P   1937
             31.5996,       35.6724542823,       1.67445965802,        1P   1938
             31.5996,       35.5796838317,       1.64902845675,        1P   1939
             31.5996,       35.5056804896,       1.63829117081,        1P   1940
             31.5996,       35.4708381444,       1.60484434571,        1P   1941
             31.5996,       35.4719437225,       1.58923335557,        1P   1942
             31.5996,       38.5732829966,       1.75721005273,        1P   1943
          32.5870875,       38.5676826455,       1.75721686327,        1P   1944
          32.5870875,       38.5454883333,        1.7575619089,        1P   1945
          32.5870875,       38.4934597031,       1.75895004347,        1P   1946
          32.5870875,       38.4091653248,       1.76222008446,        1P   1947
          32.5870875,       38.2948478769,       1.76798394933,        1P   1948
          32.5870875,       38.1515448813,       1.77655062034,        1P   1949
          32.5870875,       37.9854198972,       1.78735468229,        1P   1950
          32.5870875,       37.8008299391,       1.79887172229,        1P   1951
          32.5870875,       37.6016251396,       1.80912587123,        1P   1952
          32.5870875,        37.394301988,       1.81543107175,        1P   1953
          32.5870875,       37.1841312262,       1.81575409696,        1P   1954
          32.5870875,        36.977306463,       1.80906675323,        1P   1955
          32.5870875,       36.7789393593,       1.79584615902,        1P   1956
          32.5870875,       36.5948230988,       1.77666842837,        1P   1957
          32.5870875,       36.4300938672,       1.75584311951,        1P   1958
          32.5870875,       36.2893256925,       1.73223282793,        1P   1959
          32.5870875,       36.1722844588,       1.71346578787,        1P   1960
          32.5870875,       36.0880998237,       1.69033944821,        1P   1961
          32.5870875,       36.0202296563,       1.68086761881,        1P   1962
          32.5870875,       35.9888698122,       1.65064006159,        1P   1963
          32.5870875,       35.9900424764,       1.63644619943,        1P   1964
          32.5870875,       38.8363440874,       1.79733443735,        1P   1965
           33.574575,       38.8312962523,       1.79732936766,        1P   1966
           33.574575,       38.8112909288,       1.79759259694,        1P   1967
           33.574575,       38.7643923517,       1.79872677697,        1P   1968
           33.574575,       38.6884070135,       1.80147772118,        1P   1969
           33.574575,       38.5853543757,       1.80639879519,        1P   1970
           33.574575,       38.4561690317,       1.81376839508,        1P   1971
           33.574575,       38.3064068604,       1.82309106994,        1P   1972
           33.574575,       38.1400003816,        1.8330058806,        1P   1973
           33.574575,       37.9604225874,        1.8417473342,        1P   1974
           33.574575,       37.7735407793,       1.84691760814,        1P   1975
           33.574575,       37.5841015024,       1.84670764321,        1P   1976
           33.574575,       37.3977044569,       1.84020814793,        1P   1977
           33.574575,       37.2189244167,       1.82787136082,        1P   1978
           33.574575,       37.0530331813,       1.81022290639,        1P   1979
           33.574575,       36.9045504054,       1.79117997784,        1P   1980
           33.574575,       36.7777777598,       1.76970280277,        1P   1981
           33.574575,       36.6721582823,       1.75274636507,        1P   1982
           33.574575,       36.5965109684,         1.731917542,        1P   1983
           33.574575,       36.5348691083,       1.72365966665,        1P   1984
           33.574575,       36.5069303399,       1.69661324998,        1P   1985
           33.574575,       36.5081368424,       1.68383317014,        1P   1986
           33.574575,       39.0994365896,       1.83663725521,        1P   1987
          34.5620625,       39.0949412642,       1.83662267514,        1P   1988
          34.5620625,        39.077125054,       1.83681418692,        1P   1989
          34.5620625,       39.0353571507,        1.8377191335,        1P   1990
          34.5620625,       38.9676824017,       1.83999245822,        1P   1991
          34.5620625,       38.8758974827,       1.84412856183,        1P   1992
          34.5620625,       38.7608341845,       1.85037525734,        1P   1993
          34.5620625,       38.6274406316,       1.85830409951,        1P   1994
          34.5620625,       38.4792236917,       1.86671492388,        1P   1995
          34.5620625,       38.3192786471,       1.87404948693,        1P   1996
          34.5620625,       38.1528410376,       1.87819336167,        1P   1997
          34.5620625,       37.9841341176,       1.87755686759,        1P   1998
          34.5620625,       37.8181598691,       1.87134573676,        1P   1999
          34.5620625,       37.6589632554,       1.85998294459,        1P   2000
          34.5620625,       37.5112837091,       1.84394146542,        1P   2001
          34.5620625,       37.3790481657,       1.82674021114,        1P   2002
          34.5620625,       37.2662473586,       1.80743758403,        1P   2003
          34.5620625,       37.1720756218,       1.79230263701,        1P   2004
          34.5620625,       37.1049163698,       1.77376491693,        1P   2005
          34.5620625,        37.049599916,       1.76666711082,        1P   2006
          34.5620625,       37.0250180509,       1.74276252181,        1P   2007
          34.5620625,       37.0262252132,       1.73139298347,        1P   2008
          34.5620625,       39.3625628679,       1.87511063003,        1P   2009
            35.54955,       39.3586200412,       1.87508893314,        1P   2010
            35.54955,        39.342993047,       1.87521892765,        1P   2011
            35.54955,       39.3063563817,       1.87591961474,        1P   2012
            35.54955,        39.246993675,       1.87775723277,        1P   2013
            35.54955,        39.166479249,       1.88116680775,        1P   2014
            35.54955,       39.0655422182,       1.88636557871,        1P   2015
            35.54955,       38.9485228819,       1.89298910457,        1P   2016
            35.54955,          38.8185013,       1.89999525097,        1P   2017
            35.54955,       38.6781944759,       1.90602982174,        1P   2018
            35.54955,       38.5322036237,       1.90925687947,        1P   2019
            35.54955,       38.3842296287,       1.90830122141,        1P   2020
            35.54955,       38.2386729651,       1.90247974963,        1P   2021
            35.54955,       38.0990558971,        1.8921816419,        1P   2022
            35.54955,       37.9695744934,       1.87782531346,        1P   2023
            35.54955,       37.8535869062,       1.86252506205,        1P   2024
            35.54955,       37.7547340737,       1.84543887748,        1P   2025
            35.54955,       37.6720364827,       1.83213565668,        1P   2026
            35.54955,       37.6133152475,       1.81588360294,        1P   2027
            35.54955,       37.5644233142,       1.80988958002,        1P   2028
            35.54955,       37.5431312355,       1.78908629959,        1P   2029
            35.54955,       37.5443059702,       1.77912420031,        1P   2030
            35.54955,       39.6257252835,       1.91274784604,        1P   2031
          36.5370375,         39.62233494,       1.91272144572,        1P   2032
          36.5370375,       39.6088972435,       1.91280021018,        1P   2033
          36.5370375,       39.5773923261,        1.9133218278,        1P   2034
          36.5370375,       39.5263430206,       1.91476602423,        1P   2035
          36.5370375,       39.4571017287,        1.9175080444,        1P   2036
          36.5370375,       39.3702950135,       1.92173456809,        1P   2037
          36.5370375,       39.2696552834,       1.92714211933,        1P   2038
          36.5370375,       39.1578346366,       1.93284381165,        1P   2039
          36.5370375,       39.0371712313,       1.93768622769,        1P   2040
          36.5370375,       38.9116294048,       1.94010695798,        1P   2041
          36.5370375,       38.7843886109,       1.93894027468,        1P   2042
          36.5370375,       38.6592440453,       1.93361043131,        1P   2043
          36.5370375,       38.5392024205,       1.92446811906,        1P   2044
          36.5370375,       38.4279054188,       1.91187554793,        1P   2045
          36.5370375,        38.328166483,       1.89853562495,        1P   2046
          36.5370375,       38.2432375925,        1.8837082441,        1P   2047
          36.5370375,       38.1720410028,       1.87224630636,        1P   2048
          36.5370375,       38.1217069314,       1.85827551416,        1P   2049
          36.5370375,       38.0793407019,       1.85332653645,        1P   2050
          36.5370375,       38.0612681284,       1.83558283261,        1P   2051
          36.5370375,       38.0623774614,        1.8270252383,        1P   2052
          36.5370375,       39.8889261928,       1.94954318047,        1P   2053
           37.524525,       39.8860883132,       1.94951450717,        1P   2054
           37.524525,       39.8748399762,       1.94955240306,        1P   2055
           37.524525,       39.8484672642,       1.94992032564,        1P   2056
           37.524525,        39.805732627,       1.95101370416,        1P   2057
           37.524525,       39.7477669784,       1.95314759953,        1P   2058
           37.524525,       39.6750944549,       1.95647815086,        1P   2059
           37.524525,       39.5908395112,       1.96075977865,        1P   2060
           37.524525,       39.4972251347,       1.96525802779,        1P   2061
           37.524525,       39.3962100769,       1.96901693385,        1P   2062
           37.524525,       39.2911192601,        1.9707426082,        1P   2063
           37.524525,       39.1846116643,       1.96947370103,        1P   2064
           37.524525,       39.0798734493,       1.96473804171,        1P   2065
           37.524525,       38.9794029631,       1.95684298922,        1P   2066
           37.524525,       38.8862764451,       1.94609317512,        1P   2067
           37.524525,        38.802786848,       1.93477286906,        1P   2068
           37.524525,        38.731757706,       1.92224712694,        1P   2069
           37.524525,       38.6720894424,       1.91263531905,        1P   2070
           37.524525,       38.6300908717,       1.90094247565,        1P   2071
           37.524525,       38.5943536239,        1.8969772796,        1P   2072
           37.524525,       38.5794269064,       1.88225020785,        1P   2073
           37.524525,       38.5804380005,       1.87509437963,        1P   2074
           37.524525,       40.1521679469,       1.98549176039,        1P   2075
          38.5120125,        40.149882508,       1.98546325954,        1P   2076
          38.5120125,       40.1408235737,        1.9854707113,        1P   2077
          38.5120125,       40.1195834743,       1.98571047141,        1P   2078
          38.5120125,       40.0851646832,       1.98649590824,        1P   2079
          38.5120125,        40.038477058,        1.9880814991,        1P   2080
          38.5120125,       39.9799424317,        1.9905928668,        1P   2081
          38.5120125,       39.9120772468,       1.99383923132,        1P   2082
          38.5120125,       39.8366742359,       1.99723572646,        1P   2083
          38.5120125,       39.7553121882,       2.00002046093,        1P   2084
          38.5120125,       39.6706740882,       2.00116302656,        1P   2085
          38.5120125,       39.5848994191,       1.99990126354,        1P   2086
          38.5120125,       39.5005615622,       1.99586285658,        1P   2087
          38.5120125,       39.4196577249,       1.98930682195,        1P   2088
          38.5120125,       39.3446876109,        1.9804791281,        1P   2089
          38.5120125,       39.2774480474,       1.97123765836,        1P   2090
          38.5120125,       39.2202943131,       1.96105687569,        1P   2091
          38.5120125,       39.1721821756,       1.95330329616,        1P   2092
          38.5120125,       39.1384666516,       1.94388624803,        1P   2093
          38.5120125,       39.1094637497,       1.94084094589,        1P   2094
          38.5120125,        39.097605687,       1.92908635942,        1P   2095
          38.5120125,       39.0984858684,       1.92332977749,        1P   2096
          38.5120125,       40.4154528906,       2.02058944025,        1P   2097
             39.4995,       40.4137198659,       2.02056356941,        1P   2098
             39.4995,       40.4068503598,       2.02055105613,        1P   2099
             39.4995,       40.3907432323,       2.02068832092,        1P   2100
             39.4995,       40.3646413791,       2.02120892617,        1P   2101
             39.4995,       40.3292340313,       2.02230636773,        1P   2102
             39.4995,         40.28484084,       2.02407578172,        1P   2103
             39.4995,       40.2333701815,       2.02637806698,        1P   2104
             39.4995,       40.1761833943,       2.02877508216,        1P   2105
             39.4995,       40.1144787584,       2.03069558076,        1P   2106
             39.4995,       40.0502948134,       2.03136756936,        1P   2107
             39.4995,       39.9852525434,       2.03022280464,        1P   2108
             39.4995,       39.9213088211,       2.02698516798,        1P   2109
             39.4995,        39.859966973,       2.02186015283,        1P   2110
             39.4995,       39.8031390387,       2.01503428221,        1P   2111
             39.4995,       39.7521502214,       2.00793076908,        1P   2112
             39.4995,       39.7088474267,       2.00013876709,        1P   2113
             39.4995,       39.6723196822,       1.99425072303,        1P   2114
             39.4995,        39.646834005,       1.98710854777,        1P   2115
             39.4995,       39.6246728515,       1.98491650756,        1P   2116
             39.4995,       39.6158025307,       1.97608907529,        1P   2117
             39.4995,        39.616519317,       1.97172946061,        1P   2118
             39.4995,                   0,                   1,        1P   2119
                   0,                   1;                             1P   2120
       128,        21,        70,         3,         3,                3P   2121
         0,         0,         1,         0,         0,                3P   2122
                   0,                   0,                   0,        3P   2123
                   0,    0.00641619095209,     0.0254307594075,        3P   2124
     0.0596288763355,      0.103063694687,      0.156566961603,        3P   2125
      0.224105712151,        0.2937894593,      0.368471408595,        3P   2126
      0.452612338008,      0.531439996705,      0.609180548175,        3P   2127
      0.689751374679,      0.759020166219,      0.821484775531,        3P   2128
      0.879561942127,      0.923169298156,      0.956306677412,        3P   2129
      0.980641249822,                   1,                   1,        3P   2130
                   1,                   1,                   0,        3P   2131
                   0,                   0,                   0,        3P   2132
   0.000575339509827,    0.00128528860465,    0.00226217077561,        3P   2133
    0.00348942767092,    0.00494690823228,    0.00661298358895,        3P   2134
    0.00846913041159,     0.0105077176395,     0.0127411648861,        3P   2135
      0.015206142544,     0.0179546446597,     0.0188469583179,        3P   2136
     0.0210319347595,     0.0244440862165,     0.0281468289372,        3P   2137
     0.0320375468545,     0.0359680611267,      0.039765758692,        3P   2138
     0.0432578094848,     0.0462921183088,     0.0487504048501,        3P   2139
     0.0505517398802,     0.0516480843581,     0.0520158196062,        3P   2140
     0.0554082888857,      0.100096167797,       0.13642006669,        3P   2141
      0.144819298056,      0.189982110661,      0.223740906871,        3P   2142
      0.233856725758,      0.277248664028,      0.316900558027,        3P   2143
       0.32196675189,      0.351468483254,      0.384444343991,        3P   2144
      0.414900358391,      0.441962085515,       0.45783176669,        3P   2145
      0.464444443837,      0.484278377886,      0.504112311936,        3P   2146
      0.523946245985,      0.543780180035,      0.563614114084,        3P   2147
      0.583448048134,      0.603281982183,      0.623115916233,        3P   2148
      0.638541398851,      0.642950165515,      0.662785517818,        3P   2149
      0.682620870122,      0.702456222425,      0.722291574729,        3P   2150
      0.742126927032,      0.761962279336,      0.781797631639,        3P   2151
      0.801632983942,      0.819263952914,      0.821468500829,        3P   2152
       0.84130533407,      0.861142167311,      0.880979000552,        3P   2153
      0.900815833794,      0.920652667035,      0.940489500276,        3P   2154
      0.960326333517,                   1,                   1,        3P   2155
                   1,                   1,                   1,        3P   2156
                   1,                   1,                   1,        3P   2157
                   1,                   1,                   1,        3P   2158
                   1,                   1,                   1,        3P   2159
                   1,                   1,                   1,        3P   2160
                   1,                   1,                   1,        3P   2161
                   1,                   1,                   1,        3P   2162
                   1,                   1,                   1,        3P   2163
                   1,                   1,                   1,        3P   2164
                   1,                   1,                   1,        3P   2165
                   1,                   1,                   1,        3P   2166
                   1,                   1,                   1,        3P   2167
                   1,                   1,                   1,        3P   2168
                   1,                   1,                   1,        3P   2169
                   1,                   1,                   1,        3P   2170
                   1,                   1,                   1,        3P   2171
                   1,                   1,                   1,        3P   2172
                   1,                   1,                   1,        3P   2173
                   1,                   1,                   1,        3P   2174
                   1,                   1,                   1,        3P   2175
                   1,                   1,                   1,        3P   2176
                   1,                   1,                   1,        3P   2177
                   1,                   1,                   1,        3P   2178
                   1,                   1,                   1,        3P   2179
                   1,                   1,                   1,        3P   2180
                   1,                   1,                   1,        3P   2181
                   1,                   1,                   1,        3P   2182
                   1,                   1,                   1,        3P   2183
                   1,                   1,                   1,        3P   2184
                   1,                   1,                   1,        3P   2185
                   1,                   1,                   1,        3P   2186
                   1,                   1,                   1,        3P   2187
                   1,                   1,                   1,        3P   2188
                   1,                   1,                   1,        3P   2189
                   1,                   1,                   1,        3P   2190
                   1,                   1,                   1,        3P   2191
                   1,                   1,                   1,        3P   2192
                   1,                   1,                   1,        3P   2193
                   1,                   1,                   1,        3P   2194
                   1,                   1,                   1,        3P   2195
                   1,                   1,                   1,        3P   2196
                   1,                   1,                   1,        3P   2197
                   1,                   1,                   1,        3P   2198
                   1,                   1,                   1,        3P   2199
                   1,                   1,                   1,        3P   2200
                   1,                   1,                   1,        3P   2201
                   1,                   1,                   1,        3P   2202
                   1,                   1,                   1,        3P   2203
                   1,                   1,                   1,        3P   2204
                   1,                   1,                   1,        3P   2205
                   1,                   1,                   1,        3P   2206
                   1,                   1,                   1,        3P   2207
                   1,                   1,                   1,        3P   2208
                   1,                   1,                   1,        3P   2209
                   1,                   1,                   1,        3P   2210
                   1,                   1,                   1,        3P   2211
                   1,                   1,                   1,        3P   2212
                   1,                   1,                   1,        3P   2213
                   1,                   1,                   1,        3P   2214
                   1,                   1,                   1,        3P   2215
                   1,                   1,                   1,        3P   2216
                   1,                   1,                   1,        3P   2217
                   1,                   1,                   1,        3P   2218
                   1,                   1,                   1,        3P   2219
                   1,                   1,                   1,        3P   2220
                   1,                   1,                   1,        3P   2221
                   1,                   1,                   1,        3P   2222
                   1,                   1,                   1,        3P   2223
                   1,                   1,                   1,        3P   2224
                   1,                   1,                   1,        3P   2225
                   1,                   1,                   1,        3P   2226
                   1,                   1,                   1,        3P   2227
                   1,                   1,                   1,        3P   2228
                   1,                   1,                   1,        3P   2229
                   1,                   1,                   1,        3P   2230
                   1,                   1,                   1,        3P   2231
                   1,                   1,                   1,        3P   2232
                   1,                   1,                   1,        3P   2233
                   1,                   1,                   1,        3P   2234
                   1,                   1,                   1,        3P   2235
                   1,                   1,                   1,        3P   2236
                   1,                   1,                   1,        3P   2237
                   1,                   1,                   1,        3P   2238
                   1,                   1,                   1,        3P   2239
                   1,                   1,                   1,        3P   2240
                   1,                   1,                   1,        3P   2241
                   1,                   1,                   1,        3P   2242
                   1,                   1,                   1,        3P   2243
                   1,                   1,                   1,        3P   2244
                   1,                   1,                   1,        3P   2245
                   1,                   1,                   1,        3P   2246
                   1,                   1,                   1,        3P   2247
                   1,                   1,                   1,        3P   2248
                   1,                   1,                   1,        3P   2249
                   1,                   1,                   1,        3P   2250
                   1,                   1,                   1,        3P   2251
                   1,                   1,                   1,        3P   2252
                   1,                   1,                   1,        3P   2253
                   1,                   1,                   1,        3P   2254
                   1,                   1,                   1,        3P   2255
                   1,                   1,                   1,        3P   2256
                   1,                   1,                   1,        3P   2257
                   1,                   1,                   1,        3P   2258
                   1,                   1,                   1,        3P   2259
                   1,                   1,                   1,        3P   2260
                   1,                   1,                   1,        3P   2261
                   1,                   1,                   1,        3P   2262
                   1,                   1,                   1,        3P   2263
                   1,                   1,                   1,        3P   2264
                   1,                   1,                   1,        3P   2265
                   1,                   1,                   1,        3P   2266
                   1,                   1,                   1,        3P   2267
                   1,                   1,                   1,        3P   2268
                   1,                   1,                   1,        3P   2269
                   1,                   1,                   1,        3P   2270
                   1,                   1,                   1,        3P   2271
                   1,                   1,                   1,        3P   2272
                   1,                   1,                   1,        3P   2273
                   1,                   1,                   1,        3P   2274
                   1,                   1,                   1,        3P   2275
                   1,                   1,                   1,        3P   2276
                   1,                   1,                   1,        3P   2277
                   1,                   1,                   1,        3P   2278
                   1,                   1,                   1,        3P   2279
                   1,                   1,                   1,        3P   2280
                   1,                   1,                   1,        3P   2281
                   1,                   1,                   1,        3P   2282
                   1,                   1,                   1,        3P   2283
                   1,                   1,                   1,        3P   2284
                   1,                   1,                   1,        3P   2285
                   1,                   1,                   1,        3P   2286
                   1,                   1,                   1,        3P   2287
                   1,                   1,                   1,        3P   2288
                   1,                   1,                   1,        3P   2289
                   1,                   1,                   1,        3P   2290
                   1,                   1,                   1,        3P   2291
                   1,                   1,                   1,        3P   2292
                   1,                   1,                   1,        3P   2293
                   1,                   1,                   1,        3P   2294
                   1,                   1,                   1,        3P   2295
                   1,                   1,                   1,        3P   2296
                   1,                   1,                   1,        3P   2297
                   1,                   1,                   1,        3P   2298
                   1,                   1,                   1,        3P   2299
                   1,                   1,                   1,        3P   2300
                   1,                   1,                   1,        3P   2301
                   1,                   1,                   1,        3P   2302
                   1,                   1,                   1,        3P   2303
                   1,                   1,                   1,        3P   2304
                   1,                   1,                   1,        3P   2305
                   1,                   1,                   1,        3P   2306
                   1,                   1,                   1,        3P   2307
                   1,                   1,                   1,        3P   2308
                   1,                   1,                   1,        3P   2309
                   1,                   1,                   1,        3P   2310
                   1,                   1,                   1,        3P   2311
                   1,                   1,                   1,        3P   2312
                   1,                   1,                   1,        3P   2313
                   1,                   1,                   1,        3P   2314
                   1,                   1,                   1,        3P   2315
                   1,                   1,                   1,        3P   2316
                   1,                   1,                   1,        3P   2317
                   1,                   1,                   1,        3P   2318
                   1,                   1,                   1,        3P   2319
                   1,                   1,                   1,        3P   2320
                   1,                   1,                   1,        3P   2321
                   1,                   1,                   1,        3P   2322
                   1,                   1,                   1,        3P   2323
                   1,                   1,                   1,        3P   2324
                   1,                   1,                   1,        3P   2325
                   1,                   1,                   1,        3P   2326
                   1,                   1,                   1,        3P   2327
                   1,                   1,                   1,        3P   2328
                   1,                   1,                   1,        3P   2329
                   1,                   1,                   1,        3P   2330
                   1,                   1,                   1,        3P   2331
                   1,                   1,                   1,        3P   2332
                   1,                   1,                   1,        3P   2333
                   1,                   1,                   1,        3P   2334
                   1,                   1,                   1,        3P   2335
                   1,                   1,                   1,        3P   2336
                   1,                   1,                   1,        3P   2337
                   1,                   1,                   1,        3P   2338
                   1,                   1,                   1,        3P   2339
                   1,                   1,                   1,        3P   2340
                   1,                   1,                   1,        3P   2341
                   1,                   1,                   1,        3P   2342
                   1,                   1,                   1,        3P   2343
                   1,                   1,                   1,        3P   2344
                   1,                   1,                   1,        3P   2345
                   1,                   1,                   1,        3P   2346
                   1,                   1,                   1,        3P   2347
                   1,                   1,                   1,        3P   2348
                   1,                   1,                   1,        3P   2349
                   1,                   1,                   1,        3P   2350
                   1,                   1,                   1,        3P   2351
                   1,                   1,                   1,        3P   2352
                   1,                   1,                   1,        3P   2353
                   1,                   1,                   1,        3P   2354
                   1,                   1,                   1,        3P   2355
                   1,                   1,                   1,        3P   2356
                   1,                   1,                   1,        3P   2357
                   1,                   1,                   1,        3P   2358
                   1,                   1,                   1,        3P   2359
                   1,                   1,                   1,        3P   2360
                   1,                   1,                   1,        3P   2361
                   1,                   1,                   1,        3P   2362
                   1,                   1,                   1,        3P   2363
                   1,                   1,                   1,        3P   2364
                   1,                   1,                   1,        3P   2365
                   1,                   1,                   1,        3P   2366
                   1,                   1,                   1,        3P   2367
                   1,                   1,                   1,        3P   2368
                   1,                   1,                   1,        3P   2369
                   1,                   1,                   1,        3P   2370
                   1,                   1,                   1,        3P   2371
                   1,                   1,                   1,        3P   2372
                   1,                   1,                   1,        3P   2373
                   1,                   1,                   1,        3P   2374
                   1,                   1,                   1,        3P   2375
                   1,                   1,                   1,        3P   2376
                   1,                   1,                   1,        3P   2377
                   1,                   1,                   1,        3P   2378
                   1,                   1,                   1,        3P   2379
                   1,                   1,                   1,        3P   2380
                   1,                   1,                   1,        3P   2381
                   1,                   1,                   1,        3P   2382
                   1,                   1,                   1,        3P   2383
                   1,                   1,                   1,        3P   2384
                   1,                   1,                   1,        3P   2385
                   1,                   1,                   1,        3P   2386
                   1,                   1,                   1,        3P   2387
                   1,                   1,                   1,        3P   2388
                   1,                   1,                   1,        3P   2389
                   1,                   1,                   1,        3P   2390
                   1,                   1,                   1,        3P   2391
                   1,                   1,                   1,        3P   2392
                   1,                   1,                   1,        3P   2393
                   1,                   1,                   1,        3P   2394
                   1,                   1,                   1,        3P   2395
                   1,                   1,                   1,        3P   2396
                   1,                   1,                   1,        3P   2397
                   1,                   1,                   1,        3P   2398
                   1,                   1,                   1,        3P   2399
                   1,                   1,                   1,        3P   2400
                   1,                   1,                   1,        3P   2401
                   1,                   1,                   1,        3P   2402
                   1,                   1,                   1,        3P   2403
                   1,                   1,                   1,        3P   2404
                   1,                   1,                   1,        3P   2405
                   1,                   1,                   1,        3P   2406
                   1,                   1,                   1,        3P   2407
                   1,                   1,                   1,        3P   2408
                   1,                   1,                   1,        3P   2409
                   1,                   1,                   1,        3P   2410
                   1,                   1,                   1,        3P   2411
                   1,                   1,                   1,        3P   2412
                   1,                   1,                   1,        3P   2413
                   1,                   1,                   1,        3P   2414
                   1,                   1,                   1,        3P   2415
                   1,                   1,                   1,        3P   2416
                   1,                   1,                   1,        3P   2417
                   1,                   1,                   1,        3P   2418
                   1,                   1,                   1,        3P   2419
                   1,                   1,                   1,        3P   2420
                   1,                   1,                   1,        3P   2421
                   1,                   1,                   1,        3P   2422
                   1,                   1,                   1,        3P   2423
                   1,                   1,                   1,        3P   2424
                   1,                   1,                   1,        3P   2425
                   1,                   1,                   1,        3P   2426
                   1,                   1,                   1,        3P   2427
                   1,                   1,                   1,        3P   2428
                   1,                   1,                   1,        3P   2429
                   1,                   1,                   1,        3P   2430
                   1,                   1,                   1,        3P   2431
                   1,                   1,                   1,        3P   2432
                   1,                   1,                   1,        3P   2433
                   1,                   1,                   1,        3P   2434
                   1,                   1,                   1,        3P   2435
                   1,                   1,                   1,        3P   2436
                   1,                   1,                   1,        3P   2437
                   1,                   1,                   1,        3P   2438
                   1,                   1,                   1,        3P   2439
                   1,                   1,                   1,        3P   2440
                   1,                   1,                   1,        3P   2441
                   1,                   1,                   1,        3P   2442
                   1,                   1,                   1,        3P   2443
                   1,                   1,                   1,        3P   2444
                   1,                   1,                   1,        3P   2445
                   1,                   1,                   1,        3P   2446
                   1,                   1,                   1,        3P   2447
                   1,                   1,                   1,        3P   2448
                   1,                   1,                   1,        3P   2449
                   1,                   1,                   1,        3P   2450
                   1,                   1,                   1,        3P   2451
                   1,                   1,                   1,        3P   2452
                   1,                   1,                   1,        3P   2453
                   1,                   1,                   1,        3P   2454
                   1,                   1,                   1,        3P   2455
                   1,                   1,                   1,        3P   2456
                   1,                   1,                   1,        3P   2457
                   1,                   1,                   1,        3P   2458
                   1,                   1,                   1,        3P   2459
                   1,                   1,                   1,        3P   2460
                   1,                   1,                   1,        3P   2461
                   1,                   1,                   1,        3P   2462
                   1,                   1,                   1,        3P   2463
                   1,                   1,                   1,        3P   2464
                   1,                   1,                   1,        3P   2465
                   1,                   1,                   1,        3P   2466
                   1,                   1,                   1,        3P   2467
                   1,                   1,                   1,        3P   2468
                   1,                   1,                   1,        3P   2469
                   1,                   1,                   1,        3P   2470
                   1,                   1,                   1,        3P   2471
                   1,                   1,                   1,        3P   2472
                   1,                   1,                   1,        3P   2473
                   1,                   1,                   1,        3P   2474
                   1,                   1,                   1,        3P   2475
                   1,                   1,                   1,        3P   2476
                   1,                   1,                   1,        3P   2477
                   1,                   1,                   1,        3P   2478
                   1,                   1,                   1,        3P   2479
                   1,                   1,                   1,        3P   2480
                   1,                   1,                   1,        3P   2481
                   1,                   1,                   1,        3P   2482
                   1,                   1,                   1,        3P   2483
                   1,                   1,                   1,        3P   2484
                   1,                   1,                   1,        3P   2485
                   1,                   1,                   1,        3P   2486
                   1,                   1,                   1,        3P   2487
                   1,                   1,                   1,        3P   2488
                   1,                   1,                   1,        3P   2489
                   1,                   1,                   1,        3P   2490
                   1,                   1,                   1,        3P   2491
                   1,                   1,                   1,        3P   2492
                   1,                   1,                   1,        3P   2493
                   1,                   1,                   1,        3P   2494
                   1,                   1,                   1,        3P   2495
                   1,                   1,                   1,        3P   2496
                   1,                   1,                   1,        3P   2497
                   1,                   1,                   1,        3P   2498
                   1,                   1,                   1,        3P   2499
                   1,                   1,                   1,        3P   2500
                   1,                   1,                   1,        3P   2501
                   1,                   1,                   1,        3P   2502
                   1,                   1,                   1,        3P   2503
                   1,                   1,                   1,        3P   2504
                   1,                   1,                   1,        3P   2505
                   1,                   1,                   1,        3P   2506
                   1,                   1,                   1,        3P   2507
                   1,                   1,                   1,        3P   2508
                   1,                   1,                   1,        3P   2509
                   1,                   1,                   1,        3P   2510
                   1,                   1,                   1,        3P   2511
                   1,                   1,                   1,        3P   2512
                   1,                   1,                   1,        3P   2513
                   1,                   1,                   1,        3P   2514
                   1,                   1,                   1,        3P   2515
                   1,                   1,                   1,        3P   2516
                   1,                   1,                   1,        3P   2517
                   1,                   1,                   1,        3P   2518
                   1,                   1,                   1,        3P   2519
                   1,                   1,                   1,        3P   2520
                   1,                   1,                   1,        3P   2521
                   1,                   1,                   1,        3P   2522
                   1,                   1,                   1,        3P   2523
                   1,                   1,                   1,        3P   2524
                   1,                   1,                   1,        3P   2525
                   1,                   1,                   1,        3P   2526
                   1,                   1,                   1,        3P   2527
                   1,                   1,                   1,        3P   2528
                   1,                   1,                   1,        3P   2529
                   1,                   1,                   1,        3P   2530
                   1,                   1,                   1,        3P   2531
                   1,                   1,                   1,        3P   2532
                   1,                   1,                   1,        3P   2533
                   1,                   1,                   1,        3P   2534
                   1,                   1,                   1,        3P   2535
                   1,                   1,                   1,        3P   2536
                   1,                   1,                   1,        3P   2537
                   1,                   1,                   1,        3P   2538
                   1,                   1,                   1,        3P   2539
                   1,                   1,                   1,        3P   2540
                   1,                   1,                   1,        3P   2541
                   1,                   1,                   1,        3P   2542
                   1,                   1,                   1,        3P   2543
                   1,                   1,                   1,        3P   2544
                   1,                   1,                   1,        3P   2545
                   1,                   1,                   1,        3P   2546
                   1,                   1,                   1,        3P   2547
                   1,                   1,                   1,        3P   2548
                   1,                   1,                   1,        3P   2549
                   1,                   1,                   1,        3P   2550
                   1,                   1,                   1,        3P   2551
                   1,                   1,                   1,        3P   2552
                   1,                   1,                   1,        3P   2553
                   1,                   1,                   1,        3P   2554
                   1,                   1,                   1,        3P   2555
                   1,                   1,                   1,        3P   2556
                   1,                   1,                   1,        3P   2557
                   1,                   1,                   1,        3P   2558
                   1,                   1,                   1,        3P   2559
                   1,                   1,                   1,        3P   2560
                   1,                   1,                   1,        3P   2561
                   1,                   1,                   1,        3P   2562
                   1,                   1,                   1,        3P   2563
                   1,                   1,                   1,        3P   2564
                   1,                   1,                   1,        3P   2565
                   1,                   1,                   1,        3P   2566
                   1,                   1,                   1,        3P   2567
                   1,                   1,                   1,        3P   2568
                   1,                   1,                   1,        3P   2569
                   1,                   1,                   1,        3P   2570
                   1,                   1,                   1,        3P   2571
                   1,                   1,                   1,        3P   2572
                   1,                   1,                   1,        3P   2573
                   1,                   1,                   1,        3P   2574
                   1,                   1,                   1,        3P   2575
                   1,                   1,                   1,        3P   2576
                   1,                   1,                   1,        3P   2577
                   1,                   1,                   1,        3P   2578
                   1,                   1,                   1,        3P   2579
                   1,                   1,                   1,        3P   2580
                   1,                   1,                   1,        3P   2581
                   1,                   1,                   1,        3P   2582
                   1,                   1,                   1,        3P   2583
                   1,                   1,                   1,        3P   2584
                   1,                   1,                   1,        3P   2585
                   1,                   1,                   1,        3P   2586
                   1,                   1,                   1,        3P   2587
                   1,                   1,                   1,        3P   2588
                   1,                   1,                   1,        3P   2589
                   1,                   1,                   1,        3P   2590
                   1,                   1,                   1,        3P   2591
                   1,                   1,                   1,        3P   2592
                   1,                   1,                   1,        3P   2593
                   1,                   1,                   1,        3P   2594
                   1,                   1,                   1,        3P   2595
                   1,                   1,                   1,        3P   2596
                   1,                   1,                   1,        3P   2597
                   1,                   1,                   1,        3P   2598
                   1,                   1,                   1,        3P   2599
                   1,                   1,                   1,        3P   2600
                   1,                   1,                   1,        3P   2601
                   1,                   1,                   1,        3P   2602
                   1,                   1,                   1,        3P   2603
                   1,                   1,                   1,        3P   2604
                   1,                   1,                   1,        3P   2605
                   1,                   1,                   1,        3P   2606
                   1,                   1,                   1,        3P   2607
                   1,                   1,                   1,        3P   2608
                   1,                   1,                   1,        3P   2609
                   1,                   1,                   1,        3P   2610
                   1,                   1,                   1,        3P   2611
                   1,                   1,                   1,        3P   2612
                   1,                   1,                   1,        3P   2613
                   1,                   1,                   1,        3P   2614
                   1,                   1,                   1,        3P   2615
                   1,                   1,                   1,        3P   2616
                   1,                   1,                   1,        3P   2617
                   1,                   1,                   1,        3P   2618
                   1,                   1,                   1,        3P   2619
                   1,                   1,                   1,        3P   2620
                   1,                   1,                   1,        3P   2621
                   1,                   1,                   1,        3P   2622
                   1,                   1,                   1,        3P   2623
                   1,                   1,                   1,        3P   2624
                   1,                   1,                   1,        3P   2625
                   1,                   1,                   1,        3P   2626
                   1,                   1,                   1,        3P   2627
                   1,                   1,                   1,        3P   2628
                   1,                   1,                   1,        3P   2629
                   1,                   1,                   1,        3P   2630
                   1,                   1,                   1,        3P   2631
                   1,                   1,                   1,        3P   2632
                   1,                   1,                   1,        3P   2633
                   1,                   1,                   1,        3P   2634
                   1,                   1,                   1,        3P   2635
                   1,                   1,                   1,        3P   2636
                   1,                   1,                   1,        3P   2637
                   1,                   1,                   1,        3P   2638
                   1,                   1,                   1,        3P   2639
                   1,                   1,                   1,        3P   2640
                   1,                   1,                   1,        3P   2641
                   1,                   1,                   1,        3P   2642
                   1,                   1,                   1,        3P   2643
                   1,                   1,                   1,        3P   2644
                   1,                   1,                   1,        3P   2645
                   1,                   1,                   1,        3P   2646
                   1,                   1,                   1,        3P   2647
                   1,                   1,                   1,        3P   2648
                   1,                   1,                   1,        3P   2649
                   1,                   1,                   1,        3P   2650
                   1,                   1,                   1,        3P   2651
                   1,                   1,                   1,        3P   2652
                   1,                   1,                   1,        3P   2653
                   1,                   1,                   1,        3P   2654
                   1,                   1,                   1,        3P   2655
                   1,                   1,                   1,        3P   2656
                   1,                   1,                   1,        3P   2657
                   1,                   1,                   1,        3P   2658
                   1,                   1,                   1,        3P   2659
                   1,                   1,                   1,        3P   2660
                   1,                   1,                   1,        3P   2661
                   1,                   1,                   1,        3P   2662
                   1,                   1,                   1,        3P   2663
                   1,                   1,                   1,        3P   2664
                   1,                   1,                   1,        3P   2665
                   1,                   1,                   1,        3P   2666
                   1,                   1,                   1,        3P   2667
                   1,                   1,                   1,        3P   2668
                   1,                   1,                   1,        3P   2669
                   1,                   1,                   1,        3P   2670
                   1,                   1,                   1,        3P   2671
                   1,                   1,                   1,        3P   2672
                   1,                   1,                   1,        3P   2673
                   1,                   1,                   1,        3P   2674
                   1,                   1,                   1,        3P   2675
                   1,                   1,                   1,        3P   2676
                   1,       44.7128001197,      0.781326071196,        3P   2677
                   0,       44.6228367812,      0.768249476888,        3P   2678
                   0,       44.2685205198,      0.702650612314,        3P   2679
                   0,       43.4413198713,      0.531014061363,        3P   2680
                   0,       42.1040766127,      0.236581931013,        3P   2681
                   0,       40.2901630375,     -0.165254581332,        3P   2682
                   0,       38.0107839944,     -0.649692204805,        3P   2683
                   0,       35.3566238806,      -1.15794395843,        3P   2684
                   0,       32.3913400861,      -1.63000345576,        3P   2685
                   0,       29.1764526499,      -2.01706929631,        3P   2686
                   0,       25.8183337353,      -2.27218631671,        3P   2687
                   0,       22.4090482024,      -2.38276213479,        3P   2688
                   0,       19.0491400811,      -2.36490502615,        3P   2689
                   0,       15.8262782174,      -2.23933992331,        3P   2690
                   0,       12.8265181798,      -2.03551045271,        3P   2691
                   0,       10.1457457235,      -1.78097018606,        3P   2692
                   0,       7.84602220557,      -1.49031771646,        3P   2693
                   0,       5.94557561659,      -1.16093826612,        3P   2694
                   0,       4.59569648675,     -0.819158085661,        3P   2695
                   0,        3.5010748674,     -0.328318813011,        3P   2696
                   0,       3.48478978641,      0.335451909282,        3P   2697
                   0,       3.50819047838,      0.621726532368,        3P   2698
                   0,       44.7128000596,      0.781329289798,        3P   2699
         0.008127382,       44.6228367221,      0.768252689984,        3P   2700
         0.008127382,       44.2685204661,      0.702653798245,        3P   2701
         0.008127382,        43.441319832,      0.531017183766,        3P   2702
         0.008127382,       42.1040765965,      0.236584956077,        3P   2703
         0.008127382,       40.2901630541,     -0.165251693531,        3P   2704
         0.008127382,       38.0107840502,     -0.649689486396,        3P   2705
         0.008127382,        35.356623979,      -1.15794144421,        3P   2706
         0.008127382,       32.3913402252,      -1.63000117202,        3P   2707
         0.008127382,       29.1764528236,       -2.0170672656,        3P   2708
         0.008127382,        25.818333934,      -2.27218455529,        3P   2709
         0.008127382,       22.4090484142,      -2.38276064786,        3P   2710
         0.008127382,       19.0491402961,      -2.36490380641,        3P   2711
         0.008127382,       15.8262784259,      -2.23933896013,        3P   2712
         0.008127382,       12.8265183771,      -2.03550972436,        3P   2713
         0.008127382,        10.145745903,       -1.7809696698,        3P   2714
         0.008127382,       7.84602236665,      -1.49031738018,        3P   2715
         0.008127382,       5.94557575379,      -1.16093807342,        3P   2716
         0.008127382,       4.59569660015,      -0.81915800238,        3P   2717
         0.008127382,       3.50107494554,     -0.328318790487,        3P   2718
         0.008127382,       3.48478988326,       0.33545194669,        3P   2719
         0.008127382,       3.50819058087,      0.621726571961,        3P   2720
         0.008127382,       44.7127989167,      0.781339441461,        3P   2721
         0.032370465,       44.6228355977,      0.768262824103,        3P   2722
         0.032370465,       44.2685194183,      0.702663862604,        3P   2723
         0.032370465,       43.4413189666,      0.531027090057,        3P   2724
         0.032370465,         42.10407603,      0.236594611137,        3P   2725
         0.032370465,       40.2901628943,     -0.165242383612,        3P   2726
         0.032370465,       38.0107843962,     -0.649680610004,        3P   2727
         0.032370465,       35.3566249045,      -1.15793309987,        3P   2728
         0.032370465,        32.391341777,      -1.62999344489,        3P   2729
         0.032370465,       29.1764550266,      -2.01706024604,        3P   2730
         0.032370465,       25.8183367825,      -2.27217830642,        3P   2731
         0.032370465,       22.4090518806,      -2.38275520996,        3P   2732
         0.032370465,       19.0491443427,      -2.36489918656,        3P   2733
         0.032370465,       15.8262829998,      -2.23933513747,        3P   2734
         0.032370465,       12.8265234254,      -2.03550665801,        3P   2735
         0.032370465,       10.1457513531,       -1.7809672794,        3P   2736
         0.032370465,       7.84602815081,      -1.49031559032,        3P   2737
         0.032370465,       5.94558178749,      -1.16093677562,        3P   2738
         0.032370465,       4.59570279114,      -0.81915709441,        3P   2739
         0.032370465,       3.50108121683,     -0.328318145579,        3P   2740
         0.032370465,        3.4847962149,      0.335452523038,        3P   2741
         0.032370465,       3.50819692671,      0.621727106207,        3P   2742
         0.032370465,       44.7127885459,       0.78135923236,        3P   2743
         0.072314444,       44.6228254024,      0.768282603078,        3P   2744
         0.072314444,       44.2685099177,      0.702683635653,        3P   2745
         0.072314444,       43.4413110938,      0.531046886578,        3P   2746
         0.072314444,       42.1040707958,      0.236614473266,        3P   2747
         0.072314444,       40.2901612389,     -0.165222421841,        3P   2748
         0.072314444,       38.0107872339,     -0.649660577994,        3P   2749
         0.072314444,       35.3566329548,      -1.15791309988,        3P   2750
         0.072314444,       32.3913556203,      -1.62997369114,        3P   2751
         0.072314444,       29.1764751037,      -2.01704101141,        3P   2752
         0.072314444,       25.8183633157,      -2.27215991447,        3P   2753
         0.072314444,       22.4090849072,      -2.38273795599,        3P   2754
         0.072314444,       19.0491837224,      -2.36488328997,        3P   2755
         0.072314444,       15.8263284254,      -2.23932073487,        3P   2756
         0.072314444,        12.826574453,      -2.03549380451,        3P   2757
         0.072314444,       10.1458073495,        -1.780955935,        3P   2758
         0.072314444,       7.84608839379,      -1.49030568843,        3P   2759
         0.072314444,       5.94564549628,      -1.16092819769,        3P   2760
         0.072314444,       4.59576892967,     -0.819149702737,        3P   2761
         0.072314444,       3.50114924999,     -0.328311958209,        3P   2762
         0.072314444,        3.4848643974,      0.335457534395,        3P   2763
         0.072314444,       3.50826510503,      0.621731588279,        3P   2764
         0.072314444,       44.7127404721,      0.781396184896,        3P   2765
         0.127275866,       44.6227782074,      0.768319642799,        3P   2766
         0.127275866,       44.2684661901,       0.70272115705,        3P   2767
         0.127275866,       43.4412754677,       0.53108572061,        3P   2768
         0.127275866,        42.104048273,      0.236655597108,        3P   2769
         0.127275866,       40.2901564919,     -0.165178172565,        3P   2770
         0.127275866,       38.0108048182,     -0.649612611118,        3P   2771
         0.127275866,       35.3566765224,      -1.15786137109,        3P   2772
         0.127275866,       32.3914281806,      -1.62991871941,        3P   2773
         0.127275866,       29.1765790432,       -2.0169837665,        3P   2774
         0.127275866,       25.8184999677,      -2.27210176782,        3P   2775
         0.127275866,       22.4092546966,      -2.38268033302,        3P   2776
         0.127275866,       19.0493861153,      -2.36482741164,        3P   2777
         0.127275866,        15.826562034,      -2.23926756041,        3P   2778
         0.127275866,       12.8268370878,      -2.03544399056,        3P   2779
         0.127275866,       10.1460958782,      -1.78090979858,        3P   2780
         0.127275866,       7.84639911892,      -1.49026342917,        3P   2781
         0.127275866,       5.94597451223,      -1.16088995073,        3P   2782
         0.127275866,       4.59611090027,     -0.819115415071,        3P   2783
         0.127275866,        3.5015016398,     -0.328282719037,        3P   2784
         0.127275866,        3.4852171963,      0.335480453561,        3P   2785
         0.127275866,       3.50861776862,      0.621751744985,        3P   2786
         0.127275866,       44.7125916499,      0.781464052874,        3P   2787
         0.196314327,       44.6226323973,      0.768387923772,        3P   2788
         0.196314327,       44.2683322474,        0.7027915295,        3P   2789
         0.196314327,       43.4411692361,      0.531161596279,        3P   2790
         0.196314327,       42.1039868423,      0.236740943858,        3P   2791
         0.196314327,       40.2901558325,      -0.16507989778,        3P   2792
         0.196314327,        38.010880523,      -0.64949879456,        3P   2793
         0.196314327,       35.3568411364,      -1.15773135547,        3P   2794
         0.196314327,       32.3916921059,      -1.62977385404,        3P   2795
         0.196314327,       29.1769506027,      -2.01682701426,        3P   2796
         0.196314327,       25.8189839132,      -2.27193761777,        3P   2797
         0.196314327,       22.4098526852,      -2.38251364093,        3P   2798
         0.196314327,         19.05009646,       -2.3646624474,        3P   2799
         0.196314327,       15.8273801049,      -2.23910785471,        3P   2800
         0.196314327,       12.8277554155,      -2.03529207856,        3P   2801
         0.196314327,       10.1471037603,      -1.78076724072,        3P   2802
         0.196314327,       7.84748382594,      -1.49013133755,        3P   2803
         0.196314327,       5.94712265961,      -1.16076941851,        3P   2804
         0.196314327,       4.59730409294,     -0.819006782184,        3P   2805
         0.196314327,       3.50273130546,     -0.328190559663,        3P   2806
         0.196314327,       3.48644794114,       0.33555058403,        3P   2807
         0.196314327,       3.50984793915,      0.621812316656,        3P   2808
         0.196314327,       44.7122373034,      0.781580387019,        3P   2809
         0.278248558,       44.6222861202,      0.768505446727,        3P   2810
         0.278248558,        44.268017746,      0.702915019255,        3P   2811
         0.278248558,       43.4409289138,      0.531300679471,        3P   2812
         0.278248558,       42.1038664318,      0.236906765189,        3P   2813
         0.278248558,        40.290198078,     -0.164877596202,        3P   2814
         0.278248558,       38.0111271724,     -0.649252508075,        3P   2815
         0.278248558,       35.3573258186,       -1.1574389048,        3P   2816
         0.278248558,        32.392442754,      -1.62943847593,        3P   2817
         0.278248558,       29.1779896328,      -2.01645634214,        3P   2818
         0.278248558,       25.8203242061,      -2.27154349951,        3P   2819
         0.278248558,       22.4114988492,       -2.3821090449,        3P   2820
         0.278248558,       19.0520440954,      -2.36425889317,        3P   2821
         0.278248558,       15.8296169201,      -2.23871499817,        3P   2822
         0.278248558,       12.8302614281,      -2.03491697181,        3P   2823
         0.278248558,        10.149850335,      -1.78041445149,        3P   2824
         0.278248558,       7.85043681135,      -1.48980420909,        3P   2825
         0.278248558,       5.95024621422,      -1.16047140656,        3P   2826
         0.278248558,       4.60054884388,     -0.818739231347,        3P   2827
         0.278248558,       3.50607439441,     -0.327966477129,        3P   2828
         0.278248558,       3.48979355792,      0.335715333154,        3P   2829
         0.278248558,       3.51319188824,      0.621951384592,        3P   2830
         0.278248558,       44.7115369814,      0.781759146383,        3P   2831
         0.371676642,       44.6216039459,      0.768686961021,        3P   2832
         0.371676642,       44.2674070276,      0.703110228891,        3P   2833
         0.371676642,       43.4404849926,      0.531531609265,        3P   2834
         0.371676642,       42.1036921309,      0.237198867597,        3P   2835
         0.371676642,       40.2903895026,     -0.164502022548,        3P   2836
         0.371676642,       38.0117782031,      -0.64877621034,        3P   2837
         0.371676642,       35.3585121044,      -1.15685664264,        3P   2838
         0.371676642,       32.3942271716,      -1.62875723367,        3P   2839
         0.371676642,       29.1804226886,      -2.01569303083,        3P   2840
         0.371676642,       25.8234349885,      -2.27072463538,        3P   2841
         0.371676642,       22.4152978557,      -2.38126375497,        3P   2842
         0.371676642,       19.0565215219,      -2.36341315551,        3P   2843
         0.371676642,       15.8347452102,      -2.23789068887,        3P   2844
         0.371676642,       12.8359956562,      -2.03413015237,        3P   2845
         0.371676642,       10.1561261289,      -1.77967570534,        3P   2846
         0.371676642,       7.85717731554,      -1.48912133196,        3P   2847
         0.371676642,       5.95737083023,       -1.1598525983,        3P   2848
         0.371676642,        4.6079464518,     -0.818187825958,        3P   2849
         0.371676642,       3.51369365655,     -0.327512397403,        3P   2850
         0.371676642,       3.49741804267,      0.336035673565,        3P   2851
         0.371676642,       3.52081244903,       0.62221390552,        3P   2852
         0.371676642,       44.7103352582,      0.781999825803,        3P   2853
               0.475,       44.6204379374,      0.768933105266,        3P   2854
               0.475,       44.2663816378,       0.70338349461,        3P   2855
               0.475,       43.4397878407,      0.531875546749,        3P   2856
               0.475,       42.1035255518,      0.237663807461,        3P   2857
               0.475,       40.2909426171,     -0.163871982967,        3P   2858
               0.475,        38.013235757,     -0.647946877595,        3P   2859
               0.475,       35.3610229836,      -1.15581749842,        3P   2860
               0.475,       32.3979151438,      -1.62752181304,        3P   2861
               0.475,       29.1853872056,      -2.01429445756,        3P   2862
               0.475,       25.8297333658,      -2.26921498121,        3P   2863
               0.475,       22.4229508359,      -2.37970032432,        3P   2864
               0.475,       19.0655098651,      -2.36184711729,        3P   2865
               0.475,       15.8450147439,      -2.23636520552,        3P   2866
               0.475,       12.8474579704,      -2.03267696015,        3P   2867
               0.475,       10.1686545666,      -1.77831583257,        3P   2868
               0.475,       7.87062058485,       -1.4878702874,        3P   2869
               0.475,       5.97157033083,        -1.158726808,        3P   2870
               0.475,       4.62268344334,     -0.817193995471,        3P   2871
               0.475,        3.5288671489,     -0.326709964044,        3P   2872
               0.475,        3.5126011819,      0.336574644368,        3P   2873
               0.475,       3.53598762046,      0.622639047701,        3P   2874
               0.475,       44.7084929336,      0.782276988573,        3P   2875
         0.586450739,       44.6186587097,      0.769219920638,        3P   2876
         0.586450739,       44.2648508376,      0.703718244083,        3P   2877
         0.586450739,       43.4388369293,      0.532335190112,        3P   2878
         0.586450739,       42.1035119905,      0.238337275705,        3P   2879
         0.586450739,       40.2922005192,     -0.162906755585,        3P   2880
         0.586450739,       38.0160915063,     -0.646629454246,        3P   2881
         0.586450739,        35.365739607,      -1.15412922946,        3P   2882
         0.586450739,       32.4047112943,       -1.6254865483,        3P   2883
         0.586450739,       29.1944385875,      -2.01197063437,        3P   2884
         0.586450739,       25.8411412431,      -2.26669454918,        3P   2885
         0.586450739,       22.4367518786,      -2.37708450898,        3P   2886
         0.586450739,       19.0816700848,      -2.35922633948,        3P   2887
         0.586450739,       15.8634384607,       -2.2338157577,        3P   2888
         0.586450739,       12.8679889756,      -2.03025494985,        3P   2889
         0.586450739,       10.1910691247,      -1.77605847451,        3P   2890
         0.586450739,       7.89465138229,      -1.48580497862,        3P   2891
         0.586450739,       5.99693719467,      -1.15688270391,        3P   2892
         0.586450739,       4.64899990464,     -0.815582857466,        3P   2893
         0.586450739,       3.55595478581,     -0.325437229238,        3P   2894
         0.586450739,       3.53970500757,       0.33738171249,        3P   2895
         0.586450739,       3.56307702816,      0.623245004483,        3P   2896
         0.586450739,       44.7059202939,      0.782535132678,        3P   2897
         0.704121907,       44.6161878345,      0.769493601808,        3P   2898
         0.704121907,       44.2627806428,      0.704069077664,        3P   2899
         0.704121907,       43.4377020263,      0.532887093825,        3P   2900
         0.704121907,       42.1038889319,      0.239233439347,        3P   2901
         0.704121907,       40.2946281926,     -0.161540840417,        3P   2902
         0.704121907,       38.0210963195,     -0.644696498047,        3P   2903
         0.704121907,       35.3737457621,      -1.15159928331,        3P   2904
         0.704121907,       32.4160713998,      -1.62239814654,        3P   2905
         0.704121907,       29.2094359742,      -2.00841807624,        3P   2906
         0.704121907,         25.85993917,      -2.26282614469,        3P   2907
         0.704121907,       22.4594094366,      -2.37306352515,        3P   2908
         0.704121907,       19.1081324044,      -2.35519859169,        3P   2909
         0.704121907,       15.8935512052,      -2.22990426791,        3P   2910
         0.704121907,       12.9015001706,      -2.02655012713,        3P   2911
         0.704121907,       10.2276179414,      -1.77262025391,        3P   2912
         0.704121907,        7.9338066672,      -1.48267736973,        3P   2913
         0.704121907,       6.03824710632,      -1.15411264897,        3P   2914
         0.704121907,        4.6918411348,     -0.813189005159,        3P   2915
         0.704121907,        3.6000395129,     -0.323589893747,        3P   2916
         0.704121907,       3.58381472824,      0.338477834608,        3P   2917
         0.704121907,       3.60716304088,      0.624016784609,        3P   2918
         0.704121907,       44.7026026408,      0.782692770717,        3P   2919
         0.826000117,       44.6130217665,      0.769674298155,        3P   2920
         0.826000117,       44.2602114285,      0.704364362344,        3P   2921
         0.826000117,       43.4365260417,      0.533481091674,        3P   2922
         0.826000117,       42.1049650361,      0.240338955776,        3P   2923
         0.826000117,       40.2987591333,     -0.159737343289,        3P   2924
         0.826000117,       38.0290662272,     -0.642050529665,        3P   2925
         0.826000117,       35.3861864791,      -1.14806653931,        3P   2926
         0.826000117,        32.433508078,      -1.61803626519,        3P   2927
         0.826000117,       29.2322905406,      -2.00336768687,        3P   2928
         0.826000117,       25.8884546692,      -2.25730824223,        3P   2929
         0.826000117,       22.4936737609,      -2.36732132854,        3P   2930
         0.826000117,       19.1480637092,      -2.34944924945,        3P   2931
         0.826000117,       15.9389195297,      -2.22433092772,        3P   2932
         0.826000117,       12.9519301267,      -2.02128725069,        3P   2933
         0.826000117,       10.2825720656,      -1.76775687536,        3P   2934
         0.826000117,       7.99264272309,      -1.47827865707,        3P   2935
         0.826000117,       6.10029208177,      -1.15024825974,        3P   2936
         0.826000117,       4.75616661455,     -0.809886109462,        3P   2937
         0.826000117,       3.66621665526,     -0.321102286208,        3P   2938
         0.826000117,       3.65002771579,      0.339846348308,        3P   2939
         0.826000117,         3.673340145,      0.624902220541,        3P   2940
         0.826000117,       44.6986104069,      0.782656648037,        3P   2941
                0.95,       44.6092398042,      0.769670029426,        3P   2942
                0.95,       44.2572574115,       0.70451853963,        3P   2943
                0.95,       43.4355047161,      0.534048437424,        3P   2944
                0.95,       42.1070678379,      0.241613919269,        3P   2945
                0.95,       40.3050996474,     -0.157496795463,        3P   2946
                0.95,       38.0407321786,     -0.638644623273,        3P   2947
                0.95,       35.4040542805,      -1.14343431811,        3P   2948
                0.95,       32.4583060721,      -1.61225805791,        3P   2949
                0.95,       29.2646038343,      -1.99663885392,        3P   2950
                0.95,       25.9286201883,      -2.24993547656,        3P   2951
                0.95,       22.5418132255,      -2.35964204339,        3P   2952
                0.95,       19.2040634177,      -2.34176458089,        3P   2953
                0.95,       16.0024603856,       -2.2168947443,        3P   2954
                0.95,       13.0224913316,      -2.01428576689,        3P   2955
                0.95,       10.3594080929,      -1.76131316635,        3P   2956
                0.95,       8.07486269606,      -1.47248258679,        3P   2957
                0.95,        6.1869624804,      -1.14519596106,        3P   2958
                0.95,       4.84599966252,     -0.805614421031,        3P   2959
                0.95,       3.75861732199,     -0.317963197407,        3P   2960
                0.95,       3.74247648708,      0.341433035249,        3P   2961
                0.95,       3.76573846989,      0.625818889429,        3P   2962
                0.95,       44.6972947555,       0.78259449154,        3P   2963
           0.9874875,       44.6079998774,      0.769619317335,        3P   2964
           0.9874875,       44.2563156544,       0.70452477559,        3P   2965
           0.9874875,       43.4352589907,      0.534203195394,        3P   2966
           0.9874875,       42.1079472289,      0.242023069669,        3P   2967
           0.9874875,       40.3075051982,     -0.156740503419,        3P   2968
           0.9874875,       38.0450556137,     -0.637469396105,        3P   2969
           0.9874875,       35.4106112086,      -1.14181831511,        3P   2970
           0.9874875,       32.4673587635,      -1.61023030062,        3P   2971
           0.9874875,       29.2763629627,      -1.99426976158,        3P   2972
           0.9874875,       25.9432070421,      -2.24733552977,        3P   2973
           0.9874875,       22.5592715934,      -2.35693276555,        3P   2974
           0.9874875,       19.2243523141,      -2.33905440108,        3P   2975
           0.9874875,       16.0254648701,      -2.21427503792,        3P   2976
           0.9874875,       13.0480238336,      -2.01182352724,        3P   2977
           0.9874875,       10.3872001298,      -1.75905262149,        3P   2978
           0.9874875,       8.10459344116,      -1.47045597297,        3P   2979
           0.9874875,       6.21829575722,      -1.14343778448,        3P   2980
           0.9874875,       4.87847172559,     -0.804137761278,        3P   2981
           0.9874875,       3.79201384815,     -0.316894781003,        3P   2982
           0.9874875,        3.7758900117,      0.341942386696,        3P   2983
           0.9874875,       3.79913369207,      0.626086968442,        3P   2984
           0.9874875,       44.6940909598,      0.782343215801,        3P   2985
         1.073999883,       44.6049936292,      0.769397832006,        3P   2986
         1.073999883,       44.2540872694,      0.704451617682,        3P   2987
         1.073999883,       43.4348464189,      0.534516949925,        3P   2988
         1.073999883,       42.1104698797,      0.242999592299,        3P   2989
         1.073999883,       40.3140093259,      -0.15485958183,        3P   2990
         1.073999883,       38.0565631401,     -0.634497079573,        3P   2991
         1.073999883,       35.4279454632,      -1.13769787016,        3P   2992
         1.073999883,       32.4912038894,      -1.60503761282,        3P   2993
         1.073999883,       29.3072684813,      -1.98818868187,        3P   2994
         1.073999883,       25.9814892666,      -2.24065434937,        3P   2995
         1.073999883,       22.6050446636,      -2.34996852086,        3P   2996
         1.073999883,       19.2775092305,      -2.33208991285,        3P   2997
         1.073999883,       16.0857057276,      -2.20754860763,        3P   2998
         1.073999883,       13.1148592735,       -2.0055097669,        3P   2999
         1.073999883,       10.4599297462,      -1.75326671868,        3P   3000
         1.073999883,       8.18238028234,      -1.46528176345,        3P   3001
         1.073999883,       6.30026283417,       -1.1389650608,        3P   3002
         1.073999883,       4.96340927805,      -0.80040026062,        3P   3003
         1.073999883,       3.87936268308,     -0.314223014398,        3P   3004
         1.073999883,       3.86328257692,      0.343155695114,        3P   3005
         1.073999883,       3.88647825403,      0.626670894217,        3P   3006
         1.073999883,       44.6892448703,      0.781701335518,        3P   3007
         1.195878093,       44.6004817639,      0.768806206837,        3P   3008
         1.195878093,       44.2508914771,      0.704110303822,        3P   3009
         1.195878093,       43.4347228459,      0.534828759811,        3P   3010
         1.195878093,       42.1153125145,      0.244430307256,        3P   3011
         1.195878093,       40.3255883646,      -0.15190199797,        3P   3012
         1.195878093,       38.0766075725,     -0.629697082972,        3P   3013
         1.195878093,       35.4578482025,      -1.13096011089,        3P   3014
         1.195878093,       32.5321222742,      -1.59649098228,        3P   3015
         1.195878093,       29.3601320224,      -1.97814462166,        3P   3016
         1.195878093,       26.0468328601,      -2.22960080418,        3P   3017
         1.195878093,       22.6830611632,      -2.33844193003,        3P   3018
         1.195878093,       19.3680173941,      -2.32056865803,        3P   3019
         1.195878093,       16.1881980098,       -2.1964356191,        3P   3020
         1.195878093,       13.2285076521,      -1.99510006813,        3P   3021
         1.195878093,       10.5835492276,      -1.74375464217,        3P   3022
         1.195878093,       8.31455486624,      -1.45680848537,        3P   3023
         1.195878093,       6.43950881307,      -1.13168182667,        3P   3024
         1.195878093,       5.10767999213,     -0.794363153911,        3P   3025
         1.195878093,       4.02771185117,     -0.309990919994,        3P   3026
         1.195878093,       4.01170415347,      0.344920297432,        3P   3027
         1.195878093,       4.03481795508,      0.627370768471,        3P   3028
         1.195878093,       44.6842939266,      0.780729061293,        3P   3029
         1.313549261,       44.5959167698,      0.767891757557,        3P   3030
         1.313549261,       44.2478462607,      0.703484128419,        3P   3031
         1.313549261,       43.4352254151,      0.534954952126,        3P   3032
         1.313549261,       42.1215500759,      0.245845598182,        3P   3033
         1.313549261,       40.3396051521,     -0.148727570783,        3P   3034
         1.313549261,       38.1004001844,     -0.624400161884,        3P   3035
         1.313549261,       35.4930250491,      -1.12343138209,        3P   3036
         1.313549261,       32.5800196249,      -1.58687991725,        3P   3037
         1.313549261,        29.421822977,      -1.96681134156,        3P   3038
         1.313549261,       26.1229347674,      -2.21710901367,        3P   3039
         1.313549261,       22.7737964024,      -2.32541114807,        3P   3040
         1.313549261,       19.4731764136,      -2.30755116171,        3P   3041
         1.313549261,       16.3071945366,      -2.18389638547,        3P   3042
         1.313549261,       13.3603854135,      -1.98337928354,        3P   3043
         1.313549261,       10.7269398428,      -1.73307603924,        3P   3044
         1.313549261,       8.46782322382,      -1.44733424642,        3P   3045
         1.313549261,       6.60094163949,      -1.12358579103,        3P   3046
         1.313549261,       5.27491402358,     -0.787708839365,        3P   3047
         1.313549261,       4.19965411439,     -0.305423305592,        3P   3048
         1.313549261,       4.18372819185,      0.346638627788,        3P   3049
         1.313549261,       4.20674667573,      0.627859729233,        3P   3050
         1.313549261,       44.6794499903,      0.779479390954,        3P   3051
               1.425,       44.5914945772,      0.766705091958,        3P   3052
               1.425,        44.245084827,      0.702611711131,        3P   3053
               1.425,       43.4363409144,      0.534902900672,        3P   3054
               1.425,       42.1289326684,        0.2471993214,        3P   3055
               1.425,       40.3554887448,     -0.145455472296,        3P   3056
               1.425,       38.1269665784,     -0.618813614449,        3P   3057
               1.425,       35.5320317608,      -1.11541171119,        3P   3058
               1.425,       32.6329266827,       -1.5765910716,        3P   3059
               1.425,       29.4898027525,      -1.95464731963,        3P   3060
               1.425,       26.2066615465,      -2.20368603847,        3P   3061
               1.425,       22.8735128777,      -2.31140626043,        3P   3062
               1.425,       19.5886533452,      -2.29356772096,        3P   3063
               1.425,       16.4377911015,      -2.17044218521,        3P   3064
               1.425,       13.5050565481,      -1.97082558263,        3P   3065
               1.425,       10.8841902555,      -1.72166665861,        3P   3066
               1.425,       8.63586618543,      -1.43724559647,        3P   3067
               1.425,       6.77790502822,       -1.1150070271,        3P   3068
               1.425,       5.45821552662,     -0.780708187855,        3P   3069
               1.425,       4.38809915484,     -0.300705126743,        3P   3070
               1.425,        4.3722608908,      0.348243357687,        3P   3071
               1.425,       4.39517450198,      0.628121203916,        3P   3072
               1.425,       44.6748927739,      0.778070747255,        3P   3073
         1.528323358,       44.5873740198,       0.76536157212,        3P   3074
         1.528323358,       44.2426837761,      0.701593139091,        3P   3075
         1.528323358,       43.4379539606,      0.534732732269,        3P   3076
         1.528323358,       42.1370345554,      0.248483058688,        3P   3077
         1.528323358,       40.3723924229,     -0.142187659218,        3P   3078
         1.528323358,       38.1549310239,     -0.613152190978,        3P   3079
         1.528323358,       35.5728766067,      -1.10723422865,        3P   3080
         1.528323358,       32.6881634951,      -1.56606761322,        3P   3081
         1.528323358,       29.5606452235,       -1.9421860673,        3P   3082
         1.528323358,       26.2938076337,      -2.18992514507,        3P   3083
         1.528323358,       22.9772136862,      -2.29704673821,        3P   3084
         1.528323358,       19.7086713892,      -2.27923419203,        3P   3085
         1.528323358,          16.5734628,      -2.15666024159,        3P   3086
         1.528323358,        13.655299823,      -1.95797934254,        3P   3087
         1.528323358,       11.0474569363,      -1.71000820805,        3P   3088
         1.528323358,       8.81030637131,      -1.42695714001,        3P   3089
         1.528323358,       6.96158041901,      -1.10628397375,        3P   3090
         1.528323358,        5.6484525595,     -0.773620516846,        3P   3091
         1.528323358,       4.58366087713,     -0.295981896681,        3P   3092
         1.528323358,       4.56791238481,      0.349743072553,        3P   3093
         1.528323358,       4.59071700095,      0.628230232126,        3P   3094
         1.528323358,       44.6707591737,      0.776621937814,        3P   3095
         1.621751442,         44.58366883,       0.76397661638,        3P   3096
         1.621751442,       44.2406656202,       0.70052681648,        3P   3097
         1.621751442,       43.4398741038,      0.534498382879,        3P   3098
         1.621751442,       42.1453210197,      0.249674492477,        3P   3099
         1.621751442,       40.3893144878,     -0.139050521582,        3P   3100
         1.621751442,       38.1827050018,     -0.607667774606,        3P   3101
         1.621751442,       35.6132877436,      -1.09928256853,        3P   3102
         1.621751442,       32.7426947649,      -1.55581571713,        3P   3103
         1.621751442,        29.630487335,      -1.93003451059,        3P   3104
         1.621751442,       26.3796452881,      -2.17650007698,        3P   3105
         1.621751442,       23.0792931757,      -2.28303594375,        3P   3106
         1.621751442,       19.8267596558,      -2.26525046493,        3P   3107
         1.621751442,       16.7069087587,      -2.14321917787,        3P   3108
         1.621751442,       13.8030418103,      -1.94545769815,        3P   3109
         1.621751442,       11.2079760276,      -1.69865316217,        3P   3110
         1.621751442,       8.98178761269,      -1.41694726739,        3P   3111
         1.621751442,       7.14212213658,      -1.09781081527,        3P   3112
         1.621751442,       5.83543172006,     -0.766752453563,        3P   3113
         1.621751442,       4.77586383693,     -0.291434149544,        3P   3114
         1.621751442,       4.76020295436,      0.351128194327,        3P   3115
         1.621751442,       4.78290044001,      0.628250965159,        3P   3116
         1.621751442,       44.6671449718,      0.775237454095,        3P   3117
         1.703685673,       44.5804522538,      0.762651374911,        3P   3118
         1.703685673,       44.2390148535,      0.699497228336,        3P   3119
         1.703685673,       43.4418786503,      0.534240777157,        3P   3120
         1.703685673,       42.1532344397,      0.250739884233,        3P   3121
         1.703685673,       40.4052430033,     -0.136179688023,        3P   3122
         1.703685673,       38.2087056684,     -0.602618892934,        3P   3123
         1.703685673,        35.651017516,      -1.09194438707,        3P   3124
         1.703685673,       32.7935300312,       -1.5463433021,        3P   3125
         1.703685673,       29.6955332138,      -1.91879970651,        3P   3126
         1.703685673,       26.4595372427,      -2.16408406778,        3P   3127
         1.703685673,       23.1742597649,      -2.27007709122,        3P   3128
         1.703685673,       19.9365845402,      -2.25231751673,        3P   3129
         1.703685673,       16.8309876195,      -2.13079064806,        3P   3130
         1.703685673,       13.9403892609,      -1.93388321703,        3P   3131
         1.703685673,       11.3571822918,      -1.68816207057,        3P   3132
         1.703685673,       9.14116815741,      -1.40770521721,        3P   3133
         1.703685673,       7.30991194628,      -1.08999549776,        3P   3134
         1.703685673,       6.00919626054,     -0.760427191571,        3P   3135
         1.703685673,       4.95447664845,      -0.28726274833,        3P   3136
         1.703685673,       4.93889683168,      0.352364230187,        3P   3137
         1.703685673,       4.96149478186,      0.628220669513,        3P   3138
         1.703685673,       44.6641144905,      0.774007739522,        3P   3139
         1.772724134,       44.5777691584,      0.761473405661,        3P   3140
         1.772724134,        44.237699727,       0.69857753128,        3P   3141
         1.772724134,       43.4437569878,      0.533995461136,        3P   3142
         1.772724134,       42.1602750649,      0.251650307514,        3P   3143
         1.772724134,       40.4192860186,     -0.133692078938,        3P   3144
         1.772724134,       38.2315482193,     -0.598228605288,        3P   3145
         1.772724134,       35.6841071957,      -1.08555424621,        3P   3146
         1.772724134,       32.8380693146,      -1.53808880591,        3P   3147
         1.772724134,       29.7524875772,      -1.90900572866,        3P   3148
         1.772724134,       26.5294618467,      -2.15325836012,        3P   3149
         1.772724134,       23.2573542801,      -2.25877736887,        3P   3150
         1.772724134,       20.0326599527,      -2.24104066001,        3P   3151
         1.772724134,       16.9395159619,      -2.11995469405,        3P   3152
         1.772724134,       14.0605096467,      -1.92379360897,        3P   3153
         1.772724134,       11.4876630724,      -1.67901915199,        3P   3154
         1.772724134,       9.28053764247,      -1.39965367967,        3P   3155
         1.772724134,       7.45662813411,      -1.08319055664,        3P   3156
         1.772724134,        6.1611322271,      -0.75492412536,        3P   3157
         1.772724134,       5.11064825484,     -0.283641487636,        3P   3158
         1.772724134,        5.0951391674,      0.353421006072,        3P   3159
         1.772724134,       5.11765011975,      0.628171120245,        3P   3160
         1.772724134,       44.6617119903,      0.773000701539,        3P   3161
         1.827685556,       44.5756489098,        0.7605084152,        3P   3162
         1.827685556,       44.2366909551,      0.697822395771,        3P   3163
         1.827685556,       43.4453429119,       0.53378827364,        3P   3164
         1.827685556,       42.1660553561,      0.252382187243,        3P   3165
         1.827685556,       40.4307557638,     -0.131678698955,        3P   3166
         1.827685556,       38.2501676017,     -0.594669248951,        3P   3167
         1.827685556,       35.7110523886,      -1.08036995279,        3P   3168
         1.827685556,       32.8743173321,      -1.53138965914,        3P   3169
         1.827685556,        29.798822874,      -1.90105568715,        3P   3170
         1.827685556,       26.5863354941,       -2.1444699702,        3P   3171
         1.827685556,       23.3249285144,      -2.24960376883,        3P   3172
         1.827685556,       20.1107812015,      -2.23188556687,        3P   3173
         1.827685556,        17.027755253,      -2.11115777747,        3P   3174
         1.827685556,       14.1581675086,      -1.91560303647,        3P   3175
         1.827685556,       11.5937387887,      -1.67159771785,        3P   3176
         1.827685556,       9.39383546112,      -1.39311894526,        3P   3177
         1.827685556,       7.57589517495,      -1.07766865506,        3P   3178
         1.827685556,       6.28464035934,       -0.7504599687,        3P   3179
         1.827685556,       5.23759786428,     -0.280706292286,        3P   3180
         1.827685556,       5.22214623963,      0.354272547661,        3P   3181
         1.827685556,       5.24458650416,      0.628123769271,        3P   3182
         1.827685556,       44.6599702445,      0.772260012418,        3P   3183
         1.867629535,        44.574114255,      0.759798583649,        3P   3184
         1.867629535,       44.2359718044,      0.697266548857,        3P   3185
         1.867629535,       43.4465275174,      0.533634506635,        3P   3186
         1.867629535,        42.170317416,      0.252917481879,        3P   3187
         1.867629535,       40.4391922383,      -0.13020306732,        3P   3188
         1.867629535,       38.2638498447,     -0.592059211603,        3P   3189
         1.867629535,       35.7308433739,      -1.07656755926,        3P   3190
         1.867629535,       32.9009339108,      -1.52647566494,        3P   3191
         1.867629535,       29.8328406141,       -1.8952237472,        3P   3192
         1.867629535,       26.6280853599,      -2.13802277108,        3P   3193
         1.867629535,       23.3745295468,        -2.242873784,        3P   3194
         1.867629535,       20.1681207286,      -2.22516901194,        3P   3195
         1.867629535,       17.0925185364,      -2.10470387404,        3P   3196
         1.867629535,       14.2298413396,      -1.90959388621,        3P   3197
         1.867629535,       11.6715889298,      -1.66615277236,        3P   3198
         1.867629535,       9.47698457374,      -1.38832448456,        3P   3199
         1.867629535,       7.66342400524,      -1.07361723464,        3P   3200
         1.867629535,       6.37528095342,     -0.747184574388,        3P   3201
         1.867629535,       5.33076354064,     -0.278552668455,        3P   3202
         1.867629535,       5.31535410136,      0.354897363351,        3P   3203
         1.867629535,       5.33774251205,      0.628089053383,        3P   3204
         1.867629535,        44.658914155,      0.771809104438,        3P   3205
         1.891872618,       44.5731842614,      0.759366466585,        3P   3206
         1.891872618,       44.2355383638,      0.696928204512,        3P   3207
         1.891872618,       43.4472532572,      0.533541008295,        3P   3208
         1.891872618,       42.1729169891,      0.253243589522,        3P   3209
         1.891872618,       40.4443335737,     -0.129304341325,        3P   3210
         1.891872618,       38.2721852805,     -0.590469685271,        3P   3211
         1.891872618,       35.7428983685,      -1.07425193512,        3P   3212
         1.891872618,        32.917144951,      -1.52348310483,        3P   3213
         1.891872618,       29.8535581627,      -1.89167216206,        3P   3214
         1.891872618,       26.6535109426,      -2.13409645817,        3P   3215
         1.891872618,       23.4047356512,      -2.23877518351,        3P   3216
         1.891872618,       20.2030387534,      -2.22107849077,        3P   3217
         1.891872618,       17.1319568424,      -2.10077318216,        3P   3218
         1.891872618,       14.2734874397,       -1.9059339139,        3P   3219
         1.891872618,       11.7189957534,      -1.66283625801,        3P   3220
         1.891872618,       9.52761791525,      -1.38540398152,        3P   3221
         1.891872618,       7.71672413895,      -1.07114910503,        3P   3222
         1.891872618,          6.43047583,     -0.745188923209,        3P   3223
         1.891872618,       5.38749593837,     -0.277240022887,        3P   3224
         1.891872618,       5.37211220508,      0.355279127416,        3P   3225
         1.891872618,       5.39446905078,      0.628069232307,        3P   3226
         1.891872618,       44.6585601761,      0.771657956175,        3P   3227
                 1.9,       44.5728725808,      0.759221623698,        3P   3228
                 1.9,         44.23539325,       0.69681481728,        3P   3229
                 1.9,       43.4474969846,      0.533509760589,        3P   3230
                 1.9,       42.1737892851,      0.253353104672,        3P   3231
                 1.9,       40.4460584919,     -0.129002731963,        3P   3232
                 1.9,       38.2749816443,     -0.589936333765,        3P   3233
                 1.9,       35.7469424414,      -1.07347500215,        3P   3234
                 1.9,       32.9225831507,      -1.52247907699,        3P   3235
                 1.9,       29.8605080513,      -1.89048059124,        3P   3236
                 1.9,        26.662040122,      -2.13277916489,        3P   3237
                 1.9,       23.4148684378,      -2.23740007592,        3P   3238
                 1.9,       20.2147521361,      -2.21970606948,        3P   3239
                 1.9,       17.1451865371,      -2.09945435838,        3P   3240
                 1.9,       14.2881286246,      -1.90470587983,        3P   3241
                 1.9,       11.7348984602,      -1.66172342142,        3P   3242
                 1.9,       9.54460294745,       -1.3844239682,        3P   3243
                 1.9,       7.73460373846,      -1.07032082888,        3P   3244
                 1.9,       6.44899101599,     -0.744519128627,        3P   3245
                 1.9,       5.40652688279,     -0.276799334844,        3P   3246
                 1.9,       5.39115177776,      0.355407556114,        3P   3247
                 1.9,       5.41349803698,      0.628062950725,        3P   3248
                 1.9,       44.6551341843,      0.770224491806,        3P   3249
            1.974975,       44.5698381885,      0.757843656297,        3P   3250
            1.974975,       44.2339018867,      0.695714006458,        3P   3251
            1.974975,       43.4496074741,      0.533141595909,        3P   3252
            1.974975,       42.1817163721,      0.254272144351,        3P   3253
            1.974975,       40.4618628602,     -0.126270443471,        3P   3254
            1.974975,       38.3006697085,     -0.584941616702,        3P   3255
            1.974975,        35.784129097,       -1.0660163384,        3P   3256
            1.974975,       32.9726202174,      -1.51264886074,        3P   3257
            1.974975,        29.924493522,      -1.87864243972,        3P   3258
            1.974975,       26.7406179562,      -2.11957748204,        3P   3259
            1.974975,       23.5082759108,      -2.22359017878,        3P   3260
            1.974975,       20.3227790297,      -2.20597846096,        3P   3261
            1.974975,       17.2672304533,       -2.0863839917,        3P   3262
            1.974975,        14.423214348,      -1.89268207674,        3P   3263
            1.974975,       11.8816301804,      -1.65096055573,        3P   3264
            1.974975,       9.70132915627,      -1.37503937013,        3P   3265
            1.974975,       7.89958094933,      -1.06243642252,        3P   3266
            1.974975,       6.61983981291,     -0.738146014056,        3P   3267
            1.974975,       5.58212599524,     -0.272588385318,        3P   3268
            1.974975,       5.56678676459,      0.356728543027,        3P   3269
            1.974975,       5.58904458242,      0.628136397744,        3P   3270
            1.974975,       44.5987474342,      0.746923444931,        3P   3271
           2.9624625,       44.5187594203,      0.734949251628,        3P   3272
           2.9624625,        44.203856332,      0.674871287496,        3P   3273
           2.9624625,       43.4686206153,      0.518869698556,        3P   3274
           2.9624625,       42.2792227697,      0.255554361084,        3P   3275
           2.9624625,       40.6641230681,     -0.096032462719,        3P   3276
           2.9624625,       38.6325379728,     -0.509493860166,        3P   3277
           2.9624625,       36.2655184783,     -0.931233735774,        3P   3278
           2.9624625,       33.6214899807,      -1.31232697802,        3P   3279
           2.9624625,       30.7569002248,      -1.61743040452,        3P   3280
           2.9624625,         27.76739888,      -1.81511931123,        3P   3281
           2.9624625,       24.7340273014,      -1.90169231862,        3P   3282
           2.9624625,       21.7450024664,      -1.89200545784,        3P   3283
           2.9624625,       18.8769426839,       -1.8009024403,        3P   3284
           2.9624625,       16.2066986934,      -1.64654116635,        3P   3285
           2.9624625,       13.8190286847,       -1.4457312042,        3P   3286
           2.9624625,       11.7711788573,      -1.20666201203,        3P   3287
           2.9624625,       10.0774781641,     -0.926140546299,        3P   3288
           2.9624625,       8.87585280184,     -0.627646268811,        3P   3289
           2.9624625,       7.89940513567,     -0.196769068612,        3P   3290
           2.9624625,       7.87873002205,      0.393492492952,        3P   3291
           2.9624625,       7.90097842765,      0.647885626785,        3P   3292
           2.9624625,       44.5518238413,      0.726209056577,        3P   3293
               3.765,       44.4761790065,      0.714500527548,        3P   3294
               3.765,       44.1785165522,      0.655754274551,        3P   3295
               3.765,       43.4834725984,      0.504465173765,        3P   3296
               3.765,       42.3581697591,      0.253653750534,        3P   3297
               3.765,        40.828234979,    -0.0727935571965,        3P   3298
               3.765,       38.9016825867,     -0.445058871458,        3P   3299
               3.765,       36.6557541554,     -0.810920588348,        3P   3300
               3.765,       34.1476494983,      -1.12905316884,        3P   3301
               3.765,       31.4324061536,       -1.3749861316,        3P   3302
               3.765,       28.6013804218,      -1.53028707616,        3P   3303
               3.765,       25.7303324302,       -1.5995175432,        3P   3304
               3.765,       22.9016838957,      -1.59724252841,        3P   3305
               3.765,       20.1866180533,      -1.53368533986,        3P   3306
               3.765,        17.658223018,      -1.41727232986,        3P   3307
               3.765,        15.395861117,       -1.2555843713,        3P   3308
               3.765,       13.4559799201,      -1.05089321125,        3P   3309
               3.765,       11.8498026699,     -0.799525333551,        3P   3310
               3.765,       10.7119425759,     -0.523147497951,        3P   3311
               3.765,       9.78468265463,     -0.122701145418,        3P   3312
               3.765,       9.75722262027,      0.435630235325,        3P   3313
               3.765,       9.77980199966,      0.675929937572,        3P   3314
               3.765,       44.5410024696,      0.721177910515,        3P   3315
             3.94995,       44.4663540516,      0.709553423722,        3P   3316
             3.94995,       44.1726403982,      0.651221289596,        3P   3317
             3.94995,       43.4868055401,      0.501219724711,        3P   3318
             3.94995,       42.3762343764,      0.253378698665,        3P   3319
             3.94995,       40.8659698935,    -0.0675829033501,        3P   3320
             3.94995,       38.9637921391,     -0.431249989503,        3P   3321
             3.94995,       36.7460484984,     -0.785719790408,        3P   3322
             3.94995,       34.2695584548,      -1.09113618057,        3P   3323
             3.94995,       31.5889345317,      -1.32511671227,        3P   3324
             3.94995,       28.7944827651,      -1.47172889171,        3P   3325
             3.94995,       25.9608001159,      -1.53712889119,        3P   3326
             3.94995,       23.1690553706,      -1.53585399223,        3P   3327
             3.94995,       20.4892638549,      -1.47728944751,        3P   3328
             3.94995,       17.9936270397,      -1.36802731112,        3P   3329
             3.94995,       15.7602809627,      -1.21389417552,        3P   3330
             3.94995,       13.8453742303,       -1.0160073572,        3P   3331
             3.94995,       12.2595163965,     -0.770625010207,        3P   3332
             3.94995,       11.1363867444,     -0.498971561048,        3P   3333
             3.94995,       10.2206104744,      -0.10519103927,        3P   3334
             3.94995,       10.1919342331,       0.44581702946,        3P   3335
             3.94995,       10.2145293033,      0.682878832269,        3P   3336
             3.94995,       44.4832577214,      0.688336008955,        3P   3337
           4.9374375,       44.4139694704,       0.67716917078,        3P   3338
           4.9374375,       44.1415076493,      0.621051262119,        3P   3339
           4.9374375,       43.5052490217,      0.477858998349,        3P   3340
           4.9374375,       42.4739901715,      0.245676609892,        3P   3341
           4.9374375,       41.0696153772,    -0.0461196175817,        3P   3342
           4.9374375,       39.2986475272,     -0.363370659657,        3P   3343
           4.9374375,       37.2326722954,     -0.655146169589,        3P   3344
           4.9374375,       34.9264906492,      -0.88918175389,        3P   3345
           4.9374375,       32.4323397464,      -1.05470642402,        3P   3346
           4.9374375,       29.8347396911,      -1.15009655277,        3P   3347
           4.9374375,       27.2020231889,      -1.19116384862,        3P   3348
           4.9374375,       24.6087804088,      -1.19292693578,        3P   3349
           4.9374375,        22.118850443,      -1.16047341728,        3P   3350
           4.9374375,       19.7996695375,      -1.09005584368,        3P   3351
           4.9374375,       17.7225844022,      -0.97743361198,        3P   3352
           4.9374375,       15.9421599739,     -0.816858264933,        3P   3353
           4.9374375,       14.4655577716,     -0.604184405863,        3P   3354
           4.9374375,       13.4217503249,     -0.357909497614,        3P   3355
           4.9374375,        12.567623288,  -0.000404899034455,        3P   3356
           4.9374375,       12.5319928822,      0.511239052869,        3P   3357
           4.9374375,       12.5547216774,      0.730780226317,        3P   3358
           4.9374375,       44.0604250659,      0.656524137001,        3P   3359
               5.694,       43.9958775782,      0.646086178513,        3P   3360
               5.694,       43.7420945679,      0.593524591345,        3P   3361
               5.694,       43.1493592906,      0.459959074353,        3P   3362
               5.694,       42.1881188377,      0.245669690268,        3P   3363
               5.694,        40.878280222,    -0.0192719461551,        3P   3364
               5.694,       39.2259191585,     -0.301177809794,        3P   3365
               5.694,       37.2983907637,     -0.552997289763,        3P   3366
               5.694,       35.1476339973,     -0.748065563895,        3P   3367
               5.694,       32.8226471918,     -0.880762706629,        3P   3368
               5.694,       30.4021275435,     -0.954173541314,        3P   3369
               5.694,       27.9492444707,     -0.985411740827,        3P   3370
               5.694,       25.5333073666,     -0.987829652629,        3P   3371
               5.694,       23.2133978884,     -0.964273878763,        3P   3372
               5.694,        21.052622066,     -0.907714917222,        3P   3373
               5.694,       19.1167962403,     -0.811386908734,        3P   3374
               5.694,       17.4578880865,     -0.667722619147,        3P   3375
               5.694,       16.0811322069,     -0.473355871292,        3P   3376
               5.694,       15.1089879241,      -0.24448775025,        3P   3377
               5.694,       14.3122063069,     0.0852358167942,        3P   3378
               5.694,        14.274071871,      0.561752168214,        3P   3379
               5.694,       14.2963122323,      0.765805816622,        3P   3380
               5.694,       43.2936502288,      0.641543638197,        3P   3381
            5.924925,       43.2318592371,      0.631742063432,        3P   3382
            5.924925,       42.9888526926,      0.582319241095,        3P   3383
            5.924925,       42.4212141764,      0.456702808749,        3P   3384
            5.924925,       41.5006790105,      0.255218421904,        3P   3385
            5.924925,       40.2465075733,    0.00607868763981,        3P   3386
            5.924925,       38.6647631018,     -0.259413961995,        3P   3387
            5.924925,       36.8201141466,     -0.497679395478,        3P   3388
            5.924925,       34.7621906879,     -0.684104564478,        3P   3389
            5.924925,       32.5377001763,     -0.813183829002,        3P   3390
            5.924925,       30.2217588108,     -0.886939031338,        3P   3391
            5.924925,       27.8748118115,     -0.920117976137,        3P   3392
            5.924925,        25.563116076,     -0.924328147018,        3P   3393
            5.924925,       23.3434029384,       -0.9016690497,        3P   3394
            5.924925,       21.2758183226,     -0.845724719904,        3P   3395
            5.924925,       19.4238947962,      -0.75066975895,        3P   3396
            5.924925,       17.8364877346,     -0.610164328611,        3P   3397
            5.924925,       16.5202194474,     -0.420936655855,        3P   3398
            5.924925,       15.5895773955,     -0.199525491333,        3P   3399
            5.924925,       14.8304626215,      0.120124108267,        3P   3400
            5.924925,       14.7950087158,      0.576919819577,        3P   3401
            5.924925,       14.8168231425,      0.772068296634,        3P   3402
            5.924925,       38.6179704729,      0.578864425855,        3P   3403
           6.9124125,       38.5707327412,      0.573547033612,        3P   3404
           6.9124125,       38.3842966258,      0.546284284171,        3P   3405
           6.9124125,          37.9482677,      0.475388969413,        3P   3406
           6.9124125,       37.2421175655,      0.356968758126,        3P   3407
           6.9124125,       36.2831589075,      0.201280558188,        3P   3408
           6.9124125,       35.0780820586,     0.0205058728976,        3P   3409
           6.9124125,       33.6770776173,     -0.163511875595,        3P   3410
           6.9124125,       32.1163314917,     -0.333821565419,        3P   3411
           6.9124125,       30.4296606749,     -0.479222390792,        3P   3412
           6.9124125,       28.6722112271,     -0.588665223991,        3P   3413
           6.9124125,       26.8903391427,     -0.657877798977,        3P   3414
           6.9124125,       25.1333516035,     -0.686610458006,        3P   3415
           6.9124125,       23.4476806136,     -0.671898713986,        3P   3416
           6.9124125,       21.8751442434,     -0.613554091286,        3P   3417
           6.9124125,       20.4729762287,     -0.513151989719,        3P   3418
           6.9124125,       19.2639032122,     -0.376314744007,        3P   3419
           6.9124125,       18.2790737624,     -0.196664617587,        3P   3420
           6.9124125,       17.5627965691,    -0.0015572623973,        3P   3421
           6.9124125,       17.0371396583,      0.302755856244,        3P   3422
           6.9124125,       17.0326614107,       0.65947953625,        3P   3423
           6.9124125,       17.0543623225,        0.8071681898,        3P   3424
           6.9124125,       33.5655984686,      0.589624028078,        3P   3425
              7.8999,       33.5335567079,      0.587486706373,        3P   3426
              7.8999,       33.4067705895,      0.576205745953,        3P   3427
              7.8999,       33.1099277225,      0.545349967648,        3P   3428
              7.8999,       32.6294882973,      0.489011884034,        3P   3429
              7.8999,       31.9784380118,      0.405973467942,        3P   3430
              7.8999,       31.1625191967,      0.296592003126,        3P   3431
              7.8999,       30.2165947101,      0.168637657359,        3P   3432
              7.8999,       29.1646432702,     0.0331510373724,        3P   3433
              7.8999,       28.0285145664,    -0.0973834064703,        3P   3434
              7.8999,       26.8438772018,     -0.207203017709,        3P   3435
              7.8999,       25.6417292377,     -0.283496810204,        3P   3436
              7.8999,       24.4547086873,     -0.320238872327,        3P   3437
              7.8999,        23.316411506,     -0.312761604427,        3P   3438
              7.8999,       22.2532273339,     -0.263881514198,        3P   3439
              7.8999,       21.3092425185,     -0.179129477156,        3P   3440
              7.8999,       20.4911847377,    -0.0679448828151,        3P   3441
              7.8999,       19.8359602488,     0.0749208900793,        3P   3442
              7.8999,       19.3472007262,      0.225652362774,        3P   3443
              7.8999,       19.0305507291,      0.469814999397,        3P   3444
              7.8999,       19.0387253785,      0.713574629518,        3P   3445
              7.8999,       19.0567778147,      0.812430240045,        3P   3446
              7.8999,       33.2258228927,      0.595189409487,        3P   3447
               8.041,       33.1950718957,      0.593209471687,        3P   3448
               8.041,       33.0733806229,      0.582739543697,        3P   3449
               8.041,        32.788448491,      0.554008609944,        3P   3450
               8.041,       32.3272801956,      0.501253568067,        3P   3451
               8.041,       31.7023749206,      0.422951910744,        3P   3452
               8.041,       30.9192986722,      0.319058291111,        3P   3453
               8.041,       30.0115707976,      0.196614059948,        3P   3454
               8.041,       29.0022155384,      0.066089490417,        3P   3455
               8.041,       27.9121602538,    -0.0603780190918,        3P   3456
               8.041,       26.7755607965,     -0.167319641001,        3P   3457
               8.041,        25.622104185,     -0.241972626055,        3P   3458
               8.041,       24.4830974452,     -0.278243097053,        3P   3459
               8.041,       23.3908147037,     -0.271516092958,        3P   3460
               8.041,       22.3706023939,     -0.224587006973,        3P   3461
               8.041,       21.4648196499,     -0.142964327419,        3P   3462
               8.041,       20.6798579045,    -0.0358730115023,        3P   3463
               8.041,       20.0512704378,      0.101642953025,        3P   3464
               8.041,       19.5822764381,      0.246706164466,        3P   3465
               8.041,       19.2790584182,      0.481537039911,        3P   3466
               8.041,       19.2868244808,      0.715484267117,        3P   3467
               8.041,       19.3042442665,      0.810293507028,        3P   3468
               8.041,       33.2263177199,      0.623841500867,        3P   3469
           8.8873875,       33.1987302716,      0.622283098969,        3P   3470
           8.8873875,       33.0895206837,      0.614008390618,        3P   3471
           8.8873875,       32.8337501503,      0.591100369587,        3P   3472
           8.8873875,       32.4197265831,       0.54832897718,        3P   3473
           8.8873875,       31.8587340428,      0.483391455208,        3P   3474
           8.8873875,       31.1559290093,      0.395022305021,        3P   3475
           8.8873875,       30.3415994885,      0.287973973186,        3P   3476
           8.8873875,       29.4365291061,      0.170893087912,        3P   3477
           8.8873875,       28.4593728769,      0.054925708099,        3P   3478
           8.8873875,       27.4406101719,     -0.045086677375,        3P   3479
           8.8873875,       26.4065326819,     -0.116160766362,        3P   3480
           8.8873875,       25.3853551014,     -0.151735228293,        3P   3481
           8.8873875,       24.4057408872,      -0.14729468127,        3P   3482
           8.8873875,       23.4911327339,     -0.105721818925,        3P   3483
           8.8873875,       22.6784597403,    -0.0328803004621,        3P   3484
           8.8873875,       21.9752391329,      0.062474560019,        3P   3485
           8.8873875,       21.4100119711,      0.183825850866,        3P   3486
           8.8873875,       20.9906226574,      0.311345351248,        3P   3487
           8.8873875,        20.711632124,      0.514510149058,        3P   3488
           8.8873875,       20.7150994012,      0.724636737424,        3P   3489
           8.8873875,       20.7310576264,       0.80942211541,        3P   3490
           8.8873875,       33.2269349276,      0.662191750314,        3P   3491
            9.874875,        33.202868198,       0.66098683161,        3P   3492
            9.874875,       33.1075710204,      0.654593355205,        3P   3493
            9.874875,       32.8843343377,      0.636783515256,        3P   3494
            9.874875,       32.5229219628,       0.60306321182,        3P   3495
            9.874875,       32.0331949611,       0.55084921646,        3P   3496
            9.874875,       31.4197524294,      0.478228421056,        3P   3497
            9.874875,        30.709149268,      0.388203109489,        3P   3498
            9.874875,       29.9196701885,      0.287708030424,        3P   3499
            9.874875,       29.0674845817,      0.186552104789,        3P   3500
            9.874875,       28.1792098726,     0.0983080087715,        3P   3501
            9.874875,       27.2773659993,       0.03529935365,        3P   3502
            9.874875,       26.3870221423,     0.0039946359178,        3P   3503
            9.874875,       25.5323522336,    0.00821586581777,        3P   3504
            9.874875,       24.7353964081,     0.0449554053443,        3P   3505
            9.874875,       24.0255084518,      0.107486095966,        3P   3506
            9.874875,       23.4138607737,       0.18822466578,        3P   3507
            9.874875,       22.9165595514,      0.287398939204,        3P   3508
            9.874875,       22.5538009166,      0.391283270521,        3P   3509
            9.874875,       22.2915743375,      0.547021917281,        3P   3510
            9.874875,       22.2856998827,      0.730460317384,        3P   3511
            9.874875,        22.300107184,      0.803905094231,        3P   3512
            9.874875,       33.2275517233,      0.705484941514,        3P   3513
          10.8623625,       33.2066597884,      0.704496944758,        3P   3514
          10.8623625,       33.1239231341,       0.69931206634,        3P   3515
          10.8623625,       32.9300811249,      0.684895994222,        3P   3516
          10.8623625,       32.6162214626,      0.657528844951,        3P   3517
          10.8623625,       32.1908741125,      0.614907035924,        3P   3518
          10.8623625,        31.658051567,      0.555239043811,        3P   3519
          10.8623625,       31.0408062171,      0.480766614421,        3P   3520
          10.8623625,       30.3551384603,      0.397239599429,        3P   3521
          10.8623625,       29.6150128713,      0.312974091902,        3P   3522
          10.8623625,       28.8438004283,      0.239713402363,        3P   3523
          10.8623625,       28.0606692916,      0.187978122794,        3P   3524
          10.8623625,       27.2881042549,      0.163462356959,        3P   3525
          10.8623625,       26.5457696587,      0.168550531749,        3P   3526
          10.8623625,       25.8549958066,      0.200723441738,        3P   3527
          10.8623625,        25.237001275,       0.25182124725,        3P   3528
          10.8623625,         24.70835353,      0.317632168589,        3P   3529
          10.8623625,       24.2702360232,      0.391861701884,        3P   3530
          10.8623625,       23.9600293738,      0.473386577925,        3P   3531
          10.8623625,        23.708262675,      0.574212586747,        3P   3532
          10.8623625,        23.685736993,      0.730767468111,        3P   3533
          10.8623625,       23.6981916918,      0.793433726075,        3P   3534
          10.8623625,        33.228057487,      0.752639613051,        3P   3535
            11.84985,       33.2098230238,      0.751748945315,        3P   3536
            11.84985,       33.1376094416,      0.747181931386,        3P   3537
            11.84985,       32.9684093104,      0.734638420776,        3P   3538
            11.84985,       32.6944262916,      0.711132704581,        3P   3539
            11.84985,       32.3230461112,      0.675050169674,        3P   3540
            11.84985,        31.857719496,      0.625354316947,        3P   3541
            11.84985,       31.3184624808,       0.56443124249,        3P   3542
            11.84985,       30.7193116579,      0.497418499284,        3P   3543
            11.84985,       30.0724547247,      0.431089607664,        3P   3544
            11.84985,       29.3986948999,      0.374938914883,        3P   3545
            11.84985,       28.7145715614,      0.336626008083,        3P   3546
            11.84985,       28.0403811276,      0.320478088221,        3P   3547
            11.84985,        27.391999725,      0.326712592232,        3P   3548
            11.84985,        26.789853503,      0.354178222083,        3P   3549
            11.84985,       26.2486444622,      0.392681972919,        3P   3550
            11.84985,       25.7887912491,      0.444214285916,        3P   3551
            11.84985,        25.400500964,      0.492198866414,        3P   3552
            11.84985,       25.1327587274,      0.556013224551,        3P   3553
            11.84985,       24.8954707352,       0.60119778898,        3P   3554
            11.84985,       24.8449266245,      0.726341463327,        3P   3555
            11.84985,       24.8544241922,      0.778444246428,        3P   3556
            11.84985,       33.2282389363,      0.786231618998,        3P   3557
           12.508107,       33.2114067109,      0.785351645415,        3P   3558
           12.508107,       33.1447484756,      0.780930635515,        3P   3559
           12.508107,       32.9885634411,      0.768948388167,        3P   3560
           12.508107,       32.7356403558,      0.746876504605,        3P   3561
           12.508107,       32.3927451461,      0.713734988534,        3P   3562
           12.508107,       31.9629828894,       0.66928123256,        3P   3563
           12.508107,         31.46473374,      0.616446774413,        3P   3564
           12.508107,       30.9109591516,      0.560258346516,        3P   3565
           12.508107,       30.3130154071,      0.506469043267,        3P   3566
           12.508107,       29.6903461503,      0.462825267102,        3P   3567
           12.508107,        29.058361252,      0.434573002421,        3P   3568
           12.508107,       28.4358524161,      0.424705083963,        3P   3569
           12.508107,       27.8372480543,      0.431809401233,        3P   3570
           12.508107,       27.2812902795,      0.455774488312,        3P   3571
           12.508107,       26.7812749012,      0.485446725537,        3P   3572
           12.508107,       26.3559649577,      0.527265093444,        3P   3573
           12.508107,       25.9965266127,      0.558248177151,        3P   3574
           12.508107,       25.7464106294,      0.611286463823,        3P   3575
           12.508107,       25.5270437127,      0.624810266171,        3P   3576
           12.508107,       25.4499488149,      0.722196342145,        3P   3577
           12.508107,       25.4567183276,      0.766561117915,        3P   3578
           12.508107,       33.3158877315,      0.804566918935,        3P   3579
          12.8373375,       33.2992407356,      0.803686932195,        3P   3580
          12.8373375,       33.2333165535,      0.799275888317,        3P   3581
          12.8373375,       33.0788526104,      0.787333030039,        3P   3582
          12.8373375,       32.8287186176,      0.765347879754,        3P   3583
          12.8373375,        32.489608052,      0.732346965775,        3P   3584
          12.8373375,       32.0645926511,      0.688083271593,        3P   3585
          12.8373375,       31.5718508341,      0.635460541462,        3P   3586
          12.8373375,       31.0241967211,      0.579456339276,        3P   3587
          12.8373375,       30.4328600285,      0.525771837212,        3P   3588
          12.8373375,       29.8170582493,      0.482086778639,        3P   3589
          12.8373375,       29.1920371591,      0.453611253881,        3P   3590
          12.8373375,       28.5763603055,      0.443321971553,        3P   3591
          12.8373375,       27.9843340266,       0.44984666928,        3P   3592
          12.8373375,       27.4344307746,      0.473083171331,        3P   3593
          12.8373375,       26.9399290854,      0.502048824004,        3P   3594
          12.8373375,       26.5191650673,      0.543097303273,        3P   3595
          12.8373375,       26.1638228197,      0.573606155759,        3P   3596
          12.8373375,         25.91614044,      0.625988367666,        3P   3597
          12.8373375,        25.699759548,      0.639605585033,        3P   3598
          12.8373375,       25.6228333502,      0.735931658226,        3P   3599
          12.8373375,       25.6293615652,      0.779774225891,        3P   3600
          12.8373375,       33.5787695259,      0.858967291666,        3P   3601
           13.824825,       33.5626779613,      0.858088564856,        3P   3602
           13.824825,       33.4989548511,      0.853712611919,        3P   3603
           13.824825,       33.3496514911,      0.841900310909,        3P   3604
           13.824825,        33.107880187,      0.820196273803,        3P   3605
           13.824825,       32.7801169682,      0.787647160067,        3P   3606
           13.824825,       32.3693335466,      0.743993706431,        3P   3607
           13.824825,       31.8931034335,      0.692055687272,        3P   3608
           13.824825,        31.363799567,      0.636662432942,        3P   3609
           13.824825,       30.7922724075,       0.58335777106,        3P   3610
           13.824825,       30.1970627475,      0.539619148966,        3P   3611
           13.824825,       29.5929237045,      0.510545768959,        3P   3612
           13.824825,       28.9977370434,      0.499064189966,        3P   3613
           13.824825,       28.4254387339,      0.503917455847,        3P   3614
           13.824825,        27.893699852,       0.52503185724,        3P   3615
           13.824825,       27.4157315908,      0.551927857133,        3P   3616
           13.824825,       27.0086162412,      0.590711100366,        3P   3617
           13.824825,       26.6655387936,      0.619810510023,        3P   3618
           13.824825,       26.4251948724,      0.670241896227,        3P   3619
           13.824825,       26.2176862615,      0.684088394622,        3P   3620
           13.824825,       26.1413832234,      0.777245629082,        3P   3621
           13.824825,       26.1472092525,      0.819528427673,        3P   3622
           13.824825,       33.8416377098,      0.912476867148,        3P   3623
          14.8123125,       33.8261013633,      0.911601352926,        3P   3624
          14.8123125,        33.764578377,      0.907268276983,        3P   3625
          14.8123125,       33.6204331637,      0.895605138359,        3P   3626
          14.8123125,       33.3870202551,      0.874213626913,        3P   3627
          14.8123125,        33.070598007,      0.842161383902,        3P   3628
          14.8123125,       32.6740380604,      0.799178357311,        3P   3629
          14.8123125,       32.2143092638,      0.747999451235,        3P   3630
          14.8123125,       31.7033444707,      0.693304610148,        3P   3631
          14.8123125,       31.1516154175,      0.640477929198,        3P   3632
          14.8123125,       30.5769886503,      0.596790998601,        3P   3633
          14.8123125,       29.9937238774,      0.567227346862,        3P   3634
          14.8123125,       29.4190249983,       0.55466063816,        3P   3635
          14.8123125,       28.8664511319,      0.557943045835,        3P   3636
          14.8123125,       28.3528834265,      0.577029991262,        3P   3637
          14.8123125,       27.8914419688,      0.601930989623,        3P   3638
          14.8123125,       27.4979961579,      0.638514598213,        3P   3639
          14.8123125,       27.1671515865,        0.6662246937,        3P   3640
          14.8123125,       26.9342057486,      0.714729867108,        3P   3641
          14.8123125,       26.7354432111,      0.728731977365,        3P   3642
          14.8123125,       26.6599355435,      0.818734804429,        3P   3643
          14.8123125,       26.6650919743,       0.85946741101,        3P   3644
          14.8123125,       34.1044946089,      0.965096154194,        3P   3645
             15.7998,       34.0895132677,      0.964225803251,        3P   3646
             15.7998,       34.0301894586,      0.959943380724,        3P   3647
             15.7998,       33.8911999566,      0.948447984623,        3P   3648
             15.7998,       33.6661411458,      0.927400370626,        3P   3649
             15.7998,       33.3610534713,      0.895890009625,        3P   3650
             15.7998,       32.9787084499,      0.853637511141,        3P   3651
             15.7998,       32.5354704956,      0.803292014676,        3P   3652
             15.7998,       32.0428334809,      0.749382921545,        3P   3653
             15.7998,       31.5108909348,      0.697132224916,        3P   3654
             15.7998,       30.9568376517,      0.653602084045,        3P   3655
             15.7998,       30.3944391371,      0.623655625848,        3P   3656
             15.7998,       29.8402254578,      0.610110795858,        3P   3657
             15.7998,       29.3073722309,       0.61192288778,        3P   3658
             15.7998,       28.8119824613,       0.62907682954,        3P   3659
             15.7998,       28.3670608375,      0.652057675143,        3P   3660
             15.7998,       27.9873057739,      0.686506844779,        3P   3661
             15.7998,       27.6686616186,      0.712848623875,        3P   3662
             15.7998,       27.4431744565,      0.759451097416,        3P   3663
             15.7998,       27.2530316516,        0.7735384909,        3P   3664
             15.7998,       27.1784870668,      0.860399658017,        3P   3665
             15.7998,       27.1830067725,      0.899591369867,        3P   3666
             15.7998,       34.3673425459,       1.01682564683,        3P   3667
          16.7872875,       34.3529159975,        1.0159624063,        3P   3668
          16.7872875,       34.2957904198,       1.01173840533,        3P   3669
          16.7872875,       34.1619541942,       1.00042930955,        3P   3670
          16.7872875,       33.9452451783,      0.979756924622,        3P   3671
          16.7872875,       33.6514856586,      0.948833398688,        3P   3672
          16.7872875,       33.2833469653,      0.907371448087,        3P   3673
          16.7872875,       32.8565892921,      0.857933554709,        3P   3674
          16.7872875,       32.3822686365,      0.804897417468,        3P   3675
          16.7872875,       31.8701008253,      0.753320574269,        3P   3676
          16.7872875,       31.3366114328,      0.710052169007,        3P   3677
          16.7872875,        30.795070932,      0.679830253391,        3P   3678
          16.7872875,       30.2613396911,      0.665414156643,        3P   3679
          16.7872875,       29.7482030339,      0.665856443633,        3P   3680
          16.7872875,       29.2709978894,      0.681171646724,        3P   3681
          16.7872875,       28.8425888248,      0.702307380147,        3P   3682
          16.7872875,       28.4765459749,       0.73468691041,        3P   3683
          16.7872875,       28.1700693793,      0.759682214426,        3P   3684
          16.7872875,       27.9521021949,      0.804404420329,        3P   3685
          16.7872875,       27.7704530256,      0.818509990161,        3P   3686
          16.7872875,       27.6970346635,      0.902240592548,        3P   3687
          16.7872875,       27.7009507573,      0.939900430638,        3P   3688
          16.7872875,       34.6301838401,       1.06766582507,        3P   3689
           17.774775,       34.6163118722,       1.06681164181,        3P   3690
           17.774775,       34.5613835812,       1.06265382033,        3P   3691
           17.774775,       34.4326981971,       1.05154956073,        3P   3692
           17.774775,       34.2243346675,       1.03128369814,        3P   3693
           17.774775,       33.9418968613,       1.00099190379,        3P   3694
           17.774775,        33.587955851,      0.960380441589,        3P   3695
           17.774775,       33.1776678091,      0.911924247171,        3P   3696
           17.774775,       32.7216519684,      0.859848147724,        3P   3697
           17.774775,       32.2292469472,      0.809042898418,        3P   3698
           17.774775,       31.7163116637,      0.766141024508,        3P   3699
           17.774775,       31.1956207022,      0.735750886599,        3P   3700
           17.774775,       30.6823689525,      0.720570227373,        3P   3701
           17.774775,       30.1889445392,      0.719743188549,        3P   3702
           17.774775,       29.7299306181,      0.733313735999,        3P   3703
           17.774775,         29.31802657,      0.752679581362,        3P   3704
           17.774775,       28.9657175848,      0.783053886889,        3P   3705
           17.774775,       28.6713754246,      0.806725374056,        3P   3706
           17.774775,       28.4609899906,      0.849588684234,        3P   3707
           17.774775,       28.2877089522,      0.863648435777,        3P   3708
           17.774775,       28.2155753104,      0.944257937591,        3P   3709
           17.774775,       28.2189211039,       0.98039464993,        3P   3710
           17.774775,       34.8930208081,       1.11761715565,        3P   3711
          18.7622625,       34.8797032085,       1.11677397314,        3P   3712
          18.7622625,       34.8269712603,       1.11269008073,        3P   3713
          18.7622625,       34.7034342826,       1.10180917345,        3P   3714
          18.7622625,       34.5034119245,       1.08198108899,        3P   3715
          18.7622625,       34.2322893674,       1.05236586944,        3P   3716
          18.7622625,       33.8925373461,       1.01266475991,        3P   3717
          18.7622625,       33.4987081971,      0.965264262966,        3P   3718
          18.7622625,       33.0609855004,      0.914235164683,        3P   3719
          18.7622625,       32.5883311514,      0.864299120425,        3P   3720
          18.7622625,       32.0959400059,       0.82186842915,        3P   3721
          18.7622625,        31.596089881,      0.791417192791,        3P   3722
          18.7622625,       31.1033144842,      0.775578527272,        3P   3723
          18.7622625,        30.629597742,       0.77358261183,        3P   3724
          18.7622625,       30.1887815336,      0.785502406664,        3P   3725
          18.7622625,       29.7933747228,      0.803173770033,        3P   3726
          18.7622625,       29.4548213754,      0.831606884083,        3P   3727
          18.7622625,       29.1725803672,      0.853978010289,        3P   3728
          18.7622625,       28.9698387264,      0.895002747639,        3P   3729
          18.7622625,       28.8048011926,      0.908955705078,        3P   3730
          18.7622625,       28.7341061019,      0.986451948706,        3P   3731
          18.7622625,       28.7369150657,       1.02107401278,        3P   3732
          18.7622625,       35.1558557634,       1.16668009271,        3P   3733
            19.74975,       35.1430923203,       1.16584985304,        3P   3734
            19.74975,       35.0925557715,       1.16184763179,        3P   3735
            19.74975,       34.9741647649,       1.15120857053,        3P   3736
            19.74975,       34.7824792567,       1.13184948569,        3P   3737
            19.74975,       34.5226654609,       1.10295563192,        3P   3738
            19.74975,       34.1970936848,       1.06422466554,        3P   3739
            19.74975,       33.8197126013,       1.01795377249,        3P   3740
            19.74975,       33.4002712505,      0.968058519794,        3P   3741
            19.74975,       32.9473552835,      0.919089169727,        3P   3742
            19.74975,       32.4754981137,      0.877234168967,        3P   3743
            19.74975,       31.9964798968,      0.846828849183,        3P   3744
            19.74975,       31.5241775191,      0.830438589485,        3P   3745
            19.74975,       31.0701636351,      0.827374214843,        3P   3746
            19.74975,       30.6475515063,      0.837736986366,        3P   3747
            19.74975,       30.2686339421,      0.853789447146,        3P   3748
            19.74975,        29.943858078,      0.880345032423,        3P   3749
            19.74975,       29.6736848667,      0.901440026127,        3P   3750
            19.74975,       29.4786491677,      0.940645483182,        3P   3751
            19.74975,       29.3217316196,      0.954433589105,        3P   3752
            19.74975,       29.2526242643,       1.02882280462,        3P   3753
            19.74975,       29.2549299921,       1.06193843083,        3P   3754
            19.74975,        35.418691017,       1.21485507854,        3P   3755
          20.7372375,       35.4064815185,       1.21403972162,        3P   3756
          20.7372375,       35.3581394265,        1.2101269047,        3P   3757
          20.7372375,        35.244891955,       1.19974816606,        3P   3758
          20.7372375,       35.0615389683,       1.18088926724,        3P   3759
          20.7372375,       34.8130274222,       1.15276152098,        3P   3760
          20.7372375,       34.5016270976,       1.11506041675,        3P   3761
          20.7372375,       34.1406831627,       1.06999294338,        3P   3762
          20.7372375,       33.7395112321,       1.02131826756,        3P   3763
          20.7372375,       33.3063211846,       0.97341297884,        3P   3764
          20.7372375,       32.8549876368,      0.932238037981,        3P   3765
          20.7372375,       32.3967921741,      0.901985541798,        3P   3766
          20.7372375,       31.9449592849,      0.885149960184,        3P   3767
          20.7372375,       31.5106432094,      0.881117511878,        3P   3768
          20.7372375,       31.1062413984,      0.890016818954,        3P   3769
          20.7372375,        30.743804889,      0.904526125111,        3P   3770
          20.7372375,       30.4328284048,      0.929267480411,        3P   3771
          20.7372375,       30.1746896003,      0.949111320841,        3P   3772
          20.7372375,       29.9874220259,      0.986515771118,        3P   3773
          20.7372375,       29.8385021243,       1.00008380016,        3P   3774
          20.7372375,       29.7711272325,       1.07137060338,        3P   3775
          20.7372375,       29.7729634082,       1.10298773833,        3P   3776
          20.7372375,       35.6231080541,        1.2517087365,        3P   3777
           21.505238,       35.6113292296,       1.25090629404,        3P   3778
           21.505238,       35.5646931854,       1.24706835154,        3P   3779
           21.505238,       35.4554443208,       1.23690483438,        3P   3780
           21.505238,       35.2785688048,       1.21845648448,        3P   3781
           21.505238,       35.0388428617,       1.19095546333,        3P   3782
           21.505238,       34.7384580153,       1.15409655574,        3P   3783
           21.505238,       34.3902901709,       1.11001599274,        3P   3784
           21.505238,       34.0033186244,       1.06235048507,        3P   3785
           21.505238,       33.5854613278,       1.01533998523,        3P   3786
           21.505238,       33.1500823746,      0.974766011552,        3P   3787
           21.505238,       32.7080749599,       0.94470620891,        3P   3788
           21.505238,        32.272159277,      0.927597663199,        3P   3789
           21.505238,       31.8531591743,      0.922881690571,        3P   3790
           21.505238,       31.4629243353,      0.930707383861,        3P   3791
           21.505238,       31.1132998813,      0.944068999909,        3P   3792
           21.505238,       30.8130707728,      0.967442898495,        3P   3793
           21.505238,       30.5642684248,      0.986331415929,        3P   3794
           21.505238,       30.3830853391,       1.02234715034,        3P   3795
           21.505238,        30.240301681,       1.03570760498,        3P   3796
           21.505238,       30.1743714823,       1.10458371589,        3P   3797
           21.505238,        30.175865799,       1.13504075287,        3P   3798
           21.505238,       35.6815280962,       1.26261854541,        3P   3799
           21.724725,       35.6698723254,        1.2618199133,        3P   3800
           21.724725,       35.6237237351,       1.25800381732,        3P   3801
           21.724725,       35.5156173469,       1.24790283994,        3P   3802
           21.724725,       35.3405925499,       1.22957353615,        3P   3803
           21.724725,        35.103376761,       1.20225410341,        3P   3804
           21.724725,       34.8061391378,       1.16563927557,        3P   3805
           21.724725,       34.4616214768,       1.12184512673,        3P   3806
           21.724725,        34.078707041,       1.07447344522,        3P   3807
           21.724725,       33.6652303412,       1.02772513481,        3P   3808
           21.724725,         33.23440982,       0.98733036256,        3P   3809
           21.724725,       32.7970275226,      0.957333882636,        3P   3810
           21.724725,       32.3656600881,      0.940156168269,        3P   3811
           21.724725,        31.951036104,      0.935253869222,        3P   3812
           21.724725,       31.5648503553,      0.942781651719,        3P   3813
           21.724725,       31.2188860243,      0.955822999876,        3P   3814
           21.724725,         30.92173072,      0.978812653213,        3P   3815
           21.724725,       30.6755923503,      0.997431498204,        3P   3816
           21.724725,       30.4961555623,       1.03305235294,        3P   3817
           21.724725,       30.3551111498,       1.04634991342,        3P   3818
           21.724725,       30.2896123173,       1.11453917722,        3P   3819
           21.724725,       30.2910127252,       1.14466617378,        3P   3820
           21.724725,       35.9443672807,       1.31115180049,        3P   3821
          22.7122125,       35.9332650098,        1.3103715228,        3P   3822
          22.7122125,       35.8893089416,       1.30665854296,        3P   3823
          22.7122125,       35.7863411597,       1.29685048648,        3P   3824
          22.7122125,       35.6196402396,       1.27907627446,        3P   3825
          22.7122125,       35.3937138132,       1.25260178553,        3P   3826
          22.7122125,       35.1106303374,        1.2171223812,        3P   3827
          22.7122125,       34.7825283247,       1.17466286781,        3P   3828
          22.7122125,       34.4178596718,       1.12866712966,        3P   3829
          22.7122125,       34.0240837743,       1.08315894798,        3P   3830
          22.7122125,       33.6137654396,       1.04363512783,        3P   3831
          22.7122125,       33.1971860782,       1.01398970475,        3P   3832
          22.7122125,       32.7862792289,      0.996566339107,        3P   3833
          22.7122125,       32.3913404536,      0.990887620025,        3P   3834
          22.7122125,       32.0233755937,      0.997132407483,        3P   3835
          22.7122125,       31.6938732943,       1.00877955005,        3P   3836
          22.7122125,       31.4105607052,       1.03007875041,        3P   3837
          22.7122125,       31.1763875345,       1.04750046992,        3P   3838
          22.7122125,       31.0048452295,       1.08135445886,        3P   3839
          22.7122125,       30.8715531524,        1.0943385239,        3P   3840
          22.7122125,       30.8080765848,       1.15943730323,        3P   3841
          22.7122125,        30.809075066,       1.18808375772,        3P   3842
          22.7122125,       36.2072135913,        1.3587849645,        3P   3843
             23.6997,       36.1966646126,        1.3580250169,        3P   3844
             23.6997,       36.1549001366,       1.35442304063,        3P   3845
             23.6997,       36.0570685443,       1.34492676253,        3P   3846
             23.6997,       35.8986871753,       1.32773948005,        3P   3847
             23.6997,        35.684043549,       1.30215559395,        3P   3848
             23.6997,       35.4151052901,       1.26787250539,        3P   3849
             23.6997,       35.1034077546,       1.22682280381,        3P   3850
             23.6997,       34.7569726014,       1.18229118586,        3P   3851
             23.6997,         34.38288459,       1.13812197187,        3P   3852
             23.6997,       33.9930576191,        1.0995747967,        3P   3853
             23.6997,       33.5972715372,       1.07038852985,        3P   3854
             23.6997,       33.2068213368,       1.05282659531,        3P   3855
             23.6997,       32.8315622594,       1.04647262653,        3P   3856
             23.6997,       32.4818242933,        1.0515280727,        3P   3857
             23.6997,       32.1687755185,       1.06185752926,        3P   3858
             23.6997,       31.8993276291,       1.08152866409,        3P   3859
             23.6997,       31.6770866301,       1.09778021619,        3P   3860
             23.6997,       31.5135004349,       1.12988250477,        3P   3861
             23.6997,       31.3878429081,       1.14250510017,        3P   3862
             23.6997,       31.3265190129,        1.2045117593,        3P   3863
             23.6997,       31.3271492556,       1.23168458572,        3P   3864
             23.6997,       36.4700693683,       1.40551944863,        3P   3865
          24.6871875,       36.4600734741,       1.40478180209,        3P   3866
          24.6871875,       36.4204996604,       1.40129869828,        3P   3867
          24.6871875,       36.3278018386,       1.39213301049,        3P   3868
          24.6871875,       36.1777356853,       1.37556441662,        3P   3869
          24.6871875,       35.9743682697,       1.35091668265,        3P   3870
          24.6871875,       35.7195662437,       1.31789065136,        3P   3871
          24.6871875,       35.4242619207,       1.27832575641,        3P   3872
          24.6871875,       35.0960478507,       1.23534622039,        3P   3873
          24.6871875,       34.7416346312,       1.19261458781,        3P   3874
          24.6871875,       34.3722879986,       1.15514951029,        3P   3875
          24.6871875,       33.9972853078,       1.12653029917,        3P   3876
          24.6871875,       33.6272876042,       1.10893666045,        3P   3877
          24.6871875,       33.2717024787,       1.10200851464,        3P   3878
          24.6871875,        32.940197246,       1.10596805969,        3P   3879
          24.6871875,       32.6435933257,       1.11505646955,        3P   3880
          24.6871875,       32.3880320687,       1.13316154926,        3P   3881
          24.6871875,       32.1776903395,       1.14827057556,        3P   3882
          24.6871875,       32.0221215937,       1.17863530524,        3P   3883
          24.6871875,       31.9039823849,        1.1908510554,        3P   3884
          24.6871875,       31.8449375539,       1.24976238221,        3P   3885
          24.6871875,       31.8452332574,       1.27546824898,        3P   3886
          24.6871875,        36.732936945,       1.45135658662,        3P   3887
           25.674675,       36.7234939278,       1.45064320973,        3P   3888
           25.674675,       36.6861098479,       1.44728683452,        3P   3889
           25.674675,       36.5985433782,       1.43847052205,        3P   3890
           25.674675,       36.4567881001,       1.42255233158,        3P   3891
           25.674675,       36.2646902839,       1.39888623756,        3P   3892
           25.674675,       36.0240154575,       1.36717792538,        3P   3893
           25.674675,       35.7450929946,       1.32917273286,        3P   3894
           25.674675,       35.4350874636,       1.28783311647,        3P   3895
           25.674675,       35.1003357728,       1.24663754137,        3P   3896
           25.674675,       34.7514582627,       1.21035984887,        3P   3897
           25.674675,       34.3972288605,       1.18241544196,        3P   3898
           25.674675,       34.0476793024,       1.16489676899,        3P   3899
           25.674675,       33.7117621708,       1.15749541115,        3P   3900
           25.674675,       33.3984953567,       1.16045225401,        3P   3901
           25.674675,       33.1183274832,       1.16837631933,        3P   3902
           25.674675,       32.8766747271,       1.18497692682,        3P   3903
           25.674675,       32.6781995336,       1.19897166027,        3P   3904
           25.674675,       32.5307092155,       1.22761189778,        3P   3905
           25.674675,       32.4199737335,       1.23937784827,        3P   3906
           25.674675,       32.3633302746,       1.29518893851,        3P   3907
           25.674675,       32.3633251322,       1.31943423862,        3P   3908
           25.674675,       36.9958186486,       1.49629763976,        3P   3909
          26.6621625,          36.9869283,       1.49561049443,        3P   3910
          26.6621625,       36.9517330224,       1.49238867609,        3P   3911
          26.6621625,        36.869295479,       1.48394045109,        3P   3912
          26.6621625,       36.7358467193,       1.46870424708,        3P   3913
          26.6621625,       36.5550118571,       1.44606508763,        3P   3914
          26.6621625,       36.3284551368,       1.41573489288,        3P   3915
          26.6621625,       36.0659030823,        1.3793639778,        3P   3916
          26.6621625,       35.7740934054,       1.33975175492,        3P   3917
          26.6621625,       35.4589897909,       1.30019034241,        3P   3918
          26.6621625,       35.1305699666,       1.26520496656,        3P   3919
          26.6621625,       34.7971034929,       1.23804284174,        3P   3920
          26.6621625,       34.4679974833,       1.22070557137,        3P   3921
          26.6621625,       34.1517421208,       1.21293190778,        3P   3922
          26.6621625,       33.8567192187,       1.21497911923,        3P   3923
          26.6621625,       33.5929783971,       1.22181578003,        3P   3924
          26.6621625,       33.3652559461,       1.23697323902,        3P   3925
          26.6621625,       33.1786146669,       1.24988275124,        3P   3926
          26.6621625,       33.0392634762,       1.27681061368,        3P   3927
          26.6621625,       32.9358186392,        1.2880866034,        3P   3928
          26.6621625,       32.8816953412,       1.34079101547,        3P   3929
          26.6621625,       32.8814230241,       1.36358195901,        3P   3930
          26.6621625,       37.2587167998,       1.54034380151,        3P   3931
            27.64965,       37.2503789118,       1.53968484588,        3P   3932
            27.64965,       37.2173715049,       1.53660539666,        3P   3933
            27.64965,       37.1400604607,        1.5285439297,        3P   3934
            27.64965,        37.014913854,        1.5140212258,        3P   3935
            27.64965,        36.845335276,       1.49245419386,        3P   3936
            27.64965,       36.6328875174,       1.46356237635,        3P   3937
            27.64965,       36.3866943301,       1.42890014642,        3P   3938
            27.64965,       36.1130676939,       1.39110258986,        3P   3939
            27.64965,       35.8175985305,       1.35327323536,        3P   3940
            27.64965,        35.509624759,       1.31968488402,        3P   3941
            27.64965,       35.1969106269,       1.29341233607,        3P   3942
            27.64965,       34.8882433587,       1.27636270537,        3P   3943
            27.64965,       34.5916433087,       1.26831756296,        3P   3944
            27.64965,       34.3148696534,       1.26954801892,        3P   3945
            27.64965,       34.0675467223,       1.27537434861,        3P   3946
            27.64965,       33.8537763418,       1.28914961495,        3P   3947
            27.64965,       33.6789364591,       1.30100365989,        3P   3948
            27.64965,       33.5477848419,       1.32623020067,        3P   3949
            27.64965,       33.4515189838,       1.33697860296,        3P   3950
            27.64965,       33.4000311431,       1.38656813079,        3P   3951
            27.64965,       33.3995252885,        1.4079106857,        3P   3952
            27.64965,       37.5216337143,       1.58349620195,        3P   3953
          28.6371375,       37.5138480784,       1.58286739143,        3P   3954
          28.6371375,       37.4830276113,       1.57993810666,        3P   3955
          28.6371375,       37.4108406382,       1.57228203167,        3P   3956
          28.6371375,       37.2939918121,       1.55850427469,        3P   3957
          28.6371375,       37.1356628248,       1.53805446814,        3P   3958
          28.6371375,       36.9373148338,       1.51066115931,        3P   3959
          28.6371375,       36.7074688855,       1.47778186132,        3P   3960
          28.6371375,       36.4520123496,       1.44188605549,        3P   3961
          28.6371375,       36.1761638427,       1.40588645322,        3P   3962
          28.6371375,        35.888624297,        1.3737996207,        3P   3963
          28.6371375,       35.5966516968,       1.34852376864,        3P   3964
          28.6371375,       35.3084181555,       1.33186782259,        3P   3965
          28.6371375,       35.0314667337,       1.32365195118,        3P   3966
          28.6371375,       34.7729475024,       1.32415833718,        3P   3967
          28.6371375,       34.5420331407,       1.32905154255,        3P   3968
          28.6371375,       34.3422365505,       1.34150520005,        3P   3969
          28.6371375,       34.1791656649,       1.35233421136,        3P   3970
          28.6371375,       34.0562737861,       1.37586939647,        3P   3971
          28.6371375,        33.967076683,       1.38605509904,        3P   3972
          28.6371375,       33.9183361368,       1.43251970021,        3P   3973
          28.6371375,       33.9176303399,       1.45241958899,        3P   3974
          28.6371375,       37.7845717025,        1.6257559118,        3P   3975
           29.624625,       37.7773381108,       1.62515919667,        3P   3976
           29.624625,       37.7487036529,       1.62238785901,        3P   3977
           29.624625,       37.6816383222,       1.61515577356,        3P   3978
           29.624625,        37.573082898,        1.6021543495,        3P   3979
           29.624625,       37.4259967858,       1.58286677698,        3P   3980
           29.624625,       37.2417393207,       1.55703198584,        3P   3981
           29.624625,       37.0282288973,       1.52600971734,        3P   3982
           29.624625,       36.7909293976,       1.49210256571,        3P   3983
           29.624625,       36.5346875856,       1.45803021993,        3P   3984
           29.624625,       36.2675702478,       1.42754919533,        3P   3985
           29.624625,       35.9963281515,       1.40337699023,        3P   3986
           29.624625,       35.7285231172,       1.38722058744,        3P   3987
           29.624625,       35.4712134186,       1.37893466465,        3P   3988
           29.624625,       35.2309536276,       1.37880947692,        3P   3989
           29.624625,       35.0164383677,       1.38284689931,        3P   3990
           29.624625,        34.830637224,       1.39403915701,        3P   3991
           29.624625,         34.67930309,       1.40387424256,        3P   3992
           29.624625,       34.5647307707,        1.4257269282,        3P   3993
           29.624625,       34.4824937308,       1.43531731246,        3P   3994
           29.624625,       34.4366088058,        1.4786450382,        3P   3995
           29.624625,       34.4357366123,       1.49710773417,        3P   3996
           29.624625,       38.0183078781,       1.66257055945,        3P   3997
           30.502369,       38.0115648051,       1.66200400904,        3P   3998
           30.502369,       37.9848726359,       1.65937958653,        3P   3999
           30.502369,       37.9223577204,       1.65253995622,        3P   4000
           30.502369,       37.8211703383,       1.64025488872,        3P   4001
           30.502369,       37.6840719805,       1.62203810242,        3P   4002
           30.502369,       37.5123313084,       1.59763890775,        3P   4003
           30.502369,        37.313331076,       1.56832937767,        3P   4004
           30.502369,       37.0921596814,       1.53626268783,        3P   4005
           30.502369,       36.8533337405,       1.50398512003,        3P   4006
           30.502369,       36.6043587668,       1.47501883271,        3P   4007
           30.502369,       36.3515338788,        1.4519172746,        3P   4008
           30.502369,       36.1018825014,       1.43629361748,        3P   4009
           30.502369,       35.8620256927,       1.42802988959,        3P   4010
           30.502369,       35.6380001743,       1.42742081477,        3P   4011
           30.502369,        35.438053463,       1.43076259493,        3P   4012
           30.502369,       35.2647105073,       1.44088387595,        3P   4013
           30.502369,       35.1237818583,       1.44986215051,        3P   4014
           30.502369,       35.0166543975,       1.47022583896,        3P   4015
           30.502369,       34.9405139958,       1.47926168347,        3P   4016
           30.502369,       34.8972553809,       1.51978952063,        3P   4017
           30.502369,       34.8962633969,       1.53697913466,        3P   4018
           30.502369,       38.0475315597,       1.66738366005,        3P   4019
          30.6121125,          38.0408498,        1.6668208773,        3P   4020
          30.6121125,       38.0144004149,       1.66421477537,        3P   4021
          30.6121125,        37.952454302,       1.65742405545,        3P   4022
          30.6121125,       37.8521879377,       1.64522825398,        3P   4023
          30.6121125,       37.7163380715,        1.6271449331,        3P   4024
          30.6121125,       37.5461620334,       1.60292476491,        3P   4025
          30.6121125,       37.3489755916,        1.5738289984,        3P   4026
          30.6121125,       37.1298202089,       1.54199229643,        3P   4027
          30.6121125,       36.8931711664,       1.50993943027,        3P   4028
          30.6121125,       36.6464638972,        1.4811634375,        3P   4029
          30.6121125,       36.3959409275,       1.45819739316,        3P   4030
          30.6121125,       36.1485587138,       1.44264270197,        3P   4031
          30.6121125,       35.9108831784,       1.43438478037,        3P   4032
          30.6121125,       35.6888873117,       1.43371856074,        3P   4033
          30.6121125,        35.490760991,       1.43697678937,        3P   4034
          30.6121125,       35.3189767503,       1.44696693118,        3P   4035
          30.6121125,       35.1793465984,       1.45584039007,        3P   4036
          30.6121125,       35.0731538945,       1.47601839724,        3P   4037
          30.6121125,       34.9977685926,       1.48498586508,        3P   4038
          30.6121125,       34.9548474177,       1.52516422125,        3P   4039
          30.6121125,       34.9538422209,       1.54219575251,        3P   4040
          30.6121125,       38.3105059917,       1.71015894389,        3P   4041
             31.5996,       38.3043758292,       1.70963126012,        3P   4042
             31.5996,       38.2801105497,       1.70719481406,        3P   4043
             31.5996,       38.2232812717,       1.70085572559,        3P   4044
             31.5996,       38.1312999101,       1.68948263694,        3P   4045
             31.5996,       38.0066803359,       1.67262817753,        3P   4046
             31.5996,       37.8505777871,       1.65005603897,        3P   4047
             31.5996,       37.6697053125,        1.6229293769,        3P   4048
             31.5996,       37.4686827178,       1.59321530536,        3P   4049
             31.5996,       37.2516136714,       1.56324354092,        3P   4050
             31.5996,       37.0253046685,       1.53624255064,        3P   4051
             31.5996,       36.7954885387,       1.51455949153,        3P   4052
             31.5996,       36.5685217857,       1.49968754122,        3P   4053
             31.5996,       36.3504700758,       1.49154033292,        3P   4054
             31.5996,       36.1467403091,       1.49041285454,        3P   4055
             31.5996,       35.9649893044,       1.49296332717,        3P   4056
             31.5996,       35.8072426588,       1.50180693716,        3P   4057
             31.5996,       35.6792796434,       1.50975490304,        3P   4058
             31.5996,       35.5815300427,        1.5282653735,        3P   4059
             31.5996,       35.5128822965,        1.5366001756,        3P   4060
             31.5996,       35.4730493005,       1.57362236544,        3P   4061
             31.5996,       35.4719437225,       1.58923335557,        3P   4062
             31.5996,       38.5735100618,       1.75198234191,        3P   4063
          32.5870875,        38.567931299,       1.75149188423,        3P   4064
          32.5870875,       38.5458492211,       1.74923363199,        3P   4065
          32.5870875,       38.4941343767,       1.74336664782,        3P   4066
          32.5870875,       38.4104336094,       1.73285086773,        3P   4067
          32.5870875,       38.2970374569,       1.71727484756,        3P   4068
          32.5870875,       38.1549988222,       1.69641667486,        3P   4069
          32.5870875,       37.9904280819,       1.67134019793,        3P   4070
          32.5870875,       37.8075245769,        1.6438432943,        3P   4071
          32.5870875,       37.6100209357,       1.61605799449,        3P   4072
          32.5870875,       37.4040976909,       1.59094371434,        3P   4073
          32.5870875,       37.1949771284,       1.57065713217,        3P   4074
          32.5870875,        36.988420574,       1.55657898121,        3P   4075
          32.5870875,       36.7899859921,       1.54864714265,        3P   4076
          32.5870875,       36.6045275169,       1.54715320115,        3P   4077
          32.5870875,       36.4391429703,       1.54907511548,        3P   4078
          32.5870875,       36.2954554914,       1.55683208251,        3P   4079
          32.5870875,       36.1791292189,       1.56388688625,        3P   4080
          32.5870875,        36.089880079,        1.5807348802,        3P   4081
          32.5870875,       36.0278684665,       1.58840788649,        3P   4082
          32.5870875,       35.9912151406,       1.62225233727,        3P   4083
          32.5870875,       35.9900424764,       1.63644619943,        3P   4084
          32.5870875,       38.8365459279,       1.79286483712,        3P   4085
           33.574575,       38.8315183658,       1.79241370073,        3P   4086
           33.574575,       38.8116185818,       1.79034203872,        3P   4087
           33.574575,       38.7650157643,       1.78496728182,        3P   4088
           33.574575,       38.6895911758,       1.77534280686,        3P   4089
           33.574575,       38.5874115631,       1.76109394907,        3P   4090
           33.574575,       38.4594272425,       1.74201456286,        3P   4091
           33.574575,       38.3111459516,       1.71906802782,        3P   4092
           33.574575,       38.1463477434,       1.69388136044,        3P   4093
           33.574575,       37.9683947626,       1.66838636879,        3P   4094
           33.574575,       37.7828445509,       1.64526903643,        3P   4095
           33.574575,       37.5944080014,       1.62649114637,        3P   4096
           33.574575,       37.4082560728,        1.6133167607,        3P   4097
           33.574575,       37.2294315883,        1.6057042166,        3P   4098
           33.574575,       37.0622492968,       1.60393796702,        3P   4099
           33.574575,       36.9132221164,       1.60531042305,        3P   4100
           33.574575,       36.7836151745,       1.61204011412,        3P   4101
           33.574575,       36.6788954084,        1.6182348667,        3P   4102
           33.574575,       36.5982035888,       1.63342429079,        3P   4103
           33.574575,        36.542728343,       1.64040940346,        3P   4104
           33.574575,       36.5093433448,       1.67105309031,        3P   4105
           33.574575,       36.5081368424,       1.68383317014,        3P   4106
           33.574575,       39.0996157467,       1.83281583744,        3P   4107
          34.5620625,       39.0951391854,       1.83240608887,        3P   4108
          34.5620625,       39.0774207854,       1.83052929341,        3P   4109
          34.5620625,       39.0359275854,       1.82566658854,        3P   4110
          34.5620625,       38.9687747572,       1.81696690336,        3P   4111
          34.5620625,       38.8778047932,       1.80409320173,        3P   4112
          34.5620625,       38.7638651652,       1.78685646789,        3P   4113
          34.5620625,       38.6318609897,       1.76611849847,        3P   4114
          34.5620625,       38.4851541953,       1.74333387481,        3P   4115
          34.5620625,       38.3267369842,       1.72023172947,        3P   4116
          34.5620625,       38.1615468774,       1.69922031597,        3P   4117
          34.5620625,       37.9937825273,        1.6820622332,        3P   4118
          34.5620625,       37.8280293633,        1.6699006306,        3P   4119
          34.5620625,       37.6688076456,       1.66271067799,        3P   4120
          34.5620625,       37.5199061471,       1.66076570428,        3P   4121
          34.5620625,       37.3872270483,       1.66166773938,        3P   4122
          34.5620625,       37.2717217995,       1.66742901352,        3P   4123
          34.5620625,       37.1785785258,       1.67279758414,        3P   4124
          34.5620625,        37.106500304,       1.68633115433,        3P   4125
          34.5620625,       37.0574634492,       1.69260520579,        3P   4126
          34.5620625,       37.0274323755,       1.72002344513,        3P   4127
          34.5620625,       37.0262252132,       1.73139298347,        3P   4128
          34.5620625,       39.3627216763,       1.87184340484,        3P   4129
            35.54955,        39.358795915,       1.87147708673,        3P   4130
            35.54955,       39.3432579886,        1.8698033314,        3P   4131
            35.54955,       39.3068719967,       1.86547224874,        3P   4132
            35.54955,       39.2479865099,        1.8577304011,        3P   4133
            35.54955,       39.1682192985,       1.84627922639,        3P   4134
            35.54955,        39.068314722,       1.83094819463,        3P   4135
            35.54955,       38.9525752819,       1.81249644399,        3P   4136
            35.54955,       38.8239459315,       1.79220458935,        3P   4137
            35.54955,       38.6850494626,       1.77159670693,        3P   4138
            35.54955,       38.5402063406,       1.75279908969,        3P   4139
            35.54955,       38.3931021377,       1.73737098211,        3P   4140
            35.54955,       38.2477416066,       1.72633035452,        3P   4141
            35.54955,        38.108115057,       1.71966575236,        3P   4142
            35.54955,       37.9774986876,        1.7176351267,        3P   4143
            35.54955,       37.8611582381,       1.71814574476,        3P   4144
            35.54955,       37.7597755978,       1.72299696553,        3P   4145
            35.54955,       37.6781791095,       1.72757395935,        3P   4146
            35.54955,       37.6147700605,       1.73945316981,        3P   4147
            35.54955,       37.5720756118,       1.74499582361,        3P   4148
            35.54955,       37.5454807049,       1.76916210102,        3P   4149
            35.54955,       37.5443059702,       1.77912420031,        3P   4150
            35.54955,       39.6258658776,       1.90995445117,        3P   4151
          36.5370375,       39.6224907155,       1.90963358582,        3P   4152
          36.5370375,       39.6091323528,       1.90817095633,        3P   4153
          36.5370375,       39.5778511621,       1.90439084926,        3P   4154
          36.5370375,       39.5272286007,       1.89763951425,        3P   4155
          36.5370375,       39.4586572432,       1.88765770525,        3P   4156
          36.5370375,       39.3727780607,       1.87429472755,        3P   4157
          36.5370375,       39.2732909325,       1.85820601817,        3P   4158
          36.5370375,       39.1627249737,       1.84049672862,        3P   4159
          36.5370375,       39.0433340901,       1.82248356105,        3P   4160
          36.5370375,       38.9188246511,       1.80600667372,        3P   4161
          36.5370375,       38.7923683238,       1.79241789105,        3P   4162
          36.5370375,       38.6673940383,       1.78260571058,        3P   4163
          36.5370375,        38.547354821,       1.77656875508,        3P   4164
          36.5370375,       38.4350276487,       1.77454508978,        3P   4165
          36.5370375,       38.3350163155,       1.77474328457,        3P   4166
          36.5370375,       38.2477769228,       1.77874233128,        3P   4167
          36.5370375,       38.1776979169,        1.7825630663,        3P   4168
          36.5370375,       38.1230127701,         1.792788164,        3P   4169
          36.5370375,        38.086566968,       1.79758181597,        3P   4170
          36.5370375,       38.0634867943,         1.818467644,        3P   4171
          36.5370375,       38.0623774614,        1.8270252383,        3P   4172
          36.5370375,        39.889050516,       1.94715490563,        3P   4173
           37.524525,       39.8862257524,       1.94688149814,        3P   4174
           37.524525,       39.8750460449,       1.94563800563,        3P   4175
           37.524525,       39.8488672533,       1.94242804214,        3P   4176
           37.524525,       39.8065032073,       1.93669957744,        3P   4177
           37.524525,       39.7491208061,       1.92823351923,        3P   4178
           37.524525,        39.677257346,       1.91690035177,        3P   4179
           37.524525,       39.5940100666,       1.90325079484,        3P   4180
           37.524525,       39.5014933675,       1.88821306863,        3P   4181
           37.524525,       39.4015927911,       1.87289423792,        3P   4182
           37.524525,       39.2974035606,       1.85884419768,        3P   4183
           37.524525,       39.1915826358,       1.84720338261,        3P   4184
           37.524525,        39.086987966,       1.83872649219,        3P   4185
           37.524525,       38.9865280371,       1.83341908185,        3P   4186
           37.524525,       38.8924938637,       1.83149457282,        3P   4187
           37.524525,       38.8088020603,       1.83145934795,        3P   4188
           37.524525,       38.7357262379,       1.83466362507,        3P   4189
           37.524525,       38.6771359149,       1.83776410856,        3P   4190
           37.524525,       38.6312284063,       1.84633407108,        3P   4191
           37.524525,       38.6009399559,       1.85036375368,        3P   4192
           37.524525,       38.5814490946,       1.86793855141,        3P   4193
           37.524525,       38.5804380005,       1.87509437963,        3P   4194
           37.524525,       40.1522777618,       1.98344985795,        3P   4195
          38.5120125,       40.1500031965,       1.98322589832,        3P   4196
          38.5120125,       40.1410012387,       1.98220949028,        3P   4197
          38.5120125,       40.1199224512,        1.9795886814,        3P   4198
          38.5120125,       40.0858125193,       1.97491517407,        3P   4199
          38.5120125,       40.0396121806,       1.96801086565,        3P   4200
          38.5120125,       39.9817547606,       1.95876875536,        3P   4201
          38.5120125,       39.9147348306,       1.94763385403,        3P   4202
          38.5120125,       39.8402531843,       1.93535600391,        3P   4203
          38.5120125,       39.7598275237,       1.92283041792,        3P   4204
          38.5120125,       39.6759448632,       1.91131263521,        3P   4205
          38.5120125,       39.5907466839,       1.90172781868,        3P   4206
          38.5120125,       39.5065247678,       1.89469250907,        3P   4207
          38.5120125,       39.4256359033,       1.89021619974,        3P   4208
          38.5120125,       39.3498982643,       1.88848266488,        3P   4209
          38.5120125,       39.2825163973,       1.88829304857,        3P   4210
          38.5120125,       39.2236241088,       1.89075949549,        3P   4211
          38.5120125,       39.1764942748,       1.89317639812,        3P   4212
          38.5120125,       39.1394169949,       1.90008891739,        3P   4213
          38.5120125,       39.1151973079,       1.90334220044,        3P   4214
          38.5120125,       39.0993660497,       1.91757319556,        3P   4215
          38.5120125,       39.0984858684,       1.92332977749,        3P   4216
          38.5120125,       40.4155497908,       2.01884368087,        3P   4217
             39.4995,       40.4138252243,       2.01867114672,        3P   4218
             39.4995,       40.4070001145,       2.01788971652,        3P   4219
             39.4995,       40.3910189456,       2.01587693957,        3P   4220
             39.4995,       40.3651587385,       2.01229024673,        3P   4221
             39.4995,       40.3301335767,       2.00699335802,        3P   4222
             39.4995,       40.2862725072,       1.99990311817,        3P   4223
             39.4995,       40.2354673955,       1.99135785561,        3P   4224
             39.4995,       40.1790065247,       1.98192760582,        3P   4225
             39.4995,       40.1180402831,       1.97229355744,        3P   4226
             39.4995,       40.0544503988,       1.96341282962,        3P   4227
             39.4995,         39.98986214,        1.9559915125,        3P   4228
             39.4995,       39.9260058939,       1.95050358881,        3P   4229
             39.4995,       39.8646797167,       1.94695964026,        3P   4230
             39.4995,       39.8072418782,       1.94550855214,        3P   4231
             39.4995,       39.7561603945,       1.94524360867,        3P   4232
             39.4995,       39.7114711985,       1.94702870903,        3P   4233
             39.4995,       39.6757743683,        1.9487993369,        3P   4234
             39.4995,       39.6475786087,       1.95405080843,        3P   4235
             39.4995,        39.629342044,        1.9565176967,        3P   4236
             39.4995,       39.6172361034,       1.96736984592,        3P   4237
             39.4995,        39.616519317,       1.97172946061,        3P   4238
             39.4995,                   0,                   1,        3P   4239
                   0,                   1;                             3P   4240
       128,        70,         1,         3,         1,                5P   4241
         0,         0,         1,         0,         0,                5P   4242
                   0,                   0,                   0,        5P   4243
                   0,   0.000575339509827,    0.00128528860465,        5P   4244
    0.00226217077561,    0.00348942767092,    0.00494690823228,        5P   4245
    0.00661298358895,    0.00846913041159,     0.0105077176395,        5P   4246
     0.0127411648861,      0.015206142544,     0.0179546446597,        5P   4247
     0.0188469583179,     0.0210319347595,     0.0244440862165,        5P   4248
     0.0281468289372,     0.0320375468545,     0.0359680611267,        5P   4249
      0.039765758692,     0.0432578094848,     0.0462921183088,        5P   4250
     0.0487504048501,     0.0505517398802,     0.0516480843581,        5P   4251
     0.0520158196062,     0.0554082888857,      0.100096167797,        5P   4252
       0.13642006669,      0.144819298056,      0.189982110661,        5P   4253
      0.223740906871,      0.233856725758,      0.277248664028,        5P   4254
      0.316900558027,       0.32196675189,      0.351468483254,        5P   4255
      0.384444343991,      0.414900358391,      0.441962085515,        5P   4256
       0.45783176669,      0.464444443837,      0.484278377886,        5P   4257
      0.504112311936,      0.523946245985,      0.543780180035,        5P   4258
      0.563614114084,      0.583448048134,      0.603281982183,        5P   4259
      0.623115916233,      0.638541398851,      0.642950165515,        5P   4260
      0.662785517818,      0.682620870122,      0.702456222425,        5P   4261
      0.722291574729,      0.742126927032,      0.761962279336,        5P   4262
      0.781797631639,      0.801632983942,      0.819263952914,        5P   4263
      0.821468500829,       0.84130533407,      0.861142167311,        5P   4264
      0.880979000552,      0.900815833794,      0.920652667035,        5P   4265
      0.940489500276,      0.960326333517,                   1,        5P   4266
                   1,                   1,                   1,        5P   4267
                   0,                   0,                   1,        5P   4268
                   1,                   1,                   1,        5P   4269
                   1,                   1,                   1,        5P   4270
                   1,                   1,                   1,        5P   4271
                   1,                   1,                   1,        5P   4272
                   1,                   1,                   1,        5P   4273
                   1,                   1,                   1,        5P   4274
                   1,                   1,                   1,        5P   4275
                   1,                   1,                   1,        5P   4276
                   1,                   1,                   1,        5P   4277
                   1,                   1,                   1,        5P   4278
                   1,                   1,                   1,        5P   4279
                   1,                   1,                   1,        5P   4280
                   1,                   1,                   1,        5P   4281
                   1,                   1,                   1,        5P   4282
                   1,                   1,                   1,        5P   4283
                   1,                   1,                   1,        5P   4284
                   1,                   1,                   1,        5P   4285
                   1,                   1,                   1,        5P   4286
                   1,                   1,                   1,        5P   4287
                   1,                   1,                   1,        5P   4288
                   1,                   1,                   1,        5P   4289
                   1,                   1,                   1,        5P   4290
                   1,                   1,                   1,        5P   4291
                   1,                   1,                   1,        5P   4292
                   1,                   1,                   1,        5P   4293
                   1,                   1,                   1,        5P   4294
                   1,                   1,                   1,        5P   4295
                   1,                   1,                   1,        5P   4296
                   1,                   1,                   1,        5P   4297
                   1,                   1,                   1,        5P   4298
                   1,                   1,                   1,        5P   4299
                   1,                   1,                   1,        5P   4300
                   1,                   1,                   1,        5P   4301
                   1,                   1,                   1,        5P   4302
                   1,                   1,                   1,        5P   4303
                   1,                   1,                   1,        5P   4304
                   1,                   1,                   1,        5P   4305
                   1,                   1,                   1,        5P   4306
                   1,                   1,                   1,        5P   4307
                   1,                   1,                   1,        5P   4308
                   1,                   1,                   1,        5P   4309
                   1,                   1,                   1,        5P   4310
                   1,                   1,                   1,        5P   4311
                   1,                   1,                   1,        5P   4312
                   1,                   1,                   1,        5P   4313
                   1,                   1,                   1,        5P   4314
                   1,                   1,                   1,        5P   4315
                   1,                   1,       44.7118009858,        5P   4316
      0.854902729577,                   0,        44.711801013,        5P   4317
      0.854899519478,         0.008127382,       44.7118001391,        5P   4318
      0.854889880038,         0.032370465,       44.7117902407,        5P   4319
      0.854875075509,         0.072314444,       44.7117428793,        5P   4320
      0.854860459793,         0.127275866,       44.7115950608,        5P   4321
      0.854857213733,         0.196314327,       44.7112420716,        5P   4322
      0.854880305317,         0.278248558,       44.7105435276,        5P   4323
      0.854941520399,         0.371676642,       44.7093440635,        5P   4324
      0.855038983385,               0.475,       44.7075045216,        5P   4325
      0.855147010294,         0.586450739,       44.7049351998,        5P   4326
      0.855211185897,         0.704121907,       44.7016213723,        5P   4327
      0.855152523409,         0.826000117,       44.6976334014,        5P   4328
      0.854881626956,                0.95,       44.6963191057,        5P   4329
      0.854745784998,           0.9874875,        44.693118545,        5P   4330
      0.854319986476,         1.073999883,       44.6882772337,        5P   4331
      0.853422408653,         1.195878093,       44.6833310991,        5P   4332
       0.85219346646,         1.313549261,       44.6784918452,        5P   4333
      0.850692898032,               1.425,       44.6739390931,        5P   4334
      0.849045753403,         1.528323358,       44.6698096404,        5P   4335
       0.84737706445,         1.621751442,       44.6661991543,        5P   4336
      0.845796919323,         1.703685673,       44.6631718559,        5P   4337
      0.844400577836,         1.772724134,       44.6607719207,        5P   4338
       0.84325989723,         1.827685556,        44.659032055,        5P   4339
      0.842421600578,         1.867629535,       44.6579771129,        5P   4340
      0.841911275433,         1.891872618,       44.6576235197,        5P   4341
       0.84174018013,                 1.9,       44.6542015727,        5P   4342
      0.840115414732,            1.974975,       44.5979342012,        5P   4343
      0.813349435199,           2.9624625,       44.5511434591,        5P   4344
      0.789433684189,               3.765,       44.5403529953,        5P   4345
      0.783718025427,             3.94995,        44.482806644,        5P   4346
      0.747300462925,           4.9374375,       44.0601388071,        5P   4347
      0.712348696254,               5.694,       43.2934183417,        5P   4348
      0.696261343798,            5.924925,       38.6180113749,        5P   4349
      0.628107117286,           6.9124125,       33.5657834425,        5P   4350
       0.63290121595,              7.8999,       33.2260072965,        5P   4351
      0.637621113097,               8.041,       33.2264711121,        5P   4352
      0.661225361641,           8.8873875,        33.227027621,        5P   4353
      0.693828674274,            9.874875,       33.2275606445,        5P   4354
      0.731716368355,          10.8623625,       33.2279690983,        5P   4355
      0.773952253164,            11.84985,        33.228084236,        5P   4356
      0.804582484894,           12.508107,       33.3157246625,        5P   4357
      0.822678246855,          12.8373375,       33.5785828045,        5P   4358
      0.876378710793,           13.824825,        33.841429407,        5P   4359
      0.929215375786,          14.8123125,       34.1042666714,        5P   4360
      0.981187711129,             15.7998,        34.367096802,        5P   4361
       1.03229521129,          16.7872875,       34.6299220064,        5P   4362
       1.08253739512,           17.774775,        34.892744495,        5P   4363
       1.13191380515,          18.7622625,       35.1555664811,        5P   4364
       1.18042400686,            19.74975,       35.4183901805,        5P   4365
         1.228067588,          20.7372375,        35.622799152,        5P   4366
       1.26452217442,           21.505238,       35.6812185926,        5P   4367
       1.27525638308,           21.724725,       35.9440559641,        5P   4368
       1.32302887613,          22.7122125,       36.2069018007,        5P   4369
       1.36994704079,             23.6997,       36.4697582882,        5P   4370
       1.41600953742,          24.6871875,       36.7326276192,        5P   4371
        1.4612151142,           25.674675,       36.9955119925,        5P   4372
       1.50556260215,          26.6621625,       37.2584136125,        5P   4373
       1.54905091048,            27.64965,        37.521334689,        5P   4374
       1.59167902221,          28.6371375,       37.7842774365,        5P   4375
       1.63344599001,           29.624625,       38.0180182733,        5P   4376
       1.66984760273,           30.502369,       38.0472455842,        5P   4377
       1.67453509911,          30.6121125,       38.3102509507,        5P   4378
       1.71627333398,             31.5996,       38.5732829966,        5P   4379
       1.75721005273,          32.5870875,       38.8363440874,        5P   4380
       1.79733443735,           33.574575,       39.0994365896,        5P   4381
       1.83663725521,          34.5620625,       39.3625628679,        5P   4382
       1.87511063003,            35.54955,       39.6257252835,        5P   4383
       1.91274784604,          36.5370375,       39.8889261928,        5P   4384
       1.94954318047,           37.524525,       40.1521679469,        5P   4385
       1.98549176039,          38.5120125,       40.4154528906,        5P   4386
       2.02058944025,             39.4995,       44.7128001197,        5P   4387
      0.781326071196,                   0,       44.7128000596,        5P   4388
      0.781329289798,         0.008127382,       44.7127989167,        5P   4389
      0.781339441461,         0.032370465,       44.7127885459,        5P   4390
       0.78135923236,         0.072314444,       44.7127404721,        5P   4391
      0.781396184896,         0.127275866,       44.7125916499,        5P   4392
      0.781464052874,         0.196314327,       44.7122373034,        5P   4393
      0.781580387019,         0.278248558,       44.7115369814,        5P   4394
      0.781759146383,         0.371676642,       44.7103352582,        5P   4395
      0.781999825803,               0.475,       44.7084929336,        5P   4396
      0.782276988573,         0.586450739,       44.7059202939,        5P   4397
      0.782535132678,         0.704121907,       44.7026026408,        5P   4398
      0.782692770717,         0.826000117,       44.6986104069,        5P   4399
      0.782656648037,                0.95,       44.6972947555,        5P   4400
       0.78259449154,           0.9874875,       44.6940909598,        5P   4401
      0.782343215801,         1.073999883,       44.6892448703,        5P   4402
      0.781701335518,         1.195878093,       44.6842939266,        5P   4403
      0.780729061293,         1.313549261,       44.6794499903,        5P   4404
      0.779479390954,               1.425,       44.6748927739,        5P   4405
      0.778070747255,         1.528323358,       44.6707591737,        5P   4406
      0.776621937814,         1.621751442,       44.6671449718,        5P   4407
      0.775237454095,         1.703685673,       44.6641144905,        5P   4408
      0.774007739522,         1.772724134,       44.6617119903,        5P   4409
      0.773000701539,         1.827685556,       44.6599702445,        5P   4410
      0.772260012418,         1.867629535,        44.658914155,        5P   4411
      0.771809104438,         1.891872618,       44.6585601761,        5P   4412
      0.771657956175,                 1.9,       44.6551341843,        5P   4413
      0.770224491806,            1.974975,       44.5987474342,        5P   4414
      0.746923444931,           2.9624625,       44.5518238413,        5P   4415
      0.726209056577,               3.765,       44.5410024696,        5P   4416
      0.721177910515,             3.94995,       44.4832577214,        5P   4417
      0.688336008955,           4.9374375,       44.0604250659,        5P   4418
      0.656524137001,               5.694,       43.2936502288,        5P   4419
      0.641543638197,            5.924925,       38.6179704729,        5P   4420
      0.578864425855,           6.9124125,       33.5655984686,        5P   4421
      0.589624028078,              7.8999,       33.2258228927,        5P   4422
      0.595189409487,               8.041,       33.2263177199,        5P   4423
      0.623841500867,           8.8873875,       33.2269349276,        5P   4424
      0.662191750314,            9.874875,       33.2275517233,        5P   4425
      0.705484941514,          10.8623625,        33.228057487,        5P   4426
      0.752639613051,            11.84985,       33.2282389363,        5P   4427
      0.786231618998,           12.508107,       33.3158877315,        5P   4428
      0.804566918935,          12.8373375,       33.5787695259,        5P   4429
      0.858967291666,           13.824825,       33.8416377098,        5P   4430
      0.912476867148,          14.8123125,       34.1044946089,        5P   4431
      0.965096154194,             15.7998,       34.3673425459,        5P   4432
       1.01682564683,          16.7872875,       34.6301838401,        5P   4433
       1.06766582507,           17.774775,       34.8930208081,        5P   4434
       1.11761715565,          18.7622625,       35.1558557634,        5P   4435
       1.16668009271,            19.74975,        35.418691017,        5P   4436
       1.21485507854,          20.7372375,       35.6231080541,        5P   4437
        1.2517087365,           21.505238,       35.6815280962,        5P   4438
       1.26261854541,           21.724725,       35.9443672807,        5P   4439
       1.31115180049,          22.7122125,       36.2072135913,        5P   4440
        1.3587849645,             23.6997,       36.4700693683,        5P   4441
       1.40551944863,          24.6871875,        36.732936945,        5P   4442
       1.45135658662,           25.674675,       36.9958186486,        5P   4443
       1.49629763976,          26.6621625,       37.2587167998,        5P   4444
       1.54034380151,            27.64965,       37.5216337143,        5P   4445
       1.58349620195,          28.6371375,       37.7845717025,        5P   4446
        1.6257559118,           29.624625,       38.0183078781,        5P   4447
       1.66257055945,           30.502369,       38.0475315597,        5P   4448
       1.66738366005,          30.6121125,       38.3105059917,        5P   4449
       1.71015894389,             31.5996,       38.5735100618,        5P   4450
       1.75198234191,          32.5870875,       38.8365459279,        5P   4451
       1.79286483712,           33.574575,       39.0996157467,        5P   4452
       1.83281583744,          34.5620625,       39.3627216763,        5P   4453
       1.87184340484,            35.54955,       39.6258658776,        5P   4454
       1.90995445117,          36.5370375,        39.889050516,        5P   4455
       1.94715490563,           37.524525,       40.1522777618,        5P   4456
       1.98344985795,          38.5120125,       40.4155497908,        5P   4457
       2.01884368087,             39.4995,                   0,        5P   4458
                   1,                   0,                   1;        5P   4459
       128,        21,         3,         3,         3,                7P   4460
         0,         0,         1,         0,         0,                7P   4461
                   0,                   0,                   0,        7P   4462
                   0,    0.00641619095209,     0.0254307594075,        7P   4463
     0.0596288763355,      0.103063694687,      0.156566961603,        7P   4464
      0.224105712151,        0.2937894593,      0.368471408595,        7P   4465
      0.452612338008,      0.531439996705,      0.609180548175,        7P   4466
      0.689751374679,      0.759020166219,      0.821484775531,        7P   4467
      0.879561942127,      0.923169298156,      0.956306677412,        7P   4468
      0.980641249822,                   1,                   1,        7P   4469
                   1,                   1,                   0,        7P   4470
                   0,                   0,                   0,        7P   4471
                   1,                   1,                   1,        7P   4472
                   1,                   1,                   1,        7P   4473
                   1,                   1,                   1,        7P   4474
                   1,                   1,                   1,        7P   4475
                   1,                   1,                   1,        7P   4476
                   1,                   1,                   1,        7P   4477
                   1,                   1,                   1,        7P   4478
                   1,                   1,                   1,        7P   4479
                   1,                   1,                   1,        7P   4480
                   1,                   1,                   1,        7P   4481
                   1,                   1,                   1,        7P   4482
                   1,                   1,                   1,        7P   4483
                   1,                   1,                   1,        7P   4484
                   1,                   1,                   1,        7P   4485
                   1,                   1,                   1,        7P   4486
                   1,                   1,                   1,        7P   4487
                   1,                   1,                   1,        7P   4488
                   1,                   1,                   1,        7P   4489
                   1,                   1,                   1,        7P   4490
                   1,                   1,                   1,        7P   4491
                   1,                   1,                   1,        7P   4492
                   1,                   1,                   1,        7P   4493
                   1,                   1,                   1,        7P   4494
                   1,                   1,                   1,        7P   4495
                   1,                   1,                   1,        7P   4496
                   1,                   1,                   1,        7P   4497
                   1,                   1,                   1,        7P   4498
                   1,                   1,                   1,        7P   4499
                   1,                   1,                   1,        7P   4500
                   1,                   1,                   1,        7P   4501
                   1,                   1,       40.4154528906,        7P   4502
       2.02058944025,             39.4995,       40.4137198659,        7P   4503
       2.02056356941,             39.4995,       40.4068503598,        7P   4504
       2.02055105613,             39.4995,       40.3907432323,        7P   4505
       2.02068832092,             39.4995,       40.3646413791,        7P   4506
       2.02120892617,             39.4995,       40.3292340313,        7P   4507
       2.02230636773,             39.4995,         40.28484084,        7P   4508
       2.02407578172,             39.4995,       40.2333701815,        7P   4509
       2.02637806698,             39.4995,       40.1761833943,        7P   4510
       2.02877508216,             39.4995,       40.1144787584,        7P   4511
       2.03069558076,             39.4995,       40.0502948134,        7P   4512
       2.03136756936,             39.4995,       39.9852525434,        7P   4513
       2.03022280464,             39.4995,       39.9213088211,        7P   4514
       2.02698516798,             39.4995,        39.859966973,        7P   4515
       2.02186015283,             39.4995,       39.8031390387,        7P   4516
       2.01503428221,             39.4995,       39.7521502214,        7P   4517
       2.00793076908,             39.4995,       39.7088474267,        7P   4518
       2.00013876709,             39.4995,       39.6723196822,        7P   4519
       1.99425072303,             39.4995,        39.646834005,        7P   4520
       1.98710854777,             39.4995,       39.6246728515,        7P   4521
       1.98491650756,             39.4995,       39.6158025307,        7P   4522
       1.97608907529,             39.4995,        39.616519317,        7P   4523
       1.97172946061,             39.4995,       40.4154690407,        7P   4524
       2.02029848035,             39.4995,       40.4137478361,        7P   4525
       2.02026310431,       39.4995417673,       40.4069272384,        7P   4526
       2.02020474609,       39.4997114653,        40.390943208,        7P   4527
       2.02032565972,       39.5001477703,        40.365062643,        7P   4528
       2.02105635634,       39.5009467135,       40.3299382211,        7P   4529
       2.02239505479,       39.5018925838,       40.2858931738,        7P   4530
        2.0242046301,       39.5029103674,       40.2348867564,        7P   4531
       2.02655821294,       39.5041652314,       40.1782533326,        7P   4532
       2.02901346311,       39.5055272776,       40.1171454317,        7P   4533
       2.03099347414,       39.5068414619,       40.0535206574,        7P   4534
       2.03171777784,       39.5079035623,       39.9889238244,        7P   4535
       2.03061123286,       39.5085693846,       39.9252489812,        7P   4536
       2.02739283271,       39.5087614314,       39.8639804753,        7P   4537
       2.02226771699,       39.5085140889,       39.8070076315,        7P   4538
       2.01542114798,       39.5078428865,       39.7557617174,        7P   4539
       2.00828738332,       39.5070211084,       39.7120169031,        7P   4540
       2.00044828472,       39.5059109334,       39.6751173434,        7P   4541
       1.99452105164,       39.5050285309,       39.6489722901,        7P   4542
       1.98731297629,       39.5036543918,       39.6265574605,        7P   4543
       1.98509456122,       39.5031159147,        39.616590261,        7P   4544
       1.97616267266,       39.5010015901,       39.6169212545,        7P   4545
       1.97176701349,       39.5002661827,       40.4154851907,        7P   4546
       2.02000752045,             39.4995,       40.4137758063,        7P   4547
       2.01996263921,       39.4995835346,        40.407004117,        7P   4548
       2.01985843605,       39.4999229305,       40.3911431837,        7P   4549
       2.01996299853,       39.5007955406,       40.3654839069,        7P   4550
        2.0209037865,        39.502393427,       40.3306424108,        7P   4551
       2.02248374186,       39.5042851675,       40.2869455077,        7P   4552
       2.02433347848,       39.5063207348,       40.2364033313,        7P   4553
       2.02673835891,       39.5088304628,       40.1803232709,        7P   4554
       2.02925184406,       39.5115545551,       40.1198121049,        7P   4555
       2.03129136752,       39.5141829238,       40.0567465014,        7P   4556
       2.03206798631,       39.5163071246,       39.9925951053,        7P   4557
       2.03099966108,       39.5176387692,       39.9291891412,        7P   4558
       2.02780049744,       39.5180228629,       39.8679939776,        7P   4559
       2.02267528115,       39.5175281778,       39.8108762243,        7P   4560
       2.01580801376,        39.516185773,       39.7593732134,        7P   4561
       2.00864399755,       39.5145422167,       39.7151863795,        7P   4562
       2.00075780235,       39.5123218668,       39.6779150047,        7P   4563
       1.99479138026,       39.5105570618,       39.6511105752,        7P   4564
        1.9875174048,       39.5078087837,       39.6284420695,        7P   4565
       1.98527261488,       39.5067318294,       39.6173779914,        7P   4566
       1.97623627004,       39.5025031802,       39.6173231921,        7P   4567
       1.97180456637,       39.5010323655,       40.4155013407,        7P   4568
       2.01971656056,             39.4995,       40.4137948633,        7P   4569
        2.0196203419,       39.4995835346,       40.4070391676,        7P   4570
       2.01923553933,       39.4999229305,       40.3912367972,        7P   4571
       2.01832937926,       39.5007955406,       40.3657187594,        7P   4572
       2.01685519874,        39.502393427,       40.3310921835,        7P   4573
       2.01482723701,       39.5042851675,       40.2876613413,        7P   4574
       2.01224714671,       39.5063207348,       40.2374519383,        7P   4575
       2.00922825323,       39.5088304628,       40.1817348361,        7P   4576
       2.00582810589,       39.5115545551,       40.1215928673,        7P   4577
       2.00209035586,       39.5141829238,       40.0588242941,        7P   4578
       1.99809061644,       39.5163071246,       39.9948999036,        7P   4579
       1.99388401501,       39.5176387692,       39.9315376776,        7P   4580
       1.98955970785,       39.5180228629,       39.8703503494,        7P   4581
       1.98522502487,       39.5175281778,       39.8129276441,        7P   4582
       1.98104514872,        39.516185773,       39.7613782999,        7P   4583
       1.97730041734,       39.5145422167,       39.7164982654,        7P   4584
       1.97420277332,       39.5123218668,       39.6796423478,        7P   4585
       1.97206568719,       39.5105570618,       39.6514828771,        7P   4586
       1.97098853513,       39.5078087837,       39.6307766657,        7P   4587
       1.97107320945,       39.5067318294,       39.6180947778,        7P   4588
       1.97187665535,       39.5025031802,       39.6173231921,        7P   4589
       1.97180456637,       39.5010323655,                   0,        7P   4590
                   1,                   0,                   1;        7P   4591
       128,        21,         3,         3,         3,                9P   4592
         0,         0,         1,         0,         0,                9P   4593
                   0,                   0,                   0,        9P   4594
                   0,    0.00641619095209,     0.0254307594075,        9P   4595
     0.0596288763355,      0.103063694687,      0.156566961603,        9P   4596
      0.224105712151,        0.2937894593,      0.368471408595,        9P   4597
      0.452612338008,      0.531439996705,      0.609180548175,        9P   4598
      0.689751374679,      0.759020166219,      0.821484775531,        9P   4599
      0.879561942127,      0.923169298156,      0.956306677412,        9P   4600
      0.980641249822,                   1,                   1,        9P   4601
                   1,                   1,                   0,        9P   4602
                   0,                   0,                   0,        9P   4603
                   1,                   1,                   1,        9P   4604
                   1,                   1,                   1,        9P   4605
                   1,                   1,                   1,        9P   4606
                   1,                   1,                   1,        9P   4607
                   1,                   1,                   1,        9P   4608
                   1,                   1,                   1,        9P   4609
                   1,                   1,                   1,        9P   4610
                   1,                   1,                   1,        9P   4611
                   1,                   1,                   1,        9P   4612
                   1,                   1,                   1,        9P   4613
                   1,                   1,                   1,        9P   4614
                   1,                   1,                   1,        9P   4615
                   1,                   1,                   1,        9P   4616
                   1,                   1,                   1,        9P   4617
                   1,                   1,                   1,        9P   4618
                   1,                   1,                   1,        9P   4619
                   1,                   1,                   1,        9P   4620
                   1,                   1,                   1,        9P   4621
                   1,                   1,                   1,        9P   4622
                   1,                   1,                   1,        9P   4623
                   1,                   1,                   1,        9P   4624
                   1,                   1,                   1,        9P   4625
                   1,                   1,                   1,        9P   4626
                   1,                   1,                   1,        9P   4627
                   1,                   1,                   1,        9P   4628
                   1,                   1,                   1,        9P   4629
                   1,                   1,                   1,        9P   4630
                   1,                   1,                   1,        9P   4631
                   1,                   1,                   1,        9P   4632
                   1,                   1,                   1,        9P   4633
                   1,                   1,       40.4155497908,        9P   4634
       2.01884368087,             39.4995,       40.4138252243,        9P   4635
       2.01867114672,             39.4995,       40.4070001145,        9P   4636
       2.01788971652,             39.4995,       40.3910189456,        9P   4637
       2.01587693957,             39.4995,       40.3651587385,        9P   4638
       2.01229024673,             39.4995,       40.3301335767,        9P   4639
       2.00699335802,             39.4995,       40.2862725072,        9P   4640
       1.99990311817,             39.4995,       40.2354673955,        9P   4641
       1.99135785561,             39.4995,       40.1790065247,        9P   4642
       1.98192760582,             39.4995,       40.1180402831,        9P   4643
       1.97229355744,             39.4995,       40.0544503988,        9P   4644
       1.96341282962,             39.4995,         39.98986214,        9P   4645
        1.9559915125,             39.4995,       39.9260058939,        9P   4646
       1.95050358881,             39.4995,       39.8646797167,        9P   4647
       1.94695964026,             39.4995,       39.8072418782,        9P   4648
       1.94550855214,             39.4995,       39.7561603945,        9P   4649
       1.94524360867,             39.4995,       39.7114711985,        9P   4650
       1.94702870903,             39.4995,       39.6757743683,        9P   4651
        1.9487993369,             39.4995,       39.6475786087,        9P   4652
       1.95405080843,             39.4995,        39.629342044,        9P   4653
        1.9565176967,             39.4995,       39.6172361034,        9P   4654
       1.96736984592,             39.4995,        39.616519317,        9P   4655
       1.97172946061,             39.4995,       40.4155336407,        9P   4656
       2.01913464076,             39.4995,       40.4138195723,        9P   4657
       2.01897459565,       39.4995417673,       40.4070371664,        9P   4658
       2.01825117957,       39.4997114653,       40.3911746782,        9P   4659
       2.01628634978,       39.5001477703,       40.3655561753,        9P   4660
       2.01254842885,       39.5009467135,       40.3308377664,        9P   4661
       2.00708204509,       39.5018925838,       40.2873248411,        9P   4662
       2.00003196656,       39.5029103674,       40.2369839704,        9P   4663
       1.99153800157,       39.5041652314,        40.181076463,        9P   4664
       1.98216598677,       39.5055272776,       40.1207069563,        9P   4665
       1.97259145082,       39.5068414619,       40.0576762428,        9P   4666
        1.9637630381,       39.5079035623,       39.9935334209,        9P   4667
       1.95637994073,       39.5085693846,        39.929946054,        9P   4668
       1.95091125354,       39.5087614314,       39.8686932189,        9P   4669
       1.94736720443,       39.5085140889,        39.811110471,        9P   4670
       1.94589541792,       39.5078428865,       39.7597718905,        9P   4671
        1.9456002229,       39.5070211084,       39.7146406749,        9P   4672
       1.94733822666,       39.5059109334,       39.6785720296,        9P   4673
       1.94906966551,       39.5050285309,       39.6497168938,        9P   4674
       1.95425523695,       39.5036543918,        39.631226653,        9P   4675
       1.95669575036,       39.5031159147,       39.6180238337,        9P   4676
       1.96744344329,       39.5010015901,       39.6169212545,        9P   4677
       1.97176701349,       39.5002661827,       40.4155174907,        9P   4678
       2.01942560066,             39.4995,       40.4138139203,        9P   4679
       2.01927804459,       39.4995835346,       40.4070742183,        9P   4680
       2.01861264261,       39.4999229305,       40.3913304108,        9P   4681
       2.01669575999,       39.5007955406,        40.365953612,        9P   4682
       2.01280661097,        39.502393427,       40.3315419562,        9P   4683
       2.00717073216,       39.5042851675,       40.2883771749,        9P   4684
       2.00016081494,       39.5063207348,       40.2385005453,        9P   4685
       1.99171814754,       39.5088304628,       40.1831464013,        9P   4686
       1.98240436772,       39.5115545551,       40.1233736296,        9P   4687
        1.9728893442,       39.5141829238,       40.0609020868,        9P   4688
       1.96411324658,       39.5163071246,       39.9972047018,        9P   4689
       1.95676836895,       39.5176387692,        39.933886214,        9P   4690
       1.95131891826,       39.5180228629,       39.8727067212,        9P   4691
       1.94777476859,       39.5175281778,       39.8149790638,        9P   4692
       1.94628228369,        39.516185773,       39.7633833865,        9P   4693
       1.94595683714,       39.5145422167,       39.7178101513,        9P   4694
       1.94764774429,       39.5123218668,       39.6813696909,        9P   4695
       1.94933999412,       39.5105570618,       39.6518551789,        9P   4696
       1.95445966546,       39.5078087837,        39.633111262,        9P   4697
       1.95687380402,       39.5067318294,       39.6188115641,        9P   4698
       1.96751704066,       39.5025031802,       39.6173231921,        9P   4699
       1.97180456637,       39.5010323655,       40.4155013407,        9P   4700
       2.01971656056,             39.4995,       40.4137948633,        9P   4701
        2.0196203419,       39.4995835346,       40.4070391676,        9P   4702
       2.01923553933,       39.4999229305,       40.3912367972,        9P   4703
       2.01832937926,       39.5007955406,       40.3657187594,        9P   4704
       2.01685519874,        39.502393427,       40.3310921835,        9P   4705
       2.01482723701,       39.5042851675,       40.2876613413,        9P   4706
       2.01224714671,       39.5063207348,       40.2374519383,        9P   4707
       2.00922825323,       39.5088304628,       40.1817348361,        9P   4708
       2.00582810589,       39.5115545551,       40.1215928673,        9P   4709
       2.00209035586,       39.5141829238,       40.0588242941,        9P   4710
       1.99809061644,       39.5163071246,       39.9948999036,        9P   4711
       1.99388401501,       39.5176387692,       39.9315376776,        9P   4712
       1.98955970785,       39.5180228629,       39.8703503494,        9P   4713
       1.98522502487,       39.5175281778,       39.8129276441,        9P   4714
       1.98104514872,        39.516185773,       39.7613782999,        9P   4715
       1.97730041734,       39.5145422167,       39.7164982654,        9P   4716
       1.97420277332,       39.5123218668,       39.6796423478,        9P   4717
       1.97206568719,       39.5105570618,       39.6514828771,        9P   4718
       1.97098853513,       39.5078087837,       39.6307766657,        9P   4719
       1.97107320945,       39.5067318294,       39.6180947778,        9P   4720
       1.97187665535,       39.5025031802,       39.6173231921,        9P   4721
       1.97180456637,       39.5010323655,                   0,        9P   4722
                   1,                   0,                   1;        9P   4723
S      1G      4D     10P   4723                                        T      1
