case_index,case_tag,step_index,n_steps,mesh_span_stations,mesh_chord_stations,time_s,fx_reference_n,fy_reference_n,fz_reference_n,mx_reference_nm,my_reference_nm,mz_reference_nm,lift_n,drag_n,side_n,cl,cd,cy,cm,ld,neuralfoil_outer_profile_cd,neuralfoil_outer_profile_drag_n,neuralfoil_transition_outer_profile_cd,neuralfoil_transition_outer_profile_drag_n,cd_total_lifting_line_plus_outer_profile,drag_total_lifting_line_plus_outer_profile_n,ld_total_lifting_line_plus_outer_profile,cd_total_lifting_line_plus_transition_outer_profile,drag_total_lifting_line_plus_transition_outer_profile_n,ld_total_lifting_line_plus_transition_outer_profile
1,case_0001_steps_0020_mesh_21x1,1,20,21,1,0.0,1251388.09280911,-4.71118255518377e-10,18825544.9370631,6.17769728705753e-08,-194291215.084951,1.39357325679157e-09,18825544.9370631,-1251388.09280911,-4.71118255518377e-10,2.641138516646694,-0.17556407011008957,-6.60957531218802e-17,-1.148268663376105,-15.043730274597396,0.018096552153157742,128988.86355938508,0.03964181102708413,282559.4682646347,-0.1574675179569318,-1122399.229249725,-16.772592537903968,-0.13592225908300543,-968828.6245444752,-19.43124352453409
1,case_0001_steps_0020_mesh_21x1,2,20,21,1,0.005,1390551.34517861,8.59017745824531e-10,2711107.54722735,7.1485466435206e-09,-40247608.6118551,-4.86801354782074e-09,2711107.54722735,-1390551.34517861,8.59017745824531e-10,0.38035608476100596,-0.19508804283776832,1.2051629116528155e-16,-0.2378649375609319,-1.9496637478561576,0.018096552153157742,128988.86355938508,0.03964181102708413,282559.4682646347,-0.17699149068461056,-1261562.481619225,-2.149007747715851,-0.15544623181068418,-1107991.8769139752,-2.4468659055321225
1,case_0001_steps_0020_mesh_21x1,3,20,21,1,0.01,1368403.22472095,5.82758730161004e-10,100838.832042394,-1.43752778569706e-08,-9800434.09076114,5.27001020600437e-09,100838.832042394,-1368403.22472095,5.82758730161004e-10,0.014147230487681309,-0.19198076205478865,8.17584050441018e-17,-0.05792094793881167,-0.07369087577454185,0.018096552153157742,128988.86355938508,0.03964181102708413,282559.4682646347,-0.1738842099016309,-1239414.361161565,-0.08136006423863687,-0.1523389510277045,-1085843.7564563153,-0.09286679731113863
1,case_0001_steps_0020_mesh_21x1,4,20,21,1,0.015,1370449.06761965,-1.72076397575438e-09,457420.727509294,6.50959322001654e-08,-12825594.2336579,-1.963087470358e-08,457420.727509294,-1370449.06761965,-1.72076397575438e-09,0.06417405210719074,-0.19226778452860435,-2.414153762675623e-16,-0.07579976244035208,-0.33377433595820805,0.018096552153157742,128988.86355938508,0.03964181102708413,282559.4682646347,-0.1741712323754466,-1241460.2040602649,-0.3684537982073642,-0.1526259735015202,-1087889.5993550152,-0.42046612797887606
1,case_0001_steps_0020_mesh_21x1,5,20,21,1,0.02,1365908.23288794,-9.18589648790658e-11,526984.529065707,4.12225276136269e-08,-13753276.4564233,-7.66254970585578e-09,526984.529065707,-1365908.23288794,-9.18589648790658e-11,0.07393353775656988,-0.19163072602391082,-1.2887395878976642e-17,-0.0812824005797391,-0.3858125431688068,0.018096552153157742,128988.86355938508,0.03964181102708413,282559.4682646347,-0.17353417387075307,-1236919.369328555,-0.4260459833786688,-0.15198891499682668,-1083348.7646233053,-0.4864403286128696
1,case_0001_steps_0020_mesh_21x1,6,20,21,1,0.025,1441348.38497963,1.0379835657659e-08,-61546.7405780233,-7.94148480309786e-07,2851046.78478838,8.01005057837756e-08,-61546.7405780233,-1441348.38497963,1.0379835657659e-08,-0.008634728378813064,-0.20221463698410697,1.4562438348296116e-15,0.016849797760337685,0.04270080795136363,0.018096552153157742,128988.86355938508,0.03964181102708413,282559.4682646347,-0.1841180848309492,-1312359.5214202448,0.04689777425580528,-0.16257282595702283,-1158788.9167149952,0.05311298692129342
1,case_0001_steps_0020_mesh_21x1,7,20,21,1,0.03,1431842.80130884,-7.98991095507517e-09,-343999.077387729,2.52655102173094e-07,6084595.58959933,-3.71817918676243e-08,-343999.077387729,-1431842.80130884,-7.98991095507517e-09,-0.04826150934897702,-0.20088104673532198,-1.120948245512967e-15,0.03596019738616855,0.24024919290950184,0.018096552153157742,128988.86355938508,0.03964181102708413,282559.4682646347,-0.18278449458216423,-1302853.937749455,0.26403502911612003,-0.16123923570823784,-1149283.3330442053,0.2993161629487388
1,case_0001_steps_0020_mesh_21x1,8,20,21,1,0.035,1524306.71923138,5.3054463933222e-08,3097822.53032741,-4.27277535663961e-06,-66954918.7115923,6.17968908045441e-07,3097822.53032741,-1524306.71923138,5.3054463933222e-08,0.4346104418191705,-0.21385331478077366,7.443300506972506e-15,-0.3957061825044442,-2.0322829331156287,0.018096552153157742,128988.86355938508,0.03964181102708413,282559.4682646347,-0.1957567626276159,-1395317.8556719949,-2.2201554418118423,-0.17421150375368952,-1241747.2509667452,-2.4947287202896105
1,case_0001_steps_0020_mesh_21x1,9,20,21,1,0.04,1620717.07134527,3.63856543117436e-07,-301344.262821732,-2.18303465544523e-05,11663271.9737372,2.12688905776304e-06,-301344.262821732,-1620717.07134527,3.63856543117436e-07,-0.04227723245036351,-0.22737924963273917,5.1047421669553006e-14,0.06893039252453846,0.18593267643661107,0.018096552153157742,128988.86355938508,0.03964181102708413,282559.4682646347,-0.20928269747958142,-1491728.2077858848,0.20201016595979354,-0.18773743860565503,-1338157.6030806352,0.22519340182949546
1,case_0001_steps_0020_mesh_21x1,10,20,21,1,0.045,1699558.47113685,1.59514684128226e-06,-56638.5682534094,-0.000220334296539448,7953992.48380748,3.24412051782019e-05,-56638.5682534094,-1699558.47113685,1.59514684128226e-06,-0.007946134076963363,-0.23844034020897661,2.2379186240306206e-13,0.04700840598424272,0.03332546023881329,0.018096552153157742,128988.86355938508,0.03964181102708413,282559.4682646347,-0.22034378805581886,-1570569.607577465,0.03606243746227327,-0.19879852918189247,-1416999.0028722154,0.039970789068026646
1,case_0001_steps_0020_mesh_21x1,11,20,21,1,0.05,1567516.99719223,1.89580214282614e-06,227739.442398581,1.78882823540505e-05,-13422141.0725795,-1.44481875850033e-05,227739.442398581,-1567516.99719223,1.89580214282614e-06,0.03195081019377757,-0.21991552067276496,2.6597243671293105e-13,-0.0793253775386479,-0.1452867450920869,0.018096552153157742,128988.86355938508,0.03964181102708413,282559.4682646347,-0.2018189685196072,-1438528.133632845,-0.1583142081645981,-0.18027370964568082,-1284957.5289275954,-0.17723499592134273
1,case_0001_steps_0020_mesh_21x1,12,20,21,1,0.055,1566219.77494747,-7.03614091435156e-06,1026674.72267944,0.00162703608020465,-26913353.5258801,-0.000282205918324507,1026674.72267944,-1566219.77494747,-7.03614091435156e-06,0.1440378041220865,-0.2197335262791503,-9.87138637398016e-13,-0.15905896963287147,-0.6555112756853514,0.018096552153157742,128988.86355938508,0.03964181102708413,282559.4682646347,-0.20163697412599255,-1437230.911388085,-0.714342221938347,-0.18009171525206616,-1283660.3066828353,-0.7998025001898802
1,case_0001_steps_0020_mesh_21x1,13,20,21,1,0.06,1468699.99252476,1.90298742381856e-05,-620101.443151766,-0.00756826605971384,7647842.80920833,0.00117182988316245,-620101.443151766,-1468699.99252476,1.90298742381856e-05,-0.08699741820019963,-0.20605194338990587,2.669804990264234e-12,0.045199049459855915,0.4222111025450366,0.018096552153157742,128988.86355938508,0.03964181102708413,282559.4682646347,-0.18795539123674812,-1339711.128965375,0.46286205268045705,-0.16641013236282173,-1186140.5242601254,0.5227891893657073
1,case_0001_steps_0020_mesh_21x1,14,20,21,1,0.065,1375124.4280675,-4.30369643709128e-05,-1341881.44220758,0.0013691951574053,27393756.6937857,0.000189848947854898,-1341881.44220758,-1375124.4280675,-4.30369643709128e-05,-0.18825987633486027,-0.1929237163807396,-6.037890781891062e-12,0.1618981711029504,0.975825470640037,0.018096552153157742,128988.86355938508,0.03964181102708413,282559.4682646347,-0.17482716422758185,-1246135.564508115,1.0768342389274947,-0.15328190535365546,-1092564.9598028653,1.2281937382008843
1,case_0001_steps_0020_mesh_21x1,15,20,21,1,0.07,1356482.90334227,5.35091492110951e-05,-964790.141712585,0.0721437837242114,21660884.0706409,-0.0110111077734132,-964790.141712585,-1356482.90334227,5.35091492110951e-05,-0.1353556782699782,-0.1903083950646541,7.507090787910328e-12,0.12801667017453386,0.7112438640659723,0.018096552153157742,128988.86355938508,0.03964181102708413,282559.4682646347,-0.17221184291149635,-1227494.039782885,0.7859835652507395,-0.15066658403756997,-1073923.4350776353,0.8983788882890325
1,case_0001_steps_0020_mesh_21x1,16,20,21,1,0.075,1398845.60483894,-0.000126816469219193,-1151437.65354347,-0.0619236476933764,23937576.8296206,0.00517943156847878,-1151437.65354347,-1398845.60483894,-0.000126816469219193,-0.16154147709709704,-0.19625168982536964,-1.7791775086442895e-11,0.14147201322814867,0.8231341969123489,0.018096552153157742,128988.86355938508,0.03964181102708413,282559.4682646347,-0.1781551376722119,-1269856.741279555,0.9067461045906946,-0.1566098787982855,-1116286.1365743054,1.0314897012669517
1,case_0001_steps_0020_mesh_21x1,17,20,21,1,0.08,1333924.69250435,-0.00729257464536204,-2497121.35062749,1.48593861009229,32254451.1899193,-0.191377119547667,-2497121.35062749,-1333924.69250435,-0.00729257464536204,-0.35033479253493394,-0.18714358046248186,-1.0231151260576244e-09,0.19062506526393724,1.8720107399311423,0.018096552153157742,128988.86355938508,0.03964181102708413,282559.4682646347,-0.1690470283093241,-1204935.828944965,2.072410240148602,-0.14750176943539772,-1051365.2242397154,2.375122643449862
1,case_0001_steps_0020_mesh_21x1,18,20,21,1,0.085,1262257.70060091,0.0146440505270675,-2614515.1119915,-2.49395202417501,32565836.0286068,0.315086154605922,-2614515.1119915,-1262257.70060091,0.0146440505270675,-0.36680460447339713,-0.1770890267525529,2.054493828256327e-09,0.1924653618123887,2.071300583665946,0.018096552153157742,128988.86355938508,0.03964181102708413,282559.4682646347,-0.15899247459939514,-1133268.837041525,2.30705638991792,-0.13744721572546875,-979698.2323362753,2.668694324125395
1,case_0001_steps_0020_mesh_21x1,19,20,21,1,0.09,1311367.88857207,-0.248193877773247,2287982.56058374,51.4119940721738,-27087161.0600596,-7.13425523006742,2287982.56058374,-1311367.88857207,-0.248193877773247,0.32099356944917046,-0.18397896324278576,-3.4820474646248865e-08,-0.16008617894271973,-1.7447297440500025,0.018096552153157742,128988.86355938508,0.03964181102708413,282559.4682646347,-0.165882411089628,-1182379.025012685,-1.935066938927806,-0.14433715221570162,-1028808.4203074353,-2.2239150802245864
1,case_0001_steps_0020_mesh_21x1,20,20,21,1,0.095,1336431.68338819,-9.20383898880254,2423781.30562937,1488.25574530823,-36346683.2815113,-221.036724122459,2423781.30562937,-1336431.68338819,-9.20383898880254,0.34004551706882064,-0.18749529990573452,-1.291256839342959e-06,-0.21481031662480082,-1.8136215533924451,0.018096552153157742,128988.86355938508,0.03964181102708413,282559.4682646347,-0.16939874775257677,-1207442.819828805,-2.0073673600320228,-0.14785348887865038,-1053872.2151235554,-2.299881589861639
2,case_0002_steps_0030_mesh_21x1,1,30,21,1,0.0,1251388.09280911,-4.71118255518377e-10,18825544.9370631,6.17769728705753e-08,-194291215.084951,1.39357325679157e-09,18825544.9370631,-1251388.09280911,-4.71118255518377e-10,2.641138516646694,-0.17556407011008957,-6.60957531218802e-17,-1.148268663376105,-15.043730274597396,0.018096552153157742,128988.86355938508,0.03964181102708413,282559.4682646347,-0.1574675179569318,-1122399.229249725,-16.772592537903968,-0.13592225908300543,-968828.6245444752,-19.43124352453409
2,case_0002_steps_0030_mesh_21x1,2,30,21,1,0.005,1390551.34517861,8.59017745824531e-10,2711107.54722735,7.1485466435206e-09,-40247608.6118551,-4.86801354782074e-09,2711107.54722735,-1390551.34517861,8.59017745824531e-10,0.38035608476100596,-0.19508804283776832,1.2051629116528155e-16,-0.2378649375609319,-1.9496637478561576,0.018096552153157742,128988.86355938508,0.03964181102708413,282559.4682646347,-0.17699149068461056,-1261562.481619225,-2.149007747715851,-0.15544623181068418,-1107991.8769139752,-2.4468659055321225
2,case_0002_steps_0030_mesh_21x1,3,30,21,1,0.01,1368403.22472095,5.82758730161004e-10,100838.832042394,-1.43752778569706e-08,-9800434.09076114,5.27001020600437e-09,100838.832042394,-1368403.22472095,5.82758730161004e-10,0.014147230487681309,-0.19198076205478865,8.17584050441018e-17,-0.05792094793881167,-0.07369087577454185,0.018096552153157742,128988.86355938508,0.03964181102708413,282559.4682646347,-0.1738842099016309,-1239414.361161565,-0.08136006423863687,-0.1523389510277045,-1085843.7564563153,-0.09286679731113863
2,case_0002_steps_0030_mesh_21x1,4,30,21,1,0.015,1370449.06761965,-1.72076397575438e-09,457420.727509294,6.50959322001654e-08,-12825594.2336579,-1.963087470358e-08,457420.727509294,-1370449.06761965,-1.72076397575438e-09,0.06417405210719074,-0.19226778452860435,-2.414153762675623e-16,-0.07579976244035208,-0.33377433595820805,0.018096552153157742,128988.86355938508,0.03964181102708413,282559.4682646347,-0.1741712323754466,-1241460.2040602649,-0.3684537982073642,-0.1526259735015202,-1087889.5993550152,-0.42046612797887606
2,case_0002_steps_0030_mesh_21x1,5,30,21,1,0.02,1365908.23288794,-9.18589648790658e-11,526984.529065707,4.12225276136269e-08,-13753276.4564233,-7.66254970585578e-09,526984.529065707,-1365908.23288794,-9.18589648790658e-11,0.07393353775656988,-0.19163072602391082,-1.2887395878976642e-17,-0.0812824005797391,-0.3858125431688068,0.018096552153157742,128988.86355938508,0.03964181102708413,282559.4682646347,-0.17353417387075307,-1236919.369328555,-0.4260459833786688,-0.15198891499682668,-1083348.7646233053,-0.4864403286128696
2,case_0002_steps_0030_mesh_21x1,6,30,21,1,0.025,1441348.38497963,1.0379835657659e-08,-61546.7405780233,-7.94148480309786e-07,2851046.78478838,8.01005057837756e-08,-61546.7405780233,-1441348.38497963,1.0379835657659e-08,-0.008634728378813064,-0.20221463698410697,1.4562438348296116e-15,0.016849797760337685,0.04270080795136363,0.018096552153157742,128988.86355938508,0.03964181102708413,282559.4682646347,-0.1841180848309492,-1312359.5214202448,0.04689777425580528,-0.16257282595702283,-1158788.9167149952,0.05311298692129342
2,case_0002_steps_0030_mesh_21x1,7,30,21,1,0.03,1431842.80130884,-7.98991095507517e-09,-343999.077387729,2.52655102173094e-07,6084595.58959933,-3.71817918676243e-08,-343999.077387729,-1431842.80130884,-7.98991095507517e-09,-0.04826150934897702,-0.20088104673532198,-1.120948245512967e-15,0.03596019738616855,0.24024919290950184,0.018096552153157742,128988.86355938508,0.03964181102708413,282559.4682646347,-0.18278449458216423,-1302853.937749455,0.26403502911612003,-0.16123923570823784,-1149283.3330442053,0.2993161629487388
2,case_0002_steps_0030_mesh_21x1,8,30,21,1,0.035,1524306.71923138,5.3054463933222e-08,3097822.53032741,-4.27277535663961e-06,-66954918.7115923,6.17968908045441e-07,3097822.53032741,-1524306.71923138,5.3054463933222e-08,0.4346104418191705,-0.21385331478077366,7.443300506972506e-15,-0.3957061825044442,-2.0322829331156287,0.018096552153157742,128988.86355938508,0.03964181102708413,282559.4682646347,-0.1957567626276159,-1395317.8556719949,-2.2201554418118423,-0.17421150375368952,-1241747.2509667452,-2.4947287202896105
2,case_0002_steps_0030_mesh_21x1,9,30,21,1,0.04,1620717.07134527,3.63856543117436e-07,-301344.262821732,-2.18303465544523e-05,11663271.9737372,2.12688905776304e-06,-301344.262821732,-1620717.07134527,3.63856543117436e-07,-0.04227723245036351,-0.22737924963273917,5.1047421669553006e-14,0.06893039252453846,0.18593267643661107,0.018096552153157742,128988.86355938508,0.03964181102708413,282559.4682646347,-0.20928269747958142,-1491728.2077858848,0.20201016595979354,-0.18773743860565503,-1338157.6030806352,0.22519340182949546
2,case_0002_steps_0030_mesh_21x1,10,30,21,1,0.045,1699558.47113685,1.59514684128226e-06,-56638.5682534094,-0.000220334296539448,7953992.48380748,3.24412051782019e-05,-56638.5682534094,-1699558.47113685,1.59514684128226e-06,-0.007946134076963363,-0.23844034020897661,2.2379186240306206e-13,0.04700840598424272,0.03332546023881329,0.018096552153157742,128988.86355938508,0.03964181102708413,282559.4682646347,-0.22034378805581886,-1570569.607577465,0.03606243746227327,-0.19879852918189247,-1416999.0028722154,0.039970789068026646
2,case_0002_steps_0030_mesh_21x1,11,30,21,1,0.05,1567516.99719223,1.89580214282614e-06,227739.442398581,1.78882823540505e-05,-13422141.0725795,-1.44481875850033e-05,227739.442398581,-1567516.99719223,1.89580214282614e-06,0.03195081019377757,-0.21991552067276496,2.6597243671293105e-13,-0.0793253775386479,-0.1452867450920869,0.018096552153157742,128988.86355938508,0.03964181102708413,282559.4682646347,-0.2018189685196072,-1438528.133632845,-0.1583142081645981,-0.18027370964568082,-1284957.5289275954,-0.17723499592134273
2,case_0002_steps_0030_mesh_21x1,12,30,21,1,0.055,1566219.77494747,-7.03614091435156e-06,1026674.72267944,0.00162703608020465,-26913353.5258801,-0.000282205918324507,1026674.72267944,-1566219.77494747,-7.03614091435156e-06,0.1440378041220865,-0.2197335262791503,-9.87138637398016e-13,-0.15905896963287147,-0.6555112756853514,0.018096552153157742,128988.86355938508,0.03964181102708413,282559.4682646347,-0.20163697412599255,-1437230.911388085,-0.714342221938347,-0.18009171525206616,-1283660.3066828353,-0.7998025001898802
2,case_0002_steps_0030_mesh_21x1,13,30,21,1,0.06,1468699.99252476,1.90298742381856e-05,-620101.443151766,-0.00756826605971384,7647842.80920833,0.00117182988316245,-620101.443151766,-1468699.99252476,1.90298742381856e-05,-0.08699741820019963,-0.20605194338990587,2.669804990264234e-12,0.045199049459855915,0.4222111025450366,0.018096552153157742,128988.86355938508,0.03964181102708413,282559.4682646347,-0.18795539123674812,-1339711.128965375,0.46286205268045705,-0.16641013236282173,-1186140.5242601254,0.5227891893657073
2,case_0002_steps_0030_mesh_21x1,14,30,21,1,0.065,1375124.4280675,-4.30369643709128e-05,-1341881.44220758,0.0013691951574053,27393756.6937857,0.000189848947854898,-1341881.44220758,-1375124.4280675,-4.30369643709128e-05,-0.18825987633486027,-0.1929237163807396,-6.037890781891062e-12,0.1618981711029504,0.975825470640037,0.018096552153157742,128988.86355938508,0.03964181102708413,282559.4682646347,-0.17482716422758185,-1246135.564508115,1.0768342389274947,-0.15328190535365546,-1092564.9598028653,1.2281937382008843
2,case_0002_steps_0030_mesh_21x1,15,30,21,1,0.07,1356482.90334227,5.35091492110951e-05,-964790.141712585,0.0721437837242114,21660884.0706409,-0.0110111077734132,-964790.141712585,-1356482.90334227,5.35091492110951e-05,-0.1353556782699782,-0.1903083950646541,7.507090787910328e-12,0.12801667017453386,0.7112438640659723,0.018096552153157742,128988.86355938508,0.03964181102708413,282559.4682646347,-0.17221184291149635,-1227494.039782885,0.7859835652507395,-0.15066658403756997,-1073923.4350776353,0.8983788882890325
2,case_0002_steps_0030_mesh_21x1,16,30,21,1,0.075,1398845.60483894,-0.000126816469219193,-1151437.65354347,-0.0619236476933764,23937576.8296206,0.00517943156847878,-1151437.65354347,-1398845.60483894,-0.000126816469219193,-0.16154147709709704,-0.19625168982536964,-1.7791775086442895e-11,0.14147201322814867,0.8231341969123489,0.018096552153157742,128988.86355938508,0.03964181102708413,282559.4682646347,-0.1781551376722119,-1269856.741279555,0.9067461045906946,-0.1566098787982855,-1116286.1365743054,1.0314897012669517
2,case_0002_steps_0030_mesh_21x1,17,30,21,1,0.08,1333924.69250435,-0.00729257464536204,-2497121.35062749,1.48593861009229,32254451.1899193,-0.191377119547667,-2497121.35062749,-1333924.69250435,-0.00729257464536204,-0.35033479253493394,-0.18714358046248186,-1.0231151260576244e-09,0.19062506526393724,1.8720107399311423,0.018096552153157742,128988.86355938508,0.03964181102708413,282559.4682646347,-0.1690470283093241,-1204935.828944965,2.072410240148602,-0.14750176943539772,-1051365.2242397154,2.375122643449862
2,case_0002_steps_0030_mesh_21x1,18,30,21,1,0.085,1262257.70060091,0.0146440505270675,-2614515.1119915,-2.49395202417501,32565836.0286068,0.315086154605922,-2614515.1119915,-1262257.70060091,0.0146440505270675,-0.36680460447339713,-0.1770890267525529,2.054493828256327e-09,0.1924653618123887,2.071300583665946,0.018096552153157742,128988.86355938508,0.03964181102708413,282559.4682646347,-0.15899247459939514,-1133268.837041525,2.30705638991792,-0.13744721572546875,-979698.2323362753,2.668694324125395
2,case_0002_steps_0030_mesh_21x1,19,30,21,1,0.09,1311367.88857207,-0.248193877773247,2287982.56058374,51.4119940721738,-27087161.0600596,-7.13425523006742,2287982.56058374,-1311367.88857207,-0.248193877773247,0.32099356944917046,-0.18397896324278576,-3.4820474646248865e-08,-0.16008617894271973,-1.7447297440500025,0.018096552153157742,128988.86355938508,0.03964181102708413,282559.4682646347,-0.165882411089628,-1182379.025012685,-1.935066938927806,-0.14433715221570162,-1028808.4203074353,-2.2239150802245864
2,case_0002_steps_0030_mesh_21x1,20,30,21,1,0.095,1336431.68338819,-9.20383898880254,2423781.30562937,1488.25574530823,-36346683.2815113,-221.036724122459,2423781.30562937,-1336431.68338819,-9.20383898880254,0.34004551706882064,-0.18749529990573452,-1.291256839342959e-06,-0.21481031662480082,-1.8136215533924451,0.018096552153157742,128988.86355938508,0.03964181102708413,282559.4682646347,-0.16939874775257677,-1207442.819828805,-2.0073673600320228,-0.14785348887865038,-1053872.2151235554,-2.299881589861639
2,case_0002_steps_0030_mesh_21x1,21,30,21,1,0.1,1498722.33371884,86.5566572730984,3644274.53661437,-17704.3186809259,-76681975.8788894,2817.36861890739,3644274.53661437,-1498722.33371884,86.5566572730984,0.5112751782785077,-0.21026394160577072,1.2143506185900169e-05,-0.4531934699620454,-2.4315875293401983,0.018096552153157742,128988.86355938508,0.03964181102708413,282559.4682646347,-0.19216738945261297,-1369733.470159455,-2.660572013466334,-0.17062213057868658,-1216162.8654542053,-2.9965349544309
2,case_0002_steps_0030_mesh_21x1,22,30,21,1,0.105,1481271.41893857,-704.238541228006,729305.286988744,81557.7330470553,-20373946.7948493,-18370.4801314418,729305.286988744,-1481271.41893857,-704.238541228006,0.10231822187881597,-0.20781565746148817,-9.880147121172989e-05,-0.1204108206518162,-0.4923508802399901,0.018096552153157742,128988.86355938508,0.03964181102708413,282559.4682646347,-0.18971910530833042,-1352282.555379185,-0.5393142757685314,-0.16817384643440403,-1198711.9506739352,-0.6084074548340965
2,case_0002_steps_0030_mesh_21x1,23,30,21,1,0.11,1471689.41263928,-29.1998340019784,-1460707.2821658,40998.7823881017,29151833.151339,-9575.63236730015,-1460707.2821658,-1471689.41263928,-29.1998340019784,-0.2049306024007327,-0.20647134546476176,-4.0966041896870705e-06,0.172288471576109,0.9925377390234906,0.018096552153157742,128988.86355938508,0.03964181102708413,282559.4682646347,-0.188374793311604,-1342700.549079895,1.0878876032088993,-0.16682953443767762,-1189129.9443746454,1.2283832301725235
2,case_0002_steps_0030_mesh_21x1,24,30,21,1,0.115,1362434.71856834,-1132.08149041129,646695.162264715,631802.930548265,-23261031.1938976,-103535.966536482,646695.162264715,-1362434.71856834,-1132.08149041129,0.09072839629857123,-0.1911434077290997,-0.00015882589525583786,-0.13747360211879966,-0.4746613936440703,0.018096552153157742,128988.86355938508,0.03964181102708413,282559.4682646347,-0.17304685557594196,-1233445.8550089549,-0.5242995950235853,-0.15150159670201557,-1079875.2503037052,-0.5988609907328071
2,case_0002_steps_0030_mesh_21x1,25,30,21,1,0.12,1393506.38225384,-14139.6352521578,805581.253067062,2872514.40322455,-20821288.6369492,-510248.016638601,805581.253067062,-1393506.38225384,-14139.6352521578,0.11301939374807025,-0.19550262112825614,-0.0019837266544293383,-0.1230546283961636,-0.5780965651295581,0.018096552153157742,128988.86355938508,0.03964181102708413,282559.4682646347,-0.1774060689750984,-1264517.518694455,-0.6370661071574402,-0.155860810101172,-1110946.9139892054,-0.725130285635673
2,case_0002_steps_0030_mesh_21x1,26,30,21,1,0.125,1410115.84967536,14311.6745146459,1166751.77616916,-1448616.79910312,-28930357.0805085,83214.0525371041,1166751.77616916,-1410115.84967536,14311.6745146459,0.16368997899972884,-0.19783285402693834,0.002007862982171875,-0.1709795393543864,-0.8274155463451972,0.018096552153157742,128988.86355938508,0.03964181102708413,282559.4682646347,-0.1797363018737806,-1281126.9861159748,-0.9107229718940125,-0.1581910429998542,-1127556.3814107252,-1.0347613612983113
2,case_0002_steps_0030_mesh_21x1,27,30,21,1,0.13,1406615.2985258,49581.1109298237,1991260.55211739,-7156325.10403148,-43535213.3493243,1131823.80056539,1991260.55211739,-1406615.2985258,49581.1109298237,0.27936481830718607,-0.19734174258758805,0.006956004844092382,-0.25729480985830844,-1.4156397660428734,0.018096552153157742,128988.86355938508,0.03964181102708413,282559.4682646347,-0.1792451904344303,-1277626.434966415,-1.558562422958738,-0.1576999315605039,-1124055.8302611653,-1.7714961290265598
2,case_0002_steps_0030_mesh_21x1,28,30,21,1,0.135,1381789.30667179,19423.6104470033,-532447.482634248,-7347415.05784609,6901707.14764808,1181079.12443165,-532447.482634248,-1381789.30667179,19423.6104470033,-0.07469996534911835,-0.19385876860097623,0.002725044393425389,0.040789358582054645,0.38533188819988295,0.018096552153157742,128988.86355938508,0.03964181102708413,282559.4682646347,-0.17576221644781848,-1252800.443112405,0.4250058224049297,-0.1542169575738921,-1099229.8384071554,0.4843823048015088
2,case_0002_steps_0030_mesh_21x1,29,30,21,1,0.14,1122686.70934936,-2028.19457156769,-429610.010936524,-1603085.71023564,-7257148.99665589,661121.014265723,-429610.010936524,-1122686.70934936,-2028.19457156769,-0.06027233478843852,-0.15750785011020838,-0.00028454649361437555,-0.042890033780826106,0.3826624180716448,0.018096552153157742,128988.86355938508,0.03964181102708413,282559.4682646347,-0.13941129795705062,-993697.845789975,0.4323346505747836,-0.11786603908312424,-840127.2410847254,0.5113630292261867
2,case_0002_steps_0030_mesh_21x1,30,30,21,1,0.145,1057123.41919121,-833541.400781738,-8085824.51295191,43374697.6198739,139477704.785142,-10519599.5699665,-8085824.51295191,-1057123.41919121,-833541.400781738,-1.1344044823881159,-0.14830961805404844,-0.11694207557785224,0.8243186784043492,7.648893559787236,0.018096552153157742,128988.86355938508,0.03964181102708413,282559.4682646347,-0.13021306590089068,-928134.555631825,8.711909780632515,-0.1086678070269643,-774563.9509265753,10.439195502552382
3,case_0003_steps_0040_mesh_21x1,1,40,21,1,0.0,1251388.09280911,-4.71118255518377e-10,18825544.9370631,6.17769728705753e-08,-194291215.084951,1.39357325679157e-09,18825544.9370631,-1251388.09280911,-4.71118255518377e-10,2.641138516646694,-0.17556407011008957,-6.60957531218802e-17,-1.148268663376105,-15.043730274597396,0.018096552153157742,128988.86355938508,0.03964181102708413,282559.4682646347,-0.1574675179569318,-1122399.229249725,-16.772592537903968,-0.13592225908300543,-968828.6245444752,-19.43124352453409
3,case_0003_steps_0040_mesh_21x1,2,40,21,1,0.005,1390551.34517861,8.59017745824531e-10,2711107.54722735,7.1485466435206e-09,-40247608.6118551,-4.86801354782074e-09,2711107.54722735,-1390551.34517861,8.59017745824531e-10,0.38035608476100596,-0.19508804283776832,1.2051629116528155e-16,-0.2378649375609319,-1.9496637478561576,0.018096552153157742,128988.86355938508,0.03964181102708413,282559.4682646347,-0.17699149068461056,-1261562.481619225,-2.149007747715851,-0.15544623181068418,-1107991.8769139752,-2.4468659055321225
3,case_0003_steps_0040_mesh_21x1,3,40,21,1,0.01,1368403.22472095,5.82758730161004e-10,100838.832042394,-1.43752778569706e-08,-9800434.09076114,5.27001020600437e-09,100838.832042394,-1368403.22472095,5.82758730161004e-10,0.014147230487681309,-0.19198076205478865,8.17584050441018e-17,-0.05792094793881167,-0.07369087577454185,0.018096552153157742,128988.86355938508,0.03964181102708413,282559.4682646347,-0.1738842099016309,-1239414.361161565,-0.08136006423863687,-0.1523389510277045,-1085843.7564563153,-0.09286679731113863
3,case_0003_steps_0040_mesh_21x1,4,40,21,1,0.015,1370449.06761965,-1.72076397575438e-09,457420.727509294,6.50959322001654e-08,-12825594.2336579,-1.963087470358e-08,457420.727509294,-1370449.06761965,-1.72076397575438e-09,0.06417405210719074,-0.19226778452860435,-2.414153762675623e-16,-0.07579976244035208,-0.33377433595820805,0.018096552153157742,128988.86355938508,0.03964181102708413,282559.4682646347,-0.1741712323754466,-1241460.2040602649,-0.3684537982073642,-0.1526259735015202,-1087889.5993550152,-0.42046612797887606
3,case_0003_steps_0040_mesh_21x1,5,40,21,1,0.02,1365908.23288794,-9.18589648790658e-11,526984.529065707,4.12225276136269e-08,-13753276.4564233,-7.66254970585578e-09,526984.529065707,-1365908.23288794,-9.18589648790658e-11,0.07393353775656988,-0.19163072602391082,-1.2887395878976642e-17,-0.0812824005797391,-0.3858125431688068,0.018096552153157742,128988.86355938508,0.03964181102708413,282559.4682646347,-0.17353417387075307,-1236919.369328555,-0.4260459833786688,-0.15198891499682668,-1083348.7646233053,-0.4864403286128696
3,case_0003_steps_0040_mesh_21x1,6,40,21,1,0.025,1441348.38497963,1.0379835657659e-08,-61546.7405780233,-7.94148480309786e-07,2851046.78478838,8.01005057837756e-08,-61546.7405780233,-1441348.38497963,1.0379835657659e-08,-0.008634728378813064,-0.20221463698410697,1.4562438348296116e-15,0.016849797760337685,0.04270080795136363,0.018096552153157742,128988.86355938508,0.03964181102708413,282559.4682646347,-0.1841180848309492,-1312359.5214202448,0.04689777425580528,-0.16257282595702283,-1158788.9167149952,0.05311298692129342
3,case_0003_steps_0040_mesh_21x1,7,40,21,1,0.03,1431842.80130884,-7.98991095507517e-09,-343999.077387729,2.52655102173094e-07,6084595.58959933,-3.71817918676243e-08,-343999.077387729,-1431842.80130884,-7.98991095507517e-09,-0.04826150934897702,-0.20088104673532198,-1.120948245512967e-15,0.03596019738616855,0.24024919290950184,0.018096552153157742,128988.86355938508,0.03964181102708413,282559.4682646347,-0.18278449458216423,-1302853.937749455,0.26403502911612003,-0.16123923570823784,-1149283.3330442053,0.2993161629487388
3,case_0003_steps_0040_mesh_21x1,8,40,21,1,0.035,1524306.71923138,5.3054463933222e-08,3097822.53032741,-4.27277535663961e-06,-66954918.7115923,6.17968908045441e-07,3097822.53032741,-1524306.71923138,5.3054463933222e-08,0.4346104418191705,-0.21385331478077366,7.443300506972506e-15,-0.3957061825044442,-2.0322829331156287,0.018096552153157742,128988.86355938508,0.03964181102708413,282559.4682646347,-0.1957567626276159,-1395317.8556719949,-2.2201554418118423,-0.17421150375368952,-1241747.2509667452,-2.4947287202896105
3,case_0003_steps_0040_mesh_21x1,9,40,21,1,0.04,1620717.07134527,3.63856543117436e-07,-301344.262821732,-2.18303465544523e-05,11663271.9737372,2.12688905776304e-06,-301344.262821732,-1620717.07134527,3.63856543117436e-07,-0.04227723245036351,-0.22737924963273917,5.1047421669553006e-14,0.06893039252453846,0.18593267643661107,0.018096552153157742,128988.86355938508,0.03964181102708413,282559.4682646347,-0.20928269747958142,-1491728.2077858848,0.20201016595979354,-0.18773743860565503,-1338157.6030806352,0.22519340182949546
3,case_0003_steps_0040_mesh_21x1,10,40,21,1,0.045,1699558.47113685,1.59514684128226e-06,-56638.5682534094,-0.000220334296539448,7953992.48380748,3.24412051782019e-05,-56638.5682534094,-1699558.47113685,1.59514684128226e-06,-0.007946134076963363,-0.23844034020897661,2.2379186240306206e-13,0.04700840598424272,0.03332546023881329,0.018096552153157742,128988.86355938508,0.03964181102708413,282559.4682646347,-0.22034378805581886,-1570569.607577465,0.03606243746227327,-0.19879852918189247,-1416999.0028722154,0.039970789068026646
3,case_0003_steps_0040_mesh_21x1,11,40,21,1,0.05,1567516.99719223,1.89580214282614e-06,227739.442398581,1.78882823540505e-05,-13422141.0725795,-1.44481875850033e-05,227739.442398581,-1567516.99719223,1.89580214282614e-06,0.03195081019377757,-0.21991552067276496,2.6597243671293105e-13,-0.0793253775386479,-0.1452867450920869,0.018096552153157742,128988.86355938508,0.03964181102708413,282559.4682646347,-0.2018189685196072,-1438528.133632845,-0.1583142081645981,-0.18027370964568082,-1284957.5289275954,-0.17723499592134273
3,case_0003_steps_0040_mesh_21x1,12,40,21,1,0.055,1566219.77494747,-7.03614091435156e-06,1026674.72267944,0.00162703608020465,-26913353.5258801,-0.000282205918324507,1026674.72267944,-1566219.77494747,-7.03614091435156e-06,0.1440378041220865,-0.2197335262791503,-9.87138637398016e-13,-0.15905896963287147,-0.6555112756853514,0.018096552153157742,128988.86355938508,0.03964181102708413,282559.4682646347,-0.20163697412599255,-1437230.911388085,-0.714342221938347,-0.18009171525206616,-1283660.3066828353,-0.7998025001898802
3,case_0003_steps_0040_mesh_21x1,13,40,21,1,0.06,1468699.99252476,1.90298742381856e-05,-620101.443151766,-0.00756826605971384,7647842.80920833,0.00117182988316245,-620101.443151766,-1468699.99252476,1.90298742381856e-05,-0.08699741820019963,-0.20605194338990587,2.669804990264234e-12,0.045199049459855915,0.4222111025450366,0.018096552153157742,128988.86355938508,0.03964181102708413,282559.4682646347,-0.18795539123674812,-1339711.128965375,0.46286205268045705,-0.16641013236282173,-1186140.5242601254,0.5227891893657073
3,case_0003_steps_0040_mesh_21x1,14,40,21,1,0.065,1375124.4280675,-4.30369643709128e-05,-1341881.44220758,0.0013691951574053,27393756.6937857,0.000189848947854898,-1341881.44220758,-1375124.4280675,-4.30369643709128e-05,-0.18825987633486027,-0.1929237163807396,-6.037890781891062e-12,0.1618981711029504,0.975825470640037,0.018096552153157742,128988.86355938508,0.03964181102708413,282559.4682646347,-0.17482716422758185,-1246135.564508115,1.0768342389274947,-0.15328190535365546,-1092564.9598028653,1.2281937382008843
3,case_0003_steps_0040_mesh_21x1,15,40,21,1,0.07,1356482.90334227,5.35091492110951e-05,-964790.141712585,0.0721437837242114,21660884.0706409,-0.0110111077734132,-964790.141712585,-1356482.90334227,5.35091492110951e-05,-0.1353556782699782,-0.1903083950646541,7.507090787910328e-12,0.12801667017453386,0.7112438640659723,0.018096552153157742,128988.86355938508,0.03964181102708413,282559.4682646347,-0.17221184291149635,-1227494.039782885,0.7859835652507395,-0.15066658403756997,-1073923.4350776353,0.8983788882890325
3,case_0003_steps_0040_mesh_21x1,16,40,21,1,0.075,1398845.60483894,-0.000126816469219193,-1151437.65354347,-0.0619236476933764,23937576.8296206,0.00517943156847878,-1151437.65354347,-1398845.60483894,-0.000126816469219193,-0.16154147709709704,-0.19625168982536964,-1.7791775086442895e-11,0.14147201322814867,0.8231341969123489,0.018096552153157742,128988.86355938508,0.03964181102708413,282559.4682646347,-0.1781551376722119,-1269856.741279555,0.9067461045906946,-0.1566098787982855,-1116286.1365743054,1.0314897012669517
3,case_0003_steps_0040_mesh_21x1,17,40,21,1,0.08,1333924.69250435,-0.00729257464536204,-2497121.35062749,1.48593861009229,32254451.1899193,-0.191377119547667,-2497121.35062749,-1333924.69250435,-0.00729257464536204,-0.35033479253493394,-0.18714358046248186,-1.0231151260576244e-09,0.19062506526393724,1.8720107399311423,0.018096552153157742,128988.86355938508,0.03964181102708413,282559.4682646347,-0.1690470283093241,-1204935.828944965,2.072410240148602,-0.14750176943539772,-1051365.2242397154,2.375122643449862
3,case_0003_steps_0040_mesh_21x1,18,40,21,1,0.085,1262257.70060091,0.0146440505270675,-2614515.1119915,-2.49395202417501,32565836.0286068,0.315086154605922,-2614515.1119915,-1262257.70060091,0.0146440505270675,-0.36680460447339713,-0.1770890267525529,2.054493828256327e-09,0.1924653618123887,2.071300583665946,0.018096552153157742,128988.86355938508,0.03964181102708413,282559.4682646347,-0.15899247459939514,-1133268.837041525,2.30705638991792,-0.13744721572546875,-979698.2323362753,2.668694324125395
3,case_0003_steps_0040_mesh_21x1,19,40,21,1,0.09,1311367.88857207,-0.248193877773247,2287982.56058374,51.4119940721738,-27087161.0600596,-7.13425523006742,2287982.56058374,-1311367.88857207,-0.248193877773247,0.32099356944917046,-0.18397896324278576,-3.4820474646248865e-08,-0.16008617894271973,-1.7447297440500025,0.018096552153157742,128988.86355938508,0.03964181102708413,282559.4682646347,-0.165882411089628,-1182379.025012685,-1.935066938927806,-0.14433715221570162,-1028808.4203074353,-2.2239150802245864
3,case_0003_steps_0040_mesh_21x1,20,40,21,1,0.095,1336431.68338819,-9.20383898880254,2423781.30562937,1488.25574530823,-36346683.2815113,-221.036724122459,2423781.30562937,-1336431.68338819,-9.20383898880254,0.34004551706882064,-0.18749529990573452,-1.291256839342959e-06,-0.21481031662480082,-1.8136215533924451,0.018096552153157742,128988.86355938508,0.03964181102708413,282559.4682646347,-0.16939874775257677,-1207442.819828805,-2.0073673600320228,-0.14785348887865038,-1053872.2151235554,-2.299881589861639
3,case_0003_steps_0040_mesh_21x1,21,40,21,1,0.1,1498722.33371884,86.5566572730984,3644274.53661437,-17704.3186809259,-76681975.8788894,2817.36861890739,3644274.53661437,-1498722.33371884,86.5566572730984,0.5112751782785077,-0.21026394160577072,1.2143506185900169e-05,-0.4531934699620454,-2.4315875293401983,0.018096552153157742,128988.86355938508,0.03964181102708413,282559.4682646347,-0.19216738945261297,-1369733.470159455,-2.660572013466334,-0.17062213057868658,-1216162.8654542053,-2.9965349544309
3,case_0003_steps_0040_mesh_21x1,22,40,21,1,0.105,1481271.41893857,-704.238541228006,729305.286988744,81557.7330470553,-20373946.7948493,-18370.4801314418,729305.286988744,-1481271.41893857,-704.238541228006,0.10231822187881597,-0.20781565746148817,-9.880147121172989e-05,-0.1204108206518162,-0.4923508802399901,0.018096552153157742,128988.86355938508,0.03964181102708413,282559.4682646347,-0.18971910530833042,-1352282.555379185,-0.5393142757685314,-0.16817384643440403,-1198711.9506739352,-0.6084074548340965
3,case_0003_steps_0040_mesh_21x1,23,40,21,1,0.11,1471689.41263928,-29.1998340019784,-1460707.2821658,40998.7823881017,29151833.151339,-9575.63236730015,-1460707.2821658,-1471689.41263928,-29.1998340019784,-0.2049306024007327,-0.20647134546476176,-4.0966041896870705e-06,0.172288471576109,0.9925377390234906,0.018096552153157742,128988.86355938508,0.03964181102708413,282559.4682646347,-0.188374793311604,-1342700.549079895,1.0878876032088993,-0.16682953443767762,-1189129.9443746454,1.2283832301725235
3,case_0003_steps_0040_mesh_21x1,24,40,21,1,0.115,1362434.71856834,-1132.08149041129,646695.162264715,631802.930548265,-23261031.1938976,-103535.966536482,646695.162264715,-1362434.71856834,-1132.08149041129,0.09072839629857123,-0.1911434077290997,-0.00015882589525583786,-0.13747360211879966,-0.4746613936440703,0.018096552153157742,128988.86355938508,0.03964181102708413,282559.4682646347,-0.17304685557594196,-1233445.8550089549,-0.5242995950235853,-0.15150159670201557,-1079875.2503037052,-0.5988609907328071
3,case_0003_steps_0040_mesh_21x1,25,40,21,1,0.12,1393506.38225384,-14139.6352521578,805581.253067062,2872514.40322455,-20821288.6369492,-510248.016638601,805581.253067062,-1393506.38225384,-14139.6352521578,0.11301939374807025,-0.19550262112825614,-0.0019837266544293383,-0.1230546283961636,-0.5780965651295581,0.018096552153157742,128988.86355938508,0.03964181102708413,282559.4682646347,-0.1774060689750984,-1264517.518694455,-0.6370661071574402,-0.155860810101172,-1110946.9139892054,-0.725130285635673
3,case_0003_steps_0040_mesh_21x1,26,40,21,1,0.125,1410115.84967536,14311.6745146459,1166751.77616916,-1448616.79910312,-28930357.0805085,83214.0525371041,1166751.77616916,-1410115.84967536,14311.6745146459,0.16368997899972884,-0.19783285402693834,0.002007862982171875,-0.1709795393543864,-0.8274155463451972,0.018096552153157742,128988.86355938508,0.03964181102708413,282559.4682646347,-0.1797363018737806,-1281126.9861159748,-0.9107229718940125,-0.1581910429998542,-1127556.3814107252,-1.0347613612983113
3,case_0003_steps_0040_mesh_21x1,27,40,21,1,0.13,1406615.2985258,49581.1109298237,1991260.55211739,-7156325.10403148,-43535213.3493243,1131823.80056539,1991260.55211739,-1406615.2985258,49581.1109298237,0.27936481830718607,-0.19734174258758805,0.006956004844092382,-0.25729480985830844,-1.4156397660428734,0.018096552153157742,128988.86355938508,0.03964181102708413,282559.4682646347,-0.1792451904344303,-1277626.434966415,-1.558562422958738,-0.1576999315605039,-1124055.8302611653,-1.7714961290265598
3,case_0003_steps_0040_mesh_21x1,28,40,21,1,0.135,1381789.30667179,19423.6104470033,-532447.482634248,-7347415.05784609,6901707.14764808,1181079.12443165,-532447.482634248,-1381789.30667179,19423.6104470033,-0.07469996534911835,-0.19385876860097623,0.002725044393425389,0.040789358582054645,0.38533188819988295,0.018096552153157742,128988.86355938508,0.03964181102708413,282559.4682646347,-0.17576221644781848,-1252800.443112405,0.4250058224049297,-0.1542169575738921,-1099229.8384071554,0.4843823048015088
3,case_0003_steps_0040_mesh_21x1,29,40,21,1,0.14,1122686.70934936,-2028.19457156769,-429610.010936524,-1603085.71023564,-7257148.99665589,661121.014265723,-429610.010936524,-1122686.70934936,-2028.19457156769,-0.06027233478843852,-0.15750785011020838,-0.00028454649361437555,-0.042890033780826106,0.3826624180716448,0.018096552153157742,128988.86355938508,0.03964181102708413,282559.4682646347,-0.13941129795705062,-993697.845789975,0.4323346505747836,-0.11786603908312424,-840127.2410847254,0.5113630292261867
3,case_0003_steps_0040_mesh_21x1,30,40,21,1,0.145,1057123.41919121,-833541.400781738,-8085824.51295191,43374697.6198739,139477704.785142,-10519599.5699665,-8085824.51295191,-1057123.41919121,-833541.400781738,-1.1344044823881159,-0.14830961805404844,-0.11694207557785224,0.8243186784043492,7.648893559787236,0.018096552153157742,128988.86355938508,0.03964181102708413,282559.4682646347,-0.13021306590089068,-928134.555631825,8.711909780632515,-0.1086678070269643,-774563.9509265753,10.439195502552382
3,case_0003_steps_0040_mesh_21x1,31,40,21,1,0.15,1258581.11062706,-205372.472564776,11860699.075019,34592796.9513762,-191800169.374025,-9962825.36134455,11860699.075019,-1258581.11062706,-205372.472564776,1.6640022515213047,-0.1765732178650909,-0.028812825836552737,-1.133546486011353,-9.423865474279738,0.018096552153157742,128988.86355938508,0.03964181102708413,282559.4682646347,-0.15847666571193314,-1129592.247067675,-10.499982720143805,-0.13693140683800675,-976021.6423624253,-12.152086142588605
3,case_0003_steps_0040_mesh_21x1,32,40,21,1,0.155,855106.119633061,-618842.383606937,-11934634.3824464,30905733.4218464,50678544.7918358,-19208948.7001888,-11934634.3824464,-855106.119633061,-618842.383606937,-1.6743750396047015,-0.11996750776317795,-0.08682077786018734,0.29951217745240566,13.956904422070718,0.018096552153157742,128988.86355938508,0.03964181102708413,282559.4682646347,-0.10187095561002021,-726117.2560736759,16.436235721735066,-0.08032569673609383,-572546.6513684263,20.844824354350507
3,case_0003_steps_0040_mesh_21x1,33,40,21,1,0.16,686263.367635352,590235.694517192,1743143.89483081,-15108524.7809824,-20199036.1757905,4865986.95855714,1743143.89483081,-686263.367635352,590235.694517192,0.24455517734475843,-0.0962796359353708,0.08280738920975238,-0.11937709206728335,-2.5400509149091497,0.018096552153157742,128988.86355938508,0.03964181102708413,282559.4682646347,-0.07818308378221306,-557274.5040759669,-3.127980702654193,-0.056637824908286664,-403703.89937071723,-4.317877279728969
3,case_0003_steps_0040_mesh_21x1,34,40,21,1,0.165,1301416.96334372,-69996.1116210987,18113385.4604352,3417436.56363244,-285473734.533523,-4644978.52118509,18113385.4604352,-1301416.96334372,-69996.1116210987,2.5412257741468034,-0.18258289359461724,-0.009820136789454646,-1.6871609117193873,-13.918202982306783,0.018096552153157742,128988.86355938508,0.03964181102708413,282559.4682646347,-0.1644863414414595,-1172428.099784335,-15.449463778433074,-0.1429410825675331,-1018857.4950790852,-17.778134378870337
3,case_0003_steps_0040_mesh_21x1,35,40,21,1,0.17,1139518.69620309,662437.025297799,-1948210.70666379,-9767508.55885722,-6680085.83898297,11472546.4288184,-1948210.70666379,-1139518.69620309,662437.025297799,-0.2733251203678536,-0.15986930147534542,0.09293690823909949,-0.039479567999061584,1.7096785802245156,0.018096552153157742,128988.86355938508,0.03964181102708413,282559.4682646347,-0.14177274932218767,-1010529.832643705,1.927910135583988,-0.12022749044826128,-856959.2279384553,2.27339953074606
3,case_0003_steps_0040_mesh_21x1,36,40,21,1,0.175,1704392.64133254,296700.968874249,-19976691.5221166,-15854066.3281328,178014470.295334,6062458.28654387,-19976691.5221166,-1704392.64133254,296700.968874249,-2.8026391581556362,-0.2391185523479902,0.041625799382698864,1.0520724664687178,11.720709792843442,0.018096552153157742,128988.86355938508,0.03964181102708413,282559.4682646347,-0.22102200019483245,-1575403.777773155,12.680362840283273,-0.19947674132090606,-1421833.1730679052,14.049954594189607
3,case_0003_steps_0040_mesh_21x1,37,40,21,1,0.18,1929765.0722316,131462.143580418,16089665.997959,17651719.8877842,-214522538.920105,784417.184775058,16089665.997959,-1929765.0722316,131462.143580418,2.257307118028088,-0.27073728157085136,0.018443542115352263,-1.2678365767702542,-8.337629398252474,0.018096552153157742,128988.86355938508,0.03964181102708413,282559.4682646347,-0.2526407294176936,-1800776.208672215,-8.934850383114822,-0.23109547054376722,-1647205.6039669653,-9.767855305500573
3,case_0003_steps_0040_mesh_21x1,38,40,21,1,0.185,2230786.5615859,-591685.661357492,-9974455.98150724,58957673.1039996,113151383.001881,-7424600.63596753,-9974455.98150724,-2230786.5615859,-591685.661357492,-1.3993709060443051,-0.3129692303686122,-0.08301081297690385,0.6687290892792986,4.471273116517364,0.018096552153157742,128988.86355938508,0.03964181102708413,282559.4682646347,-0.29487267821545443,-2101797.6980265146,4.745678421321313,-0.27332741934152804,-1948227.0933212652,5.1197604302397615
3,case_0003_steps_0040_mesh_21x1,39,40,21,1,0.19,2070880.1714466,176841.322042984,1749619.46796742,-14247308.6894251,-45988231.3875254,4656974.17359433,1749619.46796742,-2070880.1714466,176841.322042984,0.24546367086702517,-0.2905350895526744,0.02481003490437667,-0.2717922421932243,-0.8448675553956531,0.018096552153157742,128988.86355938508,0.03964181102708413,282559.4682646347,-0.2724385373995166,-1941891.307887215,-0.900987331711687,-0.25089327852559024,-1788320.7031819653,-0.9783588955014142
3,case_0003_steps_0040_mesh_21x1,40,40,21,1,0.195,2215844.24649631,-214567.542278876,-862957.09908849,23347455.6645667,-1594981.89038243,-78868.4198546742,-862957.09908849,-2215844.24649631,-214567.542278876,-0.12106896454981854,-0.31087289137588053,-0.030102852386453487,-0.009426405216405403,0.3894484463215303,0.018096552153157742,128988.86355938508,0.03964181102708413,282559.4682646347,-0.2927763392227228,-2086855.382936925,0.4135203168098845,-0.2712310803487964,-1933284.7782316753,0.44636833062835896
4,case_0004_steps_0050_mesh_21x1,1,50,21,1,0.0,1251388.09280911,-4.71118255518377e-10,18825544.9370631,6.17769728705753e-08,-194291215.084951,1.39357325679157e-09,18825544.9370631,-1251388.09280911,-4.71118255518377e-10,2.641138516646694,-0.17556407011008957,-6.60957531218802e-17,-1.148268663376105,-15.043730274597396,0.018096552153157742,128988.86355938508,0.03964181102708413,282559.4682646347,-0.1574675179569318,-1122399.229249725,-16.772592537903968,-0.13592225908300543,-968828.6245444752,-19.43124352453409
4,case_0004_steps_0050_mesh_21x1,2,50,21,1,0.005,1390551.34517861,8.59017745824531e-10,2711107.54722735,7.1485466435206e-09,-40247608.6118551,-4.86801354782074e-09,2711107.54722735,-1390551.34517861,8.59017745824531e-10,0.38035608476100596,-0.19508804283776832,1.2051629116528155e-16,-0.2378649375609319,-1.9496637478561576,0.018096552153157742,128988.86355938508,0.03964181102708413,282559.4682646347,-0.17699149068461056,-1261562.481619225,-2.149007747715851,-0.15544623181068418,-1107991.8769139752,-2.4468659055321225
4,case_0004_steps_0050_mesh_21x1,3,50,21,1,0.01,1368403.22472095,5.82758730161004e-10,100838.832042394,-1.43752778569706e-08,-9800434.09076114,5.27001020600437e-09,100838.832042394,-1368403.22472095,5.82758730161004e-10,0.014147230487681309,-0.19198076205478865,8.17584050441018e-17,-0.05792094793881167,-0.07369087577454185,0.018096552153157742,128988.86355938508,0.03964181102708413,282559.4682646347,-0.1738842099016309,-1239414.361161565,-0.08136006423863687,-0.1523389510277045,-1085843.7564563153,-0.09286679731113863
4,case_0004_steps_0050_mesh_21x1,4,50,21,1,0.015,1370449.06761965,-1.72076397575438e-09,457420.727509294,6.50959322001654e-08,-12825594.2336579,-1.963087470358e-08,457420.727509294,-1370449.06761965,-1.72076397575438e-09,0.06417405210719074,-0.19226778452860435,-2.414153762675623e-16,-0.07579976244035208,-0.33377433595820805,0.018096552153157742,128988.86355938508,0.03964181102708413,282559.4682646347,-0.1741712323754466,-1241460.2040602649,-0.3684537982073642,-0.1526259735015202,-1087889.5993550152,-0.42046612797887606
4,case_0004_steps_0050_mesh_21x1,5,50,21,1,0.02,1365908.23288794,-9.18589648790658e-11,526984.529065707,4.12225276136269e-08,-13753276.4564233,-7.66254970585578e-09,526984.529065707,-1365908.23288794,-9.18589648790658e-11,0.07393353775656988,-0.19163072602391082,-1.2887395878976642e-17,-0.0812824005797391,-0.3858125431688068,0.018096552153157742,128988.86355938508,0.03964181102708413,282559.4682646347,-0.17353417387075307,-1236919.369328555,-0.4260459833786688,-0.15198891499682668,-1083348.7646233053,-0.4864403286128696
4,case_0004_steps_0050_mesh_21x1,6,50,21,1,0.025,1441348.38497963,1.0379835657659e-08,-61546.7405780233,-7.94148480309786e-07,2851046.78478838,8.01005057837756e-08,-61546.7405780233,-1441348.38497963,1.0379835657659e-08,-0.008634728378813064,-0.20221463698410697,1.4562438348296116e-15,0.016849797760337685,0.04270080795136363,0.018096552153157742,128988.86355938508,0.03964181102708413,282559.4682646347,-0.1841180848309492,-1312359.5214202448,0.04689777425580528,-0.16257282595702283,-1158788.9167149952,0.05311298692129342
4,case_0004_steps_0050_mesh_21x1,7,50,21,1,0.03,1431842.80130884,-7.98991095507517e-09,-343999.077387729,2.52655102173094e-07,6084595.58959933,-3.71817918676243e-08,-343999.077387729,-1431842.80130884,-7.98991095507517e-09,-0.04826150934897702,-0.20088104673532198,-1.120948245512967e-15,0.03596019738616855,0.24024919290950184,0.018096552153157742,128988.86355938508,0.03964181102708413,282559.4682646347,-0.18278449458216423,-1302853.937749455,0.26403502911612003,-0.16123923570823784,-1149283.3330442053,0.2993161629487388
4,case_0004_steps_0050_mesh_21x1,8,50,21,1,0.035,1524306.71923138,5.3054463933222e-08,3097822.53032741,-4.27277535663961e-06,-66954918.7115923,6.17968908045441e-07,3097822.53032741,-1524306.71923138,5.3054463933222e-08,0.4346104418191705,-0.21385331478077366,7.443300506972506e-15,-0.3957061825044442,-2.0322829331156287,0.018096552153157742,128988.86355938508,0.03964181102708413,282559.4682646347,-0.1957567626276159,-1395317.8556719949,-2.2201554418118423,-0.17421150375368952,-1241747.2509667452,-2.4947287202896105
4,case_0004_steps_0050_mesh_21x1,9,50,21,1,0.04,1620717.07134527,3.63856543117436e-07,-301344.262821732,-2.18303465544523e-05,11663271.9737372,2.12688905776304e-06,-301344.262821732,-1620717.07134527,3.63856543117436e-07,-0.04227723245036351,-0.22737924963273917,5.1047421669553006e-14,0.06893039252453846,0.18593267643661107,0.018096552153157742,128988.86355938508,0.03964181102708413,282559.4682646347,-0.20928269747958142,-1491728.2077858848,0.20201016595979354,-0.18773743860565503,-1338157.6030806352,0.22519340182949546
4,case_0004_steps_0050_mesh_21x1,10,50,21,1,0.045,1699558.47113685,1.59514684128226e-06,-56638.5682534094,-0.000220334296539448,7953992.48380748,3.24412051782019e-05,-56638.5682534094,-1699558.47113685,1.59514684128226e-06,-0.007946134076963363,-0.23844034020897661,2.2379186240306206e-13,0.04700840598424272,0.03332546023881329,0.018096552153157742,128988.86355938508,0.03964181102708413,282559.4682646347,-0.22034378805581886,-1570569.607577465,0.03606243746227327,-0.19879852918189247,-1416999.0028722154,0.039970789068026646
4,case_0004_steps_0050_mesh_21x1,11,50,21,1,0.05,1567516.99719223,1.89580214282614e-06,227739.442398581,1.78882823540505e-05,-13422141.0725795,-1.44481875850033e-05,227739.442398581,-1567516.99719223,1.89580214282614e-06,0.03195081019377757,-0.21991552067276496,2.6597243671293105e-13,-0.0793253775386479,-0.1452867450920869,0.018096552153157742,128988.86355938508,0.03964181102708413,282559.4682646347,-0.2018189685196072,-1438528.133632845,-0.1583142081645981,-0.18027370964568082,-1284957.5289275954,-0.17723499592134273
4,case_0004_steps_0050_mesh_21x1,12,50,21,1,0.055,1566219.77494747,-7.03614091435156e-06,1026674.72267944,0.00162703608020465,-26913353.5258801,-0.000282205918324507,1026674.72267944,-1566219.77494747,-7.03614091435156e-06,0.1440378041220865,-0.2197335262791503,-9.87138637398016e-13,-0.15905896963287147,-0.6555112756853514,0.018096552153157742,128988.86355938508,0.03964181102708413,282559.4682646347,-0.20163697412599255,-1437230.911388085,-0.714342221938347,-0.18009171525206616,-1283660.3066828353,-0.7998025001898802
4,case_0004_steps_0050_mesh_21x1,13,50,21,1,0.06,1468699.99252476,1.90298742381856e-05,-620101.443151766,-0.00756826605971384,7647842.80920833,0.00117182988316245,-620101.443151766,-1468699.99252476,1.90298742381856e-05,-0.08699741820019963,-0.20605194338990587,2.669804990264234e-12,0.045199049459855915,0.4222111025450366,0.018096552153157742,128988.86355938508,0.03964181102708413,282559.4682646347,-0.18795539123674812,-1339711.128965375,0.46286205268045705,-0.16641013236282173,-1186140.5242601254,0.5227891893657073
4,case_0004_steps_0050_mesh_21x1,14,50,21,1,0.065,1375124.4280675,-4.30369643709128e-05,-1341881.44220758,0.0013691951574053,27393756.6937857,0.000189848947854898,-1341881.44220758,-1375124.4280675,-4.30369643709128e-05,-0.18825987633486027,-0.1929237163807396,-6.037890781891062e-12,0.1618981711029504,0.975825470640037,0.018096552153157742,128988.86355938508,0.03964181102708413,282559.4682646347,-0.17482716422758185,-1246135.564508115,1.0768342389274947,-0.15328190535365546,-1092564.9598028653,1.2281937382008843
4,case_0004_steps_0050_mesh_21x1,15,50,21,1,0.07,1356482.90334227,5.35091492110951e-05,-964790.141712585,0.0721437837242114,21660884.0706409,-0.0110111077734132,-964790.141712585,-1356482.90334227,5.35091492110951e-05,-0.1353556782699782,-0.1903083950646541,7.507090787910328e-12,0.12801667017453386,0.7112438640659723,0.018096552153157742,128988.86355938508,0.03964181102708413,282559.4682646347,-0.17221184291149635,-1227494.039782885,0.7859835652507395,-0.15066658403756997,-1073923.4350776353,0.8983788882890325
4,case_0004_steps_0050_mesh_21x1,16,50,21,1,0.075,1398845.60483894,-0.000126816469219193,-1151437.65354347,-0.0619236476933764,23937576.8296206,0.00517943156847878,-1151437.65354347,-1398845.60483894,-0.000126816469219193,-0.16154147709709704,-0.19625168982536964,-1.7791775086442895e-11,0.14147201322814867,0.8231341969123489,0.018096552153157742,128988.86355938508,0.03964181102708413,282559.4682646347,-0.1781551376722119,-1269856.741279555,0.9067461045906946,-0.1566098787982855,-1116286.1365743054,1.0314897012669517
4,case_0004_steps_0050_mesh_21x1,17,50,21,1,0.08,1333924.69250435,-0.00729257464536204,-2497121.35062749,1.48593861009229,32254451.1899193,-0.191377119547667,-2497121.35062749,-1333924.69250435,-0.00729257464536204,-0.35033479253493394,-0.18714358046248186,-1.0231151260576244e-09,0.19062506526393724,1.8720107399311423,0.018096552153157742,128988.86355938508,0.03964181102708413,282559.4682646347,-0.1690470283093241,-1204935.828944965,2.072410240148602,-0.14750176943539772,-1051365.2242397154,2.375122643449862
4,case_0004_steps_0050_mesh_21x1,18,50,21,1,0.085,1262257.70060091,0.0146440505270675,-2614515.1119915,-2.49395202417501,32565836.0286068,0.315086154605922,-2614515.1119915,-1262257.70060091,0.0146440505270675,-0.36680460447339713,-0.1770890267525529,2.054493828256327e-09,0.1924653618123887,2.071300583665946,0.018096552153157742,128988.86355938508,0.03964181102708413,282559.4682646347,-0.15899247459939514,-1133268.837041525,2.30705638991792,-0.13744721572546875,-979698.2323362753,2.668694324125395
4,case_0004_steps_0050_mesh_21x1,19,50,21,1,0.09,1311367.88857207,-0.248193877773247,2287982.56058374,51.4119940721738,-27087161.0600596,-7.13425523006742,2287982.56058374,-1311367.88857207,-0.248193877773247,0.32099356944917046,-0.18397896324278576,-3.4820474646248865e-08,-0.16008617894271973,-1.7447297440500025,0.018096552153157742,128988.86355938508,0.03964181102708413,282559.4682646347,-0.165882411089628,-1182379.025012685,-1.935066938927806,-0.14433715221570162,-1028808.4203074353,-2.2239150802245864
4,case_0004_steps_0050_mesh_21x1,20,50,21,1,0.095,1336431.68338819,-9.20383898880254,2423781.30562937,1488.25574530823,-36346683.2815113,-221.036724122459,2423781.30562937,-1336431.68338819,-9.20383898880254,0.34004551706882064,-0.18749529990573452,-1.291256839342959e-06,-0.21481031662480082,-1.8136215533924451,0.018096552153157742,128988.86355938508,0.03964181102708413,282559.4682646347,-0.16939874775257677,-1207442.819828805,-2.0073673600320228,-0.14785348887865038,-1053872.2151235554,-2.299881589861639
4,case_0004_steps_0050_mesh_21x1,21,50,21,1,0.1,1498722.33371884,86.5566572730984,3644274.53661437,-17704.3186809259,-76681975.8788894,2817.36861890739,3644274.53661437,-1498722.33371884,86.5566572730984,0.5112751782785077,-0.21026394160577072,1.2143506185900169e-05,-0.4531934699620454,-2.4315875293401983,0.018096552153157742,128988.86355938508,0.03964181102708413,282559.4682646347,-0.19216738945261297,-1369733.470159455,-2.660572013466334,-0.17062213057868658,-1216162.8654542053,-2.9965349544309
4,case_0004_steps_0050_mesh_21x1,22,50,21,1,0.105,1481271.41893857,-704.238541228006,729305.286988744,81557.7330470553,-20373946.7948493,-18370.4801314418,729305.286988744,-1481271.41893857,-704.238541228006,0.10231822187881597,-0.20781565746148817,-9.880147121172989e-05,-0.1204108206518162,-0.4923508802399901,0.018096552153157742,128988.86355938508,0.03964181102708413,282559.4682646347,-0.18971910530833042,-1352282.555379185,-0.5393142757685314,-0.16817384643440403,-1198711.9506739352,-0.6084074548340965
4,case_0004_steps_0050_mesh_21x1,23,50,21,1,0.11,1471689.41263928,-29.1998340019784,-1460707.2821658,40998.7823881017,29151833.151339,-9575.63236730015,-1460707.2821658,-1471689.41263928,-29.1998340019784,-0.2049306024007327,-0.20647134546476176,-4.0966041896870705e-06,0.172288471576109,0.9925377390234906,0.018096552153157742,128988.86355938508,0.03964181102708413,282559.4682646347,-0.188374793311604,-1342700.549079895,1.0878876032088993,-0.16682953443767762,-1189129.9443746454,1.2283832301725235
4,case_0004_steps_0050_mesh_21x1,24,50,21,1,0.115,1362434.71856834,-1132.08149041129,646695.162264715,631802.930548265,-23261031.1938976,-103535.966536482,646695.162264715,-1362434.71856834,-1132.08149041129,0.09072839629857123,-0.1911434077290997,-0.00015882589525583786,-0.13747360211879966,-0.4746613936440703,0.018096552153157742,128988.86355938508,0.03964181102708413,282559.4682646347,-0.17304685557594196,-1233445.8550089549,-0.5242995950235853,-0.15150159670201557,-1079875.2503037052,-0.5988609907328071
4,case_0004_steps_0050_mesh_21x1,25,50,21,1,0.12,1393506.38225384,-14139.6352521578,805581.253067062,2872514.40322455,-20821288.6369492,-510248.016638601,805581.253067062,-1393506.38225384,-14139.6352521578,0.11301939374807025,-0.19550262112825614,-0.0019837266544293383,-0.1230546283961636,-0.5780965651295581,0.018096552153157742,128988.86355938508,0.03964181102708413,282559.4682646347,-0.1774060689750984,-1264517.518694455,-0.6370661071574402,-0.155860810101172,-1110946.9139892054,-0.725130285635673
4,case_0004_steps_0050_mesh_21x1,26,50,21,1,0.125,1410115.84967536,14311.6745146459,1166751.77616916,-1448616.79910312,-28930357.0805085,83214.0525371041,1166751.77616916,-1410115.84967536,14311.6745146459,0.16368997899972884,-0.19783285402693834,0.002007862982171875,-0.1709795393543864,-0.8274155463451972,0.018096552153157742,128988.86355938508,0.03964181102708413,282559.4682646347,-0.1797363018737806,-1281126.9861159748,-0.9107229718940125,-0.1581910429998542,-1127556.3814107252,-1.0347613612983113
4,case_0004_steps_0050_mesh_21x1,27,50,21,1,0.13,1406615.2985258,49581.1109298237,1991260.55211739,-7156325.10403148,-43535213.3493243,1131823.80056539,1991260.55211739,-1406615.2985258,49581.1109298237,0.27936481830718607,-0.19734174258758805,0.006956004844092382,-0.25729480985830844,-1.4156397660428734,0.018096552153157742,128988.86355938508,0.03964181102708413,282559.4682646347,-0.1792451904344303,-1277626.434966415,-1.558562422958738,-0.1576999315605039,-1124055.8302611653,-1.7714961290265598
4,case_0004_steps_0050_mesh_21x1,28,50,21,1,0.135,1381789.30667179,19423.6104470033,-532447.482634248,-7347415.05784609,6901707.14764808,1181079.12443165,-532447.482634248,-1381789.30667179,19423.6104470033,-0.07469996534911835,-0.19385876860097623,0.002725044393425389,0.040789358582054645,0.38533188819988295,0.018096552153157742,128988.86355938508,0.03964181102708413,282559.4682646347,-0.17576221644781848,-1252800.443112405,0.4250058224049297,-0.1542169575738921,-1099229.8384071554,0.4843823048015088
4,case_0004_steps_0050_mesh_21x1,29,50,21,1,0.14,1122686.70934936,-2028.19457156769,-429610.010936524,-1603085.71023564,-7257148.99665589,661121.014265723,-429610.010936524,-1122686.70934936,-2028.19457156769,-0.06027233478843852,-0.15750785011020838,-0.00028454649361437555,-0.042890033780826106,0.3826624180716448,0.018096552153157742,128988.86355938508,0.03964181102708413,282559.4682646347,-0.13941129795705062,-993697.845789975,0.4323346505747836,-0.11786603908312424,-840127.2410847254,0.5113630292261867
4,case_0004_steps_0050_mesh_21x1,30,50,21,1,0.145,1057123.41919121,-833541.400781738,-8085824.51295191,43374697.6198739,139477704.785142,-10519599.5699665,-8085824.51295191,-1057123.41919121,-833541.400781738,-1.1344044823881159,-0.14830961805404844,-0.11694207557785224,0.8243186784043492,7.648893559787236,0.018096552153157742,128988.86355938508,0.03964181102708413,282559.4682646347,-0.13021306590089068,-928134.555631825,8.711909780632515,-0.1086678070269643,-774563.9509265753,10.439195502552382
4,case_0004_steps_0050_mesh_21x1,31,50,21,1,0.15,1258581.11062706,-205372.472564776,11860699.075019,34592796.9513762,-191800169.374025,-9962825.36134455,11860699.075019,-1258581.11062706,-205372.472564776,1.6640022515213047,-0.1765732178650909,-0.028812825836552737,-1.133546486011353,-9.423865474279738,0.018096552153157742,128988.86355938508,0.03964181102708413,282559.4682646347,-0.15847666571193314,-1129592.247067675,-10.499982720143805,-0.13693140683800675,-976021.6423624253,-12.152086142588605
4,case_0004_steps_0050_mesh_21x1,32,50,21,1,0.155,855106.119633061,-618842.383606937,-11934634.3824464,30905733.4218464,50678544.7918358,-19208948.7001888,-11934634.3824464,-855106.119633061,-618842.383606937,-1.6743750396047015,-0.11996750776317795,-0.08682077786018734,0.29951217745240566,13.956904422070718,0.018096552153157742,128988.86355938508,0.03964181102708413,282559.4682646347,-0.10187095561002021,-726117.2560736759,16.436235721735066,-0.08032569673609383,-572546.6513684263,20.844824354350507
4,case_0004_steps_0050_mesh_21x1,33,50,21,1,0.16,686263.367635352,590235.694517192,1743143.89483081,-15108524.7809824,-20199036.1757905,4865986.95855714,1743143.89483081,-686263.367635352,590235.694517192,0.24455517734475843,-0.0962796359353708,0.08280738920975238,-0.11937709206728335,-2.5400509149091497,0.018096552153157742,128988.86355938508,0.03964181102708413,282559.4682646347,-0.07818308378221306,-557274.5040759669,-3.127980702654193,-0.056637824908286664,-403703.89937071723,-4.317877279728969
4,case_0004_steps_0050_mesh_21x1,34,50,21,1,0.165,1301416.96334372,-69996.1116210987,18113385.4604352,3417436.56363244,-285473734.533523,-4644978.52118509,18113385.4604352,-1301416.96334372,-69996.1116210987,2.5412257741468034,-0.18258289359461724,-0.009820136789454646,-1.6871609117193873,-13.918202982306783,0.018096552153157742,128988.86355938508,0.03964181102708413,282559.4682646347,-0.1644863414414595,-1172428.099784335,-15.449463778433074,-0.1429410825675331,-1018857.4950790852,-17.778134378870337
4,case_0004_steps_0050_mesh_21x1,35,50,21,1,0.17,1139518.69620309,662437.025297799,-1948210.70666379,-9767508.55885722,-6680085.83898297,11472546.4288184,-1948210.70666379,-1139518.69620309,662437.025297799,-0.2733251203678536,-0.15986930147534542,0.09293690823909949,-0.039479567999061584,1.7096785802245156,0.018096552153157742,128988.86355938508,0.03964181102708413,282559.4682646347,-0.14177274932218767,-1010529.832643705,1.927910135583988,-0.12022749044826128,-856959.2279384553,2.27339953074606
4,case_0004_steps_0050_mesh_21x1,36,50,21,1,0.175,1704392.64133254,296700.968874249,-19976691.5221166,-15854066.3281328,178014470.295334,6062458.28654387,-19976691.5221166,-1704392.64133254,296700.968874249,-2.8026391581556362,-0.2391185523479902,0.041625799382698864,1.0520724664687178,11.720709792843442,0.018096552153157742,128988.86355938508,0.03964181102708413,282559.4682646347,-0.22102200019483245,-1575403.777773155,12.680362840283273,-0.19947674132090606,-1421833.1730679052,14.049954594189607
4,case_0004_steps_0050_mesh_21x1,37,50,21,1,0.18,1929765.0722316,131462.143580418,16089665.997959,17651719.8877842,-214522538.920105,784417.184775058,16089665.997959,-1929765.0722316,131462.143580418,2.257307118028088,-0.27073728157085136,0.018443542115352263,-1.2678365767702542,-8.337629398252474,0.018096552153157742,128988.86355938508,0.03964181102708413,282559.4682646347,-0.2526407294176936,-1800776.208672215,-8.934850383114822,-0.23109547054376722,-1647205.6039669653,-9.767855305500573
4,case_0004_steps_0050_mesh_21x1,38,50,21,1,0.185,2230786.5615859,-591685.661357492,-9974455.98150724,58957673.1039996,113151383.001881,-7424600.63596753,-9974455.98150724,-2230786.5615859,-591685.661357492,-1.3993709060443051,-0.3129692303686122,-0.08301081297690385,0.6687290892792986,4.471273116517364,0.018096552153157742,128988.86355938508,0.03964181102708413,282559.4682646347,-0.29487267821545443,-2101797.6980265146,4.745678421321313,-0.27332741934152804,-1948227.0933212652,5.1197604302397615
4,case_0004_steps_0050_mesh_21x1,39,50,21,1,0.19,2070880.1714466,176841.322042984,1749619.46796742,-14247308.6894251,-45988231.3875254,4656974.17359433,1749619.46796742,-2070880.1714466,176841.322042984,0.24546367086702517,-0.2905350895526744,0.02481003490437667,-0.2717922421932243,-0.8448675553956531,0.018096552153157742,128988.86355938508,0.03964181102708413,282559.4682646347,-0.2724385373995166,-1941891.307887215,-0.900987331711687,-0.25089327852559024,-1788320.7031819653,-0.9783588955014142
4,case_0004_steps_0050_mesh_21x1,40,50,21,1,0.195,2215844.24649631,-214567.542278876,-862957.09908849,23347455.6645667,-1594981.89038243,-78868.4198546742,-862957.09908849,-2215844.24649631,-214567.542278876,-0.12106896454981854,-0.31087289137588053,-0.030102852386453487,-0.009426405216405403,0.3894484463215303,0.018096552153157742,128988.86355938508,0.03964181102708413,282559.4682646347,-0.2927763392227228,-2086855.382936925,0.4135203168098845,-0.2712310803487964,-1933284.7782316753,0.44636833062835896
4,case_0004_steps_0050_mesh_21x1,41,50,21,1,0.2,2140888.10846063,60415.6171674366,1526685.29594545,-1646743.83669746,-31110718.1198587,4616021.41605326,1526685.29594545,-2140888.10846063,60415.6171674366,0.21418701829880363,-0.3003568853910888,0.008476036897808457,-0.18386555818564085,-0.7131084010939683,0.018096552153157742,128988.86355938508,0.03964181102708413,282559.4682646347,-0.28226033323793104,-2011899.2449012448,-0.7588279084126741,-0.26071507436400465,-1858328.640195995,-0.8215367631553226
4,case_0004_steps_0050_mesh_21x1,42,50,21,1,0.205,2282857.96153298,75459.0379142852,1437291.69457966,-672288.367835568,-45100773.0146213,4174345.24283642,1437291.69457966,-2282857.96153298,75459.0379142852,0.20164550173191154,-0.32027461145987546,0.01058656055539466,-0.2665473285762552,-0.629601893240214,0.018096552153157742,128988.86355938508,0.03964181102708413,282559.4682646347,-0.3021780593067177,-2153869.097973595,-0.6673068924810213,-0.2806328004327913,-2000298.4932683455,-0.7185386078210895
4,case_0004_steps_0050_mesh_21x1,43,50,21,1,0.21,2708707.64714201,-55053.860809498,802576.229008002,18150011.3378157,-38866441.0434348,1669666.46436773,802576.229008002,-2708707.64714201,-55053.860809498,0.11259780251061248,-0.380019389670761,-0.007723806814633178,-0.22970218333143694,-0.29629488802706705,0.018096552153157742,128988.86355938508,0.03964181102708413,282559.4682646347,-0.36192283751760324,-2579718.7835826245,-0.31110996830957355,-0.34037757864367685,-2426148.178877375,-0.3308026426396467
4,case_0004_steps_0050_mesh_21x1,44,50,21,1,0.215,2609100.96624519,-27834.9073268583,3867747.98207976,10215350.4460142,-70914845.7454525,1506063.56017755,3867747.98207976,-2609100.96624519,-27834.9073268583,0.5426274884633976,-0.3660450243967978,-0.003905111171763278,-0.41910950581090156,-1.4824064043968046,0.018096552153157742,128988.86355938508,0.03964181102708413,282559.4682646347,-0.34794847224364006,-2480112.1026858045,-1.5595053053816534,-0.3264032133697137,-2326541.497980555,-1.6624453015073992
4,case_0004_steps_0050_mesh_21x1,45,50,21,1,0.22,2494174.55216785,-52463.2962283014,3458040.83274337,14048478.16604,-69312696.6172308,843083.612688179,3458040.83274337,-2494174.55216785,-52463.2962283014,0.48514743483013095,-0.3499213700848232,-0.007360362360932999,-0.40964074193916433,-1.3864470029724907,0.018096552153157742,128988.86355938508,0.03964181102708413,282559.4682646347,-0.33182481793166546,-2365185.688608465,-1.4620589196858689,-0.3102795590577391,-2211615.0839032154,-1.563581681962656
4,case_0004_steps_0050_mesh_21x1,46,50,21,1,0.225,1926989.607367,-38797.2136888325,5902833.85421115,1376852.69881767,-96658918.1608441,896812.892046171,5902833.85421115,-1926989.607367,-38797.2136888325,0.8281408002713194,-0.27034789644654283,-0.005443073002918003,-0.5712579784495343,-3.063241146524222,0.018096552153157742,128988.86355938508,0.03964181102708413,282559.4682646347,-0.2522513442933851,-1798000.743807615,-3.282998560785217,-0.2307060854194587,-1644430.1391023654,-3.5895923541229258
4,case_0004_steps_0050_mesh_21x1,47,50,21,1,0.23,1608506.39733388,-36569.0042182445,7894421.56691127,7012572.16647614,-128855020.785434,93049.8949648113,7894421.56691127,-1608506.39733388,-36569.0042182445,1.107551517723474,-0.22566614748597444,-0.005130465326720505,-0.7615382014153191,-4.907920528010567,0.018096552153157742,128988.86355938508,0.03964181102708413,282559.4682646347,-0.2075695953328167,-1479517.533774495,-5.335808050054864,-0.1860243364588903,-1325946.9290692452,-5.953799050202407
4,case_0004_steps_0050_mesh_21x1,48,50,21,1,0.235,1284876.46717382,-72377.9182193439,6854148.33226024,11323477.4180664,-119668510.825462,-714985.07769363,6854148.33226024,-1284876.46717382,-72377.9182193439,0.9616059040873831,-0.18026233704951752,-0.010154293445575861,-0.7072455690478902,-5.334480401323282,0.018096552153157742,128988.86355938508,0.03964181102708413,282559.4682646347,-0.16216578489635977,-1155887.6036144348,-5.929770602978586,-0.14062052602243338,-1002316.9989091852,-6.838303989376179
4,case_0004_steps_0050_mesh_21x1,49,50,21,1,0.24,1054460.44323785,-85161.6659925291,9077246.60818139,12143769.9960189,-166478872.054949,-749141.971365682,9077246.60818139,-1054460.44323785,-85161.6659925291,1.2734965028698162,-0.14793601461346614,-0.01194779524027733,-0.9838966306907642,-8.608427813857666,0.018096552153157742,128988.86355938508,0.03964181102708413,282559.4682646347,-0.1298394624603084,-925471.5796784649,-9.808239180434999,-0.108294203586382,-771900.9749732153,-11.759599874189004
4,case_0004_steps_0050_mesh_21x1,50,50,21,1,0.245,1084152.91520401,-112299.851924548,11239918.3102808,15353760.9643777,-198246403.07507,-716887.346724721,11239918.3102808,-1084152.91520401,-112299.851924548,1.5769095275855673,-0.1521017336737353,-0.015755159562351313,-1.1716439787491104,-10.367465836833297,0.018096552153157742,128988.86355938508,0.03964181102708413,282559.4682646347,-0.13400518152057755,-955164.0516446249,-11.767526521677226,-0.11245992264665117,-801593.4469393753,-14.021968808748106
5,case_0005_steps_0060_mesh_21x1,1,60,21,1,0.0,1251388.09280911,-4.71118255518377e-10,18825544.9370631,6.17769728705753e-08,-194291215.084951,1.39357325679157e-09,18825544.9370631,-1251388.09280911,-4.71118255518377e-10,2.641138516646694,-0.17556407011008957,-6.60957531218802e-17,-1.148268663376105,-15.043730274597396,0.018096552153157742,128988.86355938508,0.03964181102708413,282559.4682646347,-0.1574675179569318,-1122399.229249725,-16.772592537903968,-0.13592225908300543,-968828.6245444752,-19.43124352453409
5,case_0005_steps_0060_mesh_21x1,2,60,21,1,0.005,1390551.34517861,8.59017745824531e-10,2711107.54722735,7.1485466435206e-09,-40247608.6118551,-4.86801354782074e-09,2711107.54722735,-1390551.34517861,8.59017745824531e-10,0.38035608476100596,-0.19508804283776832,1.2051629116528155e-16,-0.2378649375609319,-1.9496637478561576,0.018096552153157742,128988.86355938508,0.03964181102708413,282559.4682646347,-0.17699149068461056,-1261562.481619225,-2.149007747715851,-0.15544623181068418,-1107991.8769139752,-2.4468659055321225
5,case_0005_steps_0060_mesh_21x1,3,60,21,1,0.01,1368403.22472095,5.82758730161004e-10,100838.832042394,-1.43752778569706e-08,-9800434.09076114,5.27001020600437e-09,100838.832042394,-1368403.22472095,5.82758730161004e-10,0.014147230487681309,-0.19198076205478865,8.17584050441018e-17,-0.05792094793881167,-0.07369087577454185,0.018096552153157742,128988.86355938508,0.03964181102708413,282559.4682646347,-0.1738842099016309,-1239414.361161565,-0.08136006423863687,-0.1523389510277045,-1085843.7564563153,-0.09286679731113863
5,case_0005_steps_0060_mesh_21x1,4,60,21,1,0.015,1370449.06761965,-1.72076397575438e-09,457420.727509294,6.50959322001654e-08,-12825594.2336579,-1.963087470358e-08,457420.727509294,-1370449.06761965,-1.72076397575438e-09,0.06417405210719074,-0.19226778452860435,-2.414153762675623e-16,-0.07579976244035208,-0.33377433595820805,0.018096552153157742,128988.86355938508,0.03964181102708413,282559.4682646347,-0.1741712323754466,-1241460.2040602649,-0.3684537982073642,-0.1526259735015202,-1087889.5993550152,-0.42046612797887606
5,case_0005_steps_0060_mesh_21x1,5,60,21,1,0.02,1365908.23288794,-9.18589648790658e-11,526984.529065707,4.12225276136269e-08,-13753276.4564233,-7.66254970585578e-09,526984.529065707,-1365908.23288794,-9.18589648790658e-11,0.07393353775656988,-0.19163072602391082,-1.2887395878976642e-17,-0.0812824005797391,-0.3858125431688068,0.018096552153157742,128988.86355938508,0.03964181102708413,282559.4682646347,-0.17353417387075307,-1236919.369328555,-0.4260459833786688,-0.15198891499682668,-1083348.7646233053,-0.4864403286128696
5,case_0005_steps_0060_mesh_21x1,6,60,21,1,0.025,1441348.38497963,1.0379835657659e-08,-61546.7405780233,-7.94148480309786e-07,2851046.78478838,8.01005057837756e-08,-61546.7405780233,-1441348.38497963,1.0379835657659e-08,-0.008634728378813064,-0.20221463698410697,1.4562438348296116e-15,0.016849797760337685,0.04270080795136363,0.018096552153157742,128988.86355938508,0.03964181102708413,282559.4682646347,-0.1841180848309492,-1312359.5214202448,0.04689777425580528,-0.16257282595702283,-1158788.9167149952,0.05311298692129342
5,case_0005_steps_0060_mesh_21x1,7,60,21,1,0.03,1431842.80130884,-7.98991095507517e-09,-343999.077387729,2.52655102173094e-07,6084595.58959933,-3.71817918676243e-08,-343999.077387729,-1431842.80130884,-7.98991095507517e-09,-0.04826150934897702,-0.20088104673532198,-1.120948245512967e-15,0.03596019738616855,0.24024919290950184,0.018096552153157742,128988.86355938508,0.03964181102708413,282559.4682646347,-0.18278449458216423,-1302853.937749455,0.26403502911612003,-0.16123923570823784,-1149283.3330442053,0.2993161629487388
5,case_0005_steps_0060_mesh_21x1,8,60,21,1,0.035,1524306.71923138,5.3054463933222e-08,3097822.53032741,-4.27277535663961e-06,-66954918.7115923,6.17968908045441e-07,3097822.53032741,-1524306.71923138,5.3054463933222e-08,0.4346104418191705,-0.21385331478077366,7.443300506972506e-15,-0.3957061825044442,-2.0322829331156287,0.018096552153157742,128988.86355938508,0.03964181102708413,282559.4682646347,-0.1957567626276159,-1395317.8556719949,-2.2201554418118423,-0.17421150375368952,-1241747.2509667452,-2.4947287202896105
5,case_0005_steps_0060_mesh_21x1,9,60,21,1,0.04,1620717.07134527,3.63856543117436e-07,-301344.262821732,-2.18303465544523e-05,11663271.9737372,2.12688905776304e-06,-301344.262821732,-1620717.07134527,3.63856543117436e-07,-0.04227723245036351,-0.22737924963273917,5.1047421669553006e-14,0.06893039252453846,0.18593267643661107,0.018096552153157742,128988.86355938508,0.03964181102708413,282559.4682646347,-0.20928269747958142,-1491728.2077858848,0.20201016595979354,-0.18773743860565503,-1338157.6030806352,0.22519340182949546
5,case_0005_steps_0060_mesh_21x1,10,60,21,1,0.045,1699558.47113685,1.59514684128226e-06,-56638.5682534094,-0.000220334296539448,7953992.48380748,3.24412051782019e-05,-56638.5682534094,-1699558.47113685,1.59514684128226e-06,-0.007946134076963363,-0.23844034020897661,2.2379186240306206e-13,0.04700840598424272,0.03332546023881329,0.018096552153157742,128988.86355938508,0.03964181102708413,282559.4682646347,-0.22034378805581886,-1570569.607577465,0.03606243746227327,-0.19879852918189247,-1416999.0028722154,0.039970789068026646
5,case_0005_steps_0060_mesh_21x1,11,60,21,1,0.05,1567516.99719223,1.89580214282614e-06,227739.442398581,1.78882823540505e-05,-13422141.0725795,-1.44481875850033e-05,227739.442398581,-1567516.99719223,1.89580214282614e-06,0.03195081019377757,-0.21991552067276496,2.6597243671293105e-13,-0.0793253775386479,-0.1452867450920869,0.018096552153157742,128988.86355938508,0.03964181102708413,282559.4682646347,-0.2018189685196072,-1438528.133632845,-0.1583142081645981,-0.18027370964568082,-1284957.5289275954,-0.17723499592134273
5,case_0005_steps_0060_mesh_21x1,12,60,21,1,0.055,1566219.77494747,-7.03614091435156e-06,1026674.72267944,0.00162703608020465,-26913353.5258801,-0.000282205918324507,1026674.72267944,-1566219.77494747,-7.03614091435156e-06,0.1440378041220865,-0.2197335262791503,-9.87138637398016e-13,-0.15905896963287147,-0.6555112756853514,0.018096552153157742,128988.86355938508,0.03964181102708413,282559.4682646347,-0.20163697412599255,-1437230.911388085,-0.714342221938347,-0.18009171525206616,-1283660.3066828353,-0.7998025001898802
5,case_0005_steps_0060_mesh_21x1,13,60,21,1,0.06,1468699.99252476,1.90298742381856e-05,-620101.443151766,-0.00756826605971384,7647842.80920833,0.00117182988316245,-620101.443151766,-1468699.99252476,1.90298742381856e-05,-0.08699741820019963,-0.20605194338990587,2.669804990264234e-12,0.045199049459855915,0.4222111025450366,0.018096552153157742,128988.86355938508,0.03964181102708413,282559.4682646347,-0.18795539123674812,-1339711.128965375,0.46286205268045705,-0.16641013236282173,-1186140.5242601254,0.5227891893657073
5,case_0005_steps_0060_mesh_21x1,14,60,21,1,0.065,1375124.4280675,-4.30369643709128e-05,-1341881.44220758,0.0013691951574053,27393756.6937857,0.000189848947854898,-1341881.44220758,-1375124.4280675,-4.30369643709128e-05,-0.18825987633486027,-0.1929237163807396,-6.037890781891062e-12,0.1618981711029504,0.975825470640037,0.018096552153157742,128988.86355938508,0.03964181102708413,282559.4682646347,-0.17482716422758185,-1246135.564508115,1.0768342389274947,-0.15328190535365546,-1092564.9598028653,1.2281937382008843
5,case_0005_steps_0060_mesh_21x1,15,60,21,1,0.07,1356482.90334227,5.35091492110951e-05,-964790.141712585,0.0721437837242114,21660884.0706409,-0.0110111077734132,-964790.141712585,-1356482.90334227,5.35091492110951e-05,-0.1353556782699782,-0.1903083950646541,7.507090787910328e-12,0.12801667017453386,0.7112438640659723,0.018096552153157742,128988.86355938508,0.03964181102708413,282559.4682646347,-0.17221184291149635,-1227494.039782885,0.7859835652507395,-0.15066658403756997,-1073923.4350776353,0.8983788882890325
5,case_0005_steps_0060_mesh_21x1,16,60,21,1,0.075,1398845.60483894,-0.000126816469219193,-1151437.65354347,-0.0619236476933764,23937576.8296206,0.00517943156847878,-1151437.65354347,-1398845.60483894,-0.000126816469219193,-0.16154147709709704,-0.19625168982536964,-1.7791775086442895e-11,0.14147201322814867,0.8231341969123489,0.018096552153157742,128988.86355938508,0.03964181102708413,282559.4682646347,-0.1781551376722119,-1269856.741279555,0.9067461045906946,-0.1566098787982855,-1116286.1365743054,1.0314897012669517
5,case_0005_steps_0060_mesh_21x1,17,60,21,1,0.08,1333924.69250435,-0.00729257464536204,-2497121.35062749,1.48593861009229,32254451.1899193,-0.191377119547667,-2497121.35062749,-1333924.69250435,-0.00729257464536204,-0.35033479253493394,-0.18714358046248186,-1.0231151260576244e-09,0.19062506526393724,1.8720107399311423,0.018096552153157742,128988.86355938508,0.03964181102708413,282559.4682646347,-0.1690470283093241,-1204935.828944965,2.072410240148602,-0.14750176943539772,-1051365.2242397154,2.375122643449862
5,case_0005_steps_0060_mesh_21x1,18,60,21,1,0.085,1262257.70060091,0.0146440505270675,-2614515.1119915,-2.49395202417501,32565836.0286068,0.315086154605922,-2614515.1119915,-1262257.70060091,0.0146440505270675,-0.36680460447339713,-0.1770890267525529,2.054493828256327e-09,0.1924653618123887,2.071300583665946,0.018096552153157742,128988.86355938508,0.03964181102708413,282559.4682646347,-0.15899247459939514,-1133268.837041525,2.30705638991792,-0.13744721572546875,-979698.2323362753,2.668694324125395
5,case_0005_steps_0060_mesh_21x1,19,60,21,1,0.09,1311367.88857207,-0.248193877773247,2287982.56058374,51.4119940721738,-27087161.0600596,-7.13425523006742,2287982.56058374,-1311367.88857207,-0.248193877773247,0.32099356944917046,-0.18397896324278576,-3.4820474646248865e-08,-0.16008617894271973,-1.7447297440500025,0.018096552153157742,128988.86355938508,0.03964181102708413,282559.4682646347,-0.165882411089628,-1182379.025012685,-1.935066938927806,-0.14433715221570162,-1028808.4203074353,-2.2239150802245864
5,case_0005_steps_0060_mesh_21x1,20,60,21,1,0.095,1336431.68338819,-9.20383898880254,2423781.30562937,1488.25574530823,-36346683.2815113,-221.036724122459,2423781.30562937,-1336431.68338819,-9.20383898880254,0.34004551706882064,-0.18749529990573452,-1.291256839342959e-06,-0.21481031662480082,-1.8136215533924451,0.018096552153157742,128988.86355938508,0.03964181102708413,282559.4682646347,-0.16939874775257677,-1207442.819828805,-2.0073673600320228,-0.14785348887865038,-1053872.2151235554,-2.299881589861639
5,case_0005_steps_0060_mesh_21x1,21,60,21,1,0.1,1498722.33371884,86.5566572730984,3644274.53661437,-17704.3186809259,-76681975.8788894,2817.36861890739,3644274.53661437,-1498722.33371884,86.5566572730984,0.5112751782785077,-0.21026394160577072,1.2143506185900169e-05,-0.4531934699620454,-2.4315875293401983,0.018096552153157742,128988.86355938508,0.03964181102708413,282559.4682646347,-0.19216738945261297,-1369733.470159455,-2.660572013466334,-0.17062213057868658,-1216162.8654542053,-2.9965349544309
5,case_0005_steps_0060_mesh_21x1,22,60,21,1,0.105,1481271.41893857,-704.238541228006,729305.286988744,81557.7330470553,-20373946.7948493,-18370.4801314418,729305.286988744,-1481271.41893857,-704.238541228006,0.10231822187881597,-0.20781565746148817,-9.880147121172989e-05,-0.1204108206518162,-0.4923508802399901,0.018096552153157742,128988.86355938508,0.03964181102708413,282559.4682646347,-0.18971910530833042,-1352282.555379185,-0.5393142757685314,-0.16817384643440403,-1198711.9506739352,-0.6084074548340965
5,case_0005_steps_0060_mesh_21x1,23,60,21,1,0.11,1471689.41263928,-29.1998340019784,-1460707.2821658,40998.7823881017,29151833.151339,-9575.63236730015,-1460707.2821658,-1471689.41263928,-29.1998340019784,-0.2049306024007327,-0.20647134546476176,-4.0966041896870705e-06,0.172288471576109,0.9925377390234906,0.018096552153157742,128988.86355938508,0.03964181102708413,282559.4682646347,-0.188374793311604,-1342700.549079895,1.0878876032088993,-0.16682953443767762,-1189129.9443746454,1.2283832301725235
5,case_0005_steps_0060_mesh_21x1,24,60,21,1,0.115,1362434.71856834,-1132.08149041129,646695.162264715,631802.930548265,-23261031.1938976,-103535.966536482,646695.162264715,-1362434.71856834,-1132.08149041129,0.09072839629857123,-0.1911434077290997,-0.00015882589525583786,-0.13747360211879966,-0.4746613936440703,0.018096552153157742,128988.86355938508,0.03964181102708413,282559.4682646347,-0.17304685557594196,-1233445.8550089549,-0.5242995950235853,-0.15150159670201557,-1079875.2503037052,-0.5988609907328071
5,case_0005_steps_0060_mesh_21x1,25,60,21,1,0.12,1393506.38225384,-14139.6352521578,805581.253067062,2872514.40322455,-20821288.6369492,-510248.016638601,805581.253067062,-1393506.38225384,-14139.6352521578,0.11301939374807025,-0.19550262112825614,-0.0019837266544293383,-0.1230546283961636,-0.5780965651295581,0.018096552153157742,128988.86355938508,0.03964181102708413,282559.4682646347,-0.1774060689750984,-1264517.518694455,-0.6370661071574402,-0.155860810101172,-1110946.9139892054,-0.725130285635673
5,case_0005_steps_0060_mesh_21x1,26,60,21,1,0.125,1410115.84967536,14311.6745146459,1166751.77616916,-1448616.79910312,-28930357.0805085,83214.0525371041,1166751.77616916,-1410115.84967536,14311.6745146459,0.16368997899972884,-0.19783285402693834,0.002007862982171875,-0.1709795393543864,-0.8274155463451972,0.018096552153157742,128988.86355938508,0.03964181102708413,282559.4682646347,-0.1797363018737806,-1281126.9861159748,-0.9107229718940125,-0.1581910429998542,-1127556.3814107252,-1.0347613612983113
5,case_0005_steps_0060_mesh_21x1,27,60,21,1,0.13,1406615.2985258,49581.1109298237,1991260.55211739,-7156325.10403148,-43535213.3493243,1131823.80056539,1991260.55211739,-1406615.2985258,49581.1109298237,0.27936481830718607,-0.19734174258758805,0.006956004844092382,-0.25729480985830844,-1.4156397660428734,0.018096552153157742,128988.86355938508,0.03964181102708413,282559.4682646347,-0.1792451904344303,-1277626.434966415,-1.558562422958738,-0.1576999315605039,-1124055.8302611653,-1.7714961290265598
5,case_0005_steps_0060_mesh_21x1,28,60,21,1,0.135,1381789.30667179,19423.6104470033,-532447.482634248,-7347415.05784609,6901707.14764808,1181079.12443165,-532447.482634248,-1381789.30667179,19423.6104470033,-0.07469996534911835,-0.19385876860097623,0.002725044393425389,0.040789358582054645,0.38533188819988295,0.018096552153157742,128988.86355938508,0.03964181102708413,282559.4682646347,-0.17576221644781848,-1252800.443112405,0.4250058224049297,-0.1542169575738921,-1099229.8384071554,0.4843823048015088
5,case_0005_steps_0060_mesh_21x1,29,60,21,1,0.14,1122686.70934936,-2028.19457156769,-429610.010936524,-1603085.71023564,-7257148.99665589,661121.014265723,-429610.010936524,-1122686.70934936,-2028.19457156769,-0.06027233478843852,-0.15750785011020838,-0.00028454649361437555,-0.042890033780826106,0.3826624180716448,0.018096552153157742,128988.86355938508,0.03964181102708413,282559.4682646347,-0.13941129795705062,-993697.845789975,0.4323346505747836,-0.11786603908312424,-840127.2410847254,0.5113630292261867
5,case_0005_steps_0060_mesh_21x1,30,60,21,1,0.145,1057123.41919121,-833541.400781738,-8085824.51295191,43374697.6198739,139477704.785142,-10519599.5699665,-8085824.51295191,-1057123.41919121,-833541.400781738,-1.1344044823881159,-0.14830961805404844,-0.11694207557785224,0.8243186784043492,7.648893559787236,0.018096552153157742,128988.86355938508,0.03964181102708413,282559.4682646347,-0.13021306590089068,-928134.555631825,8.711909780632515,-0.1086678070269643,-774563.9509265753,10.439195502552382
5,case_0005_steps_0060_mesh_21x1,31,60,21,1,0.15,1258581.11062706,-205372.472564776,11860699.075019,34592796.9513762,-191800169.374025,-9962825.36134455,11860699.075019,-1258581.11062706,-205372.472564776,1.6640022515213047,-0.1765732178650909,-0.028812825836552737,-1.133546486011353,-9.423865474279738,0.018096552153157742,128988.86355938508,0.03964181102708413,282559.4682646347,-0.15847666571193314,-1129592.247067675,-10.499982720143805,-0.13693140683800675,-976021.6423624253,-12.152086142588605
5,case_0005_steps_0060_mesh_21x1,32,60,21,1,0.155,855106.119633061,-618842.383606937,-11934634.3824464,30905733.4218464,50678544.7918358,-19208948.7001888,-11934634.3824464,-855106.119633061,-618842.383606937,-1.6743750396047015,-0.11996750776317795,-0.08682077786018734,0.29951217745240566,13.956904422070718,0.018096552153157742,128988.86355938508,0.03964181102708413,282559.4682646347,-0.10187095561002021,-726117.2560736759,16.436235721735066,-0.08032569673609383,-572546.6513684263,20.844824354350507
5,case_0005_steps_0060_mesh_21x1,33,60,21,1,0.16,686263.367635352,590235.694517192,1743143.89483081,-15108524.7809824,-20199036.1757905,4865986.95855714,1743143.89483081,-686263.367635352,590235.694517192,0.24455517734475843,-0.0962796359353708,0.08280738920975238,-0.11937709206728335,-2.5400509149091497,0.018096552153157742,128988.86355938508,0.03964181102708413,282559.4682646347,-0.07818308378221306,-557274.5040759669,-3.127980702654193,-0.056637824908286664,-403703.89937071723,-4.317877279728969
5,case_0005_steps_0060_mesh_21x1,34,60,21,1,0.165,1301416.96334372,-69996.1116210987,18113385.4604352,3417436.56363244,-285473734.533523,-4644978.52118509,18113385.4604352,-1301416.96334372,-69996.1116210987,2.5412257741468034,-0.18258289359461724,-0.009820136789454646,-1.6871609117193873,-13.918202982306783,0.018096552153157742,128988.86355938508,0.03964181102708413,282559.4682646347,-0.1644863414414595,-1172428.099784335,-15.449463778433074,-0.1429410825675331,-1018857.4950790852,-17.778134378870337
5,case_0005_steps_0060_mesh_21x1,35,60,21,1,0.17,1139518.69620309,662437.025297799,-1948210.70666379,-9767508.55885722,-6680085.83898297,11472546.4288184,-1948210.70666379,-1139518.69620309,662437.025297799,-0.2733251203678536,-0.15986930147534542,0.09293690823909949,-0.039479567999061584,1.7096785802245156,0.018096552153157742,128988.86355938508,0.03964181102708413,282559.4682646347,-0.14177274932218767,-1010529.832643705,1.927910135583988,-0.12022749044826128,-856959.2279384553,2.27339953074606
5,case_0005_steps_0060_mesh_21x1,36,60,21,1,0.175,1704392.64133254,296700.968874249,-19976691.5221166,-15854066.3281328,178014470.295334,6062458.28654387,-19976691.5221166,-1704392.64133254,296700.968874249,-2.8026391581556362,-0.2391185523479902,0.041625799382698864,1.0520724664687178,11.720709792843442,0.018096552153157742,128988.86355938508,0.03964181102708413,282559.4682646347,-0.22102200019483245,-1575403.777773155,12.680362840283273,-0.19947674132090606,-1421833.1730679052,14.049954594189607
5,case_0005_steps_0060_mesh_21x1,37,60,21,1,0.18,1929765.0722316,131462.143580418,16089665.997959,17651719.8877842,-214522538.920105,784417.184775058,16089665.997959,-1929765.0722316,131462.143580418,2.257307118028088,-0.27073728157085136,0.018443542115352263,-1.2678365767702542,-8.337629398252474,0.018096552153157742,128988.86355938508,0.03964181102708413,282559.4682646347,-0.2526407294176936,-1800776.208672215,-8.934850383114822,-0.23109547054376722,-1647205.6039669653,-9.767855305500573
5,case_0005_steps_0060_mesh_21x1,38,60,21,1,0.185,2230786.5615859,-591685.661357492,-9974455.98150724,58957673.1039996,113151383.001881,-7424600.63596753,-9974455.98150724,-2230786.5615859,-591685.661357492,-1.3993709060443051,-0.3129692303686122,-0.08301081297690385,0.6687290892792986,4.471273116517364,0.018096552153157742,128988.86355938508,0.03964181102708413,282559.4682646347,-0.29487267821545443,-2101797.6980265146,4.745678421321313,-0.27332741934152804,-1948227.0933212652,5.1197604302397615
5,case_0005_steps_0060_mesh_21x1,39,60,21,1,0.19,2070880.1714466,176841.322042984,1749619.46796742,-14247308.6894251,-45988231.3875254,4656974.17359433,1749619.46796742,-2070880.1714466,176841.322042984,0.24546367086702517,-0.2905350895526744,0.02481003490437667,-0.2717922421932243,-0.8448675553956531,0.018096552153157742,128988.86355938508,0.03964181102708413,282559.4682646347,-0.2724385373995166,-1941891.307887215,-0.900987331711687,-0.25089327852559024,-1788320.7031819653,-0.9783588955014142
5,case_0005_steps_0060_mesh_21x1,40,60,21,1,0.195,2215844.24649631,-214567.542278876,-862957.09908849,23347455.6645667,-1594981.89038243,-78868.4198546742,-862957.09908849,-2215844.24649631,-214567.542278876,-0.12106896454981854,-0.31087289137588053,-0.030102852386453487,-0.009426405216405403,0.3894484463215303,0.018096552153157742,128988.86355938508,0.03964181102708413,282559.4682646347,-0.2927763392227228,-2086855.382936925,0.4135203168098845,-0.2712310803487964,-1933284.7782316753,0.44636833062835896
5,case_0005_steps_0060_mesh_21x1,41,60,21,1,0.2,2140888.10846063,60415.6171674366,1526685.29594545,-1646743.83669746,-31110718.1198587,4616021.41605326,1526685.29594545,-2140888.10846063,60415.6171674366,0.21418701829880363,-0.3003568853910888,0.008476036897808457,-0.18386555818564085,-0.7131084010939683,0.018096552153157742,128988.86355938508,0.03964181102708413,282559.4682646347,-0.28226033323793104,-2011899.2449012448,-0.7588279084126741,-0.26071507436400465,-1858328.640195995,-0.8215367631553226
5,case_0005_steps_0060_mesh_21x1,42,60,21,1,0.205,2282857.96153298,75459.0379142852,1437291.69457966,-672288.367835568,-45100773.0146213,4174345.24283642,1437291.69457966,-2282857.96153298,75459.0379142852,0.20164550173191154,-0.32027461145987546,0.01058656055539466,-0.2665473285762552,-0.629601893240214,0.018096552153157742,128988.86355938508,0.03964181102708413,282559.4682646347,-0.3021780593067177,-2153869.097973595,-0.6673068924810213,-0.2806328004327913,-2000298.4932683455,-0.7185386078210895
5,case_0005_steps_0060_mesh_21x1,43,60,21,1,0.21,2708707.64714201,-55053.860809498,802576.229008002,18150011.3378157,-38866441.0434348,1669666.46436773,802576.229008002,-2708707.64714201,-55053.860809498,0.11259780251061248,-0.380019389670761,-0.007723806814633178,-0.22970218333143694,-0.29629488802706705,0.018096552153157742,128988.86355938508,0.03964181102708413,282559.4682646347,-0.36192283751760324,-2579718.7835826245,-0.31110996830957355,-0.34037757864367685,-2426148.178877375,-0.3308026426396467
5,case_0005_steps_0060_mesh_21x1,44,60,21,1,0.215,2609100.96624519,-27834.9073268583,3867747.98207976,10215350.4460142,-70914845.7454525,1506063.56017755,3867747.98207976,-2609100.96624519,-27834.9073268583,0.5426274884633976,-0.3660450243967978,-0.003905111171763278,-0.41910950581090156,-1.4824064043968046,0.018096552153157742,128988.86355938508,0.03964181102708413,282559.4682646347,-0.34794847224364006,-2480112.1026858045,-1.5595053053816534,-0.3264032133697137,-2326541.497980555,-1.6624453015073992
5,case_0005_steps_0060_mesh_21x1,45,60,21,1,0.22,2494174.55216785,-52463.2962283014,3458040.83274337,14048478.16604,-69312696.6172308,843083.612688179,3458040.83274337,-2494174.55216785,-52463.2962283014,0.48514743483013095,-0.3499213700848232,-0.007360362360932999,-0.40964074193916433,-1.3864470029724907,0.018096552153157742,128988.86355938508,0.03964181102708413,282559.4682646347,-0.33182481793166546,-2365185.688608465,-1.4620589196858689,-0.3102795590577391,-2211615.0839032154,-1.563581681962656
5,case_0005_steps_0060_mesh_21x1,46,60,21,1,0.225,1926989.607367,-38797.2136888325,5902833.85421115,1376852.69881767,-96658918.1608441,896812.892046171,5902833.85421115,-1926989.607367,-38797.2136888325,0.8281408002713194,-0.27034789644654283,-0.005443073002918003,-0.5712579784495343,-3.063241146524222,0.018096552153157742,128988.86355938508,0.03964181102708413,282559.4682646347,-0.2522513442933851,-1798000.743807615,-3.282998560785217,-0.2307060854194587,-1644430.1391023654,-3.5895923541229258
5,case_0005_steps_0060_mesh_21x1,47,60,21,1,0.23,1608506.39733388,-36569.0042182445,7894421.56691127,7012572.16647614,-128855020.785434,93049.8949648113,7894421.56691127,-1608506.39733388,-36569.0042182445,1.107551517723474,-0.22566614748597444,-0.005130465326720505,-0.7615382014153191,-4.907920528010567,0.018096552153157742,128988.86355938508,0.03964181102708413,282559.4682646347,-0.2075695953328167,-1479517.533774495,-5.335808050054864,-0.1860243364588903,-1325946.9290692452,-5.953799050202407
5,case_0005_steps_0060_mesh_21x1,48,60,21,1,0.235,1284876.46717382,-72377.9182193439,6854148.33226024,11323477.4180664,-119668510.825462,-714985.07769363,6854148.33226024,-1284876.46717382,-72377.9182193439,0.9616059040873831,-0.18026233704951752,-0.010154293445575861,-0.7072455690478902,-5.334480401323282,0.018096552153157742,128988.86355938508,0.03964181102708413,282559.4682646347,-0.16216578489635977,-1155887.6036144348,-5.929770602978586,-0.14062052602243338,-1002316.9989091852,-6.838303989376179
5,case_0005_steps_0060_mesh_21x1,49,60,21,1,0.24,1054460.44323785,-85161.6659925291,9077246.60818139,12143769.9960189,-166478872.054949,-749141.971365682,9077246.60818139,-1054460.44323785,-85161.6659925291,1.2734965028698162,-0.14793601461346614,-0.01194779524027733,-0.9838966306907642,-8.608427813857666,0.018096552153157742,128988.86355938508,0.03964181102708413,282559.4682646347,-0.1298394624603084,-925471.5796784649,-9.808239180434999,-0.108294203586382,-771900.9749732153,-11.759599874189004
5,case_0005_steps_0060_mesh_21x1,50,60,21,1,0.245,1084152.91520401,-112299.851924548,11239918.3102808,15353760.9643777,-198246403.07507,-716887.346724721,11239918.3102808,-1084152.91520401,-112299.851924548,1.5769095275855673,-0.1521017336737353,-0.015755159562351313,-1.1716439787491104,-10.367465836833297,0.018096552153157742,128988.86355938508,0.03964181102708413,282559.4682646347,-0.13400518152057755,-955164.0516446249,-11.767526521677226,-0.11245992264665117,-801593.4469393753,-14.021968808748106
5,case_0005_steps_0060_mesh_21x1,51,60,21,1,0.25,1256007.55385638,45349.7934659693,13927549.9181258,1692611.00688846,-234237187.707162,3410376.46385337,13927549.9181258,-1256007.55385638,45349.7934659693,1.9539720445946454,-0.1762121595300178,0.0063623702073630235,-1.3843509204668811,-11.088746938952221,0.018096552153157742,128988.86355938508,0.03964181102708413,282559.4682646347,-0.15811560737686003,-1127018.690296995,-12.357869517191038,-0.13657034850293365,-973448.0855917453,-14.307439836053959
5,case_0005_steps_0060_mesh_21x1,52,60,21,1,0.255,1425081.97885356,-56638.9776664841,6777437.73877573,14730289.9094804,-150263194.479868,3139352.1297273,6777437.73877573,-1425081.97885356,-56638.9776664841,0.950843755965557,-0.19993253402822392,-0.007946191515759659,-0.8880613434044357,-4.755823060949796,0.018096552153157742,128988.86355938508,0.03964181102708413,282559.4682646347,-0.18183598187506617,-1296093.115294175,-5.2291287244724325,-0.16029072300113978,-1142522.5105889253,-5.931994928732063
5,case_0005_steps_0060_mesh_21x1,53,60,21,1,0.26,1372967.04431423,114193.12836092,-5359681.1167345,-564631.494822067,27612646.9981584,5056803.96273605,-5359681.1167345,-1372967.04431423,114193.12836092,-0.7519389362526374,-0.19262104523124576,0.016020777653911418,0.16319182134399773,3.9037216071064216,0.018096552153157742,128988.86355938508,0.03964181102708413,282559.4682646347,-0.174524493078088,-1243978.180754845,4.308500904318313,-0.15297923420416162,-1090407.5760495954,4.915300695316082
5,case_0005_steps_0060_mesh_21x1,54,60,21,1,0.265,1405593.45283811,-64310.2504989965,-2551630.51407801,12519023.6754813,11257550.3732906,832369.514159968,-2551630.51407801,-1405593.45283811,-64310.2504989965,-0.35798218078216193,-0.19719838227515885,-0.009022436278787205,0.06653256203259401,1.8153403524510408,0.018096552153157742,128988.86355938508,0.03964181102708413,282559.4682646347,-0.1791018301220011,-1276604.589278725,1.9987633880586846,-0.1575565712480747,-1123033.9845734753,2.2720866413024097
5,case_0005_steps_0060_mesh_21x1,55,60,21,1,0.27,1352464.80312431,7279.69429516426,2055865.73749325,-818064.99769161,-58034773.4154116,1735244.46817058,2055865.73749325,-1352464.80312431,7279.69429516426,0.28842863261066215,-0.18974467383985666,0.0010213080713811736,-0.3429877756949157,-1.520088162548869,0.018096552153157742,128988.86355938508,0.03964181102708413,282559.4682646347,-0.1716481216866989,-1223475.939564925,-1.6803483182712426,-0.15010286281277252,-1069905.3348596753,-1.9215398507783772
5,case_0005_steps_0060_mesh_21x1,56,60,21,1,0.275,1465884.83201358,4845.45472459414,5954563.11806925,2007361.49453386,-121745055.846782,1232955.94553527,5954563.11806925,-1465884.83201358,4845.45472459414,0.8353981812220524,-0.2056569891465372,0.0006797953072050499,-0.7195180311611611,-4.062094775815298,0.018096552153157742,128988.86355938508,0.03964181102708413,282559.4682646347,-0.18756043699337946,-1336895.968454195,-4.454021299020221,-0.16601517811945307,-1183325.3637489453,-5.032059060412883
5,case_0005_steps_0060_mesh_21x1,57,60,21,1,0.28,1522132.13003575,4795.11764745031,1739432.74335661,4866081.9907193,-56383700.5994754,1338390.87010086,1739432.74335661,-1522132.13003575,4795.11764745031,0.24403451963565156,-0.21354822978580204,0.0006727332437320162,-0.3332298709195364,-1.1427606769694534,0.018096552153157742,128988.86355938508,0.03964181102708413,282559.4682646347,-0.1954516776326443,-1393143.266476365,-1.2485670248086576,-0.1739064187587179,-1239572.6617711154,-1.4032519407706918
5,case_0005_steps_0060_mesh_21x1,58,60,21,1,0.285,1635772.76590303,29142.3350304142,2399232.63267484,1793377.70193711,-68863625.2136689,1328084.04866936,2399232.63267484,-1635772.76590303,29142.3350304142,0.33660144966521927,-0.2294914952502927,0.004088537344930466,-0.4069867124190803,-1.4667273368806462,0.018096552153157742,128988.86355938508,0.03964181102708413,282559.4682646347,-0.21139494309713494,-1506783.902343645,-1.59228714146938,-0.18984968422320855,-1353213.2976383953,-1.772989252220577
5,case_0005_steps_0060_mesh_21x1,59,60,21,1,0.29,1710267.49998252,95987.9945733114,3763107.11115011,-7467825.14361246,-90967037.4699698,1767764.98291446,3763107.11115011,-1710267.49998252,95987.9945733114,0.527946849175042,-0.23994276835407083,0.013466680005853623,-0.5376187414405486,-2.2003032339611033,0.018096552153157742,128988.86355938508,0.03964181102708413,282559.4682646347,-0.22184621620091308,-1581278.636423135,-2.3797874861967965,-0.2003009573269867,-1427708.0317178853,-2.6357679774499574
5,case_0005_steps_0060_mesh_21x1,60,60,21,1,0.295,1650170.3052071,13624.9441428289,1636928.51562607,-1269431.26151175,-53613819.3891116,585934.948324081,1636928.51562607,-1650170.3052071,13624.9441428289,0.22965364169117022,-0.23151140467273124,0.001911517827669275,-0.31685976487153844,-0.9919755012320574,0.018096552153157742,128988.86355938508,0.03964181102708413,282559.4682646347,-0.21341485251957348,-1521181.441647715,-1.0760902485458803,-0.1918695936456471,-1367610.8369424653,-1.1969256687711776
6,case_0006_steps_0080_mesh_21x1,1,80,21,1,0.0,1251388.09280911,-4.71118255518377e-10,18825544.9370631,6.17769728705753e-08,-194291215.084951,1.39357325679157e-09,18825544.9370631,-1251388.09280911,-4.71118255518377e-10,2.641138516646694,-0.17556407011008957,-6.60957531218802e-17,-1.148268663376105,-15.043730274597396,0.018096552153157742,128988.86355938508,0.03964181102708413,282559.4682646347,-0.1574675179569318,-1122399.229249725,-16.772592537903968,-0.13592225908300543,-968828.6245444752,-19.43124352453409
6,case_0006_steps_0080_mesh_21x1,2,80,21,1,0.005,1390551.34517861,8.59017745824531e-10,2711107.54722735,7.1485466435206e-09,-40247608.6118551,-4.86801354782074e-09,2711107.54722735,-1390551.34517861,8.59017745824531e-10,0.38035608476100596,-0.19508804283776832,1.2051629116528155e-16,-0.2378649375609319,-1.9496637478561576,0.018096552153157742,128988.86355938508,0.03964181102708413,282559.4682646347,-0.17699149068461056,-1261562.481619225,-2.149007747715851,-0.15544623181068418,-1107991.8769139752,-2.4468659055321225
6,case_0006_steps_0080_mesh_21x1,3,80,21,1,0.01,1368403.22472095,5.82758730161004e-10,100838.832042394,-1.43752778569706e-08,-9800434.09076114,5.27001020600437e-09,100838.832042394,-1368403.22472095,5.82758730161004e-10,0.014147230487681309,-0.19198076205478865,8.17584050441018e-17,-0.05792094793881167,-0.07369087577454185,0.018096552153157742,128988.86355938508,0.03964181102708413,282559.4682646347,-0.1738842099016309,-1239414.361161565,-0.08136006423863687,-0.1523389510277045,-1085843.7564563153,-0.09286679731113863
6,case_0006_steps_0080_mesh_21x1,4,80,21,1,0.015,1370449.06761965,-1.72076397575438e-09,457420.727509294,6.50959322001654e-08,-12825594.2336579,-1.963087470358e-08,457420.727509294,-1370449.06761965,-1.72076397575438e-09,0.06417405210719074,-0.19226778452860435,-2.414153762675623e-16,-0.07579976244035208,-0.33377433595820805,0.018096552153157742,128988.86355938508,0.03964181102708413,282559.4682646347,-0.1741712323754466,-1241460.2040602649,-0.3684537982073642,-0.1526259735015202,-1087889.5993550152,-0.42046612797887606
6,case_0006_steps_0080_mesh_21x1,5,80,21,1,0.02,1365908.23288794,-9.18589648790658e-11,526984.529065707,4.12225276136269e-08,-13753276.4564233,-7.66254970585578e-09,526984.529065707,-1365908.23288794,-9.18589648790658e-11,0.07393353775656988,-0.19163072602391082,-1.2887395878976642e-17,-0.0812824005797391,-0.3858125431688068,0.018096552153157742,128988.86355938508,0.03964181102708413,282559.4682646347,-0.17353417387075307,-1236919.369328555,-0.4260459833786688,-0.15198891499682668,-1083348.7646233053,-0.4864403286128696
6,case_0006_steps_0080_mesh_21x1,6,80,21,1,0.025,1441348.38497963,1.0379835657659e-08,-61546.7405780233,-7.94148480309786e-07,2851046.78478838,8.01005057837756e-08,-61546.7405780233,-1441348.38497963,1.0379835657659e-08,-0.008634728378813064,-0.20221463698410697,1.4562438348296116e-15,0.016849797760337685,0.04270080795136363,0.018096552153157742,128988.86355938508,0.03964181102708413,282559.4682646347,-0.1841180848309492,-1312359.5214202448,0.04689777425580528,-0.16257282595702283,-1158788.9167149952,0.05311298692129342
6,case_0006_steps_0080_mesh_21x1,7,80,21,1,0.03,1431842.80130884,-7.98991095507517e-09,-343999.077387729,2.52655102173094e-07,6084595.58959933,-3.71817918676243e-08,-343999.077387729,-1431842.80130884,-7.98991095507517e-09,-0.04826150934897702,-0.20088104673532198,-1.120948245512967e-15,0.03596019738616855,0.24024919290950184,0.018096552153157742,128988.86355938508,0.03964181102708413,282559.4682646347,-0.18278449458216423,-1302853.937749455,0.26403502911612003,-0.16123923570823784,-1149283.3330442053,0.2993161629487388
6,case_0006_steps_0080_mesh_21x1,8,80,21,1,0.035,1524306.71923138,5.3054463933222e-08,3097822.53032741,-4.27277535663961e-06,-66954918.7115923,6.17968908045441e-07,3097822.53032741,-1524306.71923138,5.3054463933222e-08,0.4346104418191705,-0.21385331478077366,7.443300506972506e-15,-0.3957061825044442,-2.0322829331156287,0.018096552153157742,128988.86355938508,0.03964181102708413,282559.4682646347,-0.1957567626276159,-1395317.8556719949,-2.2201554418118423,-0.17421150375368952,-1241747.2509667452,-2.4947287202896105
6,case_0006_steps_0080_mesh_21x1,9,80,21,1,0.04,1620717.07134527,3.63856543117436e-07,-301344.262821732,-2.18303465544523e-05,11663271.9737372,2.12688905776304e-06,-301344.262821732,-1620717.07134527,3.63856543117436e-07,-0.04227723245036351,-0.22737924963273917,5.1047421669553006e-14,0.06893039252453846,0.18593267643661107,0.018096552153157742,128988.86355938508,0.03964181102708413,282559.4682646347,-0.20928269747958142,-1491728.2077858848,0.20201016595979354,-0.18773743860565503,-1338157.6030806352,0.22519340182949546
6,case_0006_steps_0080_mesh_21x1,10,80,21,1,0.045,1699558.47113685,1.59514684128226e-06,-56638.5682534094,-0.000220334296539448,7953992.48380748,3.24412051782019e-05,-56638.5682534094,-1699558.47113685,1.59514684128226e-06,-0.007946134076963363,-0.23844034020897661,2.2379186240306206e-13,0.04700840598424272,0.03332546023881329,0.018096552153157742,128988.86355938508,0.03964181102708413,282559.4682646347,-0.22034378805581886,-1570569.607577465,0.03606243746227327,-0.19879852918189247,-1416999.0028722154,0.039970789068026646
6,case_0006_steps_0080_mesh_21x1,11,80,21,1,0.05,1567516.99719223,1.89580214282614e-06,227739.442398581,1.78882823540505e-05,-13422141.0725795,-1.44481875850033e-05,227739.442398581,-1567516.99719223,1.89580214282614e-06,0.03195081019377757,-0.21991552067276496,2.6597243671293105e-13,-0.0793253775386479,-0.1452867450920869,0.018096552153157742,128988.86355938508,0.03964181102708413,282559.4682646347,-0.2018189685196072,-1438528.133632845,-0.1583142081645981,-0.18027370964568082,-1284957.5289275954,-0.17723499592134273
6,case_0006_steps_0080_mesh_21x1,12,80,21,1,0.055,1566219.77494747,-7.03614091435156e-06,1026674.72267944,0.00162703608020465,-26913353.5258801,-0.000282205918324507,1026674.72267944,-1566219.77494747,-7.03614091435156e-06,0.1440378041220865,-0.2197335262791503,-9.87138637398016e-13,-0.15905896963287147,-0.6555112756853514,0.018096552153157742,128988.86355938508,0.03964181102708413,282559.4682646347,-0.20163697412599255,-1437230.911388085,-0.714342221938347,-0.18009171525206616,-1283660.3066828353,-0.7998025001898802
6,case_0006_steps_0080_mesh_21x1,13,80,21,1,0.06,1468699.99252476,1.90298742381856e-05,-620101.443151766,-0.00756826605971384,7647842.80920833,0.00117182988316245,-620101.443151766,-1468699.99252476,1.90298742381856e-05,-0.08699741820019963,-0.20605194338990587,2.669804990264234e-12,0.045199049459855915,0.4222111025450366,0.018096552153157742,128988.86355938508,0.03964181102708413,282559.4682646347,-0.18795539123674812,-1339711.128965375,0.46286205268045705,-0.16641013236282173,-1186140.5242601254,0.5227891893657073
6,case_0006_steps_0080_mesh_21x1,14,80,21,1,0.065,1375124.4280675,-4.30369643709128e-05,-1341881.44220758,0.0013691951574053,27393756.6937857,0.000189848947854898,-1341881.44220758,-1375124.4280675,-4.30369643709128e-05,-0.18825987633486027,-0.1929237163807396,-6.037890781891062e-12,0.1618981711029504,0.975825470640037,0.018096552153157742,128988.86355938508,0.03964181102708413,282559.4682646347,-0.17482716422758185,-1246135.564508115,1.0768342389274947,-0.15328190535365546,-1092564.9598028653,1.2281937382008843
6,case_0006_steps_0080_mesh_21x1,15,80,21,1,0.07,1356482.90334227,5.35091492110951e-05,-964790.141712585,0.0721437837242114,21660884.0706409,-0.0110111077734132,-964790.141712585,-1356482.90334227,5.35091492110951e-05,-0.1353556782699782,-0.1903083950646541,7.507090787910328e-12,0.12801667017453386,0.7112438640659723,0.018096552153157742,128988.86355938508,0.03964181102708413,282559.4682646347,-0.17221184291149635,-1227494.039782885,0.7859835652507395,-0.15066658403756997,-1073923.4350776353,0.8983788882890325
6,case_0006_steps_0080_mesh_21x1,16,80,21,1,0.075,1398845.60483894,-0.000126816469219193,-1151437.65354347,-0.0619236476933764,23937576.8296206,0.00517943156847878,-1151437.65354347,-1398845.60483894,-0.000126816469219193,-0.16154147709709704,-0.19625168982536964,-1.7791775086442895e-11,0.14147201322814867,0.8231341969123489,0.018096552153157742,128988.86355938508,0.03964181102708413,282559.4682646347,-0.1781551376722119,-1269856.741279555,0.9067461045906946,-0.1566098787982855,-1116286.1365743054,1.0314897012669517
6,case_0006_steps_0080_mesh_21x1,17,80,21,1,0.08,1333924.69250435,-0.00729257464536204,-2497121.35062749,1.48593861009229,32254451.1899193,-0.191377119547667,-2497121.35062749,-1333924.69250435,-0.00729257464536204,-0.35033479253493394,-0.18714358046248186,-1.0231151260576244e-09,0.19062506526393724,1.8720107399311423,0.018096552153157742,128988.86355938508,0.03964181102708413,282559.4682646347,-0.1690470283093241,-1204935.828944965,2.072410240148602,-0.14750176943539772,-1051365.2242397154,2.375122643449862
6,case_0006_steps_0080_mesh_21x1,18,80,21,1,0.085,1262257.70060091,0.0146440505270675,-2614515.1119915,-2.49395202417501,32565836.0286068,0.315086154605922,-2614515.1119915,-1262257.70060091,0.0146440505270675,-0.36680460447339713,-0.1770890267525529,2.054493828256327e-09,0.1924653618123887,2.071300583665946,0.018096552153157742,128988.86355938508,0.03964181102708413,282559.4682646347,-0.15899247459939514,-1133268.837041525,2.30705638991792,-0.13744721572546875,-979698.2323362753,2.668694324125395
6,case_0006_steps_0080_mesh_21x1,19,80,21,1,0.09,1311367.88857207,-0.248193877773247,2287982.56058374,51.4119940721738,-27087161.0600596,-7.13425523006742,2287982.56058374,-1311367.88857207,-0.248193877773247,0.32099356944917046,-0.18397896324278576,-3.4820474646248865e-08,-0.16008617894271973,-1.7447297440500025,0.018096552153157742,128988.86355938508,0.03964181102708413,282559.4682646347,-0.165882411089628,-1182379.025012685,-1.935066938927806,-0.14433715221570162,-1028808.4203074353,-2.2239150802245864
6,case_0006_steps_0080_mesh_21x1,20,80,21,1,0.095,1336431.68338819,-9.20383898880254,2423781.30562937,1488.25574530823,-36346683.2815113,-221.036724122459,2423781.30562937,-1336431.68338819,-9.20383898880254,0.34004551706882064,-0.18749529990573452,-1.291256839342959e-06,-0.21481031662480082,-1.8136215533924451,0.018096552153157742,128988.86355938508,0.03964181102708413,282559.4682646347,-0.16939874775257677,-1207442.819828805,-2.0073673600320228,-0.14785348887865038,-1053872.2151235554,-2.299881589861639
6,case_0006_steps_0080_mesh_21x1,21,80,21,1,0.1,1498722.33371884,86.5566572730984,3644274.53661437,-17704.3186809259,-76681975.8788894,2817.36861890739,3644274.53661437,-1498722.33371884,86.5566572730984,0.5112751782785077,-0.21026394160577072,1.2143506185900169e-05,-0.4531934699620454,-2.4315875293401983,0.018096552153157742,128988.86355938508,0.03964181102708413,282559.4682646347,-0.19216738945261297,-1369733.470159455,-2.660572013466334,-0.17062213057868658,-1216162.8654542053,-2.9965349544309
6,case_0006_steps_0080_mesh_21x1,22,80,21,1,0.105,1481271.41893857,-704.238541228006,729305.286988744,81557.7330470553,-20373946.7948493,-18370.4801314418,729305.286988744,-1481271.41893857,-704.238541228006,0.10231822187881597,-0.20781565746148817,-9.880147121172989e-05,-0.1204108206518162,-0.4923508802399901,0.018096552153157742,128988.86355938508,0.03964181102708413,282559.4682646347,-0.18971910530833042,-1352282.555379185,-0.5393142757685314,-0.16817384643440403,-1198711.9506739352,-0.6084074548340965
6,case_0006_steps_0080_mesh_21x1,23,80,21,1,0.11,1471689.41263928,-29.1998340019784,-1460707.2821658,40998.7823881017,29151833.151339,-9575.63236730015,-1460707.2821658,-1471689.41263928,-29.1998340019784,-0.2049306024007327,-0.20647134546476176,-4.0966041896870705e-06,0.172288471576109,0.9925377390234906,0.018096552153157742,128988.86355938508,0.03964181102708413,282559.4682646347,-0.188374793311604,-1342700.549079895,1.0878876032088993,-0.16682953443767762,-1189129.9443746454,1.2283832301725235
6,case_0006_steps_0080_mesh_21x1,24,80,21,1,0.115,1362434.71856834,-1132.08149041129,646695.162264715,631802.930548265,-23261031.1938976,-103535.966536482,646695.162264715,-1362434.71856834,-1132.08149041129,0.09072839629857123,-0.1911434077290997,-0.00015882589525583786,-0.13747360211879966,-0.4746613936440703,0.018096552153157742,128988.86355938508,0.03964181102708413,282559.4682646347,-0.17304685557594196,-1233445.8550089549,-0.5242995950235853,-0.15150159670201557,-1079875.2503037052,-0.5988609907328071
6,case_0006_steps_0080_mesh_21x1,25,80,21,1,0.12,1393506.38225384,-14139.6352521578,805581.253067062,2872514.40322455,-20821288.6369492,-510248.016638601,805581.253067062,-1393506.38225384,-14139.6352521578,0.11301939374807025,-0.19550262112825614,-0.0019837266544293383,-0.1230546283961636,-0.5780965651295581,0.018096552153157742,128988.86355938508,0.03964181102708413,282559.4682646347,-0.1774060689750984,-1264517.518694455,-0.6370661071574402,-0.155860810101172,-1110946.9139892054,-0.725130285635673
6,case_0006_steps_0080_mesh_21x1,26,80,21,1,0.125,1410115.84967536,14311.6745146459,1166751.77616916,-1448616.79910312,-28930357.0805085,83214.0525371041,1166751.77616916,-1410115.84967536,14311.6745146459,0.16368997899972884,-0.19783285402693834,0.002007862982171875,-0.1709795393543864,-0.8274155463451972,0.018096552153157742,128988.86355938508,0.03964181102708413,282559.4682646347,-0.1797363018737806,-1281126.9861159748,-0.9107229718940125,-0.1581910429998542,-1127556.3814107252,-1.0347613612983113
6,case_0006_steps_0080_mesh_21x1,27,80,21,1,0.13,1406615.2985258,49581.1109298237,1991260.55211739,-7156325.10403148,-43535213.3493243,1131823.80056539,1991260.55211739,-1406615.2985258,49581.1109298237,0.27936481830718607,-0.19734174258758805,0.006956004844092382,-0.25729480985830844,-1.4156397660428734,0.018096552153157742,128988.86355938508,0.03964181102708413,282559.4682646347,-0.1792451904344303,-1277626.434966415,-1.558562422958738,-0.1576999315605039,-1124055.8302611653,-1.7714961290265598
6,case_0006_steps_0080_mesh_21x1,28,80,21,1,0.135,1381789.30667179,19423.6104470033,-532447.482634248,-7347415.05784609,6901707.14764808,1181079.12443165,-532447.482634248,-1381789.30667179,19423.6104470033,-0.07469996534911835,-0.19385876860097623,0.002725044393425389,0.040789358582054645,0.38533188819988295,0.018096552153157742,128988.86355938508,0.03964181102708413,282559.4682646347,-0.17576221644781848,-1252800.443112405,0.4250058224049297,-0.1542169575738921,-1099229.8384071554,0.4843823048015088
6,case_0006_steps_0080_mesh_21x1,29,80,21,1,0.14,1122686.70934936,-2028.19457156769,-429610.010936524,-1603085.71023564,-7257148.99665589,661121.014265723,-429610.010936524,-1122686.70934936,-2028.19457156769,-0.06027233478843852,-0.15750785011020838,-0.00028454649361437555,-0.042890033780826106,0.3826624180716448,0.018096552153157742,128988.86355938508,0.03964181102708413,282559.4682646347,-0.13941129795705062,-993697.845789975,0.4323346505747836,-0.11786603908312424,-840127.2410847254,0.5113630292261867
6,case_0006_steps_0080_mesh_21x1,30,80,21,1,0.145,1057123.41919121,-833541.400781738,-8085824.51295191,43374697.6198739,139477704.785142,-10519599.5699665,-8085824.51295191,-1057123.41919121,-833541.400781738,-1.1344044823881159,-0.14830961805404844,-0.11694207557785224,0.8243186784043492,7.648893559787236,0.018096552153157742,128988.86355938508,0.03964181102708413,282559.4682646347,-0.13021306590089068,-928134.555631825,8.711909780632515,-0.1086678070269643,-774563.9509265753,10.439195502552382
6,case_0006_steps_0080_mesh_21x1,31,80,21,1,0.15,1258581.11062706,-205372.472564776,11860699.075019,34592796.9513762,-191800169.374025,-9962825.36134455,11860699.075019,-1258581.11062706,-205372.472564776,1.6640022515213047,-0.1765732178650909,-0.028812825836552737,-1.133546486011353,-9.423865474279738,0.018096552153157742,128988.86355938508,0.03964181102708413,282559.4682646347,-0.15847666571193314,-1129592.247067675,-10.499982720143805,-0.13693140683800675,-976021.6423624253,-12.152086142588605
6,case_0006_steps_0080_mesh_21x1,32,80,21,1,0.155,855106.119633061,-618842.383606937,-11934634.3824464,30905733.4218464,50678544.7918358,-19208948.7001888,-11934634.3824464,-855106.119633061,-618842.383606937,-1.6743750396047015,-0.11996750776317795,-0.08682077786018734,0.29951217745240566,13.956904422070718,0.018096552153157742,128988.86355938508,0.03964181102708413,282559.4682646347,-0.10187095561002021,-726117.2560736759,16.436235721735066,-0.08032569673609383,-572546.6513684263,20.844824354350507
6,case_0006_steps_0080_mesh_21x1,33,80,21,1,0.16,686263.367635352,590235.694517192,1743143.89483081,-15108524.7809824,-20199036.1757905,4865986.95855714,1743143.89483081,-686263.367635352,590235.694517192,0.24455517734475843,-0.0962796359353708,0.08280738920975238,-0.11937709206728335,-2.5400509149091497,0.018096552153157742,128988.86355938508,0.03964181102708413,282559.4682646347,-0.07818308378221306,-557274.5040759669,-3.127980702654193,-0.056637824908286664,-403703.89937071723,-4.317877279728969
6,case_0006_steps_0080_mesh_21x1,34,80,21,1,0.165,1301416.96334372,-69996.1116210987,18113385.4604352,3417436.56363244,-285473734.533523,-4644978.52118509,18113385.4604352,-1301416.96334372,-69996.1116210987,2.5412257741468034,-0.18258289359461724,-0.009820136789454646,-1.6871609117193873,-13.918202982306783,0.018096552153157742,128988.86355938508,0.03964181102708413,282559.4682646347,-0.1644863414414595,-1172428.099784335,-15.449463778433074,-0.1429410825675331,-1018857.4950790852,-17.778134378870337
6,case_0006_steps_0080_mesh_21x1,35,80,21,1,0.17,1139518.69620309,662437.025297799,-1948210.70666379,-9767508.55885722,-6680085.83898297,11472546.4288184,-1948210.70666379,-1139518.69620309,662437.025297799,-0.2733251203678536,-0.15986930147534542,0.09293690823909949,-0.039479567999061584,1.7096785802245156,0.018096552153157742,128988.86355938508,0.03964181102708413,282559.4682646347,-0.14177274932218767,-1010529.832643705,1.927910135583988,-0.12022749044826128,-856959.2279384553,2.27339953074606
6,case_0006_steps_0080_mesh_21x1,36,80,21,1,0.175,1704392.64133254,296700.968874249,-19976691.5221166,-15854066.3281328,178014470.295334,6062458.28654387,-19976691.5221166,-1704392.64133254,296700.968874249,-2.8026391581556362,-0.2391185523479902,0.041625799382698864,1.0520724664687178,11.720709792843442,0.018096552153157742,128988.86355938508,0.03964181102708413,282559.4682646347,-0.22102200019483245,-1575403.777773155,12.680362840283273,-0.19947674132090606,-1421833.1730679052,14.049954594189607
6,case_0006_steps_0080_mesh_21x1,37,80,21,1,0.18,1929765.0722316,131462.143580418,16089665.997959,17651719.8877842,-214522538.920105,784417.184775058,16089665.997959,-1929765.0722316,131462.143580418,2.257307118028088,-0.27073728157085136,0.018443542115352263,-1.2678365767702542,-8.337629398252474,0.018096552153157742,128988.86355938508,0.03964181102708413,282559.4682646347,-0.2526407294176936,-1800776.208672215,-8.934850383114822,-0.23109547054376722,-1647205.6039669653,-9.767855305500573
6,case_0006_steps_0080_mesh_21x1,38,80,21,1,0.185,2230786.5615859,-591685.661357492,-9974455.98150724,58957673.1039996,113151383.001881,-7424600.63596753,-9974455.98150724,-2230786.5615859,-591685.661357492,-1.3993709060443051,-0.3129692303686122,-0.08301081297690385,0.6687290892792986,4.471273116517364,0.018096552153157742,128988.86355938508,0.03964181102708413,282559.4682646347,-0.29487267821545443,-2101797.6980265146,4.745678421321313,-0.27332741934152804,-1948227.0933212652,5.1197604302397615
6,case_0006_steps_0080_mesh_21x1,39,80,21,1,0.19,2070880.1714466,176841.322042984,1749619.46796742,-14247308.6894251,-45988231.3875254,4656974.17359433,1749619.46796742,-2070880.1714466,176841.322042984,0.24546367086702517,-0.2905350895526744,0.02481003490437667,-0.2717922421932243,-0.8448675553956531,0.018096552153157742,128988.86355938508,0.03964181102708413,282559.4682646347,-0.2724385373995166,-1941891.307887215,-0.900987331711687,-0.25089327852559024,-1788320.7031819653,-0.9783588955014142
6,case_0006_steps_0080_mesh_21x1,40,80,21,1,0.195,2215844.24649631,-214567.542278876,-862957.09908849,23347455.6645667,-1594981.89038243,-78868.4198546742,-862957.09908849,-2215844.24649631,-214567.542278876,-0.12106896454981854,-0.31087289137588053,-0.030102852386453487,-0.009426405216405403,0.3894484463215303,0.018096552153157742,128988.86355938508,0.03964181102708413,282559.4682646347,-0.2927763392227228,-2086855.382936925,0.4135203168098845,-0.2712310803487964,-1933284.7782316753,0.44636833062835896
6,case_0006_steps_0080_mesh_21x1,41,80,21,1,0.2,2140888.10846063,60415.6171674366,1526685.29594545,-1646743.83669746,-31110718.1198587,4616021.41605326,1526685.29594545,-2140888.10846063,60415.6171674366,0.21418701829880363,-0.3003568853910888,0.008476036897808457,-0.18386555818564085,-0.7131084010939683,0.018096552153157742,128988.86355938508,0.03964181102708413,282559.4682646347,-0.28226033323793104,-2011899.2449012448,-0.7588279084126741,-0.26071507436400465,-1858328.640195995,-0.8215367631553226
6,case_0006_steps_0080_mesh_21x1,42,80,21,1,0.205,2282857.96153298,75459.0379142852,1437291.69457966,-672288.367835568,-45100773.0146213,4174345.24283642,1437291.69457966,-2282857.96153298,75459.0379142852,0.20164550173191154,-0.32027461145987546,0.01058656055539466,-0.2665473285762552,-0.629601893240214,0.018096552153157742,128988.86355938508,0.03964181102708413,282559.4682646347,-0.3021780593067177,-2153869.097973595,-0.6673068924810213,-0.2806328004327913,-2000298.4932683455,-0.7185386078210895
6,case_0006_steps_0080_mesh_21x1,43,80,21,1,0.21,2708707.64714201,-55053.860809498,802576.229008002,18150011.3378157,-38866441.0434348,1669666.46436773,802576.229008002,-2708707.64714201,-55053.860809498,0.11259780251061248,-0.380019389670761,-0.007723806814633178,-0.22970218333143694,-0.29629488802706705,0.018096552153157742,128988.86355938508,0.03964181102708413,282559.4682646347,-0.36192283751760324,-2579718.7835826245,-0.31110996830957355,-0.34037757864367685,-2426148.178877375,-0.3308026426396467
6,case_0006_steps_0080_mesh_21x1,44,80,21,1,0.215,2609100.96624519,-27834.9073268583,3867747.98207976,10215350.4460142,-70914845.7454525,1506063.56017755,3867747.98207976,-2609100.96624519,-27834.9073268583,0.5426274884633976,-0.3660450243967978,-0.003905111171763278,-0.41910950581090156,-1.4824064043968046,0.018096552153157742,128988.86355938508,0.03964181102708413,282559.4682646347,-0.34794847224364006,-2480112.1026858045,-1.5595053053816534,-0.3264032133697137,-2326541.497980555,-1.6624453015073992
6,case_0006_steps_0080_mesh_21x1,45,80,21,1,0.22,2494174.55216785,-52463.2962283014,3458040.83274337,14048478.16604,-69312696.6172308,843083.612688179,3458040.83274337,-2494174.55216785,-52463.2962283014,0.48514743483013095,-0.3499213700848232,-0.007360362360932999,-0.40964074193916433,-1.3864470029724907,0.018096552153157742,128988.86355938508,0.03964181102708413,282559.4682646347,-0.33182481793166546,-2365185.688608465,-1.4620589196858689,-0.3102795590577391,-2211615.0839032154,-1.563581681962656
6,case_0006_steps_0080_mesh_21x1,46,80,21,1,0.225,1926989.607367,-38797.2136888325,5902833.85421115,1376852.69881767,-96658918.1608441,896812.892046171,5902833.85421115,-1926989.607367,-38797.2136888325,0.8281408002713194,-0.27034789644654283,-0.005443073002918003,-0.5712579784495343,-3.063241146524222,0.018096552153157742,128988.86355938508,0.03964181102708413,282559.4682646347,-0.2522513442933851,-1798000.743807615,-3.282998560785217,-0.2307060854194587,-1644430.1391023654,-3.5895923541229258
6,case_0006_steps_0080_mesh_21x1,47,80,21,1,0.23,1608506.39733388,-36569.0042182445,7894421.56691127,7012572.16647614,-128855020.785434,93049.8949648113,7894421.56691127,-1608506.39733388,-36569.0042182445,1.107551517723474,-0.22566614748597444,-0.005130465326720505,-0.7615382014153191,-4.907920528010567,0.018096552153157742,128988.86355938508,0.03964181102708413,282559.4682646347,-0.2075695953328167,-1479517.533774495,-5.335808050054864,-0.1860243364588903,-1325946.9290692452,-5.953799050202407
6,case_0006_steps_0080_mesh_21x1,48,80,21,1,0.235,1284876.46717382,-72377.9182193439,6854148.33226024,11323477.4180664,-119668510.825462,-714985.07769363,6854148.33226024,-1284876.46717382,-72377.9182193439,0.9616059040873831,-0.18026233704951752,-0.010154293445575861,-0.7072455690478902,-5.334480401323282,0.018096552153157742,128988.86355938508,0.03964181102708413,282559.4682646347,-0.16216578489635977,-1155887.6036144348,-5.929770602978586,-0.14062052602243338,-1002316.9989091852,-6.838303989376179
6,case_0006_steps_0080_mesh_21x1,49,80,21,1,0.24,1054460.44323785,-85161.6659925291,9077246.60818139,12143769.9960189,-166478872.054949,-749141.971365682,9077246.60818139,-1054460.44323785,-85161.6659925291,1.2734965028698162,-0.14793601461346614,-0.01194779524027733,-0.9838966306907642,-8.608427813857666,0.018096552153157742,128988.86355938508,0.03964181102708413,282559.4682646347,-0.1298394624603084,-925471.5796784649,-9.808239180434999,-0.108294203586382,-771900.9749732153,-11.759599874189004
6,case_0006_steps_0080_mesh_21x1,50,80,21,1,0.245,1084152.91520401,-112299.851924548,11239918.3102808,15353760.9643777,-198246403.07507,-716887.346724721,11239918.3102808,-1084152.91520401,-112299.851924548,1.5769095275855673,-0.1521017336737353,-0.015755159562351313,-1.1716439787491104,-10.367465836833297,0.018096552153157742,128988.86355938508,0.03964181102708413,282559.4682646347,-0.13400518152057755,-955164.0516446249,-11.767526521677226,-0.11245992264665117,-801593.4469393753,-14.021968808748106
6,case_0006_steps_0080_mesh_21x1,51,80,21,1,0.25,1256007.55385638,45349.7934659693,13927549.9181258,1692611.00688846,-234237187.707162,3410376.46385337,13927549.9181258,-1256007.55385638,45349.7934659693,1.9539720445946454,-0.1762121595300178,0.0063623702073630235,-1.3843509204668811,-11.088746938952221,0.018096552153157742,128988.86355938508,0.03964181102708413,282559.4682646347,-0.15811560737686003,-1127018.690296995,-12.357869517191038,-0.13657034850293365,-973448.0855917453,-14.307439836053959
6,case_0006_steps_0080_mesh_21x1,52,80,21,1,0.255,1425081.97885356,-56638.9776664841,6777437.73877573,14730289.9094804,-150263194.479868,3139352.1297273,6777437.73877573,-1425081.97885356,-56638.9776664841,0.950843755965557,-0.19993253402822392,-0.007946191515759659,-0.8880613434044357,-4.755823060949796,0.018096552153157742,128988.86355938508,0.03964181102708413,282559.4682646347,-0.18183598187506617,-1296093.115294175,-5.2291287244724325,-0.16029072300113978,-1142522.5105889253,-5.931994928732063
6,case_0006_steps_0080_mesh_21x1,53,80,21,1,0.26,1372967.04431423,114193.12836092,-5359681.1167345,-564631.494822067,27612646.9981584,5056803.96273605,-5359681.1167345,-1372967.04431423,114193.12836092,-0.7519389362526374,-0.19262104523124576,0.016020777653911418,0.16319182134399773,3.9037216071064216,0.018096552153157742,128988.86355938508,0.03964181102708413,282559.4682646347,-0.174524493078088,-1243978.180754845,4.308500904318313,-0.15297923420416162,-1090407.5760495954,4.915300695316082
6,case_0006_steps_0080_mesh_21x1,54,80,21,1,0.265,1405593.45283811,-64310.2504989965,-2551630.51407801,12519023.6754813,11257550.3732906,832369.514159968,-2551630.51407801,-1405593.45283811,-64310.2504989965,-0.35798218078216193,-0.19719838227515885,-0.009022436278787205,0.06653256203259401,1.8153403524510408,0.018096552153157742,128988.86355938508,0.03964181102708413,282559.4682646347,-0.1791018301220011,-1276604.589278725,1.9987633880586846,-0.1575565712480747,-1123033.9845734753,2.2720866413024097
6,case_0006_steps_0080_mesh_21x1,55,80,21,1,0.27,1352464.80312431,7279.69429516426,2055865.73749325,-818064.99769161,-58034773.4154116,1735244.46817058,2055865.73749325,-1352464.80312431,7279.69429516426,0.28842863261066215,-0.18974467383985666,0.0010213080713811736,-0.3429877756949157,-1.520088162548869,0.018096552153157742,128988.86355938508,0.03964181102708413,282559.4682646347,-0.1716481216866989,-1223475.939564925,-1.6803483182712426,-0.15010286281277252,-1069905.3348596753,-1.9215398507783772
6,case_0006_steps_0080_mesh_21x1,56,80,21,1,0.275,1465884.83201358,4845.45472459414,5954563.11806925,2007361.49453386,-121745055.846782,1232955.94553527,5954563.11806925,-1465884.83201358,4845.45472459414,0.8353981812220524,-0.2056569891465372,0.0006797953072050499,-0.7195180311611611,-4.062094775815298,0.018096552153157742,128988.86355938508,0.03964181102708413,282559.4682646347,-0.18756043699337946,-1336895.968454195,-4.454021299020221,-0.16601517811945307,-1183325.3637489453,-5.032059060412883
6,case_0006_steps_0080_mesh_21x1,57,80,21,1,0.28,1522132.13003575,4795.11764745031,1739432.74335661,4866081.9907193,-56383700.5994754,1338390.87010086,1739432.74335661,-1522132.13003575,4795.11764745031,0.24403451963565156,-0.21354822978580204,0.0006727332437320162,-0.3332298709195364,-1.1427606769694534,0.018096552153157742,128988.86355938508,0.03964181102708413,282559.4682646347,-0.1954516776326443,-1393143.266476365,-1.2485670248086576,-0.1739064187587179,-1239572.6617711154,-1.4032519407706918
6,case_0006_steps_0080_mesh_21x1,58,80,21,1,0.285,1635772.76590303,29142.3350304142,2399232.63267484,1793377.70193711,-68863625.2136689,1328084.04866936,2399232.63267484,-1635772.76590303,29142.3350304142,0.33660144966521927,-0.2294914952502927,0.004088537344930466,-0.4069867124190803,-1.4667273368806462,0.018096552153157742,128988.86355938508,0.03964181102708413,282559.4682646347,-0.21139494309713494,-1506783.902343645,-1.59228714146938,-0.18984968422320855,-1353213.2976383953,-1.772989252220577
6,case_0006_steps_0080_mesh_21x1,59,80,21,1,0.29,1710267.49998252,95987.9945733114,3763107.11115011,-7467825.14361246,-90967037.4699698,1767764.98291446,3763107.11115011,-1710267.49998252,95987.9945733114,0.527946849175042,-0.23994276835407083,0.013466680005853623,-0.5376187414405486,-2.2003032339611033,0.018096552153157742,128988.86355938508,0.03964181102708413,282559.4682646347,-0.22184621620091308,-1581278.636423135,-2.3797874861967965,-0.2003009573269867,-1427708.0317178853,-2.6357679774499574
6,case_0006_steps_0080_mesh_21x1,60,80,21,1,0.295,1650170.3052071,13624.9441428289,1636928.51562607,-1269431.26151175,-53613819.3891116,585934.948324081,1636928.51562607,-1650170.3052071,13624.9441428289,0.22965364169117022,-0.23151140467273124,0.001911517827669275,-0.31685976487153844,-0.9919755012320574,0.018096552153157742,128988.86355938508,0.03964181102708413,282559.4682646347,-0.21341485251957348,-1521181.441647715,-1.0760902485458803,-0.1918695936456471,-1367610.8369424653,-1.1969256687711776
6,case_0006_steps_0080_mesh_21x1,61,80,21,1,0.3,1850270.90631256,-16515.4247507818,262020.152657542,2045145.17218002,-40067531.0180509,752823.403307646,262020.152657542,-1850270.90631256,-16515.4247507818,0.03676023826322458,-0.259584610869451,-0.002317039138781756,-0.23680067195401233,-0.14161177790971535,0.018096552153157742,128988.86355938508,0.03964181102708413,282559.4682646347,-0.24148805871629325,-1721282.042753175,-0.15222383441498244,-0.21994279984236687,-1567711.4380479252,-0.16713544744165604
6,case_0006_steps_0080_mesh_21x1,62,80,21,1,0.305,1898322.50908416,-130125.254474381,4426319.19328319,18273970.7161213,-96397264.7437418,-542622.650914748,4426319.19328319,-1898322.50908416,-130125.254474381,0.6209924943706063,-0.2663260326604783,-0.018255982641124872,-0.5697115965434224,-2.3317003154636007,0.018096552153157742,128988.86355938508,0.03964181102708413,282559.4682646347,-0.24822948050732052,-1769333.645524775,-2.5016871207297746,-0.22668422163339413,-1615763.0408195253,-2.73946060248917
6,case_0006_steps_0080_mesh_21x1,63,80,21,1,0.31,1843075.44052454,-25328.7866182359,2822147.62304901,6897065.93577682,-75522403.7641477,1370032.28101253,2822147.62304901,-1843075.44052454,-25328.7866182359,0.39593450345350134,-0.25857511967535873,-0.003553513810144425,-0.44634035351156426,-1.5312165530488682,0.018096552153157742,128988.86355938508,0.03964181102708413,282559.4682646347,-0.24047856752220098,-1714086.5769651548,-1.6464440367100435,-0.2189333086482746,-1560515.9722599052,-1.8084708347855212
6,case_0006_steps_0080_mesh_21x1,64,80,21,1,0.315,1949704.8491244,-55089.4645687503,-3667686.38024757,8627333.85013013,20460454.7192894,590241.112374931,-3667686.38024757,-1949704.8491244,-55089.4645687503,-0.514559753687723,-0.2735347417740476,-0.007728801860471853,0.12092208586123313,1.881149540093058,0.018096552153157742,128988.86355938508,0.03964181102708413,282559.4682646347,-0.2554381896208898,-1820715.9855650149,2.014419826774571,-0.23389293074696343,-1667145.3808597652,2.1999799311779897
6,case_0006_steps_0080_mesh_21x1,65,80,21,1,0.32,1878606.81502887,-24228.0257437227,106920.905793146,1915134.15193039,-23768571.7726408,1138177.05200296,106920.905793146,-1878606.81502887,-24228.0257437227,0.015000517831973342,-0.2635600102624051,-0.003399082055153323,-0.14047318674596754,-0.0569149994228584,0.018096552153157742,128988.86355938508,0.03964181102708413,282559.4682646347,-0.24546345810924736,-1749617.951469485,-0.06111100180661973,-0.22391819923532097,-1596047.3467642353,-0.0669910613929551
6,case_0006_steps_0080_mesh_21x1,66,80,21,1,0.325,1761810.11697074,8653.85655373006,-452538.624062499,-4057739.85983037,-14354811.0223169,2084235.08657651,-452538.624062499,-1761810.11697074,8653.85655373006,-0.0634891151505878,-0.24717396359603938,0.0012140967997475436,-0.08483749333908573,0.2568600439419628,0.018096552153157742,128988.86355938508,0.03964181102708413,282559.4682646347,-0.22907741144288163,-1632821.253411355,0.2771513557390543,-0.20753215256895524,-1479250.6487061053,0.3059242356650867
6,case_0006_steps_0080_mesh_21x1,67,80,21,1,0.33,1776605.97150358,-25860.4582482645,922465.002861047,2844351.54999364,-27033550.2962554,1293942.51704962,922465.002861047,-1776605.97150358,-25860.4582482645,0.12941765337790007,-0.24924975483735692,-0.0036281049268941075,-0.15976933723647427,-0.5192288091209921,0.018096552153157742,128988.86355938508,0.03964181102708413,282559.4682646347,-0.23115320268419917,-1647617.107944195,-0.5598782620144359,-0.20960794381027278,-1494046.5032389453,-0.6174272359402696
6,case_0006_steps_0080_mesh_21x1,68,80,21,1,0.335,1790645.54322621,-27570.9366834954,-615315.503157731,2737902.6796489,-8844298.83679603,1951412.59110357,-615315.503157731,-1790645.54322621,-27570.9366834954,-0.08632597253958985,-0.2512194430327227,-0.003868077288506216,-0.05227015127465344,0.3436277522848636,0.018096552153157742,128988.86355938508,0.03964181102708413,282559.4682646347,-0.23312289087956495,-1661656.6796668249,0.37030242810512853,-0.21157763200563856,-1508086.0749615752,0.4080108644815972
6,case_0006_steps_0080_mesh_21x1,69,80,21,1,0.34,1830784.45808534,57.9869969122187,-2382505.21664948,1014544.99509329,18525310.8370048,2672598.38408886,-2382505.21664948,-1830784.45808534,57.9869969122187,-0.33425466911271734,-0.2568507506206448,8.135312498073499e-06,0.10948530999784775,1.3013575716833086,0.018096552153157742,128988.86355938508,0.03964181102708413,282559.4682646347,-0.23875419846748702,-1701795.594525955,1.3999949372962979,-0.21720893959356063,-1548224.9898207053,1.538862395526499
6,case_0006_steps_0080_mesh_21x1,70,80,21,1,0.345,1918720.60759699,-3618.42492246283,3032766.96474287,1497597.20399657,-58643057.3789444,3005673.70589914,3032766.96474287,-1918720.60759699,-3618.42492246283,0.42548344121642634,-0.26918779330691367,-0.0005076485947291691,-0.3465827576577055,-1.5806193735215646,0.018096552153157742,128988.86355938508,0.03964181102708413,282559.4682646347,-0.2510912411537559,-1789731.744037605,-1.694537170079466,-0.22954598227982953,-1636161.1393323552,-1.8535869675895174
6,case_0006_steps_0080_mesh_21x1,71,80,21,1,0.35,1783476.65648625,-13881.1522957997,2537844.17247083,2669037.01066243,-47011897.5973542,2373110.64388405,2537844.17247083,-1783476.65648625,-13881.1522957997,0.3560480196227319,-0.2502136807584467,-0.0019474626687536818,-0.2778421494419357,-1.42297582827398,0.018096552153157742,128988.86355938508,0.03964181102708413,282559.4682646347,-0.23211712860528894,-1654487.792926865,-1.5339153200890452,-0.21057186973136255,-1500917.1882216153,-1.6908622223707315
6,case_0006_steps_0080_mesh_21x1,72,80,21,1,0.355,1594010.38125336,-39939.5254653478,4633542.47085044,2414714.04862152,-77496683.5791037,1500664.06026605,4633542.47085044,-1594010.38125336,-39939.5254653478,0.650064979749296,-0.22363242221872787,-0.005603334160885011,-0.45800842426431926,-2.9068458558012122,0.018096552153157742,128988.86355938508,0.03964181102708413,282559.4682646347,-0.20553587006557011,-1465021.517693975,-3.1627811707120124,-0.18399061119164373,-1311450.9129887254,-3.533142129041527
6,case_0006_steps_0080_mesh_21x1,73,80,21,1,0.36,1461351.64126812,-14562.8548041594,5155302.33906329,1749627.87258643,-87884481.208549,1354365.55772222,5155302.33906329,-1461351.64126812,-14562.8548041594,0.7232655212998581,-0.205021003058423,-0.0020431024368317238,-0.5194007136386447,-3.5277630609082307,0.018096552153157742,128988.86355938508,0.03964181102708413,282559.4682646347,-0.18692445090526524,-1332362.7777087349,-3.869293277562787,-0.16537919203133886,-1178792.1730034852,-4.3733767979879925
6,case_0006_steps_0080_mesh_21x1,74,80,21,1,0.365,1233556.00453307,-67451.7719801158,5782772.92865753,6361178.95731547,-98312474.6247979,181427.325014955,5782772.92865753,-1233556.00453307,-67451.7719801158,0.8112967973017361,-0.17306230905427172,-0.009463177485078765,-0.581030561681622,-4.687888435877255,0.018096552153157742,128988.86355938508,0.03964181102708413,282559.4682646347,-0.15496575690111397,-1104567.1409736848,-5.235329491659483,-0.13342049802718758,-950996.5362684352,-6.080750778912661
6,case_0006_steps_0080_mesh_21x1,75,80,21,1,0.37,1219213.79025718,-35712.4690252837,3408143.25097667,5913023.8293434,-72288912.9672546,633277.651914967,3408143.25097667,-1219213.79025718,-35712.4690252837,0.4781470305638989,-0.17105016148219926,-0.005010297326455164,-0.4272302967147916,-2.79536146835885,0.018096552153157742,128988.86355938508,0.03964181102708413,282559.4682646347,-0.1529536093290415,-1090224.926697795,-3.126091843542475,-0.13140835045511512,-936654.3219925454,-3.6386350555950293
6,case_0006_steps_0080_mesh_21x1,76,80,21,1,0.375,1239508.99279814,-38338.7152410401,2739326.86794165,8014136.33775574,-64259973.1578825,875621.69956157,2739326.86794165,-1239508.99279814,-38338.7152410401,0.38431512738640217,-0.17389748629076532,-0.0053787477515462295,-0.379778949111639,-2.210009676297494,0.018096552153157742,128988.86355938508,0.03964181102708413,282559.4682646347,-0.15580093413760757,-1110520.129238755,-2.466706181921635,-0.13425567526368118,-956949.5245335053,-2.862561501639305
6,case_0006_steps_0080_mesh_21x1,77,80,21,1,0.38,1201043.38460027,-3838.18485904588,2076829.26229346,4026895.46605783,-51619418.0149376,1301499.05784093,2076829.26229346,-1201043.38460027,-3838.18485904588,0.29136971999908123,-0.16850093603326802,-0.000538479916471289,-0.3050727749185602,-1.7291875455312282,0.018096552153157742,128988.86355938508,0.03964181102708413,282559.4682646347,-0.15040438388011027,-1072054.521040885,-1.9372422032015812,-0.12885912500618388,-918483.9163356354,-2.2611492976155048
6,case_0006_steps_0080_mesh_21x1,78,80,21,1,0.385,1226614.16265225,-9140.56606037662,3375331.43109771,6354113.34964937,-66483609.5806181,736531.694148338,3375331.43109771,-1226614.16265225,-9140.56606037662,0.47354368114834067,-0.1720884001433106,-0.0012823799346432325,-0.39292072714752513,-2.751746664818699,0.018096552153157742,128988.86355938508,0.03964181102708413,282559.4682646347,-0.15399184799015284,-1097625.2990928649,-3.0751217504618937,-0.13244658911622645,-944054.6943876152,-3.575355804238867
6,case_0006_steps_0080_mesh_21x1,79,80,21,1,0.39,1253942.70400024,-40369.4971400286,-662783.486160731,6074916.86477233,-13947537.4679265,740318.662534557,-662783.486160731,-1253942.70400024,-40369.4971400286,-0.09298551512578772,-0.17592247046633458,-0.005663657235455394,-0.08243049073876836,0.5285596256083835,0.018096552153157742,128988.86355938508,0.03964181102708413,282559.4682646347,-0.15782591831317683,-1124953.840440855,0.5891650504530876,-0.13628065943925044,-971383.2357356052,0.682308960848826
6,case_0006_steps_0080_mesh_21x1,80,80,21,1,0.395,1282529.56451954,-6624.58738775097,-5071328.90960366,3874837.1336909,54980565.3053149,147825.829869349,-5071328.90960366,-1282529.56451954,-6624.58738775097,-0.7114844302524431,-0.17993307725832627,-0.0009293995454141976,0.32493728657362525,3.9541614087496506,0.018096552153157742,128988.86355938508,0.03964181102708413,282559.4682646347,-0.16183652510516852,-1153540.7009601549,4.396315539956689,-0.14029126623124213,-999970.0962549052,5.0714805658657545
7,case_0007_steps_0100_mesh_21x1,1,100,21,1,0.0,1251388.09280911,-4.71118255518377e-10,18825544.9370631,6.17769728705753e-08,-194291215.084951,1.39357325679157e-09,18825544.9370631,-1251388.09280911,-4.71118255518377e-10,2.641138516646694,-0.17556407011008957,-6.60957531218802e-17,-1.148268663376105,-15.043730274597396,0.018096552153157742,128988.86355938508,0.03964181102708413,282559.4682646347,-0.1574675179569318,-1122399.229249725,-16.772592537903968,-0.13592225908300543,-968828.6245444752,-19.43124352453409
7,case_0007_steps_0100_mesh_21x1,2,100,21,1,0.005,1390551.34517861,8.59017745824531e-10,2711107.54722735,7.1485466435206e-09,-40247608.6118551,-4.86801354782074e-09,2711107.54722735,-1390551.34517861,8.59017745824531e-10,0.38035608476100596,-0.19508804283776832,1.2051629116528155e-16,-0.2378649375609319,-1.9496637478561576,0.018096552153157742,128988.86355938508,0.03964181102708413,282559.4682646347,-0.17699149068461056,-1261562.481619225,-2.149007747715851,-0.15544623181068418,-1107991.8769139752,-2.4468659055321225
7,case_0007_steps_0100_mesh_21x1,3,100,21,1,0.01,1368403.22472095,5.82758730161004e-10,100838.832042394,-1.43752778569706e-08,-9800434.09076114,5.27001020600437e-09,100838.832042394,-1368403.22472095,5.82758730161004e-10,0.014147230487681309,-0.19198076205478865,8.17584050441018e-17,-0.05792094793881167,-0.07369087577454185,0.018096552153157742,128988.86355938508,0.03964181102708413,282559.4682646347,-0.1738842099016309,-1239414.361161565,-0.08136006423863687,-0.1523389510277045,-1085843.7564563153,-0.09286679731113863
7,case_0007_steps_0100_mesh_21x1,4,100,21,1,0.015,1370449.06761965,-1.72076397575438e-09,457420.727509294,6.50959322001654e-08,-12825594.2336579,-1.963087470358e-08,457420.727509294,-1370449.06761965,-1.72076397575438e-09,0.06417405210719074,-0.19226778452860435,-2.414153762675623e-16,-0.07579976244035208,-0.33377433595820805,0.018096552153157742,128988.86355938508,0.03964181102708413,282559.4682646347,-0.1741712323754466,-1241460.2040602649,-0.3684537982073642,-0.1526259735015202,-1087889.5993550152,-0.42046612797887606
7,case_0007_steps_0100_mesh_21x1,5,100,21,1,0.02,1365908.23288794,-9.18589648790658e-11,526984.529065707,4.12225276136269e-08,-13753276.4564233,-7.66254970585578e-09,526984.529065707,-1365908.23288794,-9.18589648790658e-11,0.07393353775656988,-0.19163072602391082,-1.2887395878976642e-17,-0.0812824005797391,-0.3858125431688068,0.018096552153157742,128988.86355938508,0.03964181102708413,282559.4682646347,-0.17353417387075307,-1236919.369328555,-0.4260459833786688,-0.15198891499682668,-1083348.7646233053,-0.4864403286128696
7,case_0007_steps_0100_mesh_21x1,6,100,21,1,0.025,1441348.38497963,1.0379835657659e-08,-61546.7405780233,-7.94148480309786e-07,2851046.78478838,8.01005057837756e-08,-61546.7405780233,-1441348.38497963,1.0379835657659e-08,-0.008634728378813064,-0.20221463698410697,1.4562438348296116e-15,0.016849797760337685,0.04270080795136363,0.018096552153157742,128988.86355938508,0.03964181102708413,282559.4682646347,-0.1841180848309492,-1312359.5214202448,0.04689777425580528,-0.16257282595702283,-1158788.9167149952,0.05311298692129342
7,case_0007_steps_0100_mesh_21x1,7,100,21,1,0.03,1431842.80130884,-7.98991095507517e-09,-343999.077387729,2.52655102173094e-07,6084595.58959933,-3.71817918676243e-08,-343999.077387729,-1431842.80130884,-7.98991095507517e-09,-0.04826150934897702,-0.20088104673532198,-1.120948245512967e-15,0.03596019738616855,0.24024919290950184,0.018096552153157742,128988.86355938508,0.03964181102708413,282559.4682646347,-0.18278449458216423,-1302853.937749455,0.26403502911612003,-0.16123923570823784,-1149283.3330442053,0.2993161629487388
7,case_0007_steps_0100_mesh_21x1,8,100,21,1,0.035,1524306.71923138,5.3054463933222e-08,3097822.53032741,-4.27277535663961e-06,-66954918.7115923,6.17968908045441e-07,3097822.53032741,-1524306.71923138,5.3054463933222e-08,0.4346104418191705,-0.21385331478077366,7.443300506972506e-15,-0.3957061825044442,-2.0322829331156287,0.018096552153157742,128988.86355938508,0.03964181102708413,282559.4682646347,-0.1957567626276159,-1395317.8556719949,-2.2201554418118423,-0.17421150375368952,-1241747.2509667452,-2.4947287202896105
7,case_0007_steps_0100_mesh_21x1,9,100,21,1,0.04,1620717.07134527,3.63856543117436e-07,-301344.262821732,-2.18303465544523e-05,11663271.9737372,2.12688905776304e-06,-301344.262821732,-1620717.07134527,3.63856543117436e-07,-0.04227723245036351,-0.22737924963273917,5.1047421669553006e-14,0.06893039252453846,0.18593267643661107,0.018096552153157742,128988.86355938508,0.03964181102708413,282559.4682646347,-0.20928269747958142,-1491728.2077858848,0.20201016595979354,-0.18773743860565503,-1338157.6030806352,0.22519340182949546
7,case_0007_steps_0100_mesh_21x1,10,100,21,1,0.045,1699558.47113685,1.59514684128226e-06,-56638.5682534094,-0.000220334296539448,7953992.48380748,3.24412051782019e-05,-56638.5682534094,-1699558.47113685,1.59514684128226e-06,-0.007946134076963363,-0.23844034020897661,2.2379186240306206e-13,0.04700840598424272,0.03332546023881329,0.018096552153157742,128988.86355938508,0.03964181102708413,282559.4682646347,-0.22034378805581886,-1570569.607577465,0.03606243746227327,-0.19879852918189247,-1416999.0028722154,0.039970789068026646
7,case_0007_steps_0100_mesh_21x1,11,100,21,1,0.05,1567516.99719223,1.89580214282614e-06,227739.442398581,1.78882823540505e-05,-13422141.0725795,-1.44481875850033e-05,227739.442398581,-1567516.99719223,1.89580214282614e-06,0.03195081019377757,-0.21991552067276496,2.6597243671293105e-13,-0.0793253775386479,-0.1452867450920869,0.018096552153157742,128988.86355938508,0.03964181102708413,282559.4682646347,-0.2018189685196072,-1438528.133632845,-0.1583142081645981,-0.18027370964568082,-1284957.5289275954,-0.17723499592134273
7,case_0007_steps_0100_mesh_21x1,12,100,21,1,0.055,1566219.77494747,-7.03614091435156e-06,1026674.72267944,0.00162703608020465,-26913353.5258801,-0.000282205918324507,1026674.72267944,-1566219.77494747,-7.03614091435156e-06,0.1440378041220865,-0.2197335262791503,-9.87138637398016e-13,-0.15905896963287147,-0.6555112756853514,0.018096552153157742,128988.86355938508,0.03964181102708413,282559.4682646347,-0.20163697412599255,-1437230.911388085,-0.714342221938347,-0.18009171525206616,-1283660.3066828353,-0.7998025001898802
7,case_0007_steps_0100_mesh_21x1,13,100,21,1,0.06,1468699.99252476,1.90298742381856e-05,-620101.443151766,-0.00756826605971384,7647842.80920833,0.00117182988316245,-620101.443151766,-1468699.99252476,1.90298742381856e-05,-0.08699741820019963,-0.20605194338990587,2.669804990264234e-12,0.045199049459855915,0.4222111025450366,0.018096552153157742,128988.86355938508,0.03964181102708413,282559.4682646347,-0.18795539123674812,-1339711.128965375,0.46286205268045705,-0.16641013236282173,-1186140.5242601254,0.5227891893657073
7,case_0007_steps_0100_mesh_21x1,14,100,21,1,0.065,1375124.4280675,-4.30369643709128e-05,-1341881.44220758,0.0013691951574053,27393756.6937857,0.000189848947854898,-1341881.44220758,-1375124.4280675,-4.30369643709128e-05,-0.18825987633486027,-0.1929237163807396,-6.037890781891062e-12,0.1618981711029504,0.975825470640037,0.018096552153157742,128988.86355938508,0.03964181102708413,282559.4682646347,-0.17482716422758185,-1246135.564508115,1.0768342389274947,-0.15328190535365546,-1092564.9598028653,1.2281937382008843
7,case_0007_steps_0100_mesh_21x1,15,100,21,1,0.07,1356482.90334227,5.35091492110951e-05,-964790.141712585,0.0721437837242114,21660884.0706409,-0.0110111077734132,-964790.141712585,-1356482.90334227,5.35091492110951e-05,-0.1353556782699782,-0.1903083950646541,7.507090787910328e-12,0.12801667017453386,0.7112438640659723,0.018096552153157742,128988.86355938508,0.03964181102708413,282559.4682646347,-0.17221184291149635,-1227494.039782885,0.7859835652507395,-0.15066658403756997,-1073923.4350776353,0.8983788882890325
7,case_0007_steps_0100_mesh_21x1,16,100,21,1,0.075,1398845.60483894,-0.000126816469219193,-1151437.65354347,-0.0619236476933764,23937576.8296206,0.00517943156847878,-1151437.65354347,-1398845.60483894,-0.000126816469219193,-0.16154147709709704,-0.19625168982536964,-1.7791775086442895e-11,0.14147201322814867,0.8231341969123489,0.018096552153157742,128988.86355938508,0.03964181102708413,282559.4682646347,-0.1781551376722119,-1269856.741279555,0.9067461045906946,-0.1566098787982855,-1116286.1365743054,1.0314897012669517
7,case_0007_steps_0100_mesh_21x1,17,100,21,1,0.08,1333924.69250435,-0.00729257464536204,-2497121.35062749,1.48593861009229,32254451.1899193,-0.191377119547667,-2497121.35062749,-1333924.69250435,-0.00729257464536204,-0.35033479253493394,-0.18714358046248186,-1.0231151260576244e-09,0.19062506526393724,1.8720107399311423,0.018096552153157742,128988.86355938508,0.03964181102708413,282559.4682646347,-0.1690470283093241,-1204935.828944965,2.072410240148602,-0.14750176943539772,-1051365.2242397154,2.375122643449862
7,case_0007_steps_0100_mesh_21x1,18,100,21,1,0.085,1262257.70060091,0.0146440505270675,-2614515.1119915,-2.49395202417501,32565836.0286068,0.315086154605922,-2614515.1119915,-1262257.70060091,0.0146440505270675,-0.36680460447339713,-0.1770890267525529,2.054493828256327e-09,0.1924653618123887,2.071300583665946,0.018096552153157742,128988.86355938508,0.03964181102708413,282559.4682646347,-0.15899247459939514,-1133268.837041525,2.30705638991792,-0.13744721572546875,-979698.2323362753,2.668694324125395
7,case_0007_steps_0100_mesh_21x1,19,100,21,1,0.09,1311367.88857207,-0.248193877773247,2287982.56058374,51.4119940721738,-27087161.0600596,-7.13425523006742,2287982.56058374,-1311367.88857207,-0.248193877773247,0.32099356944917046,-0.18397896324278576,-3.4820474646248865e-08,-0.16008617894271973,-1.7447297440500025,0.018096552153157742,128988.86355938508,0.03964181102708413,282559.4682646347,-0.165882411089628,-1182379.025012685,-1.935066938927806,-0.14433715221570162,-1028808.4203074353,-2.2239150802245864
7,case_0007_steps_0100_mesh_21x1,20,100,21,1,0.095,1336431.68338819,-9.20383898880254,2423781.30562937,1488.25574530823,-36346683.2815113,-221.036724122459,2423781.30562937,-1336431.68338819,-9.20383898880254,0.34004551706882064,-0.18749529990573452,-1.291256839342959e-06,-0.21481031662480082,-1.8136215533924451,0.018096552153157742,128988.86355938508,0.03964181102708413,282559.4682646347,-0.16939874775257677,-1207442.819828805,-2.0073673600320228,-0.14785348887865038,-1053872.2151235554,-2.299881589861639
7,case_0007_steps_0100_mesh_21x1,21,100,21,1,0.1,1498722.33371884,86.5566572730984,3644274.53661437,-17704.3186809259,-76681975.8788894,2817.36861890739,3644274.53661437,-1498722.33371884,86.5566572730984,0.5112751782785077,-0.21026394160577072,1.2143506185900169e-05,-0.4531934699620454,-2.4315875293401983,0.018096552153157742,128988.86355938508,0.03964181102708413,282559.4682646347,-0.19216738945261297,-1369733.470159455,-2.660572013466334,-0.17062213057868658,-1216162.8654542053,-2.9965349544309
7,case_0007_steps_0100_mesh_21x1,22,100,21,1,0.105,1481271.41893857,-704.238541228006,729305.286988744,81557.7330470553,-20373946.7948493,-18370.4801314418,729305.286988744,-1481271.41893857,-704.238541228006,0.10231822187881597,-0.20781565746148817,-9.880147121172989e-05,-0.1204108206518162,-0.4923508802399901,0.018096552153157742,128988.86355938508,0.03964181102708413,282559.4682646347,-0.18971910530833042,-1352282.555379185,-0.5393142757685314,-0.16817384643440403,-1198711.9506739352,-0.6084074548340965
7,case_0007_steps_0100_mesh_21x1,23,100,21,1,0.11,1471689.41263928,-29.1998340019784,-1460707.2821658,40998.7823881017,29151833.151339,-9575.63236730015,-1460707.2821658,-1471689.41263928,-29.1998340019784,-0.2049306024007327,-0.20647134546476176,-4.0966041896870705e-06,0.172288471576109,0.9925377390234906,0.018096552153157742,128988.86355938508,0.03964181102708413,282559.4682646347,-0.188374793311604,-1342700.549079895,1.0878876032088993,-0.16682953443767762,-1189129.9443746454,1.2283832301725235
7,case_0007_steps_0100_mesh_21x1,24,100,21,1,0.115,1362434.71856834,-1132.08149041129,646695.162264715,631802.930548265,-23261031.1938976,-103535.966536482,646695.162264715,-1362434.71856834,-1132.08149041129,0.09072839629857123,-0.1911434077290997,-0.00015882589525583786,-0.13747360211879966,-0.4746613936440703,0.018096552153157742,128988.86355938508,0.03964181102708413,282559.4682646347,-0.17304685557594196,-1233445.8550089549,-0.5242995950235853,-0.15150159670201557,-1079875.2503037052,-0.5988609907328071
7,case_0007_steps_0100_mesh_21x1,25,100,21,1,0.12,1393506.38225384,-14139.6352521578,805581.253067062,2872514.40322455,-20821288.6369492,-510248.016638601,805581.253067062,-1393506.38225384,-14139.6352521578,0.11301939374807025,-0.19550262112825614,-0.0019837266544293383,-0.1230546283961636,-0.5780965651295581,0.018096552153157742,128988.86355938508,0.03964181102708413,282559.4682646347,-0.1774060689750984,-1264517.518694455,-0.6370661071574402,-0.155860810101172,-1110946.9139892054,-0.725130285635673
7,case_0007_steps_0100_mesh_21x1,26,100,21,1,0.125,1410115.84967536,14311.6745146459,1166751.77616916,-1448616.79910312,-28930357.0805085,83214.0525371041,1166751.77616916,-1410115.84967536,14311.6745146459,0.16368997899972884,-0.19783285402693834,0.002007862982171875,-0.1709795393543864,-0.8274155463451972,0.018096552153157742,128988.86355938508,0.03964181102708413,282559.4682646347,-0.1797363018737806,-1281126.9861159748,-0.9107229718940125,-0.1581910429998542,-1127556.3814107252,-1.0347613612983113
7,case_0007_steps_0100_mesh_21x1,27,100,21,1,0.13,1406615.2985258,49581.1109298237,1991260.55211739,-7156325.10403148,-43535213.3493243,1131823.80056539,1991260.55211739,-1406615.2985258,49581.1109298237,0.27936481830718607,-0.19734174258758805,0.006956004844092382,-0.25729480985830844,-1.4156397660428734,0.018096552153157742,128988.86355938508,0.03964181102708413,282559.4682646347,-0.1792451904344303,-1277626.434966415,-1.558562422958738,-0.1576999315605039,-1124055.8302611653,-1.7714961290265598
7,case_0007_steps_0100_mesh_21x1,28,100,21,1,0.135,1381789.30667179,19423.6104470033,-532447.482634248,-7347415.05784609,6901707.14764808,1181079.12443165,-532447.482634248,-1381789.30667179,19423.6104470033,-0.07469996534911835,-0.19385876860097623,0.002725044393425389,0.040789358582054645,0.38533188819988295,0.018096552153157742,128988.86355938508,0.03964181102708413,282559.4682646347,-0.17576221644781848,-1252800.443112405,0.4250058224049297,-0.1542169575738921,-1099229.8384071554,0.4843823048015088
7,case_0007_steps_0100_mesh_21x1,29,100,21,1,0.14,1122686.70934936,-2028.19457156769,-429610.010936524,-1603085.71023564,-7257148.99665589,661121.014265723,-429610.010936524,-1122686.70934936,-2028.19457156769,-0.06027233478843852,-0.15750785011020838,-0.00028454649361437555,-0.042890033780826106,0.3826624180716448,0.018096552153157742,128988.86355938508,0.03964181102708413,282559.4682646347,-0.13941129795705062,-993697.845789975,0.4323346505747836,-0.11786603908312424,-840127.2410847254,0.5113630292261867
7,case_0007_steps_0100_mesh_21x1,30,100,21,1,0.145,1057123.41919121,-833541.400781738,-8085824.51295191,43374697.6198739,139477704.785142,-10519599.5699665,-8085824.51295191,-1057123.41919121,-833541.400781738,-1.1344044823881159,-0.14830961805404844,-0.11694207557785224,0.8243186784043492,7.648893559787236,0.018096552153157742,128988.86355938508,0.03964181102708413,282559.4682646347,-0.13021306590089068,-928134.555631825,8.711909780632515,-0.1086678070269643,-774563.9509265753,10.439195502552382
7,case_0007_steps_0100_mesh_21x1,31,100,21,1,0.15,1258581.11062706,-205372.472564776,11860699.075019,34592796.9513762,-191800169.374025,-9962825.36134455,11860699.075019,-1258581.11062706,-205372.472564776,1.6640022515213047,-0.1765732178650909,-0.028812825836552737,-1.133546486011353,-9.423865474279738,0.018096552153157742,128988.86355938508,0.03964181102708413,282559.4682646347,-0.15847666571193314,-1129592.247067675,-10.499982720143805,-0.13693140683800675,-976021.6423624253,-12.152086142588605
7,case_0007_steps_0100_mesh_21x1,32,100,21,1,0.155,855106.119633061,-618842.383606937,-11934634.3824464,30905733.4218464,50678544.7918358,-19208948.7001888,-11934634.3824464,-855106.119633061,-618842.383606937,-1.6743750396047015,-0.11996750776317795,-0.08682077786018734,0.29951217745240566,13.956904422070718,0.018096552153157742,128988.86355938508,0.03964181102708413,282559.4682646347,-0.10187095561002021,-726117.2560736759,16.436235721735066,-0.08032569673609383,-572546.6513684263,20.844824354350507
7,case_0007_steps_0100_mesh_21x1,33,100,21,1,0.16,686263.367635352,590235.694517192,1743143.89483081,-15108524.7809824,-20199036.1757905,4865986.95855714,1743143.89483081,-686263.367635352,590235.694517192,0.24455517734475843,-0.0962796359353708,0.08280738920975238,-0.11937709206728335,-2.5400509149091497,0.018096552153157742,128988.86355938508,0.03964181102708413,282559.4682646347,-0.07818308378221306,-557274.5040759669,-3.127980702654193,-0.056637824908286664,-403703.89937071723,-4.317877279728969
7,case_0007_steps_0100_mesh_21x1,34,100,21,1,0.165,1301416.96334372,-69996.1116210987,18113385.4604352,3417436.56363244,-285473734.533523,-4644978.52118509,18113385.4604352,-1301416.96334372,-69996.1116210987,2.5412257741468034,-0.18258289359461724,-0.009820136789454646,-1.6871609117193873,-13.918202982306783,0.018096552153157742,128988.86355938508,0.03964181102708413,282559.4682646347,-0.1644863414414595,-1172428.099784335,-15.449463778433074,-0.1429410825675331,-1018857.4950790852,-17.778134378870337
7,case_0007_steps_0100_mesh_21x1,35,100,21,1,0.17,1139518.69620309,662437.025297799,-1948210.70666379,-9767508.55885722,-6680085.83898297,11472546.4288184,-1948210.70666379,-1139518.69620309,662437.025297799,-0.2733251203678536,-0.15986930147534542,0.09293690823909949,-0.039479567999061584,1.7096785802245156,0.018096552153157742,128988.86355938508,0.03964181102708413,282559.4682646347,-0.14177274932218767,-1010529.832643705,1.927910135583988,-0.12022749044826128,-856959.2279384553,2.27339953074606
7,case_0007_steps_0100_mesh_21x1,36,100,21,1,0.175,1704392.64133254,296700.968874249,-19976691.5221166,-15854066.3281328,178014470.295334,6062458.28654387,-19976691.5221166,-1704392.64133254,296700.968874249,-2.8026391581556362,-0.2391185523479902,0.041625799382698864,1.0520724664687178,11.720709792843442,0.018096552153157742,128988.86355938508,0.03964181102708413,282559.4682646347,-0.22102200019483245,-1575403.777773155,12.680362840283273,-0.19947674132090606,-1421833.1730679052,14.049954594189607
7,case_0007_steps_0100_mesh_21x1,37,100,21,1,0.18,1929765.0722316,131462.143580418,16089665.997959,17651719.8877842,-214522538.920105,784417.184775058,16089665.997959,-1929765.0722316,131462.143580418,2.257307118028088,-0.27073728157085136,0.018443542115352263,-1.2678365767702542,-8.337629398252474,0.018096552153157742,128988.86355938508,0.03964181102708413,282559.4682646347,-0.2526407294176936,-1800776.208672215,-8.934850383114822,-0.23109547054376722,-1647205.6039669653,-9.767855305500573
7,case_0007_steps_0100_mesh_21x1,38,100,21,1,0.185,2230786.5615859,-591685.661357492,-9974455.98150724,58957673.1039996,113151383.001881,-7424600.63596753,-9974455.98150724,-2230786.5615859,-591685.661357492,-1.3993709060443051,-0.3129692303686122,-0.08301081297690385,0.6687290892792986,4.471273116517364,0.018096552153157742,128988.86355938508,0.03964181102708413,282559.4682646347,-0.29487267821545443,-2101797.6980265146,4.745678421321313,-0.27332741934152804,-1948227.0933212652,5.1197604302397615
7,case_0007_steps_0100_mesh_21x1,39,100,21,1,0.19,2070880.1714466,176841.322042984,1749619.46796742,-14247308.6894251,-45988231.3875254,4656974.17359433,1749619.46796742,-2070880.1714466,176841.322042984,0.24546367086702517,-0.2905350895526744,0.02481003490437667,-0.2717922421932243,-0.8448675553956531,0.018096552153157742,128988.86355938508,0.03964181102708413,282559.4682646347,-0.2724385373995166,-1941891.307887215,-0.900987331711687,-0.25089327852559024,-1788320.7031819653,-0.9783588955014142
7,case_0007_steps_0100_mesh_21x1,40,100,21,1,0.195,2215844.24649631,-214567.542278876,-862957.09908849,23347455.6645667,-1594981.89038243,-78868.4198546742,-862957.09908849,-2215844.24649631,-214567.542278876,-0.12106896454981854,-0.31087289137588053,-0.030102852386453487,-0.009426405216405403,0.3894484463215303,0.018096552153157742,128988.86355938508,0.03964181102708413,282559.4682646347,-0.2927763392227228,-2086855.382936925,0.4135203168098845,-0.2712310803487964,-1933284.7782316753,0.44636833062835896
7,case_0007_steps_0100_mesh_21x1,41,100,21,1,0.2,2140888.10846063,60415.6171674366,1526685.29594545,-1646743.83669746,-31110718.1198587,4616021.41605326,1526685.29594545,-2140888.10846063,60415.6171674366,0.21418701829880363,-0.3003568853910888,0.008476036897808457,-0.18386555818564085,-0.7131084010939683,0.018096552153157742,128988.86355938508,0.03964181102708413,282559.4682646347,-0.28226033323793104,-2011899.2449012448,-0.7588279084126741,-0.26071507436400465,-1858328.640195995,-0.8215367631553226
7,case_0007_steps_0100_mesh_21x1,42,100,21,1,0.205,2282857.96153298,75459.0379142852,1437291.69457966,-672288.367835568,-45100773.0146213,4174345.24283642,1437291.69457966,-2282857.96153298,75459.0379142852,0.20164550173191154,-0.32027461145987546,0.01058656055539466,-0.2665473285762552,-0.629601893240214,0.018096552153157742,128988.86355938508,0.03964181102708413,282559.4682646347,-0.3021780593067177,-2153869.097973595,-0.6673068924810213,-0.2806328004327913,-2000298.4932683455,-0.7185386078210895
7,case_0007_steps_0100_mesh_21x1,43,100,21,1,0.21,2708707.64714201,-55053.860809498,802576.229008002,18150011.3378157,-38866441.0434348,1669666.46436773,802576.229008002,-2708707.64714201,-55053.860809498,0.11259780251061248,-0.380019389670761,-0.007723806814633178,-0.22970218333143694,-0.29629488802706705,0.018096552153157742,128988.86355938508,0.03964181102708413,282559.4682646347,-0.36192283751760324,-2579718.7835826245,-0.31110996830957355,-0.34037757864367685,-2426148.178877375,-0.3308026426396467
7,case_0007_steps_0100_mesh_21x1,44,100,21,1,0.215,2609100.96624519,-27834.9073268583,3867747.98207976,10215350.4460142,-70914845.7454525,1506063.56017755,3867747.98207976,-2609100.96624519,-27834.9073268583,0.5426274884633976,-0.3660450243967978,-0.003905111171763278,-0.41910950581090156,-1.4824064043968046,0.018096552153157742,128988.86355938508,0.03964181102708413,282559.4682646347,-0.34794847224364006,-2480112.1026858045,-1.5595053053816534,-0.3264032133697137,-2326541.497980555,-1.6624453015073992
7,case_0007_steps_0100_mesh_21x1,45,100,21,1,0.22,2494174.55216785,-52463.2962283014,3458040.83274337,14048478.16604,-69312696.6172308,843083.612688179,3458040.83274337,-2494174.55216785,-52463.2962283014,0.48514743483013095,-0.3499213700848232,-0.007360362360932999,-0.40964074193916433,-1.3864470029724907,0.018096552153157742,128988.86355938508,0.03964181102708413,282559.4682646347,-0.33182481793166546,-2365185.688608465,-1.4620589196858689,-0.3102795590577391,-2211615.0839032154,-1.563581681962656
7,case_0007_steps_0100_mesh_21x1,46,100,21,1,0.225,1926989.607367,-38797.2136888325,5902833.85421115,1376852.69881767,-96658918.1608441,896812.892046171,5902833.85421115,-1926989.607367,-38797.2136888325,0.8281408002713194,-0.27034789644654283,-0.005443073002918003,-0.5712579784495343,-3.063241146524222,0.018096552153157742,128988.86355938508,0.03964181102708413,282559.4682646347,-0.2522513442933851,-1798000.743807615,-3.282998560785217,-0.2307060854194587,-1644430.1391023654,-3.5895923541229258
7,case_0007_steps_0100_mesh_21x1,47,100,21,1,0.23,1608506.39733388,-36569.0042182445,7894421.56691127,7012572.16647614,-128855020.785434,93049.8949648113,7894421.56691127,-1608506.39733388,-36569.0042182445,1.107551517723474,-0.22566614748597444,-0.005130465326720505,-0.7615382014153191,-4.907920528010567,0.018096552153157742,128988.86355938508,0.03964181102708413,282559.4682646347,-0.2075695953328167,-1479517.533774495,-5.335808050054864,-0.1860243364588903,-1325946.9290692452,-5.953799050202407
7,case_0007_steps_0100_mesh_21x1,48,100,21,1,0.235,1284876.46717382,-72377.9182193439,6854148.33226024,11323477.4180664,-119668510.825462,-714985.07769363,6854148.33226024,-1284876.46717382,-72377.9182193439,0.9616059040873831,-0.18026233704951752,-0.010154293445575861,-0.7072455690478902,-5.334480401323282,0.018096552153157742,128988.86355938508,0.03964181102708413,282559.4682646347,-0.16216578489635977,-1155887.6036144348,-5.929770602978586,-0.14062052602243338,-1002316.9989091852,-6.838303989376179
7,case_0007_steps_0100_mesh_21x1,49,100,21,1,0.24,1054460.44323785,-85161.6659925291,9077246.60818139,12143769.9960189,-166478872.054949,-749141.971365682,9077246.60818139,-1054460.44323785,-85161.6659925291,1.2734965028698162,-0.14793601461346614,-0.01194779524027733,-0.9838966306907642,-8.608427813857666,0.018096552153157742,128988.86355938508,0.03964181102708413,282559.4682646347,-0.1298394624603084,-925471.5796784649,-9.808239180434999,-0.108294203586382,-771900.9749732153,-11.759599874189004
7,case_0007_steps_0100_mesh_21x1,50,100,21,1,0.245,1084152.91520401,-112299.851924548,11239918.3102808,15353760.9643777,-198246403.07507,-716887.346724721,11239918.3102808,-1084152.91520401,-112299.851924548,1.5769095275855673,-0.1521017336737353,-0.015755159562351313,-1.1716439787491104,-10.367465836833297,0.018096552153157742,128988.86355938508,0.03964181102708413,282559.4682646347,-0.13400518152057755,-955164.0516446249,-11.767526521677226,-0.11245992264665117,-801593.4469393753,-14.021968808748106
7,case_0007_steps_0100_mesh_21x1,51,100,21,1,0.25,1256007.55385638,45349.7934659693,13927549.9181258,1692611.00688846,-234237187.707162,3410376.46385337,13927549.9181258,-1256007.55385638,45349.7934659693,1.9539720445946454,-0.1762121595300178,0.0063623702073630235,-1.3843509204668811,-11.088746938952221,0.018096552153157742,128988.86355938508,0.03964181102708413,282559.4682646347,-0.15811560737686003,-1127018.690296995,-12.357869517191038,-0.13657034850293365,-973448.0855917453,-14.307439836053959
7,case_0007_steps_0100_mesh_21x1,52,100,21,1,0.255,1425081.97885356,-56638.9776664841,6777437.73877573,14730289.9094804,-150263194.479868,3139352.1297273,6777437.73877573,-1425081.97885356,-56638.9776664841,0.950843755965557,-0.19993253402822392,-0.007946191515759659,-0.8880613434044357,-4.755823060949796,0.018096552153157742,128988.86355938508,0.03964181102708413,282559.4682646347,-0.18183598187506617,-1296093.115294175,-5.2291287244724325,-0.16029072300113978,-1142522.5105889253,-5.931994928732063
7,case_0007_steps_0100_mesh_21x1,53,100,21,1,0.26,1372967.04431423,114193.12836092,-5359681.1167345,-564631.494822067,27612646.9981584,5056803.96273605,-5359681.1167345,-1372967.04431423,114193.12836092,-0.7519389362526374,-0.19262104523124576,0.016020777653911418,0.16319182134399773,3.9037216071064216,0.018096552153157742,128988.86355938508,0.03964181102708413,282559.4682646347,-0.174524493078088,-1243978.180754845,4.308500904318313,-0.15297923420416162,-1090407.5760495954,4.915300695316082
7,case_0007_steps_0100_mesh_21x1,54,100,21,1,0.265,1405593.45283811,-64310.2504989965,-2551630.51407801,12519023.6754813,11257550.3732906,832369.514159968,-2551630.51407801,-1405593.45283811,-64310.2504989965,-0.35798218078216193,-0.19719838227515885,-0.009022436278787205,0.06653256203259401,1.8153403524510408,0.018096552153157742,128988.86355938508,0.03964181102708413,282559.4682646347,-0.1791018301220011,-1276604.589278725,1.9987633880586846,-0.1575565712480747,-1123033.9845734753,2.2720866413024097
7,case_0007_steps_0100_mesh_21x1,55,100,21,1,0.27,1352464.80312431,7279.69429516426,2055865.73749325,-818064.99769161,-58034773.4154116,1735244.46817058,2055865.73749325,-1352464.80312431,7279.69429516426,0.28842863261066215,-0.18974467383985666,0.0010213080713811736,-0.3429877756949157,-1.520088162548869,0.018096552153157742,128988.86355938508,0.03964181102708413,282559.4682646347,-0.1716481216866989,-1223475.939564925,-1.6803483182712426,-0.15010286281277252,-1069905.3348596753,-1.9215398507783772
7,case_0007_steps_0100_mesh_21x1,56,100,21,1,0.275,1465884.83201358,4845.45472459414,5954563.11806925,2007361.49453386,-121745055.846782,1232955.94553527,5954563.11806925,-1465884.83201358,4845.45472459414,0.8353981812220524,-0.2056569891465372,0.0006797953072050499,-0.7195180311611611,-4.062094775815298,0.018096552153157742,128988.86355938508,0.03964181102708413,282559.4682646347,-0.18756043699337946,-1336895.968454195,-4.454021299020221,-0.16601517811945307,-1183325.3637489453,-5.032059060412883
7,case_0007_steps_0100_mesh_21x1,57,100,21,1,0.28,1522132.13003575,4795.11764745031,1739432.74335661,4866081.9907193,-56383700.5994754,1338390.87010086,1739432.74335661,-1522132.13003575,4795.11764745031,0.24403451963565156,-0.21354822978580204,0.0006727332437320162,-0.3332298709195364,-1.1427606769694534,0.018096552153157742,128988.86355938508,0.03964181102708413,282559.4682646347,-0.1954516776326443,-1393143.266476365,-1.2485670248086576,-0.1739064187587179,-1239572.6617711154,-1.4032519407706918
7,case_0007_steps_0100_mesh_21x1,58,100,21,1,0.285,1635772.76590303,29142.3350304142,2399232.63267484,1793377.70193711,-68863625.2136689,1328084.04866936,2399232.63267484,-1635772.76590303,29142.3350304142,0.33660144966521927,-0.2294914952502927,0.004088537344930466,-0.4069867124190803,-1.4667273368806462,0.018096552153157742,128988.86355938508,0.03964181102708413,282559.4682646347,-0.21139494309713494,-1506783.902343645,-1.59228714146938,-0.18984968422320855,-1353213.2976383953,-1.772989252220577
7,case_0007_steps_0100_mesh_21x1,59,100,21,1,0.29,1710267.49998252,95987.9945733114,3763107.11115011,-7467825.14361246,-90967037.4699698,1767764.98291446,3763107.11115011,-1710267.49998252,95987.9945733114,0.527946849175042,-0.23994276835407083,0.013466680005853623,-0.5376187414405486,-2.2003032339611033,0.018096552153157742,128988.86355938508,0.03964181102708413,282559.4682646347,-0.22184621620091308,-1581278.636423135,-2.3797874861967965,-0.2003009573269867,-1427708.0317178853,-2.6357679774499574
7,case_0007_steps_0100_mesh_21x1,60,100,21,1,0.295,1650170.3052071,13624.9441428289,1636928.51562607,-1269431.26151175,-53613819.3891116,585934.948324081,1636928.51562607,-1650170.3052071,13624.9441428289,0.22965364169117022,-0.23151140467273124,0.001911517827669275,-0.31685976487153844,-0.9919755012320574,0.018096552153157742,128988.86355938508,0.03964181102708413,282559.4682646347,-0.21341485251957348,-1521181.441647715,-1.0760902485458803,-0.1918695936456471,-1367610.8369424653,-1.1969256687711776
7,case_0007_steps_0100_mesh_21x1,61,100,21,1,0.3,1850270.90631256,-16515.4247507818,262020.152657542,2045145.17218002,-40067531.0180509,752823.403307646,262020.152657542,-1850270.90631256,-16515.4247507818,0.03676023826322458,-0.259584610869451,-0.002317039138781756,-0.23680067195401233,-0.14161177790971535,0.018096552153157742,128988.86355938508,0.03964181102708413,282559.4682646347,-0.24148805871629325,-1721282.042753175,-0.15222383441498244,-0.21994279984236687,-1567711.4380479252,-0.16713544744165604
7,case_0007_steps_0100_mesh_21x1,62,100,21,1,0.305,1898322.50908416,-130125.254474381,4426319.19328319,18273970.7161213,-96397264.7437418,-542622.650914748,4426319.19328319,-1898322.50908416,-130125.254474381,0.6209924943706063,-0.2663260326604783,-0.018255982641124872,-0.5697115965434224,-2.3317003154636007,0.018096552153157742,128988.86355938508,0.03964181102708413,282559.4682646347,-0.24822948050732052,-1769333.645524775,-2.5016871207297746,-0.22668422163339413,-1615763.0408195253,-2.73946060248917
7,case_0007_steps_0100_mesh_21x1,63,100,21,1,0.31,1843075.44052454,-25328.7866182359,2822147.62304901,6897065.93577682,-75522403.7641477,1370032.28101253,2822147.62304901,-1843075.44052454,-25328.7866182359,0.39593450345350134,-0.25857511967535873,-0.003553513810144425,-0.44634035351156426,-1.5312165530488682,0.018096552153157742,128988.86355938508,0.03964181102708413,282559.4682646347,-0.24047856752220098,-1714086.5769651548,-1.6464440367100435,-0.2189333086482746,-1560515.9722599052,-1.8084708347855212
7,case_0007_steps_0100_mesh_21x1,64,100,21,1,0.315,1949704.8491244,-55089.4645687503,-3667686.38024757,8627333.85013013,20460454.7192894,590241.112374931,-3667686.38024757,-1949704.8491244,-55089.4645687503,-0.514559753687723,-0.2735347417740476,-0.007728801860471853,0.12092208586123313,1.881149540093058,0.018096552153157742,128988.86355938508,0.03964181102708413,282559.4682646347,-0.2554381896208898,-1820715.9855650149,2.014419826774571,-0.23389293074696343,-1667145.3808597652,2.1999799311779897
7,case_0007_steps_0100_mesh_21x1,65,100,21,1,0.32,1878606.81502887,-24228.0257437227,106920.905793146,1915134.15193039,-23768571.7726408,1138177.05200296,106920.905793146,-1878606.81502887,-24228.0257437227,0.015000517831973342,-0.2635600102624051,-0.003399082055153323,-0.14047318674596754,-0.0569149994228584,0.018096552153157742,128988.86355938508,0.03964181102708413,282559.4682646347,-0.24546345810924736,-1749617.951469485,-0.06111100180661973,-0.22391819923532097,-1596047.3467642353,-0.0669910613929551
7,case_0007_steps_0100_mesh_21x1,66,100,21,1,0.325,1761810.11697074,8653.85655373006,-452538.624062499,-4057739.85983037,-14354811.0223169,2084235.08657651,-452538.624062499,-1761810.11697074,8653.85655373006,-0.0634891151505878,-0.24717396359603938,0.0012140967997475436,-0.08483749333908573,0.2568600439419628,0.018096552153157742,128988.86355938508,0.03964181102708413,282559.4682646347,-0.22907741144288163,-1632821.253411355,0.2771513557390543,-0.20753215256895524,-1479250.6487061053,0.3059242356650867
7,case_0007_steps_0100_mesh_21x1,67,100,21,1,0.33,1776605.97150358,-25860.4582482645,922465.002861047,2844351.54999364,-27033550.2962554,1293942.51704962,922465.002861047,-1776605.97150358,-25860.4582482645,0.12941765337790007,-0.24924975483735692,-0.0036281049268941075,-0.15976933723647427,-0.5192288091209921,0.018096552153157742,128988.86355938508,0.03964181102708413,282559.4682646347,-0.23115320268419917,-1647617.107944195,-0.5598782620144359,-0.20960794381027278,-1494046.5032389453,-0.6174272359402696
7,case_0007_steps_0100_mesh_21x1,68,100,21,1,0.335,1790645.54322621,-27570.9366834954,-615315.503157731,2737902.6796489,-8844298.83679603,1951412.59110357,-615315.503157731,-1790645.54322621,-27570.9366834954,-0.08632597253958985,-0.2512194430327227,-0.003868077288506216,-0.05227015127465344,0.3436277522848636,0.018096552153157742,128988.86355938508,0.03964181102708413,282559.4682646347,-0.23312289087956495,-1661656.6796668249,0.37030242810512853,-0.21157763200563856,-1508086.0749615752,0.4080108644815972
7,case_0007_steps_0100_mesh_21x1,69,100,21,1,0.34,1830784.45808534,57.9869969122187,-2382505.21664948,1014544.99509329,18525310.8370048,2672598.38408886,-2382505.21664948,-1830784.45808534,57.9869969122187,-0.33425466911271734,-0.2568507506206448,8.135312498073499e-06,0.10948530999784775,1.3013575716833086,0.018096552153157742,128988.86355938508,0.03964181102708413,282559.4682646347,-0.23875419846748702,-1701795.594525955,1.3999949372962979,-0.21720893959356063,-1548224.9898207053,1.538862395526499
7,case_0007_steps_0100_mesh_21x1,70,100,21,1,0.345,1918720.60759699,-3618.42492246283,3032766.96474287,1497597.20399657,-58643057.3789444,3005673.70589914,3032766.96474287,-1918720.60759699,-3618.42492246283,0.42548344121642634,-0.26918779330691367,-0.0005076485947291691,-0.3465827576577055,-1.5806193735215646,0.018096552153157742,128988.86355938508,0.03964181102708413,282559.4682646347,-0.2510912411537559,-1789731.744037605,-1.694537170079466,-0.22954598227982953,-1636161.1393323552,-1.8535869675895174
7,case_0007_steps_0100_mesh_21x1,71,100,21,1,0.35,1783476.65648625,-13881.1522957997,2537844.17247083,2669037.01066243,-47011897.5973542,2373110.64388405,2537844.17247083,-1783476.65648625,-13881.1522957997,0.3560480196227319,-0.2502136807584467,-0.0019474626687536818,-0.2778421494419357,-1.42297582827398,0.018096552153157742,128988.86355938508,0.03964181102708413,282559.4682646347,-0.23211712860528894,-1654487.792926865,-1.5339153200890452,-0.21057186973136255,-1500917.1882216153,-1.6908622223707315
7,case_0007_steps_0100_mesh_21x1,72,100,21,1,0.355,1594010.38125336,-39939.5254653478,4633542.47085044,2414714.04862152,-77496683.5791037,1500664.06026605,4633542.47085044,-1594010.38125336,-39939.5254653478,0.650064979749296,-0.22363242221872787,-0.005603334160885011,-0.45800842426431926,-2.9068458558012122,0.018096552153157742,128988.86355938508,0.03964181102708413,282559.4682646347,-0.20553587006557011,-1465021.517693975,-3.1627811707120124,-0.18399061119164373,-1311450.9129887254,-3.533142129041527
7,case_0007_steps_0100_mesh_21x1,73,100,21,1,0.36,1461351.64126812,-14562.8548041594,5155302.33906329,1749627.87258643,-87884481.208549,1354365.55772222,5155302.33906329,-1461351.64126812,-14562.8548041594,0.7232655212998581,-0.205021003058423,-0.0020431024368317238,-0.5194007136386447,-3.5277630609082307,0.018096552153157742,128988.86355938508,0.03964181102708413,282559.4682646347,-0.18692445090526524,-1332362.7777087349,-3.869293277562787,-0.16537919203133886,-1178792.1730034852,-4.3733767979879925
7,case_0007_steps_0100_mesh_21x1,74,100,21,1,0.365,1233556.00453307,-67451.7719801158,5782772.92865753,6361178.95731547,-98312474.6247979,181427.325014955,5782772.92865753,-1233556.00453307,-67451.7719801158,0.8112967973017361,-0.17306230905427172,-0.009463177485078765,-0.581030561681622,-4.687888435877255,0.018096552153157742,128988.86355938508,0.03964181102708413,282559.4682646347,-0.15496575690111397,-1104567.1409736848,-5.235329491659483,-0.13342049802718758,-950996.5362684352,-6.080750778912661
7,case_0007_steps_0100_mesh_21x1,75,100,21,1,0.37,1219213.79025718,-35712.4690252837,3408143.25097667,5913023.8293434,-72288912.9672546,633277.651914967,3408143.25097667,-1219213.79025718,-35712.4690252837,0.4781470305638989,-0.17105016148219926,-0.005010297326455164,-0.4272302967147916,-2.79536146835885,0.018096552153157742,128988.86355938508,0.03964181102708413,282559.4682646347,-0.1529536093290415,-1090224.926697795,-3.126091843542475,-0.13140835045511512,-936654.3219925454,-3.6386350555950293
7,case_0007_steps_0100_mesh_21x1,76,100,21,1,0.375,1239508.99279814,-38338.7152410401,2739326.86794165,8014136.33775574,-64259973.1578825,875621.69956157,2739326.86794165,-1239508.99279814,-38338.7152410401,0.38431512738640217,-0.17389748629076532,-0.0053787477515462295,-0.379778949111639,-2.210009676297494,0.018096552153157742,128988.86355938508,0.03964181102708413,282559.4682646347,-0.15580093413760757,-1110520.129238755,-2.466706181921635,-0.13425567526368118,-956949.5245335053,-2.862561501639305
7,case_0007_steps_0100_mesh_21x1,77,100,21,1,0.38,1201043.38460027,-3838.18485904588,2076829.26229346,4026895.46605783,-51619418.0149376,1301499.05784093,2076829.26229346,-1201043.38460027,-3838.18485904588,0.29136971999908123,-0.16850093603326802,-0.000538479916471289,-0.3050727749185602,-1.7291875455312282,0.018096552153157742,128988.86355938508,0.03964181102708413,282559.4682646347,-0.15040438388011027,-1072054.521040885,-1.9372422032015812,-0.12885912500618388,-918483.9163356354,-2.2611492976155048
7,case_0007_steps_0100_mesh_21x1,78,100,21,1,0.385,1226614.16265225,-9140.56606037662,3375331.43109771,6354113.34964937,-66483609.5806181,736531.694148338,3375331.43109771,-1226614.16265225,-9140.56606037662,0.47354368114834067,-0.1720884001433106,-0.0012823799346432325,-0.39292072714752513,-2.751746664818699,0.018096552153157742,128988.86355938508,0.03964181102708413,282559.4682646347,-0.15399184799015284,-1097625.2990928649,-3.0751217504618937,-0.13244658911622645,-944054.6943876152,-3.575355804238867
7,case_0007_steps_0100_mesh_21x1,79,100,21,1,0.39,1253942.70400024,-40369.4971400286,-662783.486160731,6074916.86477233,-13947537.4679265,740318.662534557,-662783.486160731,-1253942.70400024,-40369.4971400286,-0.09298551512578772,-0.17592247046633458,-0.005663657235455394,-0.08243049073876836,0.5285596256083835,0.018096552153157742,128988.86355938508,0.03964181102708413,282559.4682646347,-0.15782591831317683,-1124953.840440855,0.5891650504530876,-0.13628065943925044,-971383.2357356052,0.682308960848826
7,case_0007_steps_0100_mesh_21x1,80,100,21,1,0.395,1282529.56451954,-6624.58738775097,-5071328.90960366,3874837.1336909,54980565.3053149,147825.829869349,-5071328.90960366,-1282529.56451954,-6624.58738775097,-0.7114844302524431,-0.17993307725832627,-0.0009293995454141976,0.32493728657362525,3.9541614087496506,0.018096552153157742,128988.86355938508,0.03964181102708413,282559.4682646347,-0.16183652510516852,-1153540.7009601549,4.396315539956689,-0.14029126623124213,-999970.0962549052,5.0714805658657545
7,case_0007_steps_0100_mesh_21x1,81,100,21,1,0.4,1403868.05383453,-25057.840266281,-447085.527851449,3427964.94514841,-10881665.1503323,633206.090855925,-447085.527851449,-1403868.05383453,-25057.840266281,-0.0627240705005586,-0.19695631662552301,-0.003515501266630525,-0.0643110656959715,0.3184669147718534,0.018096552153157742,128988.86355938508,0.03964181102708413,282559.4682646347,-0.17885976447236526,-1274879.190275145,0.35068854465728533,-0.15731450559843888,-1121308.5855698953,0.39871765328918946
7,case_0007_steps_0100_mesh_21x1,82,100,21,1,0.405,1431236.76689242,30322.1226094233,7966711.56740686,-2114802.88798543,-124109042.651512,1529452.19310953,7966711.56740686,-1431236.76689242,30322.1226094233,1.117693476711414,-0.2007960228571303,0.0042540561879068324,-0.7334892854318145,-5.566312822374332,0.018096552153157742,128988.86355938508,0.03964181102708413,282559.4682646347,-0.18269947070397255,-1302247.9033330348,-6.117661274029685,-0.16115421183004616,-1148677.2986277852,-6.93555237569675
7,case_0007_steps_0100_mesh_21x1,83,100,21,1,0.41,1435509.27507258,31339.552853961,7483189.50816247,-1873122.54641635,-126282129.844649,1751317.41552515,7483189.50816247,-1435509.27507258,31339.552853961,1.049857526220309,-0.201395436364417,0.004396797033700856,-0.7463323155480868,-5.212916167179844,0.018096552153157742,128988.86355938508,0.03964181102708413,282559.4682646347,-0.18329888421125926,-1306520.411513195,-5.72757183295402,-0.16175362533733287,-1152949.8068079452,-6.490472927768135
7,case_0007_steps_0100_mesh_21x1,84,100,21,1,0.415,1426842.93699223,92631.0017807155,5170292.17962763,-6348840.10706318,-100921760.77307,2447342.25643786,5170292.17962763,-1426842.93699223,92631.0017807155,0.7253685279010071,-0.20017958846313097,0.012995709152458844,-0.5964515446454279,-3.6235888657279633,0.018096552153157742,128988.86355938508,0.03964181102708413,282559.4682646347,-0.18208303630997322,-1297854.0734328448,-3.9837238141512508,-0.16053777743604683,-1144283.4687275952,-4.518366576925927
7,case_0007_steps_0100_mesh_21x1,85,100,21,1,0.42,1452496.06905123,19626.6324652468,7005572.78877852,-3344114.00359336,-135993104.737984,1227620.71875357,7005572.78877852,-1452496.06905123,19626.6324652468,0.982850068110776,-0.20377860646660234,0.0027535274611879897,-0.8037245561389604,-4.823126849048588,0.018096552153157742,128988.86355938508,0.03964181102708413,282559.4682646347,-0.1856820543134446,-1323507.205491845,-5.293188249908388,-0.1641367954395182,-1169936.6007865954,-5.987993523810087
7,case_0007_steps_0100_mesh_21x1,86,100,21,1,0.425,1446391.92579063,47294.0662539606,478361.687948511,-6114820.54633439,-36514389.4600328,2400779.00804046,478361.687948511,-1446391.92579063,47294.0662539606,0.0671119738181688,-0.2029222228702391,0.006635142855613013,-0.2158014666846046,-0.3307275707357311,0.018096552153157742,128988.86355938508,0.03964181102708413,282559.4682646347,-0.18482567071708134,-1317403.062231245,-0.3631095916372963,-0.16328041184315495,-1163832.4575259953,-0.41102281076211206
7,case_0007_steps_0100_mesh_21x1,87,100,21,1,0.43,1532769.85629446,-34924.8942485849,4297098.68600664,3349474.85047367,-98808474.4469996,1148270.08973402,4297098.68600664,-1532769.85629446,-34924.8942485849,0.6028634436552244,-0.21504065450154605,-0.004899804159620805,-0.5839619399872511,-2.8034859038753996,0.018096552153157742,128988.86355938508,0.03964181102708413,282559.4682646347,-0.1969441023483883,-1403780.9927350748,-3.061089093131495,-0.1753988434744619,-1250210.3880298252,-3.4371004489718957
7,case_0007_steps_0100_mesh_21x1,88,100,21,1,0.435,1618632.08569837,-37092.5008823599,-3847274.17719677,6287140.43416954,26981827.7483071,1385696.112272,-3847274.17719677,-1618632.08569837,-37092.5008823599,-0.5397551065568151,-0.2270867356089968,-0.005203909532853903,0.1594636549596249,2.376867610119589,0.018096552153157742,128988.86355938508,0.03964181102708413,282559.4682646347,-0.20899018345583906,-1489643.2221389848,2.5826816247130995,-0.18744492458191267,-1336072.6174337352,2.8795397248589913
7,case_0007_steps_0100_mesh_21x1,89,100,21,1,0.44,1635334.29623475,-45319.9872280918,4026862.6735866,-1835166.25735984,-70959589.8164107,1432008.21307095,4026862.6735866,-1635334.29623475,-45319.9872280918,0.5649505575542535,-0.2294299799457877,-0.00635818852746171,-0.4193739450164041,-2.4624094797364595,0.018096552153157742,128988.86355938508,0.03964181102708413,282559.4682646347,-0.21133342779262995,-1506345.432675365,-2.6732664276311686,-0.18978816891870356,-1352774.8279701152,-2.9767427589032276
7,case_0007_steps_0100_mesh_21x1,90,100,21,1,0.445,1947173.37806107,-7268.31071258956,2617982.48337754,3394481.26143447,-66261588.3762683,1389877.50069698,2617982.48337754,-1947173.37806107,-7268.31071258956,0.3672910609425089,-0.2731795878727135,-0.0010197110064092973,-0.3916085731654296,-1.3445040451325598,0.018096552153157742,128988.86355938508,0.03964181102708413,282559.4682646347,-0.25508303571955576,-1818184.514501685,-1.4398882305380638,-0.23353777684562937,-1664613.9097964354,-1.572726545158866
7,case_0007_steps_0100_mesh_21x1,91,100,21,1,0.45,1894010.35583907,-3901.95465935313,-4115625.28215974,-5855109.39035195,39358649.2612123,2078972.88041511,-4115625.28215974,-1894010.35583907,-3901.95465935313,-0.5774035486960402,-0.26572105713050737,-0.0005474265300409581,0.2326111531069514,2.17296873244205,0.018096552153157742,128988.86355938508,0.03964181102708413,282559.4682646347,-0.2476245049773496,-1765021.4922796849,2.3317706329139583,-0.22607924610342323,-1611450.8875744352,2.5539874121479444
7,case_0007_steps_0100_mesh_21x1,92,100,21,1,0.455,1936509.31288187,-72119.0487181415,-3039047.26851278,6105620.99294258,26508362.8229796,1750379.51357198,-3039047.26851278,-1936509.31288187,-72119.0487181415,-0.42636453933275725,-0.27168346792596154,-0.010117975229412846,0.1566654587739478,1.569342965869933,0.018096552153157742,128988.86355938508,0.03964181102708413,282559.4682646347,-0.2535869157728038,-1807520.449322485,1.6813349302089,-0.2320416568988774,-1653949.8446172352,1.837448262656411
7,case_0007_steps_0100_mesh_21x1,93,100,21,1,0.46,2061533.78068697,24889.7478913208,896215.538461849,-1967997.08448417,-30828127.2050149,3954103.83072827,896215.538461849,-2061533.78068697,24889.7478913208,0.125734972653499,-0.2892238333468426,0.0034919186692955622,-0.1821954348507899,-0.4347324049976037,0.018096552153157742,128988.86355938508,0.03964181102708413,282559.4682646347,-0.27112728119368484,-1932544.917127585,-0.463748878755133,-0.24958202231975846,-1778974.3124223354,-0.5037821694240877
7,case_0007_steps_0100_mesh_21x1,94,100,21,1,0.465,2234333.2142076,-64038.7249596082,-735669.869115883,10306062.6652771,-7881755.66877499,2913744.44431542,-735669.869115883,-2234333.2142076,-64038.7249596082,-0.10321114386617652,-0.3134668096352764,-0.008984342477904987,-0.04658148358835552,0.32925700805857033,0.018096552153157742,128988.86355938508,0.03964181102708413,282559.4682646347,-0.29537025748211865,-2105344.3506482146,0.3494297115288421,-0.27382499860819226,-1951773.7459429651,0.3769237446938078
7,case_0007_steps_0100_mesh_21x1,95,100,21,1,0.47,2268633.68961205,-95906.982702982,1960056.93877483,13977914.2641334,-42659281.9815738,2133053.03797445,1960056.93877483,-2268633.68961205,-95906.982702982,0.2749870929699857,-0.3182790106649332,-0.013455314408111414,-0.25211802129163907,-0.8639812358204075,0.018096552153157742,128988.86355938508,0.03964181102708413,282559.4682646347,-0.30018245851177544,-2139644.826052665,-0.916066496134712,-0.27863719963784905,-1986074.2213474154,-0.9869001458792741
7,case_0007_steps_0100_mesh_21x1,96,100,21,1,0.475,2074043.74889692,49045.2060974489,946822.243056369,-7158285.69141748,-24472622.6977213,4660953.61795093,946822.243056369,-2074043.74889692,49045.2060974489,0.13283486363418473,-0.29097892511134577,0.0068808198282655315,-0.14463415518881462,-0.45651025614090174,0.018096552153157742,128988.86355938508,0.03964181102708413,282559.4682646347,-0.272882372958188,-1945054.8853375348,-0.4867843319969155,-0.2513371140842616,-1791484.2806322852,-0.5285127272912483
7,case_0007_steps_0100_mesh_21x1,97,100,21,1,0.48,1897246.82869855,3970.37490772096,-1700588.96996363,315278.741649786,14826417.5136822,3954411.62192071,-1700588.96996363,-1897246.82869855,3970.37490772096,-0.23858491451754865,-0.2661751195842547,0.0005570255803678913,0.08762470610752074,0.8963456648021803,0.018096552153157742,128988.86355938508,0.03964181102708413,282559.4682646347,-0.24807856743109696,-1768257.9651391648,0.9617312651719292,-0.22653330855717058,-1614687.3604339152,1.0532001498461165
7,case_0007_steps_0100_mesh_21x1,98,100,21,1,0.485,1858272.00579474,-9374.69509149308,642516.385029313,1405300.2934681,-16708519.7448335,3799218.03783768,642516.385029313,-1858272.00579474,-9374.69509149308,0.09014213281744471,-0.26070712881453867,-0.0013152271751355616,-0.09874800374275532,-0.3457601379269143,0.018096552153157742,128988.86355938508,0.03964181102708413,282559.4682646347,-0.24261057666138092,-1729283.142235355,-0.37155071331972006,-0.22106531778745453,-1575712.5375301053,-0.40776243745349855
7,case_0007_steps_0100_mesh_21x1,99,100,21,1,0.49,1825994.07721742,-31659.5386351667,3536814.45309555,5573898.75746004,-58590128.5325229,2598190.86447646,3536814.45309555,-1825994.07721742,-31659.5386351667,0.4961990162586314,-0.2561786819255834,-0.004441689586577655,-0.3462699461098037,-1.9369254792355077,0.018096552153157742,128988.86355938508,0.03964181102708413,282559.4682646347,-0.23808212977242565,-1697005.213658035,-2.084150611106052,-0.21653687089849927,-1543434.6089527854,-2.2915220590364145
7,case_0007_steps_0100_mesh_21x1,100,100,21,1,0.495,1817974.55938823,-20769.137754887,1265008.16829387,4617786.71870088,-29374832.5768659,2660616.34318139,1265008.16829387,-1817974.55938823,-20769.137754887,0.17747490488712775,-0.2550535799700002,-0.0029138157681681794,-0.17360640688353632,-0.695833812283688,0.018096552153157742,128988.86355938508,0.03964181102708413,282559.4682646347,-0.23695702781684247,-1688985.695828845,-0.7489750632098076,-0.21541176894291608,-1535415.0911235954,-0.8238867623530747
8,case_0008_steps_0120_mesh_21x1,1,120,21,1,0.0,1251388.09280911,-4.71118255518377e-10,18825544.9370631,6.17769728705753e-08,-194291215.084951,1.39357325679157e-09,18825544.9370631,-1251388.09280911,-4.71118255518377e-10,2.641138516646694,-0.17556407011008957,-6.60957531218802e-17,-1.148268663376105,-15.043730274597396,0.018096552153157742,128988.86355938508,0.03964181102708413,282559.4682646347,-0.1574675179569318,-1122399.229249725,-16.772592537903968,-0.13592225908300543,-968828.6245444752,-19.43124352453409
8,case_0008_steps_0120_mesh_21x1,2,120,21,1,0.005,1390551.34517861,8.59017745824531e-10,2711107.54722735,7.1485466435206e-09,-40247608.6118551,-4.86801354782074e-09,2711107.54722735,-1390551.34517861,8.59017745824531e-10,0.38035608476100596,-0.19508804283776832,1.2051629116528155e-16,-0.2378649375609319,-1.9496637478561576,0.018096552153157742,128988.86355938508,0.03964181102708413,282559.4682646347,-0.17699149068461056,-1261562.481619225,-2.149007747715851,-0.15544623181068418,-1107991.8769139752,-2.4468659055321225
8,case_0008_steps_0120_mesh_21x1,3,120,21,1,0.01,1368403.22472095,5.82758730161004e-10,100838.832042394,-1.43752778569706e-08,-9800434.09076114,5.27001020600437e-09,100838.832042394,-1368403.22472095,5.82758730161004e-10,0.014147230487681309,-0.19198076205478865,8.17584050441018e-17,-0.05792094793881167,-0.07369087577454185,0.018096552153157742,128988.86355938508,0.03964181102708413,282559.4682646347,-0.1738842099016309,-1239414.361161565,-0.08136006423863687,-0.1523389510277045,-1085843.7564563153,-0.09286679731113863
8,case_0008_steps_0120_mesh_21x1,4,120,21,1,0.015,1370449.06761965,-1.72076397575438e-09,457420.727509294,6.50959322001654e-08,-12825594.2336579,-1.963087470358e-08,457420.727509294,-1370449.06761965,-1.72076397575438e-09,0.06417405210719074,-0.19226778452860435,-2.414153762675623e-16,-0.07579976244035208,-0.33377433595820805,0.018096552153157742,128988.86355938508,0.03964181102708413,282559.4682646347,-0.1741712323754466,-1241460.2040602649,-0.3684537982073642,-0.1526259735015202,-1087889.5993550152,-0.42046612797887606
8,case_0008_steps_0120_mesh_21x1,5,120,21,1,0.02,1365908.23288794,-9.18589648790658e-11,526984.529065707,4.12225276136269e-08,-13753276.4564233,-7.66254970585578e-09,526984.529065707,-1365908.23288794,-9.18589648790658e-11,0.07393353775656988,-0.19163072602391082,-1.2887395878976642e-17,-0.0812824005797391,-0.3858125431688068,0.018096552153157742,128988.86355938508,0.03964181102708413,282559.4682646347,-0.17353417387075307,-1236919.369328555,-0.4260459833786688,-0.15198891499682668,-1083348.7646233053,-0.4864403286128696
8,case_0008_steps_0120_mesh_21x1,6,120,21,1,0.025,1441348.38497963,1.0379835657659e-08,-61546.7405780233,-7.94148480309786e-07,2851046.78478838,8.01005057837756e-08,-61546.7405780233,-1441348.38497963,1.0379835657659e-08,-0.008634728378813064,-0.20221463698410697,1.4562438348296116e-15,0.016849797760337685,0.04270080795136363,0.018096552153157742,128988.86355938508,0.03964181102708413,282559.4682646347,-0.1841180848309492,-1312359.5214202448,0.04689777425580528,-0.16257282595702283,-1158788.9167149952,0.05311298692129342
8,case_0008_steps_0120_mesh_21x1,7,120,21,1,0.03,1431842.80130884,-7.98991095507517e-09,-343999.077387729,2.52655102173094e-07,6084595.58959933,-3.71817918676243e-08,-343999.077387729,-1431842.80130884,-7.98991095507517e-09,-0.04826150934897702,-0.20088104673532198,-1.120948245512967e-15,0.03596019738616855,0.24024919290950184,0.018096552153157742,128988.86355938508,0.03964181102708413,282559.4682646347,-0.18278449458216423,-1302853.937749455,0.26403502911612003,-0.16123923570823784,-1149283.3330442053,0.2993161629487388
8,case_0008_steps_0120_mesh_21x1,8,120,21,1,0.035,1524306.71923138,5.3054463933222e-08,3097822.53032741,-4.27277535663961e-06,-66954918.7115923,6.17968908045441e-07,3097822.53032741,-1524306.71923138,5.3054463933222e-08,0.4346104418191705,-0.21385331478077366,7.443300506972506e-15,-0.3957061825044442,-2.0322829331156287,0.018096552153157742,128988.86355938508,0.03964181102708413,282559.4682646347,-0.1957567626276159,-1395317.8556719949,-2.2201554418118423,-0.17421150375368952,-1241747.2509667452,-2.4947287202896105
8,case_0008_steps_0120_mesh_21x1,9,120,21,1,0.04,1620717.07134527,3.63856543117436e-07,-301344.262821732,-2.18303465544523e-05,11663271.9737372,2.12688905776304e-06,-301344.262821732,-1620717.07134527,3.63856543117436e-07,-0.04227723245036351,-0.22737924963273917,5.1047421669553006e-14,0.06893039252453846,0.18593267643661107,0.018096552153157742,128988.86355938508,0.03964181102708413,282559.4682646347,-0.20928269747958142,-1491728.2077858848,0.20201016595979354,-0.18773743860565503,-1338157.6030806352,0.22519340182949546
8,case_0008_steps_0120_mesh_21x1,10,120,21,1,0.045,1699558.47113685,1.59514684128226e-06,-56638.5682534094,-0.000220334296539448,7953992.48380748,3.24412051782019e-05,-56638.5682534094,-1699558.47113685,1.59514684128226e-06,-0.007946134076963363,-0.23844034020897661,2.2379186240306206e-13,0.04700840598424272,0.03332546023881329,0.018096552153157742,128988.86355938508,0.03964181102708413,282559.4682646347,-0.22034378805581886,-1570569.607577465,0.03606243746227327,-0.19879852918189247,-1416999.0028722154,0.039970789068026646
8,case_0008_steps_0120_mesh_21x1,11,120,21,1,0.05,1567516.99719223,1.89580214282614e-06,227739.442398581,1.78882823540505e-05,-13422141.0725795,-1.44481875850033e-05,227739.442398581,-1567516.99719223,1.89580214282614e-06,0.03195081019377757,-0.21991552067276496,2.6597243671293105e-13,-0.0793253775386479,-0.1452867450920869,0.018096552153157742,128988.86355938508,0.03964181102708413,282559.4682646347,-0.2018189685196072,-1438528.133632845,-0.1583142081645981,-0.18027370964568082,-1284957.5289275954,-0.17723499592134273
8,case_0008_steps_0120_mesh_21x1,12,120,21,1,0.055,1566219.77494747,-7.03614091435156e-06,1026674.72267944,0.00162703608020465,-26913353.5258801,-0.000282205918324507,1026674.72267944,-1566219.77494747,-7.03614091435156e-06,0.1440378041220865,-0.2197335262791503,-9.87138637398016e-13,-0.15905896963287147,-0.6555112756853514,0.018096552153157742,128988.86355938508,0.03964181102708413,282559.4682646347,-0.20163697412599255,-1437230.911388085,-0.714342221938347,-0.18009171525206616,-1283660.3066828353,-0.7998025001898802
8,case_0008_steps_0120_mesh_21x1,13,120,21,1,0.06,1468699.99252476,1.90298742381856e-05,-620101.443151766,-0.00756826605971384,7647842.80920833,0.00117182988316245,-620101.443151766,-1468699.99252476,1.90298742381856e-05,-0.08699741820019963,-0.20605194338990587,2.669804990264234e-12,0.045199049459855915,0.4222111025450366,0.018096552153157742,128988.86355938508,0.03964181102708413,282559.4682646347,-0.18795539123674812,-1339711.128965375,0.46286205268045705,-0.16641013236282173,-1186140.5242601254,0.5227891893657073
8,case_0008_steps_0120_mesh_21x1,14,120,21,1,0.065,1375124.4280675,-4.30369643709128e-05,-1341881.44220758,0.0013691951574053,27393756.6937857,0.000189848947854898,-1341881.44220758,-1375124.4280675,-4.30369643709128e-05,-0.18825987633486027,-0.1929237163807396,-6.037890781891062e-12,0.1618981711029504,0.975825470640037,0.018096552153157742,128988.86355938508,0.03964181102708413,282559.4682646347,-0.17482716422758185,-1246135.564508115,1.0768342389274947,-0.15328190535365546,-1092564.9598028653,1.2281937382008843
8,case_0008_steps_0120_mesh_21x1,15,120,21,1,0.07,1356482.90334227,5.35091492110951e-05,-964790.141712585,0.0721437837242114,21660884.0706409,-0.0110111077734132,-964790.141712585,-1356482.90334227,5.35091492110951e-05,-0.1353556782699782,-0.1903083950646541,7.507090787910328e-12,0.12801667017453386,0.7112438640659723,0.018096552153157742,128988.86355938508,0.03964181102708413,282559.4682646347,-0.17221184291149635,-1227494.039782885,0.7859835652507395,-0.15066658403756997,-1073923.4350776353,0.8983788882890325
8,case_0008_steps_0120_mesh_21x1,16,120,21,1,0.075,1398845.60483894,-0.000126816469219193,-1151437.65354347,-0.0619236476933764,23937576.8296206,0.00517943156847878,-1151437.65354347,-1398845.60483894,-0.000126816469219193,-0.16154147709709704,-0.19625168982536964,-1.7791775086442895e-11,0.14147201322814867,0.8231341969123489,0.018096552153157742,128988.86355938508,0.03964181102708413,282559.4682646347,-0.1781551376722119,-1269856.741279555,0.9067461045906946,-0.1566098787982855,-1116286.1365743054,1.0314897012669517
8,case_0008_steps_0120_mesh_21x1,17,120,21,1,0.08,1333924.69250435,-0.00729257464536204,-2497121.35062749,1.48593861009229,32254451.1899193,-0.191377119547667,-2497121.35062749,-1333924.69250435,-0.00729257464536204,-0.35033479253493394,-0.18714358046248186,-1.0231151260576244e-09,0.19062506526393724,1.8720107399311423,0.018096552153157742,128988.86355938508,0.03964181102708413,282559.4682646347,-0.1690470283093241,-1204935.828944965,2.072410240148602,-0.14750176943539772,-1051365.2242397154,2.375122643449862
8,case_0008_steps_0120_mesh_21x1,18,120,21,1,0.085,1262257.70060091,0.0146440505270675,-2614515.1119915,-2.49395202417501,32565836.0286068,0.315086154605922,-2614515.1119915,-1262257.70060091,0.0146440505270675,-0.36680460447339713,-0.1770890267525529,2.054493828256327e-09,0.1924653618123887,2.071300583665946,0.018096552153157742,128988.86355938508,0.03964181102708413,282559.4682646347,-0.15899247459939514,-1133268.837041525,2.30705638991792,-0.13744721572546875,-979698.2323362753,2.668694324125395
8,case_0008_steps_0120_mesh_21x1,19,120,21,1,0.09,1311367.88857207,-0.248193877773247,2287982.56058374,51.4119940721738,-27087161.0600596,-7.13425523006742,2287982.56058374,-1311367.88857207,-0.248193877773247,0.32099356944917046,-0.18397896324278576,-3.4820474646248865e-08,-0.16008617894271973,-1.7447297440500025,0.018096552153157742,128988.86355938508,0.03964181102708413,282559.4682646347,-0.165882411089628,-1182379.025012685,-1.935066938927806,-0.14433715221570162,-1028808.4203074353,-2.2239150802245864
8,case_0008_steps_0120_mesh_21x1,20,120,21,1,0.095,1336431.68338819,-9.20383898880254,2423781.30562937,1488.25574530823,-36346683.2815113,-221.036724122459,2423781.30562937,-1336431.68338819,-9.20383898880254,0.34004551706882064,-0.18749529990573452,-1.291256839342959e-06,-0.21481031662480082,-1.8136215533924451,0.018096552153157742,128988.86355938508,0.03964181102708413,282559.4682646347,-0.16939874775257677,-1207442.819828805,-2.0073673600320228,-0.14785348887865038,-1053872.2151235554,-2.299881589861639
8,case_0008_steps_0120_mesh_21x1,21,120,21,1,0.1,1498722.33371884,86.5566572730984,3644274.53661437,-17704.3186809259,-76681975.8788894,2817.36861890739,3644274.53661437,-1498722.33371884,86.5566572730984,0.5112751782785077,-0.21026394160577072,1.2143506185900169e-05,-0.4531934699620454,-2.4315875293401983,0.018096552153157742,128988.86355938508,0.03964181102708413,282559.4682646347,-0.19216738945261297,-1369733.470159455,-2.660572013466334,-0.17062213057868658,-1216162.8654542053,-2.9965349544309
8,case_0008_steps_0120_mesh_21x1,22,120,21,1,0.105,1481271.41893857,-704.238541228006,729305.286988744,81557.7330470553,-20373946.7948493,-18370.4801314418,729305.286988744,-1481271.41893857,-704.238541228006,0.10231822187881597,-0.20781565746148817,-9.880147121172989e-05,-0.1204108206518162,-0.4923508802399901,0.018096552153157742,128988.86355938508,0.03964181102708413,282559.4682646347,-0.18971910530833042,-1352282.555379185,-0.5393142757685314,-0.16817384643440403,-1198711.9506739352,-0.6084074548340965
8,case_0008_steps_0120_mesh_21x1,23,120,21,1,0.11,1471689.41263928,-29.1998340019784,-1460707.2821658,40998.7823881017,29151833.151339,-9575.63236730015,-1460707.2821658,-1471689.41263928,-29.1998340019784,-0.2049306024007327,-0.20647134546476176,-4.0966041896870705e-06,0.172288471576109,0.9925377390234906,0.018096552153157742,128988.86355938508,0.03964181102708413,282559.4682646347,-0.188374793311604,-1342700.549079895,1.0878876032088993,-0.16682953443767762,-1189129.9443746454,1.2283832301725235
8,case_0008_steps_0120_mesh_21x1,24,120,21,1,0.115,1362434.71856834,-1132.08149041129,646695.162264715,631802.930548265,-23261031.1938976,-103535.966536482,646695.162264715,-1362434.71856834,-1132.08149041129,0.09072839629857123,-0.1911434077290997,-0.00015882589525583786,-0.13747360211879966,-0.4746613936440703,0.018096552153157742,128988.86355938508,0.03964181102708413,282559.4682646347,-0.17304685557594196,-1233445.8550089549,-0.5242995950235853,-0.15150159670201557,-1079875.2503037052,-0.5988609907328071
8,case_0008_steps_0120_mesh_21x1,25,120,21,1,0.12,1393506.38225384,-14139.6352521578,805581.253067062,2872514.40322455,-20821288.6369492,-510248.016638601,805581.253067062,-1393506.38225384,-14139.6352521578,0.11301939374807025,-0.19550262112825614,-0.0019837266544293383,-0.1230546283961636,-0.5780965651295581,0.018096552153157742,128988.86355938508,0.03964181102708413,282559.4682646347,-0.1774060689750984,-1264517.518694455,-0.6370661071574402,-0.155860810101172,-1110946.9139892054,-0.725130285635673
8,case_0008_steps_0120_mesh_21x1,26,120,21,1,0.125,1410115.84967536,14311.6745146459,1166751.77616916,-1448616.79910312,-28930357.0805085,83214.0525371041,1166751.77616916,-1410115.84967536,14311.6745146459,0.16368997899972884,-0.19783285402693834,0.002007862982171875,-0.1709795393543864,-0.8274155463451972,0.018096552153157742,128988.86355938508,0.03964181102708413,282559.4682646347,-0.1797363018737806,-1281126.9861159748,-0.9107229718940125,-0.1581910429998542,-1127556.3814107252,-1.0347613612983113
8,case_0008_steps_0120_mesh_21x1,27,120,21,1,0.13,1406615.2985258,49581.1109298237,1991260.55211739,-7156325.10403148,-43535213.3493243,1131823.80056539,1991260.55211739,-1406615.2985258,49581.1109298237,0.27936481830718607,-0.19734174258758805,0.006956004844092382,-0.25729480985830844,-1.4156397660428734,0.018096552153157742,128988.86355938508,0.03964181102708413,282559.4682646347,-0.1792451904344303,-1277626.434966415,-1.558562422958738,-0.1576999315605039,-1124055.8302611653,-1.7714961290265598
8,case_0008_steps_0120_mesh_21x1,28,120,21,1,0.135,1381789.30667179,19423.6104470033,-532447.482634248,-7347415.05784609,6901707.14764808,1181079.12443165,-532447.482634248,-1381789.30667179,19423.6104470033,-0.07469996534911835,-0.19385876860097623,0.002725044393425389,0.040789358582054645,0.38533188819988295,0.018096552153157742,128988.86355938508,0.03964181102708413,282559.4682646347,-0.17576221644781848,-1252800.443112405,0.4250058224049297,-0.1542169575738921,-1099229.8384071554,0.4843823048015088
8,case_0008_steps_0120_mesh_21x1,29,120,21,1,0.14,1122686.70934936,-2028.19457156769,-429610.010936524,-1603085.71023564,-7257148.99665589,661121.014265723,-429610.010936524,-1122686.70934936,-2028.19457156769,-0.06027233478843852,-0.15750785011020838,-0.00028454649361437555,-0.042890033780826106,0.3826624180716448,0.018096552153157742,128988.86355938508,0.03964181102708413,282559.4682646347,-0.13941129795705062,-993697.845789975,0.4323346505747836,-0.11786603908312424,-840127.2410847254,0.5113630292261867
8,case_0008_steps_0120_mesh_21x1,30,120,21,1,0.145,1057123.41919121,-833541.400781738,-8085824.51295191,43374697.6198739,139477704.785142,-10519599.5699665,-8085824.51295191,-1057123.41919121,-833541.400781738,-1.1344044823881159,-0.14830961805404844,-0.11694207557785224,0.8243186784043492,7.648893559787236,0.018096552153157742,128988.86355938508,0.03964181102708413,282559.4682646347,-0.13021306590089068,-928134.555631825,8.711909780632515,-0.1086678070269643,-774563.9509265753,10.439195502552382
8,case_0008_steps_0120_mesh_21x1,31,120,21,1,0.15,1258581.11062706,-205372.472564776,11860699.075019,34592796.9513762,-191800169.374025,-9962825.36134455,11860699.075019,-1258581.11062706,-205372.472564776,1.6640022515213047,-0.1765732178650909,-0.028812825836552737,-1.133546486011353,-9.423865474279738,0.018096552153157742,128988.86355938508,0.03964181102708413,282559.4682646347,-0.15847666571193314,-1129592.247067675,-10.499982720143805,-0.13693140683800675,-976021.6423624253,-12.152086142588605
8,case_0008_steps_0120_mesh_21x1,32,120,21,1,0.155,855106.119633061,-618842.383606937,-11934634.3824464,30905733.4218464,50678544.7918358,-19208948.7001888,-11934634.3824464,-855106.119633061,-618842.383606937,-1.6743750396047015,-0.11996750776317795,-0.08682077786018734,0.29951217745240566,13.956904422070718,0.018096552153157742,128988.86355938508,0.03964181102708413,282559.4682646347,-0.10187095561002021,-726117.2560736759,16.436235721735066,-0.08032569673609383,-572546.6513684263,20.844824354350507
8,case_0008_steps_0120_mesh_21x1,33,120,21,1,0.16,686263.367635352,590235.694517192,1743143.89483081,-15108524.7809824,-20199036.1757905,4865986.95855714,1743143.89483081,-686263.367635352,590235.694517192,0.24455517734475843,-0.0962796359353708,0.08280738920975238,-0.11937709206728335,-2.5400509149091497,0.018096552153157742,128988.86355938508,0.03964181102708413,282559.4682646347,-0.07818308378221306,-557274.5040759669,-3.127980702654193,-0.056637824908286664,-403703.89937071723,-4.317877279728969
8,case_0008_steps_0120_mesh_21x1,34,120,21,1,0.165,1301416.96334372,-69996.1116210987,18113385.4604352,3417436.56363244,-285473734.533523,-4644978.52118509,18113385.4604352,-1301416.96334372,-69996.1116210987,2.5412257741468034,-0.18258289359461724,-0.009820136789454646,-1.6871609117193873,-13.918202982306783,0.018096552153157742,128988.86355938508,0.03964181102708413,282559.4682646347,-0.1644863414414595,-1172428.099784335,-15.449463778433074,-0.1429410825675331,-1018857.4950790852,-17.778134378870337
8,case_0008_steps_0120_mesh_21x1,35,120,21,1,0.17,1139518.69620309,662437.025297799,-1948210.70666379,-9767508.55885722,-6680085.83898297,11472546.4288184,-1948210.70666379,-1139518.69620309,662437.025297799,-0.2733251203678536,-0.15986930147534542,0.09293690823909949,-0.039479567999061584,1.7096785802245156,0.018096552153157742,128988.86355938508,0.03964181102708413,282559.4682646347,-0.14177274932218767,-1010529.832643705,1.927910135583988,-0.12022749044826128,-856959.2279384553,2.27339953074606
8,case_0008_steps_0120_mesh_21x1,36,120,21,1,0.175,1704392.64133254,296700.968874249,-19976691.5221166,-15854066.3281328,178014470.295334,6062458.28654387,-19976691.5221166,-1704392.64133254,296700.968874249,-2.8026391581556362,-0.2391185523479902,0.041625799382698864,1.0520724664687178,11.720709792843442,0.018096552153157742,128988.86355938508,0.03964181102708413,282559.4682646347,-0.22102200019483245,-1575403.777773155,12.680362840283273,-0.19947674132090606,-1421833.1730679052,14.049954594189607
8,case_0008_steps_0120_mesh_21x1,37,120,21,1,0.18,1929765.0722316,131462.143580418,16089665.997959,17651719.8877842,-214522538.920105,784417.184775058,16089665.997959,-1929765.0722316,131462.143580418,2.257307118028088,-0.27073728157085136,0.018443542115352263,-1.2678365767702542,-8.337629398252474,0.018096552153157742,128988.86355938508,0.03964181102708413,282559.4682646347,-0.2526407294176936,-1800776.208672215,-8.934850383114822,-0.23109547054376722,-1647205.6039669653,-9.767855305500573
8,case_0008_steps_0120_mesh_21x1,38,120,21,1,0.185,2230786.5615859,-591685.661357492,-9974455.98150724,58957673.1039996,113151383.001881,-7424600.63596753,-9974455.98150724,-2230786.5615859,-591685.661357492,-1.3993709060443051,-0.3129692303686122,-0.08301081297690385,0.6687290892792986,4.471273116517364,0.018096552153157742,128988.86355938508,0.03964181102708413,282559.4682646347,-0.29487267821545443,-2101797.6980265146,4.745678421321313,-0.27332741934152804,-1948227.0933212652,5.1197604302397615
8,case_0008_steps_0120_mesh_21x1,39,120,21,1,0.19,2070880.1714466,176841.322042984,1749619.46796742,-14247308.6894251,-45988231.3875254,4656974.17359433,1749619.46796742,-2070880.1714466,176841.322042984,0.24546367086702517,-0.2905350895526744,0.02481003490437667,-0.2717922421932243,-0.8448675553956531,0.018096552153157742,128988.86355938508,0.03964181102708413,282559.4682646347,-0.2724385373995166,-1941891.307887215,-0.900987331711687,-0.25089327852559024,-1788320.7031819653,-0.9783588955014142
8,case_0008_steps_0120_mesh_21x1,40,120,21,1,0.195,2215844.24649631,-214567.542278876,-862957.09908849,23347455.6645667,-1594981.89038243,-78868.4198546742,-862957.09908849,-2215844.24649631,-214567.542278876,-0.12106896454981854,-0.31087289137588053,-0.030102852386453487,-0.009426405216405403,0.3894484463215303,0.018096552153157742,128988.86355938508,0.03964181102708413,282559.4682646347,-0.2927763392227228,-2086855.382936925,0.4135203168098845,-0.2712310803487964,-1933284.7782316753,0.44636833062835896
8,case_0008_steps_0120_mesh_21x1,41,120,21,1,0.2,2140888.10846063,60415.6171674366,1526685.29594545,-1646743.83669746,-31110718.1198587,4616021.41605326,1526685.29594545,-2140888.10846063,60415.6171674366,0.21418701829880363,-0.3003568853910888,0.008476036897808457,-0.18386555818564085,-0.7131084010939683,0.018096552153157742,128988.86355938508,0.03964181102708413,282559.4682646347,-0.28226033323793104,-2011899.2449012448,-0.7588279084126741,-0.26071507436400465,-1858328.640195995,-0.8215367631553226
8,case_0008_steps_0120_mesh_21x1,42,120,21,1,0.205,2282857.96153298,75459.0379142852,1437291.69457966,-672288.367835568,-45100773.0146213,4174345.24283642,1437291.69457966,-2282857.96153298,75459.0379142852,0.20164550173191154,-0.32027461145987546,0.01058656055539466,-0.2665473285762552,-0.629601893240214,0.018096552153157742,128988.86355938508,0.03964181102708413,282559.4682646347,-0.3021780593067177,-2153869.097973595,-0.6673068924810213,-0.2806328004327913,-2000298.4932683455,-0.7185386078210895
8,case_0008_steps_0120_mesh_21x1,43,120,21,1,0.21,2708707.64714201,-55053.860809498,802576.229008002,18150011.3378157,-38866441.0434348,1669666.46436773,802576.229008002,-2708707.64714201,-55053.860809498,0.11259780251061248,-0.380019389670761,-0.007723806814633178,-0.22970218333143694,-0.29629488802706705,0.018096552153157742,128988.86355938508,0.03964181102708413,282559.4682646347,-0.36192283751760324,-2579718.7835826245,-0.31110996830957355,-0.34037757864367685,-2426148.178877375,-0.3308026426396467
8,case_0008_steps_0120_mesh_21x1,44,120,21,1,0.215,2609100.96624519,-27834.9073268583,3867747.98207976,10215350.4460142,-70914845.7454525,1506063.56017755,3867747.98207976,-2609100.96624519,-27834.9073268583,0.5426274884633976,-0.3660450243967978,-0.003905111171763278,-0.41910950581090156,-1.4824064043968046,0.018096552153157742,128988.86355938508,0.03964181102708413,282559.4682646347,-0.34794847224364006,-2480112.1026858045,-1.5595053053816534,-0.3264032133697137,-2326541.497980555,-1.6624453015073992
8,case_0008_steps_0120_mesh_21x1,45,120,21,1,0.22,2494174.55216785,-52463.2962283014,3458040.83274337,14048478.16604,-69312696.6172308,843083.612688179,3458040.83274337,-2494174.55216785,-52463.2962283014,0.48514743483013095,-0.3499213700848232,-0.007360362360932999,-0.40964074193916433,-1.3864470029724907,0.018096552153157742,128988.86355938508,0.03964181102708413,282559.4682646347,-0.33182481793166546,-2365185.688608465,-1.4620589196858689,-0.3102795590577391,-2211615.0839032154,-1.563581681962656
8,case_0008_steps_0120_mesh_21x1,46,120,21,1,0.225,1926989.607367,-38797.2136888325,5902833.85421115,1376852.69881767,-96658918.1608441,896812.892046171,5902833.85421115,-1926989.607367,-38797.2136888325,0.8281408002713194,-0.27034789644654283,-0.005443073002918003,-0.5712579784495343,-3.063241146524222,0.018096552153157742,128988.86355938508,0.03964181102708413,282559.4682646347,-0.2522513442933851,-1798000.743807615,-3.282998560785217,-0.2307060854194587,-1644430.1391023654,-3.5895923541229258
8,case_0008_steps_0120_mesh_21x1,47,120,21,1,0.23,1608506.39733388,-36569.0042182445,7894421.56691127,7012572.16647614,-128855020.785434,93049.8949648113,7894421.56691127,-1608506.39733388,-36569.0042182445,1.107551517723474,-0.22566614748597444,-0.005130465326720505,-0.7615382014153191,-4.907920528010567,0.018096552153157742,128988.86355938508,0.03964181102708413,282559.4682646347,-0.2075695953328167,-1479517.533774495,-5.335808050054864,-0.1860243364588903,-1325946.9290692452,-5.953799050202407
8,case_0008_steps_0120_mesh_21x1,48,120,21,1,0.235,1284876.46717382,-72377.9182193439,6854148.33226024,11323477.4180664,-119668510.825462,-714985.07769363,6854148.33226024,-1284876.46717382,-72377.9182193439,0.9616059040873831,-0.18026233704951752,-0.010154293445575861,-0.7072455690478902,-5.334480401323282,0.018096552153157742,128988.86355938508,0.03964181102708413,282559.4682646347,-0.16216578489635977,-1155887.6036144348,-5.929770602978586,-0.14062052602243338,-1002316.9989091852,-6.838303989376179
8,case_0008_steps_0120_mesh_21x1,49,120,21,1,0.24,1054460.44323785,-85161.6659925291,9077246.60818139,12143769.9960189,-166478872.054949,-749141.971365682,9077246.60818139,-1054460.44323785,-85161.6659925291,1.2734965028698162,-0.14793601461346614,-0.01194779524027733,-0.9838966306907642,-8.608427813857666,0.018096552153157742,128988.86355938508,0.03964181102708413,282559.4682646347,-0.1298394624603084,-925471.5796784649,-9.808239180434999,-0.108294203586382,-771900.9749732153,-11.759599874189004
8,case_0008_steps_0120_mesh_21x1,50,120,21,1,0.245,1084152.91520401,-112299.851924548,11239918.3102808,15353760.9643777,-198246403.07507,-716887.346724721,11239918.3102808,-1084152.91520401,-112299.851924548,1.5769095275855673,-0.1521017336737353,-0.015755159562351313,-1.1716439787491104,-10.367465836833297,0.018096552153157742,128988.86355938508,0.03964181102708413,282559.4682646347,-0.13400518152057755,-955164.0516446249,-11.767526521677226,-0.11245992264665117,-801593.4469393753,-14.021968808748106
8,case_0008_steps_0120_mesh_21x1,51,120,21,1,0.25,1256007.55385638,45349.7934659693,13927549.9181258,1692611.00688846,-234237187.707162,3410376.46385337,13927549.9181258,-1256007.55385638,45349.7934659693,1.9539720445946454,-0.1762121595300178,0.0063623702073630235,-1.3843509204668811,-11.088746938952221,0.018096552153157742,128988.86355938508,0.03964181102708413,282559.4682646347,-0.15811560737686003,-1127018.690296995,-12.357869517191038,-0.13657034850293365,-973448.0855917453,-14.307439836053959
8,case_0008_steps_0120_mesh_21x1,52,120,21,1,0.255,1425081.97885356,-56638.9776664841,6777437.73877573,14730289.9094804,-150263194.479868,3139352.1297273,6777437.73877573,-1425081.97885356,-56638.9776664841,0.950843755965557,-0.19993253402822392,-0.007946191515759659,-0.8880613434044357,-4.755823060949796,0.018096552153157742,128988.86355938508,0.03964181102708413,282559.4682646347,-0.18183598187506617,-1296093.115294175,-5.2291287244724325,-0.16029072300113978,-1142522.5105889253,-5.931994928732063
8,case_0008_steps_0120_mesh_21x1,53,120,21,1,0.26,1372967.04431423,114193.12836092,-5359681.1167345,-564631.494822067,27612646.9981584,5056803.96273605,-5359681.1167345,-1372967.04431423,114193.12836092,-0.7519389362526374,-0.19262104523124576,0.016020777653911418,0.16319182134399773,3.9037216071064216,0.018096552153157742,128988.86355938508,0.03964181102708413,282559.4682646347,-0.174524493078088,-1243978.180754845,4.308500904318313,-0.15297923420416162,-1090407.5760495954,4.915300695316082
8,case_0008_steps_0120_mesh_21x1,54,120,21,1,0.265,1405593.45283811,-64310.2504989965,-2551630.51407801,12519023.6754813,11257550.3732906,832369.514159968,-2551630.51407801,-1405593.45283811,-64310.2504989965,-0.35798218078216193,-0.19719838227515885,-0.009022436278787205,0.06653256203259401,1.8153403524510408,0.018096552153157742,128988.86355938508,0.03964181102708413,282559.4682646347,-0.1791018301220011,-1276604.589278725,1.9987633880586846,-0.1575565712480747,-1123033.9845734753,2.2720866413024097
8,case_0008_steps_0120_mesh_21x1,55,120,21,1,0.27,1352464.80312431,7279.69429516426,2055865.73749325,-818064.99769161,-58034773.4154116,1735244.46817058,2055865.73749325,-1352464.80312431,7279.69429516426,0.28842863261066215,-0.18974467383985666,0.0010213080713811736,-0.3429877756949157,-1.520088162548869,0.018096552153157742,128988.86355938508,0.03964181102708413,282559.4682646347,-0.1716481216866989,-1223475.939564925,-1.6803483182712426,-0.15010286281277252,-1069905.3348596753,-1.9215398507783772
8,case_0008_steps_0120_mesh_21x1,56,120,21,1,0.275,1465884.83201358,4845.45472459414,5954563.11806925,2007361.49453386,-121745055.846782,1232955.94553527,5954563.11806925,-1465884.83201358,4845.45472459414,0.8353981812220524,-0.2056569891465372,0.0006797953072050499,-0.7195180311611611,-4.062094775815298,0.018096552153157742,128988.86355938508,0.03964181102708413,282559.4682646347,-0.18756043699337946,-1336895.968454195,-4.454021299020221,-0.16601517811945307,-1183325.3637489453,-5.032059060412883
8,case_0008_steps_0120_mesh_21x1,57,120,21,1,0.28,1522132.13003575,4795.11764745031,1739432.74335661,4866081.9907193,-56383700.5994754,1338390.87010086,1739432.74335661,-1522132.13003575,4795.11764745031,0.24403451963565156,-0.21354822978580204,0.0006727332437320162,-0.3332298709195364,-1.1427606769694534,0.018096552153157742,128988.86355938508,0.03964181102708413,282559.4682646347,-0.1954516776326443,-1393143.266476365,-1.2485670248086576,-0.1739064187587179,-1239572.6617711154,-1.4032519407706918
8,case_0008_steps_0120_mesh_21x1,58,120,21,1,0.285,1635772.76590303,29142.3350304142,2399232.63267484,1793377.70193711,-68863625.2136689,1328084.04866936,2399232.63267484,-1635772.76590303,29142.3350304142,0.33660144966521927,-0.2294914952502927,0.004088537344930466,-0.4069867124190803,-1.4667273368806462,0.018096552153157742,128988.86355938508,0.03964181102708413,282559.4682646347,-0.21139494309713494,-1506783.902343645,-1.59228714146938,-0.18984968422320855,-1353213.2976383953,-1.772989252220577
8,case_0008_steps_0120_mesh_21x1,59,120,21,1,0.29,1710267.49998252,95987.9945733114,3763107.11115011,-7467825.14361246,-90967037.4699698,1767764.98291446,3763107.11115011,-1710267.49998252,95987.9945733114,0.527946849175042,-0.23994276835407083,0.013466680005853623,-0.5376187414405486,-2.2003032339611033,0.018096552153157742,128988.86355938508,0.03964181102708413,282559.4682646347,-0.22184621620091308,-1581278.636423135,-2.3797874861967965,-0.2003009573269867,-1427708.0317178853,-2.6357679774499574
8,case_0008_steps_0120_mesh_21x1,60,120,21,1,0.295,1650170.3052071,13624.9441428289,1636928.51562607,-1269431.26151175,-53613819.3891116,585934.948324081,1636928.51562607,-1650170.3052071,13624.9441428289,0.22965364169117022,-0.23151140467273124,0.001911517827669275,-0.31685976487153844,-0.9919755012320574,0.018096552153157742,128988.86355938508,0.03964181102708413,282559.4682646347,-0.21341485251957348,-1521181.441647715,-1.0760902485458803,-0.1918695936456471,-1367610.8369424653,-1.1969256687711776
8,case_0008_steps_0120_mesh_21x1,61,120,21,1,0.3,1850270.90631256,-16515.4247507818,262020.152657542,2045145.17218002,-40067531.0180509,752823.403307646,262020.152657542,-1850270.90631256,-16515.4247507818,0.03676023826322458,-0.259584610869451,-0.002317039138781756,-0.23680067195401233,-0.14161177790971535,0.018096552153157742,128988.86355938508,0.03964181102708413,282559.4682646347,-0.24148805871629325,-1721282.042753175,-0.15222383441498244,-0.21994279984236687,-1567711.4380479252,-0.16713544744165604
8,case_0008_steps_0120_mesh_21x1,62,120,21,1,0.305,1898322.50908416,-130125.254474381,4426319.19328319,18273970.7161213,-96397264.7437418,-542622.650914748,4426319.19328319,-1898322.50908416,-130125.254474381,0.6209924943706063,-0.2663260326604783,-0.018255982641124872,-0.5697115965434224,-2.3317003154636007,0.018096552153157742,128988.86355938508,0.03964181102708413,282559.4682646347,-0.24822948050732052,-1769333.645524775,-2.5016871207297746,-0.22668422163339413,-1615763.0408195253,-2.73946060248917
8,case_0008_steps_0120_mesh_21x1,63,120,21,1,0.31,1843075.44052454,-25328.7866182359,2822147.62304901,6897065.93577682,-75522403.7641477,1370032.28101253,2822147.62304901,-1843075.44052454,-25328.7866182359,0.39593450345350134,-0.25857511967535873,-0.003553513810144425,-0.44634035351156426,-1.5312165530488682,0.018096552153157742,128988.86355938508,0.03964181102708413,282559.4682646347,-0.24047856752220098,-1714086.5769651548,-1.6464440367100435,-0.2189333086482746,-1560515.9722599052,-1.8084708347855212
8,case_0008_steps_0120_mesh_21x1,64,120,21,1,0.315,1949704.8491244,-55089.4645687503,-3667686.38024757,8627333.85013013,20460454.7192894,590241.112374931,-3667686.38024757,-1949704.8491244,-55089.4645687503,-0.514559753687723,-0.2735347417740476,-0.007728801860471853,0.12092208586123313,1.881149540093058,0.018096552153157742,128988.86355938508,0.03964181102708413,282559.4682646347,-0.2554381896208898,-1820715.9855650149,2.014419826774571,-0.23389293074696343,-1667145.3808597652,2.1999799311779897
8,case_0008_steps_0120_mesh_21x1,65,120,21,1,0.32,1878606.81502887,-24228.0257437227,106920.905793146,1915134.15193039,-23768571.7726408,1138177.05200296,106920.905793146,-1878606.81502887,-24228.0257437227,0.015000517831973342,-0.2635600102624051,-0.003399082055153323,-0.14047318674596754,-0.0569149994228584,0.018096552153157742,128988.86355938508,0.03964181102708413,282559.4682646347,-0.24546345810924736,-1749617.951469485,-0.06111100180661973,-0.22391819923532097,-1596047.3467642353,-0.0669910613929551
8,case_0008_steps_0120_mesh_21x1,66,120,21,1,0.325,1761810.11697074,8653.85655373006,-452538.624062499,-4057739.85983037,-14354811.0223169,2084235.08657651,-452538.624062499,-1761810.11697074,8653.85655373006,-0.0634891151505878,-0.24717396359603938,0.0012140967997475436,-0.08483749333908573,0.2568600439419628,0.018096552153157742,128988.86355938508,0.03964181102708413,282559.4682646347,-0.22907741144288163,-1632821.253411355,0.2771513557390543,-0.20753215256895524,-1479250.6487061053,0.3059242356650867
8,case_0008_steps_0120_mesh_21x1,67,120,21,1,0.33,1776605.97150358,-25860.4582482645,922465.002861047,2844351.54999364,-27033550.2962554,1293942.51704962,922465.002861047,-1776605.97150358,-25860.4582482645,0.12941765337790007,-0.24924975483735692,-0.0036281049268941075,-0.15976933723647427,-0.5192288091209921,0.018096552153157742,128988.86355938508,0.03964181102708413,282559.4682646347,-0.23115320268419917,-1647617.107944195,-0.5598782620144359,-0.20960794381027278,-1494046.5032389453,-0.6174272359402696
8,case_0008_steps_0120_mesh_21x1,68,120,21,1,0.335,1790645.54322621,-27570.9366834954,-615315.503157731,2737902.6796489,-8844298.83679603,1951412.59110357,-615315.503157731,-1790645.54322621,-27570.9366834954,-0.08632597253958985,-0.2512194430327227,-0.003868077288506216,-0.05227015127465344,0.3436277522848636,0.018096552153157742,128988.86355938508,0.03964181102708413,282559.4682646347,-0.23312289087956495,-1661656.6796668249,0.37030242810512853,-0.21157763200563856,-1508086.0749615752,0.4080108644815972
8,case_0008_steps_0120_mesh_21x1,69,120,21,1,0.34,1830784.45808534,57.9869969122187,-2382505.21664948,1014544.99509329,18525310.8370048,2672598.38408886,-2382505.21664948,-1830784.45808534,57.9869969122187,-0.33425466911271734,-0.2568507506206448,8.135312498073499e-06,0.10948530999784775,1.3013575716833086,0.018096552153157742,128988.86355938508,0.03964181102708413,282559.4682646347,-0.23875419846748702,-1701795.594525955,1.3999949372962979,-0.21720893959356063,-1548224.9898207053,1.538862395526499
8,case_0008_steps_0120_mesh_21x1,70,120,21,1,0.345,1918720.60759699,-3618.42492246283,3032766.96474287,1497597.20399657,-58643057.3789444,3005673.70589914,3032766.96474287,-1918720.60759699,-3618.42492246283,0.42548344121642634,-0.26918779330691367,-0.0005076485947291691,-0.3465827576577055,-1.5806193735215646,0.018096552153157742,128988.86355938508,0.03964181102708413,282559.4682646347,-0.2510912411537559,-1789731.744037605,-1.694537170079466,-0.22954598227982953,-1636161.1393323552,-1.8535869675895174
8,case_0008_steps_0120_mesh_21x1,71,120,21,1,0.35,1783476.65648625,-13881.1522957997,2537844.17247083,2669037.01066243,-47011897.5973542,2373110.64388405,2537844.17247083,-1783476.65648625,-13881.1522957997,0.3560480196227319,-0.2502136807584467,-0.0019474626687536818,-0.2778421494419357,-1.42297582827398,0.018096552153157742,128988.86355938508,0.03964181102708413,282559.4682646347,-0.23211712860528894,-1654487.792926865,-1.5339153200890452,-0.21057186973136255,-1500917.1882216153,-1.6908622223707315
8,case_0008_steps_0120_mesh_21x1,72,120,21,1,0.355,1594010.38125336,-39939.5254653478,4633542.47085044,2414714.04862152,-77496683.5791037,1500664.06026605,4633542.47085044,-1594010.38125336,-39939.5254653478,0.650064979749296,-0.22363242221872787,-0.005603334160885011,-0.45800842426431926,-2.9068458558012122,0.018096552153157742,128988.86355938508,0.03964181102708413,282559.4682646347,-0.20553587006557011,-1465021.517693975,-3.1627811707120124,-0.18399061119164373,-1311450.9129887254,-3.533142129041527
8,case_0008_steps_0120_mesh_21x1,73,120,21,1,0.36,1461351.64126812,-14562.8548041594,5155302.33906329,1749627.87258643,-87884481.208549,1354365.55772222,5155302.33906329,-1461351.64126812,-14562.8548041594,0.7232655212998581,-0.205021003058423,-0.0020431024368317238,-0.5194007136386447,-3.5277630609082307,0.018096552153157742,128988.86355938508,0.03964181102708413,282559.4682646347,-0.18692445090526524,-1332362.7777087349,-3.869293277562787,-0.16537919203133886,-1178792.1730034852,-4.3733767979879925
8,case_0008_steps_0120_mesh_21x1,74,120,21,1,0.365,1233556.00453307,-67451.7719801158,5782772.92865753,6361178.95731547,-98312474.6247979,181427.325014955,5782772.92865753,-1233556.00453307,-67451.7719801158,0.8112967973017361,-0.17306230905427172,-0.009463177485078765,-0.581030561681622,-4.687888435877255,0.018096552153157742,128988.86355938508,0.03964181102708413,282559.4682646347,-0.15496575690111397,-1104567.1409736848,-5.235329491659483,-0.13342049802718758,-950996.5362684352,-6.080750778912661
8,case_0008_steps_0120_mesh_21x1,75,120,21,1,0.37,1219213.79025718,-35712.4690252837,3408143.25097667,5913023.8293434,-72288912.9672546,633277.651914967,3408143.25097667,-1219213.79025718,-35712.4690252837,0.4781470305638989,-0.17105016148219926,-0.005010297326455164,-0.4272302967147916,-2.79536146835885,0.018096552153157742,128988.86355938508,0.03964181102708413,282559.4682646347,-0.1529536093290415,-1090224.926697795,-3.126091843542475,-0.13140835045511512,-936654.3219925454,-3.6386350555950293
8,case_0008_steps_0120_mesh_21x1,76,120,21,1,0.375,1239508.99279814,-38338.7152410401,2739326.86794165,8014136.33775574,-64259973.1578825,875621.69956157,2739326.86794165,-1239508.99279814,-38338.7152410401,0.38431512738640217,-0.17389748629076532,-0.0053787477515462295,-0.379778949111639,-2.210009676297494,0.018096552153157742,128988.86355938508,0.03964181102708413,282559.4682646347,-0.15580093413760757,-1110520.129238755,-2.466706181921635,-0.13425567526368118,-956949.5245335053,-2.862561501639305
8,case_0008_steps_0120_mesh_21x1,77,120,21,1,0.38,1201043.38460027,-3838.18485904588,2076829.26229346,4026895.46605783,-51619418.0149376,1301499.05784093,2076829.26229346,-1201043.38460027,-3838.18485904588,0.29136971999908123,-0.16850093603326802,-0.000538479916471289,-0.3050727749185602,-1.7291875455312282,0.018096552153157742,128988.86355938508,0.03964181102708413,282559.4682646347,-0.15040438388011027,-1072054.521040885,-1.9372422032015812,-0.12885912500618388,-918483.9163356354,-2.2611492976155048
8,case_0008_steps_0120_mesh_21x1,78,120,21,1,0.385,1226614.16265225,-9140.56606037662,3375331.43109771,6354113.34964937,-66483609.5806181,736531.694148338,3375331.43109771,-1226614.16265225,-9140.56606037662,0.47354368114834067,-0.1720884001433106,-0.0012823799346432325,-0.39292072714752513,-2.751746664818699,0.018096552153157742,128988.86355938508,0.03964181102708413,282559.4682646347,-0.15399184799015284,-1097625.2990928649,-3.0751217504618937,-0.13244658911622645,-944054.6943876152,-3.575355804238867
8,case_0008_steps_0120_mesh_21x1,79,120,21,1,0.39,1253942.70400024,-40369.4971400286,-662783.486160731,6074916.86477233,-13947537.4679265,740318.662534557,-662783.486160731,-1253942.70400024,-40369.4971400286,-0.09298551512578772,-0.17592247046633458,-0.005663657235455394,-0.08243049073876836,0.5285596256083835,0.018096552153157742,128988.86355938508,0.03964181102708413,282559.4682646347,-0.15782591831317683,-1124953.840440855,0.5891650504530876,-0.13628065943925044,-971383.2357356052,0.682308960848826
8,case_0008_steps_0120_mesh_21x1,80,120,21,1,0.395,1282529.56451954,-6624.58738775097,-5071328.90960366,3874837.1336909,54980565.3053149,147825.829869349,-5071328.90960366,-1282529.56451954,-6624.58738775097,-0.7114844302524431,-0.17993307725832627,-0.0009293995454141976,0.32493728657362525,3.9541614087496506,0.018096552153157742,128988.86355938508,0.03964181102708413,282559.4682646347,-0.16183652510516852,-1153540.7009601549,4.396315539956689,-0.14029126623124213,-999970.0962549052,5.0714805658657545
8,case_0008_steps_0120_mesh_21x1,81,120,21,1,0.4,1403868.05383453,-25057.840266281,-447085.527851449,3427964.94514841,-10881665.1503323,633206.090855925,-447085.527851449,-1403868.05383453,-25057.840266281,-0.0627240705005586,-0.19695631662552301,-0.003515501266630525,-0.0643110656959715,0.3184669147718534,0.018096552153157742,128988.86355938508,0.03964181102708413,282559.4682646347,-0.17885976447236526,-1274879.190275145,0.35068854465728533,-0.15731450559843888,-1121308.5855698953,0.39871765328918946
8,case_0008_steps_0120_mesh_21x1,82,120,21,1,0.405,1431236.76689242,30322.1226094233,7966711.56740686,-2114802.88798543,-124109042.651512,1529452.19310953,7966711.56740686,-1431236.76689242,30322.1226094233,1.117693476711414,-0.2007960228571303,0.0042540561879068324,-0.7334892854318145,-5.566312822374332,0.018096552153157742,128988.86355938508,0.03964181102708413,282559.4682646347,-0.18269947070397255,-1302247.9033330348,-6.117661274029685,-0.16115421183004616,-1148677.2986277852,-6.93555237569675
8,case_0008_steps_0120_mesh_21x1,83,120,21,1,0.41,1435509.27507258,31339.552853961,7483189.50816247,-1873122.54641635,-126282129.844649,1751317.41552515,7483189.50816247,-1435509.27507258,31339.552853961,1.049857526220309,-0.201395436364417,0.004396797033700856,-0.7463323155480868,-5.212916167179844,0.018096552153157742,128988.86355938508,0.03964181102708413,282559.4682646347,-0.18329888421125926,-1306520.411513195,-5.72757183295402,-0.16175362533733287,-1152949.8068079452,-6.490472927768135
8,case_0008_steps_0120_mesh_21x1,84,120,21,1,0.415,1426842.93699223,92631.0017807155,5170292.17962763,-6348840.10706318,-100921760.77307,2447342.25643786,5170292.17962763,-1426842.93699223,92631.0017807155,0.7253685279010071,-0.20017958846313097,0.012995709152458844,-0.5964515446454279,-3.6235888657279633,0.018096552153157742,128988.86355938508,0.03964181102708413,282559.4682646347,-0.18208303630997322,-1297854.0734328448,-3.9837238141512508,-0.16053777743604683,-1144283.4687275952,-4.518366576925927
8,case_0008_steps_0120_mesh_21x1,85,120,21,1,0.42,1452496.06905123,19626.6324652468,7005572.78877852,-3344114.00359336,-135993104.737984,1227620.71875357,7005572.78877852,-1452496.06905123,19626.6324652468,0.982850068110776,-0.20377860646660234,0.0027535274611879897,-0.8037245561389604,-4.823126849048588,0.018096552153157742,128988.86355938508,0.03964181102708413,282559.4682646347,-0.1856820543134446,-1323507.205491845,-5.293188249908388,-0.1641367954395182,-1169936.6007865954,-5.987993523810087
8,case_0008_steps_0120_mesh_21x1,86,120,21,1,0.425,1446391.92579063,47294.0662539606,478361.687948511,-6114820.54633439,-36514389.4600328,2400779.00804046,478361.687948511,-1446391.92579063,47294.0662539606,0.0671119738181688,-0.2029222228702391,0.006635142855613013,-0.2158014666846046,-0.3307275707357311,0.018096552153157742,128988.86355938508,0.03964181102708413,282559.4682646347,-0.18482567071708134,-1317403.062231245,-0.3631095916372963,-0.16328041184315495,-1163832.4575259953,-0.41102281076211206
8,case_0008_steps_0120_mesh_21x1,87,120,21,1,0.43,1532769.85629446,-34924.8942485849,4297098.68600664,3349474.85047367,-98808474.4469996,1148270.08973402,4297098.68600664,-1532769.85629446,-34924.8942485849,0.6028634436552244,-0.21504065450154605,-0.004899804159620805,-0.5839619399872511,-2.8034859038753996,0.018096552153157742,128988.86355938508,0.03964181102708413,282559.4682646347,-0.1969441023483883,-1403780.9927350748,-3.061089093131495,-0.1753988434744619,-1250210.3880298252,-3.4371004489718957
8,case_0008_steps_0120_mesh_21x1,88,120,21,1,0.435,1618632.08569837,-37092.5008823599,-3847274.17719677,6287140.43416954,26981827.7483071,1385696.112272,-3847274.17719677,-1618632.08569837,-37092.5008823599,-0.5397551065568151,-0.2270867356089968,-0.005203909532853903,0.1594636549596249,2.376867610119589,0.018096552153157742,128988.86355938508,0.03964181102708413,282559.4682646347,-0.20899018345583906,-1489643.2221389848,2.5826816247130995,-0.18744492458191267,-1336072.6174337352,2.8795397248589913
8,case_0008_steps_0120_mesh_21x1,89,120,21,1,0.44,1635334.29623475,-45319.9872280918,4026862.6735866,-1835166.25735984,-70959589.8164107,1432008.21307095,4026862.6735866,-1635334.29623475,-45319.9872280918,0.5649505575542535,-0.2294299799457877,-0.00635818852746171,-0.4193739450164041,-2.4624094797364595,0.018096552153157742,128988.86355938508,0.03964181102708413,282559.4682646347,-0.21133342779262995,-1506345.432675365,-2.6732664276311686,-0.18978816891870356,-1352774.8279701152,-2.9767427589032276
8,case_0008_steps_0120_mesh_21x1,90,120,21,1,0.445,1947173.37806107,-7268.31071258956,2617982.48337754,3394481.26143447,-66261588.3762683,1389877.50069698,2617982.48337754,-1947173.37806107,-7268.31071258956,0.3672910609425089,-0.2731795878727135,-0.0010197110064092973,-0.3916085731654296,-1.3445040451325598,0.018096552153157742,128988.86355938508,0.03964181102708413,282559.4682646347,-0.25508303571955576,-1818184.514501685,-1.4398882305380638,-0.23353777684562937,-1664613.9097964354,-1.572726545158866
8,case_0008_steps_0120_mesh_21x1,91,120,21,1,0.45,1894010.35583907,-3901.95465935313,-4115625.28215974,-5855109.39035195,39358649.2612123,2078972.88041511,-4115625.28215974,-1894010.35583907,-3901.95465935313,-0.5774035486960402,-0.26572105713050737,-0.0005474265300409581,0.2326111531069514,2.17296873244205,0.018096552153157742,128988.86355938508,0.03964181102708413,282559.4682646347,-0.2476245049773496,-1765021.4922796849,2.3317706329139583,-0.22607924610342323,-1611450.8875744352,2.5539874121479444
8,case_0008_steps_0120_mesh_21x1,92,120,21,1,0.455,1936509.31288187,-72119.0487181415,-3039047.26851278,6105620.99294258,26508362.8229796,1750379.51357198,-3039047.26851278,-1936509.31288187,-72119.0487181415,-0.42636453933275725,-0.27168346792596154,-0.010117975229412846,0.1566654587739478,1.569342965869933,0.018096552153157742,128988.86355938508,0.03964181102708413,282559.4682646347,-0.2535869157728038,-1807520.449322485,1.6813349302089,-0.2320416568988774,-1653949.8446172352,1.837448262656411
8,case_0008_steps_0120_mesh_21x1,93,120,21,1,0.46,2061533.78068697,24889.7478913208,896215.538461849,-1967997.08448417,-30828127.2050149,3954103.83072827,896215.538461849,-2061533.78068697,24889.7478913208,0.125734972653499,-0.2892238333468426,0.0034919186692955622,-0.1821954348507899,-0.4347324049976037,0.018096552153157742,128988.86355938508,0.03964181102708413,282559.4682646347,-0.27112728119368484,-1932544.917127585,-0.463748878755133,-0.24958202231975846,-1778974.3124223354,-0.5037821694240877
8,case_0008_steps_0120_mesh_21x1,94,120,21,1,0.465,2234333.2142076,-64038.7249596082,-735669.869115883,10306062.6652771,-7881755.66877499,2913744.44431542,-735669.869115883,-2234333.2142076,-64038.7249596082,-0.10321114386617652,-0.3134668096352764,-0.008984342477904987,-0.04658148358835552,0.32925700805857033,0.018096552153157742,128988.86355938508,0.03964181102708413,282559.4682646347,-0.29537025748211865,-2105344.3506482146,0.3494297115288421,-0.27382499860819226,-1951773.7459429651,0.3769237446938078
8,case_0008_steps_0120_mesh_21x1,95,120,21,1,0.47,2268633.68961205,-95906.982702982,1960056.93877483,13977914.2641334,-42659281.9815738,2133053.03797445,1960056.93877483,-2268633.68961205,-95906.982702982,0.2749870929699857,-0.3182790106649332,-0.013455314408111414,-0.25211802129163907,-0.8639812358204075,0.018096552153157742,128988.86355938508,0.03964181102708413,282559.4682646347,-0.30018245851177544,-2139644.826052665,-0.916066496134712,-0.27863719963784905,-1986074.2213474154,-0.9869001458792741
8,case_0008_steps_0120_mesh_21x1,96,120,21,1,0.475,2074043.74889692,49045.2060974489,946822.243056369,-7158285.69141748,-24472622.6977213,4660953.61795093,946822.243056369,-2074043.74889692,49045.2060974489,0.13283486363418473,-0.29097892511134577,0.0068808198282655315,-0.14463415518881462,-0.45651025614090174,0.018096552153157742,128988.86355938508,0.03964181102708413,282559.4682646347,-0.272882372958188,-1945054.8853375348,-0.4867843319969155,-0.2513371140842616,-1791484.2806322852,-0.5285127272912483
8,case_0008_steps_0120_mesh_21x1,97,120,21,1,0.48,1897246.82869855,3970.37490772096,-1700588.96996363,315278.741649786,14826417.5136822,3954411.62192071,-1700588.96996363,-1897246.82869855,3970.37490772096,-0.23858491451754865,-0.2661751195842547,0.0005570255803678913,0.08762470610752074,0.8963456648021803,0.018096552153157742,128988.86355938508,0.03964181102708413,282559.4682646347,-0.24807856743109696,-1768257.9651391648,0.9617312651719292,-0.22653330855717058,-1614687.3604339152,1.0532001498461165
8,case_0008_steps_0120_mesh_21x1,98,120,21,1,0.485,1858272.00579474,-9374.69509149308,642516.385029313,1405300.2934681,-16708519.7448335,3799218.03783768,642516.385029313,-1858272.00579474,-9374.69509149308,0.09014213281744471,-0.26070712881453867,-0.0013152271751355616,-0.09874800374275532,-0.3457601379269143,0.018096552153157742,128988.86355938508,0.03964181102708413,282559.4682646347,-0.24261057666138092,-1729283.142235355,-0.37155071331972006,-0.22106531778745453,-1575712.5375301053,-0.40776243745349855
8,case_0008_steps_0120_mesh_21x1,99,120,21,1,0.49,1825994.07721742,-31659.5386351667,3536814.45309555,5573898.75746004,-58590128.5325229,2598190.86447646,3536814.45309555,-1825994.07721742,-31659.5386351667,0.4961990162586314,-0.2561786819255834,-0.004441689586577655,-0.3462699461098037,-1.9369254792355077,0.018096552153157742,128988.86355938508,0.03964181102708413,282559.4682646347,-0.23808212977242565,-1697005.213658035,-2.084150611106052,-0.21653687089849927,-1543434.6089527854,-2.2915220590364145
8,case_0008_steps_0120_mesh_21x1,100,120,21,1,0.495,1817974.55938823,-20769.137754887,1265008.16829387,4617786.71870088,-29374832.5768659,2660616.34318139,1265008.16829387,-1817974.55938823,-20769.137754887,0.17747490488712775,-0.2550535799700002,-0.0029138157681681794,-0.17360640688353632,-0.695833812283688,0.018096552153157742,128988.86355938508,0.03964181102708413,282559.4682646347,-0.23695702781684247,-1688985.695828845,-0.7489750632098076,-0.21541176894291608,-1535415.0911235954,-0.8238867623530747
8,case_0008_steps_0120_mesh_21x1,101,120,21,1,0.5,1750900.60350557,5885.13773965813,1109742.99782912,2106345.86173415,-25132399.7479098,2819636.3075348,1109742.99782912,-1750900.60350557,5885.13773965813,0.155691906127776,-0.24564340836871051,0.000825658115711737,-0.1485334633032599,-0.6338126765204405,0.018096552153157742,128988.86355938508,0.03964181102708413,282559.4682646347,-0.22754685621555276,-1621911.739946185,-0.6842191042195312,-0.20600159734162637,-1468341.1352409353,-0.7557800916930831
8,case_0008_steps_0120_mesh_21x1,102,120,21,1,0.505,1700947.79635961,-15150.4177824562,384880.411199509,1674590.73711718,-12632071.8910337,2645126.21530287,384880.411199509,-1700947.79635961,-15150.4177824562,0.053996974946554956,-0.2386352562324037,-0.0021255348560856343,-0.07465603784322429,-0.2262740879074801,0.018096552153157742,128988.86355938508,0.03964181102708413,282559.4682646347,-0.22053870407924595,-1571958.932800225,-0.2448412634507559,-0.19899344520531956,-1418388.3280949753,-0.27135052057037046
8,case_0008_steps_0120_mesh_21x1,103,120,21,1,0.51,1683708.75308591,-14134.7245969013,-185332.642672793,2301006.99158661,-5330746.93376896,2814598.89694164,-185332.642672793,-1683708.75308591,-14134.7245969013,-0.026001328651652597,-0.23621669669893336,-0.0019830377117834135,-0.03150492241123089,0.1100740507128174,0.018096552153157742,128988.86355938508,0.03964181102708413,282559.4682646347,-0.2181201445457756,-1554719.889526525,0.11920645250716788,-0.19657488567184922,-1401149.2848212754,0.13227187472492144
8,case_0008_steps_0120_mesh_21x1,104,120,21,1,0.515,1668714.02983337,-7837.78480459152,308395.996761211,793617.07934328,-10833544.2498573,3202320.97374356,308395.996761211,-1668714.02983337,-7837.78480459152,0.04326655871841939,-0.2341130050787895,-0.001099605637010807,-0.06402666929624379,-0.18481057344019935,0.018096552153157742,128988.86355938508,0.03964181102708413,282559.4682646347,-0.21601645292563174,-1539725.1662739848,-0.20029288571512108,-0.19447119405170535,-1386154.5615687352,-0.22248312368008508
8,case_0008_steps_0120_mesh_21x1,105,120,21,1,0.52,1661404.59475552,-10622.7181697977,1104455.92211681,2076822.09707057,-22542316.8006781,3114318.12685121,1104455.92211681,-1661404.59475552,-10622.7181697977,0.1549501534002511,-0.23308752451057338,-0.0014903191489824834,-0.13322597200700853,-0.6647724013784454,0.018096552153157742,128988.86355938508,0.03964181102708413,282559.4682646347,-0.21499097235741563,-1532415.731196135,-0.7207286506088796,-0.19344571348348924,-1378845.1264908854,-0.8010007076919605
8,case_0008_steps_0120_mesh_21x1,106,120,21,1,0.525,1633475.36935419,-10001.4488533293,2382656.45994743,1923536.9675325,-40852925.0407961,2982318.21706056,2382656.45994743,-1633475.36935419,-10001.4488533293,0.33427588786101575,-0.2291691809410157,-0.0014031578834562469,-0.24144238127847611,-1.4586424164384162,0.018096552153157742,128988.86355938508,0.03964181102708413,282559.4682646347,-0.21107262878785796,-1504486.505794805,-1.58370078479946,-0.18952736991393157,-1350915.9010895554,-1.7637341140375535
8,case_0008_steps_0120_mesh_21x1,107,120,21,1,0.53,1609584.20153497,-14755.243222339,1184416.99100987,991619.382051963,-24740948.7634674,3116034.3057605,1184416.99100987,-1609584.20153497,-14755.243222339,0.1661683284699098,-0.22581735852387105,-0.002070093658764986,-0.14621997270881176,-0.735852768609656,0.018096552153157742,128988.86355938508,0.03964181102708413,282559.4682646347,-0.2077208063707133,-1480595.337975585,-0.7999599624765272,-0.18617554749678691,-1327024.7332703352,-0.8925357314863145
8,case_0008_steps_0120_mesh_21x1,108,120,21,1,0.535,1595418.66086294,5877.97332888233,2119974.7440913,-1172606.31974888,-38942912.1847881,3473966.03096883,2119974.7440913,-1595418.66086294,5877.97332888233,0.29742283528347363,-0.22382999745660304,0.0008246529813949188,-0.23015413076112495,-1.3287889856726602,0.018096552153157742,128988.86355938508,0.03964181102708413,282559.4682646347,-0.20573344530344528,-1466429.7973035548,-1.4456708040094874,-0.1841881864295189,-1312859.1925983052,-1.6147769357470976
8,case_0008_steps_0120_mesh_21x1,109,120,21,1,0.54,1572031.68438144,5190.21134105514,2250314.00865827,-852879.439737905,-42160426.8861482,3261421.6136804,2250314.00865827,-1572031.68438144,5190.21134105514,0.3157088425693234,-0.220548910795914,0.0007281630958479846,-0.2491697682098296,-1.4314686090717816,0.018096552153157742,128988.86355938508,0.03964181102708413,282559.4682646347,-0.20245235864275624,-1443042.820822055,-1.5594228918143527,-0.18090709976882985,-1289472.2161168053,-1.7451434629859661
8,case_0008_steps_0120_mesh_21x1,110,120,21,1,0.545,1553957.99494839,13507.5477958924,2460436.66704126,-1342487.96541071,-45943600.156149,3196075.25211193,2460436.66704126,-1553957.99494839,13507.5477958924,0.34518809791788535,-0.21801325419425252,0.001895047652986726,-0.27152846987405377,-1.5833353765286144,0.018096552153157742,128988.86355938508,0.03964181102708413,282559.4682646347,-0.19991670204109477,-1424969.1313890049,-1.726659625702152,-0.17837144316716838,-1271398.5266837552,-1.935220637276437
8,case_0008_steps_0120_mesh_21x1,111,120,21,1,0.55,1519991.44339745,22924.1721481695,3887390.22102413,-3609153.70996659,-67511405.5366349,3038952.22262085,3887390.22102413,-1519991.44339745,22924.1721481695,0.545383205442778,-0.21324790116576015,0.0032161573131181493,-0.39899504135737124,-2.557507963554798,0.018096552153157742,128988.86355938508,0.03964181102708413,282559.4682646347,-0.1951513490126024,-1391002.579838065,-2.7946678729213317,-0.173606090138676,-1237431.9751328153,-3.141498117993024
8,case_0008_steps_0120_mesh_21x1,112,120,21,1,0.555,1470687.25662,1647.22641824426,256478.123805972,207575.360799798,-17812938.9741658,2422501.42418641,256478.123805972,-1470687.25662,1647.22641824426,0.035982716767343124,-0.20633074752345068,0.00023109839069240798,-0.10527516448812295,-0.17439338149663555,0.018096552153157742,128988.86355938508,0.03964181102708413,282559.4682646347,-0.18823419537029293,-1341698.3930606148,-0.1911592986415576,-0.16668893649636654,-1188127.7883553652,-0.21586745661507936
8,case_0008_steps_0120_mesh_21x1,113,120,21,1,0.56,1557268.53238879,11032.0690572959,465461.461696421,-517490.346715591,-19876887.5123482,2771154.48074054,465461.461696421,-1557268.53238879,11032.0690572959,0.06530213062150397,-0.2184777075725676,0.001547749220696714,-0.11747318089447223,-0.29889608119315236,0.018096552153157742,128988.86355938508,0.03964181102708413,282559.4682646347,-0.20038115541940985,-1428279.668829405,-0.3258895802093898,-0.17883589654548346,-1274709.0641241553,-0.3651511351072385
8,case_0008_steps_0120_mesh_21x1,114,120,21,1,0.565,1617542.83439809,-20258.9154592115,-183822.438060642,3878128.10974596,-10497010.7635027,2361880.1763759,-183822.438060642,-1617542.83439809,-20258.9154592115,-0.025789453798494066,-0.22693391859503548,-0.002842233895682384,-0.06203774325865256,0.11364301096177454,0.018096552153157742,128988.86355938508,0.03964181102708413,282559.4682646347,-0.20883736644187773,-1488553.9708387048,0.12349061012350786,-0.18729210756795134,-1334983.3661334552,0.13769642583117075
8,case_0008_steps_0120_mesh_21x1,115,120,21,1,0.57,1656324.31728368,14821.4520382365,1230488.26069935,-1915980.83633068,-29987162.5239023,3331943.92747288,1230488.26069935,-1656324.31728368,14821.4520382365,0.17263191851707715,-0.23237478463765138,0.002079382455152717,-0.17722530076672718,-0.7429029736865255,0.018096552153157742,128988.86355938508,0.03964181102708413,282559.4682646347,-0.21427823248449362,-1527335.453724295,-0.8056437488561501,-0.19273297361056724,-1373764.8490190452,-0.8957051576752718
8,case_0008_steps_0120_mesh_21x1,116,120,21,1,0.575,1651674.37285447,-13550.1598970529,1198872.97901389,1642871.92786427,-28107511.8107488,2840267.92936896,1198872.97901389,-1651674.37285447,-13550.1598970529,0.16819643797968722,-0.23172241853758305,-0.001901025937388399,-0.1661164916985302,-0.7258531092554061,0.018096552153157742,128988.86355938508,0.03964181102708413,282559.4682646347,-0.2136258663844253,-1522685.509295085,-0.7873411625023599,-0.1920806075104989,-1369114.9045898353,-0.875655487347903
8,case_0008_steps_0120_mesh_21x1,117,120,21,1,0.58,1693216.67490756,23531.7700046826,1076953.43054983,-2452408.79318643,-26926592.2561246,3544530.80586542,1076953.43054983,-1693216.67490756,23531.7700046826,0.15109167865096007,-0.23755061497967253,0.0033014005348593347,-0.15913721104525858,-0.6360399389573844,0.018096552153157742,128988.86355938508,0.03964181102708413,282559.4682646347,-0.21945406282651478,-1564227.811348175,-0.6884888650724261,-0.1979088039525884,-1410657.2066429253,-0.7634409163887222
8,case_0008_steps_0120_mesh_21x1,118,120,21,1,0.585,1630256.35035479,-2617.32059208604,-632959.815361966,-1645912.77077793,328049.756326177,3314887.77711446,-632959.815361966,-1630256.35035479,-2617.32059208604,-0.08880138946473806,-0.2287175671846248,-0.0003671982005982449,0.0019387868620452772,0.38825784375826294,0.018096552153157742,128988.86355938508,0.03964181102708413,282559.4682646347,-0.21062101503146705,-1501267.486795405,0.4216169476320823,-0.18907575615754066,-1347696.8820901553,0.4696603693111636
8,case_0008_steps_0120_mesh_21x1,119,120,21,1,0.59,1672851.52032248,-17250.1762299193,-5332038.75971161,971816.984347762,65293649.5270393,3328761.23677661,-5332038.75971161,-1672851.52032248,-17250.1762299193,-0.7480608390146489,-0.2346934762167874,-0.0024201214367019948,0.3858880167926259,3.187395112438753,0.018096552153157742,128988.86355938508,0.03964181102708413,282559.4682646347,-0.21659692406362965,-1543862.656763095,3.453700195644935,-0.19505166518970327,-1390292.0520578453,3.8351932975660588
8,case_0008_steps_0120_mesh_21x1,120,120,21,1,0.595,1691876.38947868,13018.5155004876,369907.015872332,-3401716.33779648,-8387421.08829444,4000764.20823327,369907.015872332,-1691876.38947868,13018.5155004876,0.05189627553754468,-0.23736257901676416,0.0018264386413700212,-0.04956998595133286,-0.21863714049837404,0.018096552153157742,128988.86355938508,0.03964181102708413,282559.4682646347,-0.2192660268636064,-1562887.525919295,-0.23668178914842358,-0.19772076798968002,-1409316.9212140453,-0.262472556955946
9,case_0009_steps_0160_mesh_21x1,1,160,21,1,0.0,1251388.09280911,-4.71118255518377e-10,18825544.9370631,6.17769728705753e-08,-194291215.084951,1.39357325679157e-09,18825544.9370631,-1251388.09280911,-4.71118255518377e-10,2.641138516646694,-0.17556407011008957,-6.60957531218802e-17,-1.148268663376105,-15.043730274597396,0.018096552153157742,128988.86355938508,0.03964181102708413,282559.4682646347,-0.1574675179569318,-1122399.229249725,-16.772592537903968,-0.13592225908300543,-968828.6245444752,-19.43124352453409
9,case_0009_steps_0160_mesh_21x1,2,160,21,1,0.005,1390551.34517861,8.59017745824531e-10,2711107.54722735,7.1485466435206e-09,-40247608.6118551,-4.86801354782074e-09,2711107.54722735,-1390551.34517861,8.59017745824531e-10,0.38035608476100596,-0.19508804283776832,1.2051629116528155e-16,-0.2378649375609319,-1.9496637478561576,0.018096552153157742,128988.86355938508,0.03964181102708413,282559.4682646347,-0.17699149068461056,-1261562.481619225,-2.149007747715851,-0.15544623181068418,-1107991.8769139752,-2.4468659055321225
9,case_0009_steps_0160_mesh_21x1,3,160,21,1,0.01,1368403.22472095,5.82758730161004e-10,100838.832042394,-1.43752778569706e-08,-9800434.09076114,5.27001020600437e-09,100838.832042394,-1368403.22472095,5.82758730161004e-10,0.014147230487681309,-0.19198076205478865,8.17584050441018e-17,-0.05792094793881167,-0.07369087577454185,0.018096552153157742,128988.86355938508,0.03964181102708413,282559.4682646347,-0.1738842099016309,-1239414.361161565,-0.08136006423863687,-0.1523389510277045,-1085843.7564563153,-0.09286679731113863
9,case_0009_steps_0160_mesh_21x1,4,160,21,1,0.015,1370449.06761965,-1.72076397575438e-09,457420.727509294,6.50959322001654e-08,-12825594.2336579,-1.963087470358e-08,457420.727509294,-1370449.06761965,-1.72076397575438e-09,0.06417405210719074,-0.19226778452860435,-2.414153762675623e-16,-0.07579976244035208,-0.33377433595820805,0.018096552153157742,128988.86355938508,0.03964181102708413,282559.4682646347,-0.1741712323754466,-1241460.2040602649,-0.3684537982073642,-0.1526259735015202,-1087889.5993550152,-0.42046612797887606
9,case_0009_steps_0160_mesh_21x1,5,160,21,1,0.02,1365908.23288794,-9.18589648790658e-11,526984.529065707,4.12225276136269e-08,-13753276.4564233,-7.66254970585578e-09,526984.529065707,-1365908.23288794,-9.18589648790658e-11,0.07393353775656988,-0.19163072602391082,-1.2887395878976642e-17,-0.0812824005797391,-0.3858125431688068,0.018096552153157742,128988.86355938508,0.03964181102708413,282559.4682646347,-0.17353417387075307,-1236919.369328555,-0.4260459833786688,-0.15198891499682668,-1083348.7646233053,-0.4864403286128696
9,case_0009_steps_0160_mesh_21x1,6,160,21,1,0.025,1441348.38497963,1.0379835657659e-08,-61546.7405780233,-7.94148480309786e-07,2851046.78478838,8.01005057837756e-08,-61546.7405780233,-1441348.38497963,1.0379835657659e-08,-0.008634728378813064,-0.20221463698410697,1.4562438348296116e-15,0.016849797760337685,0.04270080795136363,0.018096552153157742,128988.86355938508,0.03964181102708413,282559.4682646347,-0.1841180848309492,-1312359.5214202448,0.04689777425580528,-0.16257282595702283,-1158788.9167149952,0.05311298692129342
9,case_0009_steps_0160_mesh_21x1,7,160,21,1,0.03,1431842.80130884,-7.98991095507517e-09,-343999.077387729,2.52655102173094e-07,6084595.58959933,-3.71817918676243e-08,-343999.077387729,-1431842.80130884,-7.98991095507517e-09,-0.04826150934897702,-0.20088104673532198,-1.120948245512967e-15,0.03596019738616855,0.24024919290950184,0.018096552153157742,128988.86355938508,0.03964181102708413,282559.4682646347,-0.18278449458216423,-1302853.937749455,0.26403502911612003,-0.16123923570823784,-1149283.3330442053,0.2993161629487388
9,case_0009_steps_0160_mesh_21x1,8,160,21,1,0.035,1524306.71923138,5.3054463933222e-08,3097822.53032741,-4.27277535663961e-06,-66954918.7115923,6.17968908045441e-07,3097822.53032741,-1524306.71923138,5.3054463933222e-08,0.4346104418191705,-0.21385331478077366,7.443300506972506e-15,-0.3957061825044442,-2.0322829331156287,0.018096552153157742,128988.86355938508,0.03964181102708413,282559.4682646347,-0.1957567626276159,-1395317.8556719949,-2.2201554418118423,-0.17421150375368952,-1241747.2509667452,-2.4947287202896105
9,case_0009_steps_0160_mesh_21x1,9,160,21,1,0.04,1620717.07134527,3.63856543117436e-07,-301344.262821732,-2.18303465544523e-05,11663271.9737372,2.12688905776304e-06,-301344.262821732,-1620717.07134527,3.63856543117436e-07,-0.04227723245036351,-0.22737924963273917,5.1047421669553006e-14,0.06893039252453846,0.18593267643661107,0.018096552153157742,128988.86355938508,0.03964181102708413,282559.4682646347,-0.20928269747958142,-1491728.2077858848,0.20201016595979354,-0.18773743860565503,-1338157.6030806352,0.22519340182949546
9,case_0009_steps_0160_mesh_21x1,10,160,21,1,0.045,1699558.47113685,1.59514684128226e-06,-56638.5682534094,-0.000220334296539448,7953992.48380748,3.24412051782019e-05,-56638.5682534094,-1699558.47113685,1.59514684128226e-06,-0.007946134076963363,-0.23844034020897661,2.2379186240306206e-13,0.04700840598424272,0.03332546023881329,0.018096552153157742,128988.86355938508,0.03964181102708413,282559.4682646347,-0.22034378805581886,-1570569.607577465,0.03606243746227327,-0.19879852918189247,-1416999.0028722154,0.039970789068026646
9,case_0009_steps_0160_mesh_21x1,11,160,21,1,0.05,1567516.99719223,1.89580214282614e-06,227739.442398581,1.78882823540505e-05,-13422141.0725795,-1.44481875850033e-05,227739.442398581,-1567516.99719223,1.89580214282614e-06,0.03195081019377757,-0.21991552067276496,2.6597243671293105e-13,-0.0793253775386479,-0.1452867450920869,0.018096552153157742,128988.86355938508,0.03964181102708413,282559.4682646347,-0.2018189685196072,-1438528.133632845,-0.1583142081645981,-0.18027370964568082,-1284957.5289275954,-0.17723499592134273
9,case_0009_steps_0160_mesh_21x1,12,160,21,1,0.055,1566219.77494747,-7.03614091435156e-06,1026674.72267944,0.00162703608020465,-26913353.5258801,-0.000282205918324507,1026674.72267944,-1566219.77494747,-7.03614091435156e-06,0.1440378041220865,-0.2197335262791503,-9.87138637398016e-13,-0.15905896963287147,-0.6555112756853514,0.018096552153157742,128988.86355938508,0.03964181102708413,282559.4682646347,-0.20163697412599255,-1437230.911388085,-0.714342221938347,-0.18009171525206616,-1283660.3066828353,-0.7998025001898802
9,case_0009_steps_0160_mesh_21x1,13,160,21,1,0.06,1468699.99252476,1.90298742381856e-05,-620101.443151766,-0.00756826605971384,7647842.80920833,0.00117182988316245,-620101.443151766,-1468699.99252476,1.90298742381856e-05,-0.08699741820019963,-0.20605194338990587,2.669804990264234e-12,0.045199049459855915,0.4222111025450366,0.018096552153157742,128988.86355938508,0.03964181102708413,282559.4682646347,-0.18795539123674812,-1339711.128965375,0.46286205268045705,-0.16641013236282173,-1186140.5242601254,0.5227891893657073
9,case_0009_steps_0160_mesh_21x1,14,160,21,1,0.065,1375124.4280675,-4.30369643709128e-05,-1341881.44220758,0.0013691951574053,27393756.6937857,0.000189848947854898,-1341881.44220758,-1375124.4280675,-4.30369643709128e-05,-0.18825987633486027,-0.1929237163807396,-6.037890781891062e-12,0.1618981711029504,0.975825470640037,0.018096552153157742,128988.86355938508,0.03964181102708413,282559.4682646347,-0.17482716422758185,-1246135.564508115,1.0768342389274947,-0.15328190535365546,-1092564.9598028653,1.2281937382008843
9,case_0009_steps_0160_mesh_21x1,15,160,21,1,0.07,1356482.90334227,5.35091492110951e-05,-964790.141712585,0.0721437837242114,21660884.0706409,-0.0110111077734132,-964790.141712585,-1356482.90334227,5.35091492110951e-05,-0.1353556782699782,-0.1903083950646541,7.507090787910328e-12,0.12801667017453386,0.7112438640659723,0.018096552153157742,128988.86355938508,0.03964181102708413,282559.4682646347,-0.17221184291149635,-1227494.039782885,0.7859835652507395,-0.15066658403756997,-1073923.4350776353,0.8983788882890325
9,case_0009_steps_0160_mesh_21x1,16,160,21,1,0.075,1398845.60483894,-0.000126816469219193,-1151437.65354347,-0.0619236476933764,23937576.8296206,0.00517943156847878,-1151437.65354347,-1398845.60483894,-0.000126816469219193,-0.16154147709709704,-0.19625168982536964,-1.7791775086442895e-11,0.14147201322814867,0.8231341969123489,0.018096552153157742,128988.86355938508,0.03964181102708413,282559.4682646347,-0.1781551376722119,-1269856.741279555,0.9067461045906946,-0.1566098787982855,-1116286.1365743054,1.0314897012669517
9,case_0009_steps_0160_mesh_21x1,17,160,21,1,0.08,1333924.69250435,-0.00729257464536204,-2497121.35062749,1.48593861009229,32254451.1899193,-0.191377119547667,-2497121.35062749,-1333924.69250435,-0.00729257464536204,-0.35033479253493394,-0.18714358046248186,-1.0231151260576244e-09,0.19062506526393724,1.8720107399311423,0.018096552153157742,128988.86355938508,0.03964181102708413,282559.4682646347,-0.1690470283093241,-1204935.828944965,2.072410240148602,-0.14750176943539772,-1051365.2242397154,2.375122643449862
9,case_0009_steps_0160_mesh_21x1,18,160,21,1,0.085,1262257.70060091,0.0146440505270675,-2614515.1119915,-2.49395202417501,32565836.0286068,0.315086154605922,-2614515.1119915,-1262257.70060091,0.0146440505270675,-0.36680460447339713,-0.1770890267525529,2.054493828256327e-09,0.1924653618123887,2.071300583665946,0.018096552153157742,128988.86355938508,0.03964181102708413,282559.4682646347,-0.15899247459939514,-1133268.837041525,2.30705638991792,-0.13744721572546875,-979698.2323362753,2.668694324125395
9,case_0009_steps_0160_mesh_21x1,19,160,21,1,0.09,1311367.88857207,-0.248193877773247,2287982.56058374,51.4119940721738,-27087161.0600596,-7.13425523006742,2287982.56058374,-1311367.88857207,-0.248193877773247,0.32099356944917046,-0.18397896324278576,-3.4820474646248865e-08,-0.16008617894271973,-1.7447297440500025,0.018096552153157742,128988.86355938508,0.03964181102708413,282559.4682646347,-0.165882411089628,-1182379.025012685,-1.935066938927806,-0.14433715221570162,-1028808.4203074353,-2.2239150802245864
9,case_0009_steps_0160_mesh_21x1,20,160,21,1,0.095,1336431.68338819,-9.20383898880254,2423781.30562937,1488.25574530823,-36346683.2815113,-221.036724122459,2423781.30562937,-1336431.68338819,-9.20383898880254,0.34004551706882064,-0.18749529990573452,-1.291256839342959e-06,-0.21481031662480082,-1.8136215533924451,0.018096552153157742,128988.86355938508,0.03964181102708413,282559.4682646347,-0.16939874775257677,-1207442.819828805,-2.0073673600320228,-0.14785348887865038,-1053872.2151235554,-2.299881589861639
9,case_0009_steps_0160_mesh_21x1,21,160,21,1,0.1,1498722.33371884,86.5566572730984,3644274.53661437,-17704.3186809259,-76681975.8788894,2817.36861890739,3644274.53661437,-1498722.33371884,86.5566572730984,0.5112751782785077,-0.21026394160577072,1.2143506185900169e-05,-0.4531934699620454,-2.4315875293401983,0.018096552153157742,128988.86355938508,0.03964181102708413,282559.4682646347,-0.19216738945261297,-1369733.470159455,-2.660572013466334,-0.17062213057868658,-1216162.8654542053,-2.9965349544309
9,case_0009_steps_0160_mesh_21x1,22,160,21,1,0.105,1481271.41893857,-704.238541228006,729305.286988744,81557.7330470553,-20373946.7948493,-18370.4801314418,729305.286988744,-1481271.41893857,-704.238541228006,0.10231822187881597,-0.20781565746148817,-9.880147121172989e-05,-0.1204108206518162,-0.4923508802399901,0.018096552153157742,128988.86355938508,0.03964181102708413,282559.4682646347,-0.18971910530833042,-1352282.555379185,-0.5393142757685314,-0.16817384643440403,-1198711.9506739352,-0.6084074548340965
9,case_0009_steps_0160_mesh_21x1,23,160,21,1,0.11,1471689.41263928,-29.1998340019784,-1460707.2821658,40998.7823881017,29151833.151339,-9575.63236730015,-1460707.2821658,-1471689.41263928,-29.1998340019784,-0.2049306024007327,-0.20647134546476176,-4.0966041896870705e-06,0.172288471576109,0.9925377390234906,0.018096552153157742,128988.86355938508,0.03964181102708413,282559.4682646347,-0.188374793311604,-1342700.549079895,1.0878876032088993,-0.16682953443767762,-1189129.9443746454,1.2283832301725235
9,case_0009_steps_0160_mesh_21x1,24,160,21,1,0.115,1362434.71856834,-1132.08149041129,646695.162264715,631802.930548265,-23261031.1938976,-103535.966536482,646695.162264715,-1362434.71856834,-1132.08149041129,0.09072839629857123,-0.1911434077290997,-0.00015882589525583786,-0.13747360211879966,-0.4746613936440703,0.018096552153157742,128988.86355938508,0.03964181102708413,282559.4682646347,-0.17304685557594196,-1233445.8550089549,-0.5242995950235853,-0.15150159670201557,-1079875.2503037052,-0.5988609907328071
9,case_0009_steps_0160_mesh_21x1,25,160,21,1,0.12,1393506.38225384,-14139.6352521578,805581.253067062,2872514.40322455,-20821288.6369492,-510248.016638601,805581.253067062,-1393506.38225384,-14139.6352521578,0.11301939374807025,-0.19550262112825614,-0.0019837266544293383,-0.1230546283961636,-0.5780965651295581,0.018096552153157742,128988.86355938508,0.03964181102708413,282559.4682646347,-0.1774060689750984,-1264517.518694455,-0.6370661071574402,-0.155860810101172,-1110946.9139892054,-0.725130285635673
9,case_0009_steps_0160_mesh_21x1,26,160,21,1,0.125,1410115.84967536,14311.6745146459,1166751.77616916,-1448616.79910312,-28930357.0805085,83214.0525371041,1166751.77616916,-1410115.84967536,14311.6745146459,0.16368997899972884,-0.19783285402693834,0.002007862982171875,-0.1709795393543864,-0.8274155463451972,0.018096552153157742,128988.86355938508,0.03964181102708413,282559.4682646347,-0.1797363018737806,-1281126.9861159748,-0.9107229718940125,-0.1581910429998542,-1127556.3814107252,-1.0347613612983113
9,case_0009_steps_0160_mesh_21x1,27,160,21,1,0.13,1406615.2985258,49581.1109298237,1991260.55211739,-7156325.10403148,-43535213.3493243,1131823.80056539,1991260.55211739,-1406615.2985258,49581.1109298237,0.27936481830718607,-0.19734174258758805,0.006956004844092382,-0.25729480985830844,-1.4156397660428734,0.018096552153157742,128988.86355938508,0.03964181102708413,282559.4682646347,-0.1792451904344303,-1277626.434966415,-1.558562422958738,-0.1576999315605039,-1124055.8302611653,-1.7714961290265598
9,case_0009_steps_0160_mesh_21x1,28,160,21,1,0.135,1381789.30667179,19423.6104470033,-532447.482634248,-7347415.05784609,6901707.14764808,1181079.12443165,-532447.482634248,-1381789.30667179,19423.6104470033,-0.07469996534911835,-0.19385876860097623,0.002725044393425389,0.040789358582054645,0.38533188819988295,0.018096552153157742,128988.86355938508,0.03964181102708413,282559.4682646347,-0.17576221644781848,-1252800.443112405,0.4250058224049297,-0.1542169575738921,-1099229.8384071554,0.4843823048015088
9,case_0009_steps_0160_mesh_21x1,29,160,21,1,0.14,1122686.70934936,-2028.19457156769,-429610.010936524,-1603085.71023564,-7257148.99665589,661121.014265723,-429610.010936524,-1122686.70934936,-2028.19457156769,-0.06027233478843852,-0.15750785011020838,-0.00028454649361437555,-0.042890033780826106,0.3826624180716448,0.018096552153157742,128988.86355938508,0.03964181102708413,282559.4682646347,-0.13941129795705062,-993697.845789975,0.4323346505747836,-0.11786603908312424,-840127.2410847254,0.5113630292261867
9,case_0009_steps_0160_mesh_21x1,30,160,21,1,0.145,1057123.41919121,-833541.400781738,-8085824.51295191,43374697.6198739,139477704.785142,-10519599.5699665,-8085824.51295191,-1057123.41919121,-833541.400781738,-1.1344044823881159,-0.14830961805404844,-0.11694207557785224,0.8243186784043492,7.648893559787236,0.018096552153157742,128988.86355938508,0.03964181102708413,282559.4682646347,-0.13021306590089068,-928134.555631825,8.711909780632515,-0.1086678070269643,-774563.9509265753,10.439195502552382
9,case_0009_steps_0160_mesh_21x1,31,160,21,1,0.15,1258581.11062706,-205372.472564776,11860699.075019,34592796.9513762,-191800169.374025,-9962825.36134455,11860699.075019,-1258581.11062706,-205372.472564776,1.6640022515213047,-0.1765732178650909,-0.028812825836552737,-1.133546486011353,-9.423865474279738,0.018096552153157742,128988.86355938508,0.03964181102708413,282559.4682646347,-0.15847666571193314,-1129592.247067675,-10.499982720143805,-0.13693140683800675,-976021.6423624253,-12.152086142588605
9,case_0009_steps_0160_mesh_21x1,32,160,21,1,0.155,855106.119633061,-618842.383606937,-11934634.3824464,30905733.4218464,50678544.7918358,-19208948.7001888,-11934634.3824464,-855106.119633061,-618842.383606937,-1.6743750396047015,-0.11996750776317795,-0.08682077786018734,0.29951217745240566,13.956904422070718,0.018096552153157742,128988.86355938508,0.03964181102708413,282559.4682646347,-0.10187095561002021,-726117.2560736759,16.436235721735066,-0.08032569673609383,-572546.6513684263,20.844824354350507
9,case_0009_steps_0160_mesh_21x1,33,160,21,1,0.16,686263.367635352,590235.694517192,1743143.89483081,-15108524.7809824,-20199036.1757905,4865986.95855714,1743143.89483081,-686263.367635352,590235.694517192,0.24455517734475843,-0.0962796359353708,0.08280738920975238,-0.11937709206728335,-2.5400509149091497,0.018096552153157742,128988.86355938508,0.03964181102708413,282559.4682646347,-0.07818308378221306,-557274.5040759669,-3.127980702654193,-0.056637824908286664,-403703.89937071723,-4.317877279728969
9,case_0009_steps_0160_mesh_21x1,34,160,21,1,0.165,1301416.96334372,-69996.1116210987,18113385.4604352,3417436.56363244,-285473734.533523,-4644978.52118509,18113385.4604352,-1301416.96334372,-69996.1116210987,2.5412257741468034,-0.18258289359461724,-0.009820136789454646,-1.6871609117193873,-13.918202982306783,0.018096552153157742,128988.86355938508,0.03964181102708413,282559.4682646347,-0.1644863414414595,-1172428.099784335,-15.449463778433074,-0.1429410825675331,-1018857.4950790852,-17.778134378870337
9,case_0009_steps_0160_mesh_21x1,35,160,21,1,0.17,1139518.69620309,662437.025297799,-1948210.70666379,-9767508.55885722,-6680085.83898297,11472546.4288184,-1948210.70666379,-1139518.69620309,662437.025297799,-0.2733251203678536,-0.15986930147534542,0.09293690823909949,-0.039479567999061584,1.7096785802245156,0.018096552153157742,128988.86355938508,0.03964181102708413,282559.4682646347,-0.14177274932218767,-1010529.832643705,1.927910135583988,-0.12022749044826128,-856959.2279384553,2.27339953074606
9,case_0009_steps_0160_mesh_21x1,36,160,21,1,0.175,1704392.64133254,296700.968874249,-19976691.5221166,-15854066.3281328,178014470.295334,6062458.28654387,-19976691.5221166,-1704392.64133254,296700.968874249,-2.8026391581556362,-0.2391185523479902,0.041625799382698864,1.0520724664687178,11.720709792843442,0.018096552153157742,128988.86355938508,0.03964181102708413,282559.4682646347,-0.22102200019483245,-1575403.777773155,12.680362840283273,-0.19947674132090606,-1421833.1730679052,14.049954594189607
9,case_0009_steps_0160_mesh_21x1,37,160,21,1,0.18,1929765.0722316,131462.143580418,16089665.997959,17651719.8877842,-214522538.920105,784417.184775058,16089665.997959,-1929765.0722316,131462.143580418,2.257307118028088,-0.27073728157085136,0.018443542115352263,-1.2678365767702542,-8.337629398252474,0.018096552153157742,128988.86355938508,0.03964181102708413,282559.4682646347,-0.2526407294176936,-1800776.208672215,-8.934850383114822,-0.23109547054376722,-1647205.6039669653,-9.767855305500573
9,case_0009_steps_0160_mesh_21x1,38,160,21,1,0.185,2230786.5615859,-591685.661357492,-9974455.98150724,58957673.1039996,113151383.001881,-7424600.63596753,-9974455.98150724,-2230786.5615859,-591685.661357492,-1.3993709060443051,-0.3129692303686122,-0.08301081297690385,0.6687290892792986,4.471273116517364,0.018096552153157742,128988.86355938508,0.03964181102708413,282559.4682646347,-0.29487267821545443,-2101797.6980265146,4.745678421321313,-0.27332741934152804,-1948227.0933212652,5.1197604302397615
9,case_0009_steps_0160_mesh_21x1,39,160,21,1,0.19,2070880.1714466,176841.322042984,1749619.46796742,-14247308.6894251,-45988231.3875254,4656974.17359433,1749619.46796742,-2070880.1714466,176841.322042984,0.24546367086702517,-0.2905350895526744,0.02481003490437667,-0.2717922421932243,-0.8448675553956531,0.018096552153157742,128988.86355938508,0.03964181102708413,282559.4682646347,-0.2724385373995166,-1941891.307887215,-0.900987331711687,-0.25089327852559024,-1788320.7031819653,-0.9783588955014142
9,case_0009_steps_0160_mesh_21x1,40,160,21,1,0.195,2215844.24649631,-214567.542278876,-862957.09908849,23347455.6645667,-1594981.89038243,-78868.4198546742,-862957.09908849,-2215844.24649631,-214567.542278876,-0.12106896454981854,-0.31087289137588053,-0.030102852386453487,-0.009426405216405403,0.3894484463215303,0.018096552153157742,128988.86355938508,0.03964181102708413,282559.4682646347,-0.2927763392227228,-2086855.382936925,0.4135203168098845,-0.2712310803487964,-1933284.7782316753,0.44636833062835896
9,case_0009_steps_0160_mesh_21x1,41,160,21,1,0.2,2140888.10846063,60415.6171674366,1526685.29594545,-1646743.83669746,-31110718.1198587,4616021.41605326,1526685.29594545,-2140888.10846063,60415.6171674366,0.21418701829880363,-0.3003568853910888,0.008476036897808457,-0.18386555818564085,-0.7131084010939683,0.018096552153157742,128988.86355938508,0.03964181102708413,282559.4682646347,-0.28226033323793104,-2011899.2449012448,-0.7588279084126741,-0.26071507436400465,-1858328.640195995,-0.8215367631553226
9,case_0009_steps_0160_mesh_21x1,42,160,21,1,0.205,2282857.96153298,75459.0379142852,1437291.69457966,-672288.367835568,-45100773.0146213,4174345.24283642,1437291.69457966,-2282857.96153298,75459.0379142852,0.20164550173191154,-0.32027461145987546,0.01058656055539466,-0.2665473285762552,-0.629601893240214,0.018096552153157742,128988.86355938508,0.03964181102708413,282559.4682646347,-0.3021780593067177,-2153869.097973595,-0.6673068924810213,-0.2806328004327913,-2000298.4932683455,-0.7185386078210895
9,case_0009_steps_0160_mesh_21x1,43,160,21,1,0.21,2708707.64714201,-55053.860809498,802576.229008002,18150011.3378157,-38866441.0434348,1669666.46436773,802576.229008002,-2708707.64714201,-55053.860809498,0.11259780251061248,-0.380019389670761,-0.007723806814633178,-0.22970218333143694,-0.29629488802706705,0.018096552153157742,128988.86355938508,0.03964181102708413,282559.4682646347,-0.36192283751760324,-2579718.7835826245,-0.31110996830957355,-0.34037757864367685,-2426148.178877375,-0.3308026426396467
9,case_0009_steps_0160_mesh_21x1,44,160,21,1,0.215,2609100.96624519,-27834.9073268583,3867747.98207976,10215350.4460142,-70914845.7454525,1506063.56017755,3867747.98207976,-2609100.96624519,-27834.9073268583,0.5426274884633976,-0.3660450243967978,-0.003905111171763278,-0.41910950581090156,-1.4824064043968046,0.018096552153157742,128988.86355938508,0.03964181102708413,282559.4682646347,-0.34794847224364006,-2480112.1026858045,-1.5595053053816534,-0.3264032133697137,-2326541.497980555,-1.6624453015073992
9,case_0009_steps_0160_mesh_21x1,45,160,21,1,0.22,2494174.55216785,-52463.2962283014,3458040.83274337,14048478.16604,-69312696.6172308,843083.612688179,3458040.83274337,-2494174.55216785,-52463.2962283014,0.48514743483013095,-0.3499213700848232,-0.007360362360932999,-0.40964074193916433,-1.3864470029724907,0.018096552153157742,128988.86355938508,0.03964181102708413,282559.4682646347,-0.33182481793166546,-2365185.688608465,-1.4620589196858689,-0.3102795590577391,-2211615.0839032154,-1.563581681962656
9,case_0009_steps_0160_mesh_21x1,46,160,21,1,0.225,1926989.607367,-38797.2136888325,5902833.85421115,1376852.69881767,-96658918.1608441,896812.892046171,5902833.85421115,-1926989.607367,-38797.2136888325,0.8281408002713194,-0.27034789644654283,-0.005443073002918003,-0.5712579784495343,-3.063241146524222,0.018096552153157742,128988.86355938508,0.03964181102708413,282559.4682646347,-0.2522513442933851,-1798000.743807615,-3.282998560785217,-0.2307060854194587,-1644430.1391023654,-3.5895923541229258
9,case_0009_steps_0160_mesh_21x1,47,160,21,1,0.23,1608506.39733388,-36569.0042182445,7894421.56691127,7012572.16647614,-128855020.785434,93049.8949648113,7894421.56691127,-1608506.39733388,-36569.0042182445,1.107551517723474,-0.22566614748597444,-0.005130465326720505,-0.7615382014153191,-4.907920528010567,0.018096552153157742,128988.86355938508,0.03964181102708413,282559.4682646347,-0.2075695953328167,-1479517.533774495,-5.335808050054864,-0.1860243364588903,-1325946.9290692452,-5.953799050202407
9,case_0009_steps_0160_mesh_21x1,48,160,21,1,0.235,1284876.46717382,-72377.9182193439,6854148.33226024,11323477.4180664,-119668510.825462,-714985.07769363,6854148.33226024,-1284876.46717382,-72377.9182193439,0.9616059040873831,-0.18026233704951752,-0.010154293445575861,-0.7072455690478902,-5.334480401323282,0.018096552153157742,128988.86355938508,0.03964181102708413,282559.4682646347,-0.16216578489635977,-1155887.6036144348,-5.929770602978586,-0.14062052602243338,-1002316.9989091852,-6.838303989376179
9,case_0009_steps_0160_mesh_21x1,49,160,21,1,0.24,1054460.44323785,-85161.6659925291,9077246.60818139,12143769.9960189,-166478872.054949,-749141.971365682,9077246.60818139,-1054460.44323785,-85161.6659925291,1.2734965028698162,-0.14793601461346614,-0.01194779524027733,-0.9838966306907642,-8.608427813857666,0.018096552153157742,128988.86355938508,0.03964181102708413,282559.4682646347,-0.1298394624603084,-925471.5796784649,-9.808239180434999,-0.108294203586382,-771900.9749732153,-11.759599874189004
9,case_0009_steps_0160_mesh_21x1,50,160,21,1,0.245,1084152.91520401,-112299.851924548,11239918.3102808,15353760.9643777,-198246403.07507,-716887.346724721,11239918.3102808,-1084152.91520401,-112299.851924548,1.5769095275855673,-0.1521017336737353,-0.015755159562351313,-1.1716439787491104,-10.367465836833297,0.018096552153157742,128988.86355938508,0.03964181102708413,282559.4682646347,-0.13400518152057755,-955164.0516446249,-11.767526521677226,-0.11245992264665117,-801593.4469393753,-14.021968808748106
9,case_0009_steps_0160_mesh_21x1,51,160,21,1,0.25,1256007.55385638,45349.7934659693,13927549.9181258,1692611.00688846,-234237187.707162,3410376.46385337,13927549.9181258,-1256007.55385638,45349.7934659693,1.9539720445946454,-0.1762121595300178,0.0063623702073630235,-1.3843509204668811,-11.088746938952221,0.018096552153157742,128988.86355938508,0.03964181102708413,282559.4682646347,-0.15811560737686003,-1127018.690296995,-12.357869517191038,-0.13657034850293365,-973448.0855917453,-14.307439836053959
9,case_0009_steps_0160_mesh_21x1,52,160,21,1,0.255,1425081.97885356,-56638.9776664841,6777437.73877573,14730289.9094804,-150263194.479868,3139352.1297273,6777437.73877573,-1425081.97885356,-56638.9776664841,0.950843755965557,-0.19993253402822392,-0.007946191515759659,-0.8880613434044357,-4.755823060949796,0.018096552153157742,128988.86355938508,0.03964181102708413,282559.4682646347,-0.18183598187506617,-1296093.115294175,-5.2291287244724325,-0.16029072300113978,-1142522.5105889253,-5.931994928732063
9,case_0009_steps_0160_mesh_21x1,53,160,21,1,0.26,1372967.04431423,114193.12836092,-5359681.1167345,-564631.494822067,27612646.9981584,5056803.96273605,-5359681.1167345,-1372967.04431423,114193.12836092,-0.7519389362526374,-0.19262104523124576,0.016020777653911418,0.16319182134399773,3.9037216071064216,0.018096552153157742,128988.86355938508,0.03964181102708413,282559.4682646347,-0.174524493078088,-1243978.180754845,4.308500904318313,-0.15297923420416162,-1090407.5760495954,4.915300695316082
9,case_0009_steps_0160_mesh_21x1,54,160,21,1,0.265,1405593.45283811,-64310.2504989965,-2551630.51407801,12519023.6754813,11257550.3732906,832369.514159968,-2551630.51407801,-1405593.45283811,-64310.2504989965,-0.35798218078216193,-0.19719838227515885,-0.009022436278787205,0.06653256203259401,1.8153403524510408,0.018096552153157742,128988.86355938508,0.03964181102708413,282559.4682646347,-0.1791018301220011,-1276604.589278725,1.9987633880586846,-0.1575565712480747,-1123033.9845734753,2.2720866413024097
9,case_0009_steps_0160_mesh_21x1,55,160,21,1,0.27,1352464.80312431,7279.69429516426,2055865.73749325,-818064.99769161,-58034773.4154116,1735244.46817058,2055865.73749325,-1352464.80312431,7279.69429516426,0.28842863261066215,-0.18974467383985666,0.0010213080713811736,-0.3429877756949157,-1.520088162548869,0.018096552153157742,128988.86355938508,0.03964181102708413,282559.4682646347,-0.1716481216866989,-1223475.939564925,-1.6803483182712426,-0.15010286281277252,-1069905.3348596753,-1.9215398507783772
9,case_0009_steps_0160_mesh_21x1,56,160,21,1,0.275,1465884.83201358,4845.45472459414,5954563.11806925,2007361.49453386,-121745055.846782,1232955.94553527,5954563.11806925,-1465884.83201358,4845.45472459414,0.8353981812220524,-0.2056569891465372,0.0006797953072050499,-0.7195180311611611,-4.062094775815298,0.018096552153157742,128988.86355938508,0.03964181102708413,282559.4682646347,-0.18756043699337946,-1336895.968454195,-4.454021299020221,-0.16601517811945307,-1183325.3637489453,-5.032059060412883
9,case_0009_steps_0160_mesh_21x1,57,160,21,1,0.28,1522132.13003575,4795.11764745031,1739432.74335661,4866081.9907193,-56383700.5994754,1338390.87010086,1739432.74335661,-1522132.13003575,4795.11764745031,0.24403451963565156,-0.21354822978580204,0.0006727332437320162,-0.3332298709195364,-1.1427606769694534,0.018096552153157742,128988.86355938508,0.03964181102708413,282559.4682646347,-0.1954516776326443,-1393143.266476365,-1.2485670248086576,-0.1739064187587179,-1239572.6617711154,-1.4032519407706918
9,case_0009_steps_0160_mesh_21x1,58,160,21,1,0.285,1635772.76590303,29142.3350304142,2399232.63267484,1793377.70193711,-68863625.2136689,1328084.04866936,2399232.63267484,-1635772.76590303,29142.3350304142,0.33660144966521927,-0.2294914952502927,0.004088537344930466,-0.4069867124190803,-1.4667273368806462,0.018096552153157742,128988.86355938508,0.03964181102708413,282559.4682646347,-0.21139494309713494,-1506783.902343645,-1.59228714146938,-0.18984968422320855,-1353213.2976383953,-1.772989252220577
9,case_0009_steps_0160_mesh_21x1,59,160,21,1,0.29,1710267.49998252,95987.9945733114,3763107.11115011,-7467825.14361246,-90967037.4699698,1767764.98291446,3763107.11115011,-1710267.49998252,95987.9945733114,0.527946849175042,-0.23994276835407083,0.013466680005853623,-0.5376187414405486,-2.2003032339611033,0.018096552153157742,128988.86355938508,0.03964181102708413,282559.4682646347,-0.22184621620091308,-1581278.636423135,-2.3797874861967965,-0.2003009573269867,-1427708.0317178853,-2.6357679774499574
9,case_0009_steps_0160_mesh_21x1,60,160,21,1,0.295,1650170.3052071,13624.9441428289,1636928.51562607,-1269431.26151175,-53613819.3891116,585934.948324081,1636928.51562607,-1650170.3052071,13624.9441428289,0.22965364169117022,-0.23151140467273124,0.001911517827669275,-0.31685976487153844,-0.9919755012320574,0.018096552153157742,128988.86355938508,0.03964181102708413,282559.4682646347,-0.21341485251957348,-1521181.441647715,-1.0760902485458803,-0.1918695936456471,-1367610.8369424653,-1.1969256687711776
9,case_0009_steps_0160_mesh_21x1,61,160,21,1,0.3,1850270.90631256,-16515.4247507818,262020.152657542,2045145.17218002,-40067531.0180509,752823.403307646,262020.152657542,-1850270.90631256,-16515.4247507818,0.03676023826322458,-0.259584610869451,-0.002317039138781756,-0.23680067195401233,-0.14161177790971535,0.018096552153157742,128988.86355938508,0.03964181102708413,282559.4682646347,-0.24148805871629325,-1721282.042753175,-0.15222383441498244,-0.21994279984236687,-1567711.4380479252,-0.16713544744165604
9,case_0009_steps_0160_mesh_21x1,62,160,21,1,0.305,1898322.50908416,-130125.254474381,4426319.19328319,18273970.7161213,-96397264.7437418,-542622.650914748,4426319.19328319,-1898322.50908416,-130125.254474381,0.6209924943706063,-0.2663260326604783,-0.018255982641124872,-0.5697115965434224,-2.3317003154636007,0.018096552153157742,128988.86355938508,0.03964181102708413,282559.4682646347,-0.24822948050732052,-1769333.645524775,-2.5016871207297746,-0.22668422163339413,-1615763.0408195253,-2.73946060248917
9,case_0009_steps_0160_mesh_21x1,63,160,21,1,0.31,1843075.44052454,-25328.7866182359,2822147.62304901,6897065.93577682,-75522403.7641477,1370032.28101253,2822147.62304901,-1843075.44052454,-25328.7866182359,0.39593450345350134,-0.25857511967535873,-0.003553513810144425,-0.44634035351156426,-1.5312165530488682,0.018096552153157742,128988.86355938508,0.03964181102708413,282559.4682646347,-0.24047856752220098,-1714086.5769651548,-1.6464440367100435,-0.2189333086482746,-1560515.9722599052,-1.8084708347855212
9,case_0009_steps_0160_mesh_21x1,64,160,21,1,0.315,1949704.8491244,-55089.4645687503,-3667686.38024757,8627333.85013013,20460454.7192894,590241.112374931,-3667686.38024757,-1949704.8491244,-55089.4645687503,-0.514559753687723,-0.2735347417740476,-0.007728801860471853,0.12092208586123313,1.881149540093058,0.018096552153157742,128988.86355938508,0.03964181102708413,282559.4682646347,-0.2554381896208898,-1820715.9855650149,2.014419826774571,-0.23389293074696343,-1667145.3808597652,2.1999799311779897
9,case_0009_steps_0160_mesh_21x1,65,160,21,1,0.32,1878606.81502887,-24228.0257437227,106920.905793146,1915134.15193039,-23768571.7726408,1138177.05200296,106920.905793146,-1878606.81502887,-24228.0257437227,0.015000517831973342,-0.2635600102624051,-0.003399082055153323,-0.14047318674596754,-0.0569149994228584,0.018096552153157742,128988.86355938508,0.03964181102708413,282559.4682646347,-0.24546345810924736,-1749617.951469485,-0.06111100180661973,-0.22391819923532097,-1596047.3467642353,-0.0669910613929551
9,case_0009_steps_0160_mesh_21x1,66,160,21,1,0.325,1761810.11697074,8653.85655373006,-452538.624062499,-4057739.85983037,-14354811.0223169,2084235.08657651,-452538.624062499,-1761810.11697074,8653.85655373006,-0.0634891151505878,-0.24717396359603938,0.0012140967997475436,-0.08483749333908573,0.2568600439419628,0.018096552153157742,128988.86355938508,0.03964181102708413,282559.4682646347,-0.22907741144288163,-1632821.253411355,0.2771513557390543,-0.20753215256895524,-1479250.6487061053,0.3059242356650867
9,case_0009_steps_0160_mesh_21x1,67,160,21,1,0.33,1776605.97150358,-25860.4582482645,922465.002861047,2844351.54999364,-27033550.2962554,1293942.51704962,922465.002861047,-1776605.97150358,-25860.4582482645,0.12941765337790007,-0.24924975483735692,-0.0036281049268941075,-0.15976933723647427,-0.5192288091209921,0.018096552153157742,128988.86355938508,0.03964181102708413,282559.4682646347,-0.23115320268419917,-1647617.107944195,-0.5598782620144359,-0.20960794381027278,-1494046.5032389453,-0.6174272359402696
9,case_0009_steps_0160_mesh_21x1,68,160,21,1,0.335,1790645.54322621,-27570.9366834954,-615315.503157731,2737902.6796489,-8844298.83679603,1951412.59110357,-615315.503157731,-1790645.54322621,-27570.9366834954,-0.08632597253958985,-0.2512194430327227,-0.003868077288506216,-0.05227015127465344,0.3436277522848636,0.018096552153157742,128988.86355938508,0.03964181102708413,282559.4682646347,-0.23312289087956495,-1661656.6796668249,0.37030242810512853,-0.21157763200563856,-1508086.0749615752,0.4080108644815972
9,case_0009_steps_0160_mesh_21x1,69,160,21,1,0.34,1830784.45808534,57.9869969122187,-2382505.21664948,1014544.99509329,18525310.8370048,2672598.38408886,-2382505.21664948,-1830784.45808534,57.9869969122187,-0.33425466911271734,-0.2568507506206448,8.135312498073499e-06,0.10948530999784775,1.3013575716833086,0.018096552153157742,128988.86355938508,0.03964181102708413,282559.4682646347,-0.23875419846748702,-1701795.594525955,1.3999949372962979,-0.21720893959356063,-1548224.9898207053,1.538862395526499
9,case_0009_steps_0160_mesh_21x1,70,160,21,1,0.345,1918720.60759699,-3618.42492246283,3032766.96474287,1497597.20399657,-58643057.3789444,3005673.70589914,3032766.96474287,-1918720.60759699,-3618.42492246283,0.42548344121642634,-0.26918779330691367,-0.0005076485947291691,-0.3465827576577055,-1.5806193735215646,0.018096552153157742,128988.86355938508,0.03964181102708413,282559.4682646347,-0.2510912411537559,-1789731.744037605,-1.694537170079466,-0.22954598227982953,-1636161.1393323552,-1.8535869675895174
9,case_0009_steps_0160_mesh_21x1,71,160,21,1,0.35,1783476.65648625,-13881.1522957997,2537844.17247083,2669037.01066243,-47011897.5973542,2373110.64388405,2537844.17247083,-1783476.65648625,-13881.1522957997,0.3560480196227319,-0.2502136807584467,-0.0019474626687536818,-0.2778421494419357,-1.42297582827398,0.018096552153157742,128988.86355938508,0.03964181102708413,282559.4682646347,-0.23211712860528894,-1654487.792926865,-1.5339153200890452,-0.21057186973136255,-1500917.1882216153,-1.6908622223707315
9,case_0009_steps_0160_mesh_21x1,72,160,21,1,0.355,1594010.38125336,-39939.5254653478,4633542.47085044,2414714.04862152,-77496683.5791037,1500664.06026605,4633542.47085044,-1594010.38125336,-39939.5254653478,0.650064979749296,-0.22363242221872787,-0.005603334160885011,-0.45800842426431926,-2.9068458558012122,0.018096552153157742,128988.86355938508,0.03964181102708413,282559.4682646347,-0.20553587006557011,-1465021.517693975,-3.1627811707120124,-0.18399061119164373,-1311450.9129887254,-3.533142129041527
9,case_0009_steps_0160_mesh_21x1,73,160,21,1,0.36,1461351.64126812,-14562.8548041594,5155302.33906329,1749627.87258643,-87884481.208549,1354365.55772222,5155302.33906329,-1461351.64126812,-14562.8548041594,0.7232655212998581,-0.205021003058423,-0.0020431024368317238,-0.5194007136386447,-3.5277630609082307,0.018096552153157742,128988.86355938508,0.03964181102708413,282559.4682646347,-0.18692445090526524,-1332362.7777087349,-3.869293277562787,-0.16537919203133886,-1178792.1730034852,-4.3733767979879925
9,case_0009_steps_0160_mesh_21x1,74,160,21,1,0.365,1233556.00453307,-67451.7719801158,5782772.92865753,6361178.95731547,-98312474.6247979,181427.325014955,5782772.92865753,-1233556.00453307,-67451.7719801158,0.8112967973017361,-0.17306230905427172,-0.009463177485078765,-0.581030561681622,-4.687888435877255,0.018096552153157742,128988.86355938508,0.03964181102708413,282559.4682646347,-0.15496575690111397,-1104567.1409736848,-5.235329491659483,-0.13342049802718758,-950996.5362684352,-6.080750778912661
9,case_0009_steps_0160_mesh_21x1,75,160,21,1,0.37,1219213.79025718,-35712.4690252837,3408143.25097667,5913023.8293434,-72288912.9672546,633277.651914967,3408143.25097667,-1219213.79025718,-35712.4690252837,0.4781470305638989,-0.17105016148219926,-0.005010297326455164,-0.4272302967147916,-2.79536146835885,0.018096552153157742,128988.86355938508,0.03964181102708413,282559.4682646347,-0.1529536093290415,-1090224.926697795,-3.126091843542475,-0.13140835045511512,-936654.3219925454,-3.6386350555950293
9,case_0009_steps_0160_mesh_21x1,76,160,21,1,0.375,1239508.99279814,-38338.7152410401,2739326.86794165,8014136.33775574,-64259973.1578825,875621.69956157,2739326.86794165,-1239508.99279814,-38338.7152410401,0.38431512738640217,-0.17389748629076532,-0.0053787477515462295,-0.379778949111639,-2.210009676297494,0.018096552153157742,128988.86355938508,0.03964181102708413,282559.4682646347,-0.15580093413760757,-1110520.129238755,-2.466706181921635,-0.13425567526368118,-956949.5245335053,-2.862561501639305
9,case_0009_steps_0160_mesh_21x1,77,160,21,1,0.38,1201043.38460027,-3838.18485904588,2076829.26229346,4026895.46605783,-51619418.0149376,1301499.05784093,2076829.26229346,-1201043.38460027,-3838.18485904588,0.29136971999908123,-0.16850093603326802,-0.000538479916471289,-0.3050727749185602,-1.7291875455312282,0.018096552153157742,128988.86355938508,0.03964181102708413,282559.4682646347,-0.15040438388011027,-1072054.521040885,-1.9372422032015812,-0.12885912500618388,-918483.9163356354,-2.2611492976155048
9,case_0009_steps_0160_mesh_21x1,78,160,21,1,0.385,1226614.16265225,-9140.56606037662,3375331.43109771,6354113.34964937,-66483609.5806181,736531.694148338,3375331.43109771,-1226614.16265225,-9140.56606037662,0.47354368114834067,-0.1720884001433106,-0.0012823799346432325,-0.39292072714752513,-2.751746664818699,0.018096552153157742,128988.86355938508,0.03964181102708413,282559.4682646347,-0.15399184799015284,-1097625.2990928649,-3.0751217504618937,-0.13244658911622645,-944054.6943876152,-3.575355804238867
9,case_0009_steps_0160_mesh_21x1,79,160,21,1,0.39,1253942.70400024,-40369.4971400286,-662783.486160731,6074916.86477233,-13947537.4679265,740318.662534557,-662783.486160731,-1253942.70400024,-40369.4971400286,-0.09298551512578772,-0.17592247046633458,-0.005663657235455394,-0.08243049073876836,0.5285596256083835,0.018096552153157742,128988.86355938508,0.03964181102708413,282559.4682646347,-0.15782591831317683,-1124953.840440855,0.5891650504530876,-0.13628065943925044,-971383.2357356052,0.682308960848826
9,case_0009_steps_0160_mesh_21x1,80,160,21,1,0.395,1282529.56451954,-6624.58738775097,-5071328.90960366,3874837.1336909,54980565.3053149,147825.829869349,-5071328.90960366,-1282529.56451954,-6624.58738775097,-0.7114844302524431,-0.17993307725832627,-0.0009293995454141976,0.32493728657362525,3.9541614087496506,0.018096552153157742,128988.86355938508,0.03964181102708413,282559.4682646347,-0.16183652510516852,-1153540.7009601549,4.396315539956689,-0.14029126623124213,-999970.0962549052,5.0714805658657545
9,case_0009_steps_0160_mesh_21x1,81,160,21,1,0.4,1403868.05383453,-25057.840266281,-447085.527851449,3427964.94514841,-10881665.1503323,633206.090855925,-447085.527851449,-1403868.05383453,-25057.840266281,-0.0627240705005586,-0.19695631662552301,-0.003515501266630525,-0.0643110656959715,0.3184669147718534,0.018096552153157742,128988.86355938508,0.03964181102708413,282559.4682646347,-0.17885976447236526,-1274879.190275145,0.35068854465728533,-0.15731450559843888,-1121308.5855698953,0.39871765328918946
9,case_0009_steps_0160_mesh_21x1,82,160,21,1,0.405,1431236.76689242,30322.1226094233,7966711.56740686,-2114802.88798543,-124109042.651512,1529452.19310953,7966711.56740686,-1431236.76689242,30322.1226094233,1.117693476711414,-0.2007960228571303,0.0042540561879068324,-0.7334892854318145,-5.566312822374332,0.018096552153157742,128988.86355938508,0.03964181102708413,282559.4682646347,-0.18269947070397255,-1302247.9033330348,-6.117661274029685,-0.16115421183004616,-1148677.2986277852,-6.93555237569675
9,case_0009_steps_0160_mesh_21x1,83,160,21,1,0.41,1435509.27507258,31339.552853961,7483189.50816247,-1873122.54641635,-126282129.844649,1751317.41552515,7483189.50816247,-1435509.27507258,31339.552853961,1.049857526220309,-0.201395436364417,0.004396797033700856,-0.7463323155480868,-5.212916167179844,0.018096552153157742,128988.86355938508,0.03964181102708413,282559.4682646347,-0.18329888421125926,-1306520.411513195,-5.72757183295402,-0.16175362533733287,-1152949.8068079452,-6.490472927768135
9,case_0009_steps_0160_mesh_21x1,84,160,21,1,0.415,1426842.93699223,92631.0017807155,5170292.17962763,-6348840.10706318,-100921760.77307,2447342.25643786,5170292.17962763,-1426842.93699223,92631.0017807155,0.7253685279010071,-0.20017958846313097,0.012995709152458844,-0.5964515446454279,-3.6235888657279633,0.018096552153157742,128988.86355938508,0.03964181102708413,282559.4682646347,-0.18208303630997322,-1297854.0734328448,-3.9837238141512508,-0.16053777743604683,-1144283.4687275952,-4.518366576925927
9,case_0009_steps_0160_mesh_21x1,85,160,21,1,0.42,1452496.06905123,19626.6324652468,7005572.78877852,-3344114.00359336,-135993104.737984,1227620.71875357,7005572.78877852,-1452496.06905123,19626.6324652468,0.982850068110776,-0.20377860646660234,0.0027535274611879897,-0.8037245561389604,-4.823126849048588,0.018096552153157742,128988.86355938508,0.03964181102708413,282559.4682646347,-0.1856820543134446,-1323507.205491845,-5.293188249908388,-0.1641367954395182,-1169936.6007865954,-5.987993523810087
9,case_0009_steps_0160_mesh_21x1,86,160,21,1,0.425,1446391.92579063,47294.0662539606,478361.687948511,-6114820.54633439,-36514389.4600328,2400779.00804046,478361.687948511,-1446391.92579063,47294.0662539606,0.0671119738181688,-0.2029222228702391,0.006635142855613013,-0.2158014666846046,-0.3307275707357311,0.018096552153157742,128988.86355938508,0.03964181102708413,282559.4682646347,-0.18482567071708134,-1317403.062231245,-0.3631095916372963,-0.16328041184315495,-1163832.4575259953,-0.41102281076211206
9,case_0009_steps_0160_mesh_21x1,87,160,21,1,0.43,1532769.85629446,-34924.8942485849,4297098.68600664,3349474.85047367,-98808474.4469996,1148270.08973402,4297098.68600664,-1532769.85629446,-34924.8942485849,0.6028634436552244,-0.21504065450154605,-0.004899804159620805,-0.5839619399872511,-2.8034859038753996,0.018096552153157742,128988.86355938508,0.03964181102708413,282559.4682646347,-0.1969441023483883,-1403780.9927350748,-3.061089093131495,-0.1753988434744619,-1250210.3880298252,-3.4371004489718957
9,case_0009_steps_0160_mesh_21x1,88,160,21,1,0.435,1618632.08569837,-37092.5008823599,-3847274.17719677,6287140.43416954,26981827.7483071,1385696.112272,-3847274.17719677,-1618632.08569837,-37092.5008823599,-0.5397551065568151,-0.2270867356089968,-0.005203909532853903,0.1594636549596249,2.376867610119589,0.018096552153157742,128988.86355938508,0.03964181102708413,282559.4682646347,-0.20899018345583906,-1489643.2221389848,2.5826816247130995,-0.18744492458191267,-1336072.6174337352,2.8795397248589913
9,case_0009_steps_0160_mesh_21x1,89,160,21,1,0.44,1635334.29623475,-45319.9872280918,4026862.6735866,-1835166.25735984,-70959589.8164107,1432008.21307095,4026862.6735866,-1635334.29623475,-45319.9872280918,0.5649505575542535,-0.2294299799457877,-0.00635818852746171,-0.4193739450164041,-2.4624094797364595,0.018096552153157742,128988.86355938508,0.03964181102708413,282559.4682646347,-0.21133342779262995,-1506345.432675365,-2.6732664276311686,-0.18978816891870356,-1352774.8279701152,-2.9767427589032276
9,case_0009_steps_0160_mesh_21x1,90,160,21,1,0.445,1947173.37806107,-7268.31071258956,2617982.48337754,3394481.26143447,-66261588.3762683,1389877.50069698,2617982.48337754,-1947173.37806107,-7268.31071258956,0.3672910609425089,-0.2731795878727135,-0.0010197110064092973,-0.3916085731654296,-1.3445040451325598,0.018096552153157742,128988.86355938508,0.03964181102708413,282559.4682646347,-0.25508303571955576,-1818184.514501685,-1.4398882305380638,-0.23353777684562937,-1664613.9097964354,-1.572726545158866
9,case_0009_steps_0160_mesh_21x1,91,160,21,1,0.45,1894010.35583907,-3901.95465935313,-4115625.28215974,-5855109.39035195,39358649.2612123,2078972.88041511,-4115625.28215974,-1894010.35583907,-3901.95465935313,-0.5774035486960402,-0.26572105713050737,-0.0005474265300409581,0.2326111531069514,2.17296873244205,0.018096552153157742,128988.86355938508,0.03964181102708413,282559.4682646347,-0.2476245049773496,-1765021.4922796849,2.3317706329139583,-0.22607924610342323,-1611450.8875744352,2.5539874121479444
9,case_0009_steps_0160_mesh_21x1,92,160,21,1,0.455,1936509.31288187,-72119.0487181415,-3039047.26851278,6105620.99294258,26508362.8229796,1750379.51357198,-3039047.26851278,-1936509.31288187,-72119.0487181415,-0.42636453933275725,-0.27168346792596154,-0.010117975229412846,0.1566654587739478,1.569342965869933,0.018096552153157742,128988.86355938508,0.03964181102708413,282559.4682646347,-0.2535869157728038,-1807520.449322485,1.6813349302089,-0.2320416568988774,-1653949.8446172352,1.837448262656411
9,case_0009_steps_0160_mesh_21x1,93,160,21,1,0.46,2061533.78068697,24889.7478913208,896215.538461849,-1967997.08448417,-30828127.2050149,3954103.83072827,896215.538461849,-2061533.78068697,24889.7478913208,0.125734972653499,-0.2892238333468426,0.0034919186692955622,-0.1821954348507899,-0.4347324049976037,0.018096552153157742,128988.86355938508,0.03964181102708413,282559.4682646347,-0.27112728119368484,-1932544.917127585,-0.463748878755133,-0.24958202231975846,-1778974.3124223354,-0.5037821694240877
9,case_0009_steps_0160_mesh_21x1,94,160,21,1,0.465,2234333.2142076,-64038.7249596082,-735669.869115883,10306062.6652771,-7881755.66877499,2913744.44431542,-735669.869115883,-2234333.2142076,-64038.7249596082,-0.10321114386617652,-0.3134668096352764,-0.008984342477904987,-0.04658148358835552,0.32925700805857033,0.018096552153157742,128988.86355938508,0.03964181102708413,282559.4682646347,-0.29537025748211865,-2105344.3506482146,0.3494297115288421,-0.27382499860819226,-1951773.7459429651,0.3769237446938078
9,case_0009_steps_0160_mesh_21x1,95,160,21,1,0.47,2268633.68961205,-95906.982702982,1960056.93877483,13977914.2641334,-42659281.9815738,2133053.03797445,1960056.93877483,-2268633.68961205,-95906.982702982,0.2749870929699857,-0.3182790106649332,-0.013455314408111414,-0.25211802129163907,-0.8639812358204075,0.018096552153157742,128988.86355938508,0.03964181102708413,282559.4682646347,-0.30018245851177544,-2139644.826052665,-0.916066496134712,-0.27863719963784905,-1986074.2213474154,-0.9869001458792741
9,case_0009_steps_0160_mesh_21x1,96,160,21,1,0.475,2074043.74889692,49045.2060974489,946822.243056369,-7158285.69141748,-24472622.6977213,4660953.61795093,946822.243056369,-2074043.74889692,49045.2060974489,0.13283486363418473,-0.29097892511134577,0.0068808198282655315,-0.14463415518881462,-0.45651025614090174,0.018096552153157742,128988.86355938508,0.03964181102708413,282559.4682646347,-0.272882372958188,-1945054.8853375348,-0.4867843319969155,-0.2513371140842616,-1791484.2806322852,-0.5285127272912483
9,case_0009_steps_0160_mesh_21x1,97,160,21,1,0.48,1897246.82869855,3970.37490772096,-1700588.96996363,315278.741649786,14826417.5136822,3954411.62192071,-1700588.96996363,-1897246.82869855,3970.37490772096,-0.23858491451754865,-0.2661751195842547,0.0005570255803678913,0.08762470610752074,0.8963456648021803,0.018096552153157742,128988.86355938508,0.03964181102708413,282559.4682646347,-0.24807856743109696,-1768257.9651391648,0.9617312651719292,-0.22653330855717058,-1614687.3604339152,1.0532001498461165
9,case_0009_steps_0160_mesh_21x1,98,160,21,1,0.485,1858272.00579474,-9374.69509149308,642516.385029313,1405300.2934681,-16708519.7448335,3799218.03783768,642516.385029313,-1858272.00579474,-9374.69509149308,0.09014213281744471,-0.26070712881453867,-0.0013152271751355616,-0.09874800374275532,-0.3457601379269143,0.018096552153157742,128988.86355938508,0.03964181102708413,282559.4682646347,-0.24261057666138092,-1729283.142235355,-0.37155071331972006,-0.22106531778745453,-1575712.5375301053,-0.40776243745349855
9,case_0009_steps_0160_mesh_21x1,99,160,21,1,0.49,1825994.07721742,-31659.5386351667,3536814.45309555,5573898.75746004,-58590128.5325229,2598190.86447646,3536814.45309555,-1825994.07721742,-31659.5386351667,0.4961990162586314,-0.2561786819255834,-0.004441689586577655,-0.3462699461098037,-1.9369254792355077,0.018096552153157742,128988.86355938508,0.03964181102708413,282559.4682646347,-0.23808212977242565,-1697005.213658035,-2.084150611106052,-0.21653687089849927,-1543434.6089527854,-2.2915220590364145
9,case_0009_steps_0160_mesh_21x1,100,160,21,1,0.495,1817974.55938823,-20769.137754887,1265008.16829387,4617786.71870088,-29374832.5768659,2660616.34318139,1265008.16829387,-1817974.55938823,-20769.137754887,0.17747490488712775,-0.2550535799700002,-0.0029138157681681794,-0.17360640688353632,-0.695833812283688,0.018096552153157742,128988.86355938508,0.03964181102708413,282559.4682646347,-0.23695702781684247,-1688985.695828845,-0.7489750632098076,-0.21541176894291608,-1535415.0911235954,-0.8238867623530747
9,case_0009_steps_0160_mesh_21x1,101,160,21,1,0.5,1750900.60350557,5885.13773965813,1109742.99782912,2106345.86173415,-25132399.7479098,2819636.3075348,1109742.99782912,-1750900.60350557,5885.13773965813,0.155691906127776,-0.24564340836871051,0.000825658115711737,-0.1485334633032599,-0.6338126765204405,0.018096552153157742,128988.86355938508,0.03964181102708413,282559.4682646347,-0.22754685621555276,-1621911.739946185,-0.6842191042195312,-0.20600159734162637,-1468341.1352409353,-0.7557800916930831
9,case_0009_steps_0160_mesh_21x1,102,160,21,1,0.505,1700947.79635961,-15150.4177824562,384880.411199509,1674590.73711718,-12632071.8910337,2645126.21530287,384880.411199509,-1700947.79635961,-15150.4177824562,0.053996974946554956,-0.2386352562324037,-0.0021255348560856343,-0.07465603784322429,-0.2262740879074801,0.018096552153157742,128988.86355938508,0.03964181102708413,282559.4682646347,-0.22053870407924595,-1571958.932800225,-0.2448412634507559,-0.19899344520531956,-1418388.3280949753,-0.27135052057037046
9,case_0009_steps_0160_mesh_21x1,103,160,21,1,0.51,1683708.75308591,-14134.7245969013,-185332.642672793,2301006.99158661,-5330746.93376896,2814598.89694164,-185332.642672793,-1683708.75308591,-14134.7245969013,-0.026001328651652597,-0.23621669669893336,-0.0019830377117834135,-0.03150492241123089,0.1100740507128174,0.018096552153157742,128988.86355938508,0.03964181102708413,282559.4682646347,-0.2181201445457756,-1554719.889526525,0.11920645250716788,-0.19657488567184922,-1401149.2848212754,0.13227187472492144
9,case_0009_steps_0160_mesh_21x1,104,160,21,1,0.515,1668714.02983337,-7837.78480459152,308395.996761211,793617.07934328,-10833544.2498573,3202320.97374356,308395.996761211,-1668714.02983337,-7837.78480459152,0.04326655871841939,-0.2341130050787895,-0.001099605637010807,-0.06402666929624379,-0.18481057344019935,0.018096552153157742,128988.86355938508,0.03964181102708413,282559.4682646347,-0.21601645292563174,-1539725.1662739848,-0.20029288571512108,-0.19447119405170535,-1386154.5615687352,-0.22248312368008508
9,case_0009_steps_0160_mesh_21x1,105,160,21,1,0.52,1661404.59475552,-10622.7181697977,1104455.92211681,2076822.09707057,-22542316.8006781,3114318.12685121,1104455.92211681,-1661404.59475552,-10622.7181697977,0.1549501534002511,-0.23308752451057338,-0.0014903191489824834,-0.13322597200700853,-0.6647724013784454,0.018096552153157742,128988.86355938508,0.03964181102708413,282559.4682646347,-0.21499097235741563,-1532415.731196135,-0.7207286506088796,-0.19344571348348924,-1378845.1264908854,-0.8010007076919605
9,case_0009_steps_0160_mesh_21x1,106,160,21,1,0.525,1633475.36935419,-10001.4488533293,2382656.45994743,1923536.9675325,-40852925.0407961,2982318.21706056,2382656.45994743,-1633475.36935419,-10001.4488533293,0.33427588786101575,-0.2291691809410157,-0.0014031578834562469,-0.24144238127847611,-1.4586424164384162,0.018096552153157742,128988.86355938508,0.03964181102708413,282559.4682646347,-0.21107262878785796,-1504486.505794805,-1.58370078479946,-0.18952736991393157,-1350915.9010895554,-1.7637341140375535
9,case_0009_steps_0160_mesh_21x1,107,160,21,1,0.53,1609584.20153497,-14755.243222339,1184416.99100987,991619.382051963,-24740948.7634674,3116034.3057605,1184416.99100987,-1609584.20153497,-14755.243222339,0.1661683284699098,-0.22581735852387105,-0.002070093658764986,-0.14621997270881176,-0.735852768609656,0.018096552153157742,128988.86355938508,0.03964181102708413,282559.4682646347,-0.2077208063707133,-1480595.337975585,-0.7999599624765272,-0.18617554749678691,-1327024.7332703352,-0.8925357314863145
9,case_0009_steps_0160_mesh_21x1,108,160,21,1,0.535,1595418.66086294,5877.97332888233,2119974.7440913,-1172606.31974888,-38942912.1847881,3473966.03096883,2119974.7440913,-1595418.66086294,5877.97332888233,0.29742283528347363,-0.22382999745660304,0.0008246529813949188,-0.23015413076112495,-1.3287889856726602,0.018096552153157742,128988.86355938508,0.03964181102708413,282559.4682646347,-0.20573344530344528,-1466429.7973035548,-1.4456708040094874,-0.1841881864295189,-1312859.1925983052,-1.6147769357470976
9,case_0009_steps_0160_mesh_21x1,109,160,21,1,0.54,1572031.68438144,5190.21134105514,2250314.00865827,-852879.439737905,-42160426.8861482,3261421.6136804,2250314.00865827,-1572031.68438144,5190.21134105514,0.3157088425693234,-0.220548910795914,0.0007281630958479846,-0.2491697682098296,-1.4314686090717816,0.018096552153157742,128988.86355938508,0.03964181102708413,282559.4682646347,-0.20245235864275624,-1443042.820822055,-1.5594228918143527,-0.18090709976882985,-1289472.2161168053,-1.7451434629859661
9,case_0009_steps_0160_mesh_21x1,110,160,21,1,0.545,1553957.99494839,13507.5477958924,2460436.66704126,-1342487.96541071,-45943600.156149,3196075.25211193,2460436.66704126,-1553957.99494839,13507.5477958924,0.34518809791788535,-0.21801325419425252,0.001895047652986726,-0.27152846987405377,-1.5833353765286144,0.018096552153157742,128988.86355938508,0.03964181102708413,282559.4682646347,-0.19991670204109477,-1424969.1313890049,-1.726659625702152,-0.17837144316716838,-1271398.5266837552,-1.935220637276437
9,case_0009_steps_0160_mesh_21x1,111,160,21,1,0.55,1519991.44339745,22924.1721481695,3887390.22102413,-3609153.70996659,-67511405.5366349,3038952.22262085,3887390.22102413,-1519991.44339745,22924.1721481695,0.545383205442778,-0.21324790116576015,0.0032161573131181493,-0.39899504135737124,-2.557507963554798,0.018096552153157742,128988.86355938508,0.03964181102708413,282559.4682646347,-0.1951513490126024,-1391002.579838065,-2.7946678729213317,-0.173606090138676,-1237431.9751328153,-3.141498117993024
9,case_0009_steps_0160_mesh_21x1,112,160,21,1,0.555,1470687.25662,1647.22641824426,256478.123805972,207575.360799798,-17812938.9741658,2422501.42418641,256478.123805972,-1470687.25662,1647.22641824426,0.035982716767343124,-0.20633074752345068,0.00023109839069240798,-0.10527516448812295,-0.17439338149663555,0.018096552153157742,128988.86355938508,0.03964181102708413,282559.4682646347,-0.18823419537029293,-1341698.3930606148,-0.1911592986415576,-0.16668893649636654,-1188127.7883553652,-0.21586745661507936
9,case_0009_steps_0160_mesh_21x1,113,160,21,1,0.56,1557268.53238879,11032.0690572959,465461.461696421,-517490.346715591,-19876887.5123482,2771154.48074054,465461.461696421,-1557268.53238879,11032.0690572959,0.06530213062150397,-0.2184777075725676,0.001547749220696714,-0.11747318089447223,-0.29889608119315236,0.018096552153157742,128988.86355938508,0.03964181102708413,282559.4682646347,-0.20038115541940985,-1428279.668829405,-0.3258895802093898,-0.17883589654548346,-1274709.0641241553,-0.3651511351072385
9,case_0009_steps_0160_mesh_21x1,114,160,21,1,0.565,1617542.83439809,-20258.9154592115,-183822.438060642,3878128.10974596,-10497010.7635027,2361880.1763759,-183822.438060642,-1617542.83439809,-20258.9154592115,-0.025789453798494066,-0.22693391859503548,-0.002842233895682384,-0.06203774325865256,0.11364301096177454,0.018096552153157742,128988.86355938508,0.03964181102708413,282559.4682646347,-0.20883736644187773,-1488553.9708387048,0.12349061012350786,-0.18729210756795134,-1334983.3661334552,0.13769642583117075
9,case_0009_steps_0160_mesh_21x1,115,160,21,1,0.57,1656324.31728368,14821.4520382365,1230488.26069935,-1915980.83633068,-29987162.5239023,3331943.92747288,1230488.26069935,-1656324.31728368,14821.4520382365,0.17263191851707715,-0.23237478463765138,0.002079382455152717,-0.17722530076672718,-0.7429029736865255,0.018096552153157742,128988.86355938508,0.03964181102708413,282559.4682646347,-0.21427823248449362,-1527335.453724295,-0.8056437488561501,-0.19273297361056724,-1373764.8490190452,-0.8957051576752718
9,case_0009_steps_0160_mesh_21x1,116,160,21,1,0.575,1651674.37285447,-13550.1598970529,1198872.97901389,1642871.92786427,-28107511.8107488,2840267.92936896,1198872.97901389,-1651674.37285447,-13550.1598970529,0.16819643797968722,-0.23172241853758305,-0.001901025937388399,-0.1661164916985302,-0.7258531092554061,0.018096552153157742,128988.86355938508,0.03964181102708413,282559.4682646347,-0.2136258663844253,-1522685.509295085,-0.7873411625023599,-0.1920806075104989,-1369114.9045898353,-0.875655487347903
9,case_0009_steps_0160_mesh_21x1,117,160,21,1,0.58,1693216.67490756,23531.7700046826,1076953.43054983,-2452408.79318643,-26926592.2561246,3544530.80586542,1076953.43054983,-1693216.67490756,23531.7700046826,0.15109167865096007,-0.23755061497967253,0.0033014005348593347,-0.15913721104525858,-0.6360399389573844,0.018096552153157742,128988.86355938508,0.03964181102708413,282559.4682646347,-0.21945406282651478,-1564227.811348175,-0.6884888650724261,-0.1979088039525884,-1410657.2066429253,-0.7634409163887222
9,case_0009_steps_0160_mesh_21x1,118,160,21,1,0.585,1630256.35035479,-2617.32059208604,-632959.815361966,-1645912.77077793,328049.756326177,3314887.77711446,-632959.815361966,-1630256.35035479,-2617.32059208604,-0.08880138946473806,-0.2287175671846248,-0.0003671982005982449,0.0019387868620452772,0.38825784375826294,0.018096552153157742,128988.86355938508,0.03964181102708413,282559.4682646347,-0.21062101503146705,-1501267.486795405,0.4216169476320823,-0.18907575615754066,-1347696.8820901553,0.4696603693111636
9,case_0009_steps_0160_mesh_21x1,119,160,21,1,0.59,1672851.52032248,-17250.1762299193,-5332038.75971161,971816.984347762,65293649.5270393,3328761.23677661,-5332038.75971161,-1672851.52032248,-17250.1762299193,-0.7480608390146489,-0.2346934762167874,-0.0024201214367019948,0.3858880167926259,3.187395112438753,0.018096552153157742,128988.86355938508,0.03964181102708413,282559.4682646347,-0.21659692406362965,-1543862.656763095,3.453700195644935,-0.19505166518970327,-1390292.0520578453,3.8351932975660588
9,case_0009_steps_0160_mesh_21x1,120,160,21,1,0.595,1691876.38947868,13018.5155004876,369907.015872332,-3401716.33779648,-8387421.08829444,4000764.20823327,369907.015872332,-1691876.38947868,13018.5155004876,0.05189627553754468,-0.23736257901676416,0.0018264386413700212,-0.04956998595133286,-0.21863714049837404,0.018096552153157742,128988.86355938508,0.03964181102708413,282559.4682646347,-0.2192660268636064,-1562887.525919295,-0.23668178914842358,-0.19772076798968002,-1409316.9212140453,-0.262472556955946
9,case_0009_steps_0160_mesh_21x1,121,160,21,1,0.6,1659867.63822559,-28676.0311349747,-5277.64179421014,2629646.73151306,-2911174.41494979,3141558.48960886,-5277.64179421014,-1659867.63822559,-28676.0311349747,-0.0007404291916304724,-0.2328718964847616,-0.004023117024678117,-0.017205154401075288,0.003179555810758486,0.018096552153157742,128988.86355938508,0.03964181102708413,282559.4682646347,-0.21477534433160383,-1530878.774666205,0.0034474589899261515,-0.19323008545767745,-1377308.1699609554,0.0038318525289512753
9,case_0009_steps_0160_mesh_21x1,122,160,21,1,0.605,1573497.66536134,-52442.722037245,2199880.06804996,4470256.29904884,-31981795.6716416,2681367.8876913,2199880.06804996,-1573497.66536134,-52442.722037245,0.30863318959182934,-0.22075458127417263,-0.007357475895301882,-0.18901366051052126,-1.3980828294046288,0.018096552153157742,128988.86355938508,0.03964181102708413,282559.4682646347,-0.20265802912101488,-1444508.8018019549,-1.5229260391530435,-0.1811127702470885,-1290938.1970967052,-1.7040940247933225
9,case_0009_steps_0160_mesh_21x1,123,160,21,1,0.61,1539731.40725829,-35014.5466658471,1655264.080245,3203498.29099064,-25138035.678816,2959059.3659398,1655264.080245,-1539731.40725829,-35014.5466658471,0.23222603819291396,-0.21601732850740563,-0.004912381986883351,-0.148566771874858,-1.0750343030232996,0.018096552153157742,128988.86355938508,0.03964181102708413,282559.4682646347,-0.19792077635424787,-1410742.543698905,-1.1733282501745288,-0.1763755174803215,-1257171.9389936554,-1.3166568779525978
9,case_0009_steps_0160_mesh_21x1,124,160,21,1,0.615,1453776.65069748,-48331.8458463886,1140529.3531079,6180873.86457132,-19852409.7180439,2559698.56196416,1140529.3531079,-1453776.65069748,-48331.8458463886,0.16001109205231584,-0.20395826625976787,-0.006780738622562381,-0.11732851617488671,-0.784528594925986,0.018096552153157742,128988.86355938508,0.03964181102708413,282559.4682646347,-0.18586171410661012,-1324787.787138095,-0.8609147549372841,-0.16431645523268373,-1171217.1824328452,-0.9737983443333705
9,case_0009_steps_0160_mesh_21x1,125,160,21,1,0.62,1420298.32268689,-9244.81116318384,1620340.90738375,1906160.14676188,-27453794.8074996,3256189.63198317,1620340.90738375,-1420298.32268689,-9244.81116318384,0.22732647553612387,-0.19926140877822845,-0.0012970050494601692,-0.16225299869798981,-1.1408454699280528,0.018096552153157742,128988.86355938508,0.03964181102708413,282559.4682646347,-0.1811648566250707,-1291309.4591275048,-1.2548044900705373,-0.15961959775114432,-1137738.8544222552,-1.424176471679488
9,case_0009_steps_0160_mesh_21x1,126,160,21,1,0.625,1329508.56534287,-66029.1397429284,1764608.14367641,7888459.93127281,-27839208.2037154,2050399.83904327,1764608.14367641,-1329508.56534287,-66029.1397429284,0.2475665140442552,-0.18652401786391762,-0.009263588638688373,-0.1645308069104016,-1.3272634638659369,0.018096552153157742,128988.86355938508,0.03964181102708413,282559.4682646347,-0.16842746571075987,-1200519.701783485,-1.4698702079232173,-0.14688220683683348,-1046949.0970782354,-1.6854765418882118
9,case_0009_steps_0160_mesh_21x1,127,160,21,1,0.63,1336538.09469093,13829.8042847924,4497742.18646901,1007523.57322726,-69635598.158751,2785389.06119996,4497742.18646901,-1336538.09469093,13829.8042847924,0.6310128161678192,-0.18751022892857094,0.0019402587758476349,-0.4115491026507969,-3.3652180991587057,0.018096552153157742,128988.86355938508,0.03964181102708413,282559.4682646347,-0.1694136767754132,-1207549.231131545,-3.7246863900152207,-0.1478684179014868,-1053978.6264262954,-4.267394113787123
9,case_0009_steps_0160_mesh_21x1,128,160,21,1,0.635,1324052.71926825,34853.6617514522,4522484.46037427,-785678.9613035,-72155788.8090731,2503285.0425027,4522484.46037427,-1324052.71926825,34853.6617514522,0.6344840449061677,-0.18575858742050957,0.004889810563555296,-0.42644352774476235,-3.4156377571382976,0.018096552153157742,128988.86355938508,0.03964181102708413,282559.4682646347,-0.16766203526735182,-1195063.855708865,-3.7843036075187038,-0.14611677639342543,-1041493.2510036153,-4.34230798520899
9,case_0009_steps_0160_mesh_21x1,129,160,21,1,0.64,1310393.92271193,23171.8770081427,3627517.16490105,-1332034.19169324,-63655408.9967235,2072115.28012293,3627517.16490105,-1310393.92271193,23171.8770081427,0.508924195078936,-0.1838423202528636,0.0032509091807864147,-0.3762059513260438,-2.7682646431950095,0.018096552153157742,128988.86355938508,0.03964181102708413,282559.4682646347,-0.16574576809970584,-1181405.059152545,-3.070510945249523,-0.14420050922577946,-1027834.4544472953,-3.5292815386809546
9,case_0009_steps_0160_mesh_21x1,130,160,21,1,0.645,1366359.85826161,78284.9162308718,-277999.493981952,-7159923.06228687,-12639798.7223888,3099754.34215674,-277999.493981952,-1366359.85826161,78284.9162308718,-0.039002067330252244,-0.19169408701417603,0.01098301845822007,-0.0747017037180729,0.2034599394157003,0.018096552153157742,128988.86355938508,0.03964181102708413,282559.4682646347,-0.17359753486101828,-1237370.9947022249,0.22466947679572286,-0.1520522759870919,-1083800.3899969752,0.2565043310076018
9,case_0009_steps_0160_mesh_21x1,131,160,21,1,0.65,1359986.67372064,20706.7495323458,-931496.456250388,-5619427.4682691,2674906.06859647,2758267.53719465,-931496.456250388,-1359986.67372064,20706.7495323458,-0.13068472529999492,-0.19079995814719625,0.0029050629836889215,0.01580879925374355,0.6849305763430813,0.018096552153157742,128988.86355938508,0.03964181102708413,282559.4682646347,-0.1727034059940385,-1230997.8101612548,0.7567003357450054,-0.1511581471201121,-1077427.2054560052,0.8645562795642846
9,case_0009_steps_0160_mesh_21x1,132,160,21,1,0.655,1367581.00588409,-13806.9539704451,-1183118.83785161,705225.317701744,4873858.48075305,2372981.3675129,-1183118.83785161,-1367581.00588409,-13806.9539704451,-0.16598620347335594,-0.19186540848354258,-0.0019370529804487817,0.028804693823812934,0.8651179219082294,0.018096552153157742,128988.86355938508,0.03964181102708413,282559.4682646347,-0.17376885633038483,-1238592.142324705,0.9552126139206911,-0.15222359745645844,-1085021.5376194553,1.0904104635999954
9,case_0009_steps_0160_mesh_21x1,133,160,21,1,0.66,1391286.22231535,-13051.3392808515,-1860668.4649679,1433016.35496038,17044259.8073144,2537855.76600624,-1860668.4649679,-1391286.22231535,-13051.3392808515,-0.26104334116042105,-0.19519114276487992,-0.001831043668787335,0.10073224061428958,1.3373728821028743,0.018096552153157742,128988.86355938508,0.03964181102708413,282559.4682646347,-0.17709459061172217,-1262297.358755965,1.474033397963891,-0.15554933173779578,-1108726.7540507154,1.6782029099324767
9,case_0009_steps_0160_mesh_21x1,134,160,21,1,0.665,1479507.7079101,-11916.7373341063,1621116.30765278,1893536.18533677,-31261217.5881042,2728205.2419197,1621116.30765278,-1479507.7079101,-11916.7373341063,0.2274352606747852,-0.2075682168086359,-0.0016718641649467111,-0.18475501591622076,-1.095713323415335,0.018096552153157742,128988.86355938508,0.03964181102708413,282559.4682646347,-0.18947166465547816,-1350518.844350715,-1.20036555908419,-0.16792640578155177,-1196948.2396454653,-1.354374611999056
9,case_0009_steps_0160_mesh_21x1,135,160,21,1,0.67,1477598.51855557,-37004.9406832042,4885026.29300954,5226803.97277572,-75109313.9758439,1697060.60837112,4885026.29300954,-1477598.51855557,-37004.9406832042,0.6853470186617668,-0.20730036620687756,-0.0051916252342963575,-0.4438989767418399,-3.306057925521548,0.018096552153157742,128988.86355938508,0.03964181102708413,282559.4682646347,-0.1892038140537198,-1348609.6549961849,-3.622268515513008,-0.16765855517979342,-1195039.0502909352,-4.087754531385621
9,case_0009_steps_0160_mesh_21x1,136,160,21,1,0.675,1377193.59192456,-40970.7627770965,-593883.660985698,4573852.7468093,-36764.9696357272,1562762.60906049,-593883.660985698,-1377193.59192456,-40970.7627770965,-0.08331918234931979,-0.19321401067917318,-0.00574801207554662,-0.00021728240530186193,0.431227435611122,0.018096552153157742,128988.86355938508,0.03964181102708413,282559.4682646347,-0.17511745852601543,-1248204.728365175,0.47579026700494226,-0.15357219965208904,-1094634.1236599253,0.5425407888802509
9,case_0009_steps_0160_mesh_21x1,137,160,21,1,0.68,1417697.30439931,-17155.2839592969,-2078308.39344041,3994106.47436919,19528132.2365502,2394292.53152756,-2078308.39344041,-1417697.30439931,-17155.2839592969,-0.29157723538609615,-0.19889649771696588,-0.0024068084817936105,0.11541202360431459,1.465974709122415,0.018096552153157742,128988.86355938508,0.03964181102708413,282559.4682646347,-0.18079994556380813,-1288708.4408399248,1.6127064334938768,-0.15925468668988174,-1135137.8361346752,1.830886371048454
9,case_0009_steps_0160_mesh_21x1,138,160,21,1,0.685,1560299.21196362,-38669.1558563434,1066820.45671516,6560705.32697107,-23724661.8617782,2518112.16535449,1066820.45671516,-1560299.21196362,-38669.1558563434,0.1496700684095359,-0.21890289816245267,-0.0054251070701986075,-0.1402136774591832,-0.6837281263332677,0.018096552153157742,128988.86355938508,0.03964181102708413,282559.4682646347,-0.20080634600929492,-1431310.348404235,-0.745345310962473,-0.17926108713536854,-1277739.7436989853,-0.8349278184200284
9,case_0009_steps_0160_mesh_21x1,139,160,21,1,0.69,1462047.12889475,6592.94307488907,3591370.45279298,-1238017.46191995,-54827396.4040541,2921218.9755447,3591370.45279298,-1462047.12889475,6592.94307488907,0.5038529754187387,-0.20511857681603188,0.0009249599919345084,-0.3240320523897502,-2.4563985536553217,0.018096552153157742,128988.86355938508,0.03964181102708413,282559.4682646347,-0.18702202466287413,-1333058.265335365,-2.694083631737941,-0.16547676578894774,-1179487.6606301153,-3.0448563157281097
9,case_0009_steps_0160_mesh_21x1,140,160,21,1,0.695,1353711.05356333,-31078.025358979,1170133.59690877,3925510.49600494,-24446780.6216856,1927934.43676802,1170133.59690877,-1353711.05356333,-31078.025358979,0.16416443310141032,-0.18991951712045693,-0.004360105913073628,-0.14448142751095538,-0.8643894824000034,0.018096552153157742,128988.86355938508,0.03964181102708413,282559.4682646347,-0.17182296496729918,-1224722.190003945,-0.9554277749348208,-0.1502777060933728,-1071151.5852986954,-1.0924070999553934
9,case_0009_steps_0160_mesh_21x1,141,160,21,1,0.7,1326277.0864409,-36055.590191373,805438.861395663,4189534.19032311,-22726800.4400635,1951883.08612327,805438.861395663,-1326277.0864409,-36055.590191373,0.11299941684280462,-0.1860706560397443,-0.005058435668833291,-0.13431627751525918,-0.6072930533370516,0.018096552153157742,128988.86355938508,0.03964181102708413,282559.4682646347,-0.16797410388658654,-1197288.222881515,-0.6727192717700107,-0.14642884501266015,-1043717.6181762654,-0.7717018927045061
9,case_0009_steps_0160_mesh_21x1,142,160,21,1,0.705,1268061.9970252,22298.8968299257,6871380.42996192,-727899.966888143,-108017820.541129,1858044.61471543,6871380.42996192,-1268061.9970252,22298.8968299257,0.9640234891886208,-0.17790334319860943,0.003128434023723699,-0.6383895347987315,-5.418804795098174,0.018096552153157742,128988.86355938508,0.03964181102708413,282559.4682646347,-0.15980679104545167,-1139073.1334658149,-6.0324313058412935,-0.1382615321715253,-985502.5287605652,-6.9724635193009945
9,case_0009_steps_0160_mesh_21x1,143,160,21,1,0.71,1161913.69780641,46285.5671312296,5771629.55559126,-5029388.09043479,-94927708.4666099,1956457.13130024,5771629.55559126,-1161913.69780641,46285.5671312296,0.8097334326337234,-0.16301121856261358,0.006493655005675386,-0.5610264615960683,-4.967347890370502,0.018096552153157742,128988.86355938508,0.03964181102708413,282559.4682646347,-0.14491466640945583,-1032924.834247025,-5.587656879020269,-0.12336940753552944,-879354.2295417753,-6.563486433219081
9,case_0009_steps_0160_mesh_21x1,144,160,21,1,0.715,1075083.27804494,6208.56568530155,5183044.85329283,-1568597.39995739,-89703043.7013859,869262.84964504,5183044.85329283,-1075083.27804494,6208.56568530155,0.7271576701393854,-0.150829304742041,0.0008710335886371976,-0.5301484889407999,-4.821063594922896,0.018096552153157742,128988.86355938508,0.03964181102708413,282559.4682646347,-0.13273275258888326,-946094.4144855549,-5.478359003008325,-0.11118749371495687,-792523.8097803053,-6.539923203985023
9,case_0009_steps_0160_mesh_21x1,145,160,21,1,0.72,1034143.19501466,-66477.5746445231,1697396.86395997,7115133.85188152,-42732190.6020405,-513408.935583804,1697396.86395997,-1034143.19501466,-66477.5746445231,0.2381370765323179,-0.14508559689573552,-0.009326502020201102,-0.2525489140838597,-1.6413557350110568,0.018096552153157742,128988.86355938508,0.03964181102708413,282559.4682646347,-0.12698904474257777,-905154.331455275,-1.8752568539676053,-0.10544378586865139,-751583.7267500253,-2.2584268439389983
9,case_0009_steps_0160_mesh_21x1,146,160,21,1,0.725,1071940.27523754,43636.2733800104,4146938.77608995,-4421526.50175418,-80696500.0223646,1085332.43390566,4146938.77608995,-1071940.27523754,43636.2733800104,0.5817966897810048,-0.15038835571239514,0.0061219711159580335,-0.4769194643169823,-3.868628571839971,0.018096552153157742,128988.86355938508,0.03964181102708413,282559.4682646347,-0.1322918035592374,-942951.411678155,-4.397828694810173,-0.110746544685311,-789380.8069729053,-5.253407150843344
9,case_0009_steps_0160_mesh_21x1,147,160,21,1,0.73,1137490.79101122,3128.34048195683,4036269.32364008,-1665424.5013617,-80829245.8210097,843915.986855994,4036269.32364008,-1137490.79101122,3128.34048195683,0.5662702678655311,-0.15958479558038932,0.00043889197192983074,-0.47770399716738604,-3.548397363333262,0.018096552153157742,128988.86355938508,0.03964181102708413,282559.4682646347,-0.14148824342723157,-1008501.927451835,-4.002242547853582,-0.11994298455330518,-854931.3227465854,-4.721162058576829
9,case_0009_steps_0160_mesh_21x1,148,160,21,1,0.735,1238041.12918539,37861.3186941419,2780841.60879955,-3106257.61685942,-57602916.7634675,1802711.43269809,2780841.60879955,-1238041.12918539,37861.3186941419,0.3901394571178905,-0.17369155168766198,0.005311771182637213,-0.34043548602869933,-2.24616254116638,0.018096552153157742,128988.86355938508,0.03964181102708413,282559.4682646347,-0.15559499953450423,-1109052.265626005,-2.507403568784834,-0.13404974066057784,-955481.6609207552,-2.9104081454789794
9,case_0009_steps_0160_mesh_21x1,149,160,21,1,0.74,1258383.28410541,-59096.1655114471,-829894.08398185,6051003.61318809,-4668917.96114961,95438.0649123518,-829894.08398185,-1258383.28410541,-59096.1655114471,-0.11643037358384348,-0.1765454637019211,-0.008290923818684449,-0.027593487355142932,0.6594922981449369,0.018096552153157742,128988.86355938508,0.03964181102708413,282559.4682646347,-0.15844891154876334,-1129394.420546025,0.7348133379130946,-0.13690365267483695,-975823.8158407754,0.8504548367338304
9,case_0009_steps_0160_mesh_21x1,150,160,21,1,0.745,1447875.64103143,75428.3763995819,7497622.72501054,-4590250.69930402,-138619341.596989,2031526.15727815,7497622.72501054,-1447875.64103143,75428.3763995819,1.0518824410402514,-0.20313038138481668,0.01058225888403628,-0.8192457184647002,-5.178360981105686,0.018096552153157742,128988.86355938508,0.03964181102708413,282559.4682646347,-0.18503382923165893,-1318886.777472045,-5.684811503972682,-0.16348857035773254,-1165316.1727667954,-6.433981523837458
9,case_0009_steps_0160_mesh_21x1,151,160,21,1,0.75,1535571.97056953,67480.9660265468,7381415.85415361,-9854034.65646442,-145245288.781819,2411800.57225205,7381415.85415361,-1535571.97056953,67480.9660265468,1.0355791444533369,-0.21543377841719766,0.00946727327729851,-0.858405324904954,-4.806948808407793,0.018096552153157742,128988.86355938508,0.03964181102708413,282559.4682646347,-0.1973372262640399,-1406583.107010145,-5.247763759827645,-0.17579196739011352,-1253012.5023048953,-5.890935517862448
9,case_0009_steps_0160_mesh_21x1,152,160,21,1,0.755,1489669.71742681,-37383.5971590754,302593.01854216,3432074.43546584,-33125752.7536281,1400101.07663115,302593.01854216,-1489669.71742681,-37383.5971590754,0.042452427210575315,-0.20899390062447448,-0.005244749019363115,-0.19577449150804183,-0.2031275892919713,0.018096552153157742,128988.86355938508,0.03964181102708413,282559.4682646347,-0.19089734847131673,-1360680.853867425,-0.22238353518542453,-0.16935208959739034,-1207110.2491621752,-0.250675544137068
9,case_0009_steps_0160_mesh_21x1,153,160,21,1,0.76,1492429.07678256,-108965.356523785,4841569.88747725,9599957.84030871,-108318981.883438,230070.329546288,4841569.88747725,-1492429.07678256,-108965.356523785,0.67925028218853,-0.20938102621898477,-0.015287344990928323,-0.6401694100846137,-3.244087081119396,0.018096552153157742,128988.86355938508,0.03964181102708413,282559.4682646347,-0.19128447406582702,-1363440.213223175,-3.5509953722369465,-0.16973921519190063,-1209869.6085179253,-4.001728660171993
9,case_0009_steps_0160_mesh_21x1,154,160,21,1,0.765,1461676.6255449,-78034.854732943,2836338.1643958,9269819.53816105,-72859998.1980211,1130996.53327507,2836338.1643958,-1461676.6255449,-78034.854732943,0.39792537200197486,-0.2050665968775437,-0.010947935964942021,-0.43060543271525037,-1.9404689893966376,0.018096552153157742,128988.86355938508,0.03964181102708413,282559.4682646347,-0.18697004472438594,-1332687.761985515,-2.1282840927195577,-0.16542478585045955,-1179117.1572802654,-2.405476119894699
9,case_0009_steps_0160_mesh_21x1,155,160,21,1,0.77,1391813.90358572,-50960.7886518584,3093394.95385399,6000313.33411453,-80755466.6782831,1769609.9642913,3093394.95385399,-1391813.90358572,-50960.7886518584,0.4339892729341028,-0.1952651740522794,-0.0071495673669520095,-0.4772679595546372,-2.222563624263631,0.018096552153157742,128988.86355938508,0.03964181102708413,282559.4682646347,-0.17716862189912164,-1262825.040026335,-2.449583161408868,-0.15562336302519525,-1109254.4353210854,-2.7887154248417083
9,case_0009_steps_0160_mesh_21x1,156,160,21,1,0.775,1307297.79516461,-28717.7057366662,1204946.61742565,6674029.81512669,-45183929.6246712,1827140.58332979,1204946.61742565,-1307297.79516461,-28717.7057366662,0.16904854188420168,-0.18340794760946783,-0.004028963782159046,-0.26703878738684084,-0.9217078326625094,0.018096552153157742,128988.86355938508,0.03964181102708413,282559.4682646347,-0.16531139545631007,-1178308.931605225,-1.0226067078895311,-0.14376613658238369,-1024738.3268999753,-1.175857861265752
9,case_0009_steps_0160_mesh_21x1,157,160,21,1,0.78,1214923.25240234,20774.0494861772,-81276.5001879895,1379117.10581132,-25002422.6695638,2331791.6329793,-81276.5001879895,-1214923.25240234,20774.0494861772,-0.01140272411037202,-0.17044821849338096,0.0029145048617767485,-0.14776529369787328,0.06689846459624231,0.018096552153157742,128988.86355938508,0.03964181102708413,282559.4682646347,-0.1523516663402232,-1085934.388842955,0.07484476136222949,-0.13080640746629682,-932363.7841377053,0.08717251953662904
9,case_0009_steps_0160_mesh_21x1,158,160,21,1,0.785,951775.532255466,-323106.923249473,-9014005.97825954,18101654.6186577,103083048.590884,-2516066.91274928,-9014005.97825954,-951775.532255466,-323106.923249473,-1.2646241295036267,-0.13352978762876558,-0.04533043494052083,0.6092248399930702,9.470726734168757,0.018096552153157742,128988.86355938508,0.03964181102708413,282559.4682646347,-0.11543323547560784,-822786.6686960809,10.955459441928697,-0.09388797660168144,-669216.0639908313,13.469500305334927
9,case_0009_steps_0160_mesh_21x1,159,160,21,1,0.79,1125019.91860505,270639.453423012,-3947719.8654391,-3778101.72248306,33798797.0828272,4352676.9704793,-3947719.8654391,-1125019.91860505,270639.453423012,-0.553847180753595,-0.1578351887797237,0.037969487042707535,0.19975220975919594,3.5090221960994348,0.018096552153157742,128988.86355938508,0.03964181102708413,282559.4682646347,-0.13973863662656594,-996031.055045665,3.963450582630789,-0.11819337775263955,-842460.4503404154,4.68594088166861
9,case_0009_steps_0160_mesh_21x1,160,160,21,1,0.795,1113990.45300261,-263946.746504068,1032771.54247144,14908014.1241644,-22188888.8744678,-2341130.12022007,1032771.54247144,-1113990.45300261,-263946.746504068,0.14489316026904206,-0.15628780481192772,-0.037030530636221255,-0.1311371991705638,-0.9270919150947341,0.018096552153157742,128988.86355938508,0.03964181102708413,282559.4682646347,-0.13819125265876997,-985001.589443225,-1.0484973359842162,-0.11664599378484358,-831430.9847379753,-1.2421614799416179
10,case_0010_steps_0200_mesh_21x1,1,200,21,1,0.0,1251388.09280911,-4.71118255518377e-10,18825544.9370631,6.17769728705753e-08,-194291215.084951,1.39357325679157e-09,18825544.9370631,-1251388.09280911,-4.71118255518377e-10,2.641138516646694,-0.17556407011008957,-6.60957531218802e-17,-1.148268663376105,-15.043730274597396,0.018096552153157742,128988.86355938508,0.03964181102708413,282559.4682646347,-0.1574675179569318,-1122399.229249725,-16.772592537903968,-0.13592225908300543,-968828.6245444752,-19.43124352453409
10,case_0010_steps_0200_mesh_21x1,2,200,21,1,0.005,1390551.34517861,8.59017745824531e-10,2711107.54722735,7.1485466435206e-09,-40247608.6118551,-4.86801354782074e-09,2711107.54722735,-1390551.34517861,8.59017745824531e-10,0.38035608476100596,-0.19508804283776832,1.2051629116528155e-16,-0.2378649375609319,-1.9496637478561576,0.018096552153157742,128988.86355938508,0.03964181102708413,282559.4682646347,-0.17699149068461056,-1261562.481619225,-2.149007747715851,-0.15544623181068418,-1107991.8769139752,-2.4468659055321225
10,case_0010_steps_0200_mesh_21x1,3,200,21,1,0.01,1368403.22472095,5.82758730161004e-10,100838.832042394,-1.43752778569706e-08,-9800434.09076114,5.27001020600437e-09,100838.832042394,-1368403.22472095,5.82758730161004e-10,0.014147230487681309,-0.19198076205478865,8.17584050441018e-17,-0.05792094793881167,-0.07369087577454185,0.018096552153157742,128988.86355938508,0.03964181102708413,282559.4682646347,-0.1738842099016309,-1239414.361161565,-0.08136006423863687,-0.1523389510277045,-1085843.7564563153,-0.09286679731113863
10,case_0010_steps_0200_mesh_21x1,4,200,21,1,0.015,1370449.06761965,-1.72076397575438e-09,457420.727509294,6.50959322001654e-08,-12825594.2336579,-1.963087470358e-08,457420.727509294,-1370449.06761965,-1.72076397575438e-09,0.06417405210719074,-0.19226778452860435,-2.414153762675623e-16,-0.07579976244035208,-0.33377433595820805,0.018096552153157742,128988.86355938508,0.03964181102708413,282559.4682646347,-0.1741712323754466,-1241460.2040602649,-0.3684537982073642,-0.1526259735015202,-1087889.5993550152,-0.42046612797887606
10,case_0010_steps_0200_mesh_21x1,5,200,21,1,0.02,1365908.23288794,-9.18589648790658e-11,526984.529065707,4.12225276136269e-08,-13753276.4564233,-7.66254970585578e-09,526984.529065707,-1365908.23288794,-9.18589648790658e-11,0.07393353775656988,-0.19163072602391082,-1.2887395878976642e-17,-0.0812824005797391,-0.3858125431688068,0.018096552153157742,128988.86355938508,0.03964181102708413,282559.4682646347,-0.17353417387075307,-1236919.369328555,-0.4260459833786688,-0.15198891499682668,-1083348.7646233053,-0.4864403286128696
10,case_0010_steps_0200_mesh_21x1,6,200,21,1,0.025,1441348.38497963,1.0379835657659e-08,-61546.7405780233,-7.94148480309786e-07,2851046.78478838,8.01005057837756e-08,-61546.7405780233,-1441348.38497963,1.0379835657659e-08,-0.008634728378813064,-0.20221463698410697,1.4562438348296116e-15,0.016849797760337685,0.04270080795136363,0.018096552153157742,128988.86355938508,0.03964181102708413,282559.4682646347,-0.1841180848309492,-1312359.5214202448,0.04689777425580528,-0.16257282595702283,-1158788.9167149952,0.05311298692129342
10,case_0010_steps_0200_mesh_21x1,7,200,21,1,0.03,1431842.80130884,-7.98991095507517e-09,-343999.077387729,2.52655102173094e-07,6084595.58959933,-3.71817918676243e-08,-343999.077387729,-1431842.80130884,-7.98991095507517e-09,-0.04826150934897702,-0.20088104673532198,-1.120948245512967e-15,0.03596019738616855,0.24024919290950184,0.018096552153157742,128988.86355938508,0.03964181102708413,282559.4682646347,-0.18278449458216423,-1302853.937749455,0.26403502911612003,-0.16123923570823784,-1149283.3330442053,0.2993161629487388
10,case_0010_steps_0200_mesh_21x1,8,200,21,1,0.035,1524306.71923138,5.3054463933222e-08,3097822.53032741,-4.27277535663961e-06,-66954918.7115923,6.17968908045441e-07,3097822.53032741,-1524306.71923138,5.3054463933222e-08,0.4346104418191705,-0.21385331478077366,7.443300506972506e-15,-0.3957061825044442,-2.0322829331156287,0.018096552153157742,128988.86355938508,0.03964181102708413,282559.4682646347,-0.1957567626276159,-1395317.8556719949,-2.2201554418118423,-0.17421150375368952,-1241747.2509667452,-2.4947287202896105
10,case_0010_steps_0200_mesh_21x1,9,200,21,1,0.04,1620717.07134527,3.63856543117436e-07,-301344.262821732,-2.18303465544523e-05,11663271.9737372,2.12688905776304e-06,-301344.262821732,-1620717.07134527,3.63856543117436e-07,-0.04227723245036351,-0.22737924963273917,5.1047421669553006e-14,0.06893039252453846,0.18593267643661107,0.018096552153157742,128988.86355938508,0.03964181102708413,282559.4682646347,-0.20928269747958142,-1491728.2077858848,0.20201016595979354,-0.18773743860565503,-1338157.6030806352,0.22519340182949546
10,case_0010_steps_0200_mesh_21x1,10,200,21,1,0.045,1699558.47113685,1.59514684128226e-06,-56638.5682534094,-0.000220334296539448,7953992.48380748,3.24412051782019e-05,-56638.5682534094,-1699558.47113685,1.59514684128226e-06,-0.007946134076963363,-0.23844034020897661,2.2379186240306206e-13,0.04700840598424272,0.03332546023881329,0.018096552153157742,128988.86355938508,0.03964181102708413,282559.4682646347,-0.22034378805581886,-1570569.607577465,0.03606243746227327,-0.19879852918189247,-1416999.0028722154,0.039970789068026646
10,case_0010_steps_0200_mesh_21x1,11,200,21,1,0.05,1567516.99719223,1.89580214282614e-06,227739.442398581,1.78882823540505e-05,-13422141.0725795,-1.44481875850033e-05,227739.442398581,-1567516.99719223,1.89580214282614e-06,0.03195081019377757,-0.21991552067276496,2.6597243671293105e-13,-0.0793253775386479,-0.1452867450920869,0.018096552153157742,128988.86355938508,0.03964181102708413,282559.4682646347,-0.2018189685196072,-1438528.133632845,-0.1583142081645981,-0.18027370964568082,-1284957.5289275954,-0.17723499592134273
10,case_0010_steps_0200_mesh_21x1,12,200,21,1,0.055,1566219.77494747,-7.03614091435156e-06,1026674.72267944,0.00162703608020465,-26913353.5258801,-0.000282205918324507,1026674.72267944,-1566219.77494747,-7.03614091435156e-06,0.1440378041220865,-0.2197335262791503,-9.87138637398016e-13,-0.15905896963287147,-0.6555112756853514,0.018096552153157742,128988.86355938508,0.03964181102708413,282559.4682646347,-0.20163697412599255,-1437230.911388085,-0.714342221938347,-0.18009171525206616,-1283660.3066828353,-0.7998025001898802
10,case_0010_steps_0200_mesh_21x1,13,200,21,1,0.06,1468699.99252476,1.90298742381856e-05,-620101.443151766,-0.00756826605971384,7647842.80920833,0.00117182988316245,-620101.443151766,-1468699.99252476,1.90298742381856e-05,-0.08699741820019963,-0.20605194338990587,2.669804990264234e-12,0.045199049459855915,0.4222111025450366,0.018096552153157742,128988.86355938508,0.03964181102708413,282559.4682646347,-0.18795539123674812,-1339711.128965375,0.46286205268045705,-0.16641013236282173,-1186140.5242601254,0.5227891893657073
10,case_0010_steps_0200_mesh_21x1,14,200,21,1,0.065,1375124.4280675,-4.30369643709128e-05,-1341881.44220758,0.0013691951574053,27393756.6937857,0.000189848947854898,-1341881.44220758,-1375124.4280675,-4.30369643709128e-05,-0.18825987633486027,-0.1929237163807396,-6.037890781891062e-12,0.1618981711029504,0.975825470640037,0.018096552153157742,128988.86355938508,0.03964181102708413,282559.4682646347,-0.17482716422758185,-1246135.564508115,1.0768342389274947,-0.15328190535365546,-1092564.9598028653,1.2281937382008843
10,case_0010_steps_0200_mesh_21x1,15,200,21,1,0.07,1356482.90334227,5.35091492110951e-05,-964790.141712585,0.0721437837242114,21660884.0706409,-0.0110111077734132,-964790.141712585,-1356482.90334227,5.35091492110951e-05,-0.1353556782699782,-0.1903083950646541,7.507090787910328e-12,0.12801667017453386,0.7112438640659723,0.018096552153157742,128988.86355938508,0.03964181102708413,282559.4682646347,-0.17221184291149635,-1227494.039782885,0.7859835652507395,-0.15066658403756997,-1073923.4350776353,0.8983788882890325
10,case_0010_steps_0200_mesh_21x1,16,200,21,1,0.075,1398845.60483894,-0.000126816469219193,-1151437.65354347,-0.0619236476933764,23937576.8296206,0.00517943156847878,-1151437.65354347,-1398845.60483894,-0.000126816469219193,-0.16154147709709704,-0.19625168982536964,-1.7791775086442895e-11,0.14147201322814867,0.8231341969123489,0.018096552153157742,128988.86355938508,0.03964181102708413,282559.4682646347,-0.1781551376722119,-1269856.741279555,0.9067461045906946,-0.1566098787982855,-1116286.1365743054,1.0314897012669517
10,case_0010_steps_0200_mesh_21x1,17,200,21,1,0.08,1333924.69250435,-0.00729257464536204,-2497121.35062749,1.48593861009229,32254451.1899193,-0.191377119547667,-2497121.35062749,-1333924.69250435,-0.00729257464536204,-0.35033479253493394,-0.18714358046248186,-1.0231151260576244e-09,0.19062506526393724,1.8720107399311423,0.018096552153157742,128988.86355938508,0.03964181102708413,282559.4682646347,-0.1690470283093241,-1204935.828944965,2.072410240148602,-0.14750176943539772,-1051365.2242397154,2.375122643449862
10,case_0010_steps_0200_mesh_21x1,18,200,21,1,0.085,1262257.70060091,0.0146440505270675,-2614515.1119915,-2.49395202417501,32565836.0286068,0.315086154605922,-2614515.1119915,-1262257.70060091,0.0146440505270675,-0.36680460447339713,-0.1770890267525529,2.054493828256327e-09,0.1924653618123887,2.071300583665946,0.018096552153157742,128988.86355938508,0.03964181102708413,282559.4682646347,-0.15899247459939514,-1133268.837041525,2.30705638991792,-0.13744721572546875,-979698.2323362753,2.668694324125395
10,case_0010_steps_0200_mesh_21x1,19,200,21,1,0.09,1311367.88857207,-0.248193877773247,2287982.56058374,51.4119940721738,-27087161.0600596,-7.13425523006742,2287982.56058374,-1311367.88857207,-0.248193877773247,0.32099356944917046,-0.18397896324278576,-3.4820474646248865e-08,-0.16008617894271973,-1.7447297440500025,0.018096552153157742,128988.86355938508,0.03964181102708413,282559.4682646347,-0.165882411089628,-1182379.025012685,-1.935066938927806,-0.14433715221570162,-1028808.4203074353,-2.2239150802245864
10,case_0010_steps_0200_mesh_21x1,20,200,21,1,0.095,1336431.68338819,-9.20383898880254,2423781.30562937,1488.25574530823,-36346683.2815113,-221.036724122459,2423781.30562937,-1336431.68338819,-9.20383898880254,0.34004551706882064,-0.18749529990573452,-1.291256839342959e-06,-0.21481031662480082,-1.8136215533924451,0.018096552153157742,128988.86355938508,0.03964181102708413,282559.4682646347,-0.16939874775257677,-1207442.819828805,-2.0073673600320228,-0.14785348887865038,-1053872.2151235554,-2.299881589861639
10,case_0010_steps_0200_mesh_21x1,21,200,21,1,0.1,1498722.33371884,86.5566572730984,3644274.53661437,-17704.3186809259,-76681975.8788894,2817.36861890739,3644274.53661437,-1498722.33371884,86.5566572730984,0.5112751782785077,-0.21026394160577072,1.2143506185900169e-05,-0.4531934699620454,-2.4315875293401983,0.018096552153157742,128988.86355938508,0.03964181102708413,282559.4682646347,-0.19216738945261297,-1369733.470159455,-2.660572013466334,-0.17062213057868658,-1216162.8654542053,-2.9965349544309
10,case_0010_steps_0200_mesh_21x1,22,200,21,1,0.105,1481271.41893857,-704.238541228006,729305.286988744,81557.7330470553,-20373946.7948493,-18370.4801314418,729305.286988744,-1481271.41893857,-704.238541228006,0.10231822187881597,-0.20781565746148817,-9.880147121172989e-05,-0.1204108206518162,-0.4923508802399901,0.018096552153157742,128988.86355938508,0.03964181102708413,282559.4682646347,-0.18971910530833042,-1352282.555379185,-0.5393142757685314,-0.16817384643440403,-1198711.9506739352,-0.6084074548340965
10,case_0010_steps_0200_mesh_21x1,23,200,21,1,0.11,1471689.41263928,-29.1998340019784,-1460707.2821658,40998.7823881017,29151833.151339,-9575.63236730015,-1460707.2821658,-1471689.41263928,-29.1998340019784,-0.2049306024007327,-0.20647134546476176,-4.0966041896870705e-06,0.172288471576109,0.9925377390234906,0.018096552153157742,128988.86355938508,0.03964181102708413,282559.4682646347,-0.188374793311604,-1342700.549079895,1.0878876032088993,-0.16682953443767762,-1189129.9443746454,1.2283832301725235
10,case_0010_steps_0200_mesh_21x1,24,200,21,1,0.115,1362434.71856834,-1132.08149041129,646695.162264715,631802.930548265,-23261031.1938976,-103535.966536482,646695.162264715,-1362434.71856834,-1132.08149041129,0.09072839629857123,-0.1911434077290997,-0.00015882589525583786,-0.13747360211879966,-0.4746613936440703,0.018096552153157742,128988.86355938508,0.03964181102708413,282559.4682646347,-0.17304685557594196,-1233445.8550089549,-0.5242995950235853,-0.15150159670201557,-1079875.2503037052,-0.5988609907328071
10,case_0010_steps_0200_mesh_21x1,25,200,21,1,0.12,1393506.38225384,-14139.6352521578,805581.253067062,2872514.40322455,-20821288.6369492,-510248.016638601,805581.253067062,-1393506.38225384,-14139.6352521578,0.11301939374807025,-0.19550262112825614,-0.0019837266544293383,-0.1230546283961636,-0.5780965651295581,0.018096552153157742,128988.86355938508,0.03964181102708413,282559.4682646347,-0.1774060689750984,-1264517.518694455,-0.6370661071574402,-0.155860810101172,-1110946.9139892054,-0.725130285635673
10,case_0010_steps_0200_mesh_21x1,26,200,21,1,0.125,1410115.84967536,14311.6745146459,1166751.77616916,-1448616.79910312,-28930357.0805085,83214.0525371041,1166751.77616916,-1410115.84967536,14311.6745146459,0.16368997899972884,-0.19783285402693834,0.002007862982171875,-0.1709795393543864,-0.8274155463451972,0.018096552153157742,128988.86355938508,0.03964181102708413,282559.4682646347,-0.1797363018737806,-1281126.9861159748,-0.9107229718940125,-0.1581910429998542,-1127556.3814107252,-1.0347613612983113
10,case_0010_steps_0200_mesh_21x1,27,200,21,1,0.13,1406615.2985258,49581.1109298237,1991260.55211739,-7156325.10403148,-43535213.3493243,1131823.80056539,1991260.55211739,-1406615.2985258,49581.1109298237,0.27936481830718607,-0.19734174258758805,0.006956004844092382,-0.25729480985830844,-1.4156397660428734,0.018096552153157742,128988.86355938508,0.03964181102708413,282559.4682646347,-0.1792451904344303,-1277626.434966415,-1.558562422958738,-0.1576999315605039,-1124055.8302611653,-1.7714961290265598
10,case_0010_steps_0200_mesh_21x1,28,200,21,1,0.135,1381789.30667179,19423.6104470033,-532447.482634248,-7347415.05784609,6901707.14764808,1181079.12443165,-532447.482634248,-1381789.30667179,19423.6104470033,-0.07469996534911835,-0.19385876860097623,0.002725044393425389,0.040789358582054645,0.38533188819988295,0.018096552153157742,128988.86355938508,0.03964181102708413,282559.4682646347,-0.17576221644781848,-1252800.443112405,0.4250058224049297,-0.1542169575738921,-1099229.8384071554,0.4843823048015088
10,case_0010_steps_0200_mesh_21x1,29,200,21,1,0.14,1122686.70934936,-2028.19457156769,-429610.010936524,-1603085.71023564,-7257148.99665589,661121.014265723,-429610.010936524,-1122686.70934936,-2028.19457156769,-0.06027233478843852,-0.15750785011020838,-0.00028454649361437555,-0.042890033780826106,0.3826624180716448,0.018096552153157742,128988.86355938508,0.03964181102708413,282559.4682646347,-0.13941129795705062,-993697.845789975,0.4323346505747836,-0.11786603908312424,-840127.2410847254,0.5113630292261867
10,case_0010_steps_0200_mesh_21x1,30,200,21,1,0.145,1057123.41919121,-833541.400781738,-8085824.51295191,43374697.6198739,139477704.785142,-10519599.5699665,-8085824.51295191,-1057123.41919121,-833541.400781738,-1.1344044823881159,-0.14830961805404844,-0.11694207557785224,0.8243186784043492,7.648893559787236,0.018096552153157742,128988.86355938508,0.03964181102708413,282559.4682646347,-0.13021306590089068,-928134.555631825,8.711909780632515,-0.1086678070269643,-774563.9509265753,10.439195502552382
10,case_0010_steps_0200_mesh_21x1,31,200,21,1,0.15,1258581.11062706,-205372.472564776,11860699.075019,34592796.9513762,-191800169.374025,-9962825.36134455,11860699.075019,-1258581.11062706,-205372.472564776,1.6640022515213047,-0.1765732178650909,-0.028812825836552737,-1.133546486011353,-9.423865474279738,0.018096552153157742,128988.86355938508,0.03964181102708413,282559.4682646347,-0.15847666571193314,-1129592.247067675,-10.499982720143805,-0.13693140683800675,-976021.6423624253,-12.152086142588605
10,case_0010_steps_0200_mesh_21x1,32,200,21,1,0.155,855106.119633061,-618842.383606937,-11934634.3824464,30905733.4218464,50678544.7918358,-19208948.7001888,-11934634.3824464,-855106.119633061,-618842.383606937,-1.6743750396047015,-0.11996750776317795,-0.08682077786018734,0.29951217745240566,13.956904422070718,0.018096552153157742,128988.86355938508,0.03964181102708413,282559.4682646347,-0.10187095561002021,-726117.2560736759,16.436235721735066,-0.08032569673609383,-572546.6513684263,20.844824354350507
10,case_0010_steps_0200_mesh_21x1,33,200,21,1,0.16,686263.367635352,590235.694517192,1743143.89483081,-15108524.7809824,-20199036.1757905,4865986.95855714,1743143.89483081,-686263.367635352,590235.694517192,0.24455517734475843,-0.0962796359353708,0.08280738920975238,-0.11937709206728335,-2.5400509149091497,0.018096552153157742,128988.86355938508,0.03964181102708413,282559.4682646347,-0.07818308378221306,-557274.5040759669,-3.127980702654193,-0.056637824908286664,-403703.89937071723,-4.317877279728969
10,case_0010_steps_0200_mesh_21x1,34,200,21,1,0.165,1301416.96334372,-69996.1116210987,18113385.4604352,3417436.56363244,-285473734.533523,-4644978.52118509,18113385.4604352,-1301416.96334372,-69996.1116210987,2.5412257741468034,-0.18258289359461724,-0.009820136789454646,-1.6871609117193873,-13.918202982306783,0.018096552153157742,128988.86355938508,0.03964181102708413,282559.4682646347,-0.1644863414414595,-1172428.099784335,-15.449463778433074,-0.1429410825675331,-1018857.4950790852,-17.778134378870337
10,case_0010_steps_0200_mesh_21x1,35,200,21,1,0.17,1139518.69620309,662437.025297799,-1948210.70666379,-9767508.55885722,-6680085.83898297,11472546.4288184,-1948210.70666379,-1139518.69620309,662437.025297799,-0.2733251203678536,-0.15986930147534542,0.09293690823909949,-0.039479567999061584,1.7096785802245156,0.018096552153157742,128988.86355938508,0.03964181102708413,282559.4682646347,-0.14177274932218767,-1010529.832643705,1.927910135583988,-0.12022749044826128,-856959.2279384553,2.27339953074606
10,case_0010_steps_0200_mesh_21x1,36,200,21,1,0.175,1704392.64133254,296700.968874249,-19976691.5221166,-15854066.3281328,178014470.295334,6062458.28654387,-19976691.5221166,-1704392.64133254,296700.968874249,-2.8026391581556362,-0.2391185523479902,0.041625799382698864,1.0520724664687178,11.720709792843442,0.018096552153157742,128988.86355938508,0.03964181102708413,282559.4682646347,-0.22102200019483245,-1575403.777773155,12.680362840283273,-0.19947674132090606,-1421833.1730679052,14.049954594189607
10,case_0010_steps_0200_mesh_21x1,37,200,21,1,0.18,1929765.0722316,131462.143580418,16089665.997959,17651719.8877842,-214522538.920105,784417.184775058,16089665.997959,-1929765.0722316,131462.143580418,2.257307118028088,-0.27073728157085136,0.018443542115352263,-1.2678365767702542,-8.337629398252474,0.018096552153157742,128988.86355938508,0.03964181102708413,282559.4682646347,-0.2526407294176936,-1800776.208672215,-8.934850383114822,-0.23109547054376722,-1647205.6039669653,-9.767855305500573
10,case_0010_steps_0200_mesh_21x1,38,200,21,1,0.185,2230786.5615859,-591685.661357492,-9974455.98150724,58957673.1039996,113151383.001881,-7424600.63596753,-9974455.98150724,-2230786.5615859,-591685.661357492,-1.3993709060443051,-0.3129692303686122,-0.08301081297690385,0.6687290892792986,4.471273116517364,0.018096552153157742,128988.86355938508,0.03964181102708413,282559.4682646347,-0.29487267821545443,-2101797.6980265146,4.745678421321313,-0.27332741934152804,-1948227.0933212652,5.1197604302397615
10,case_0010_steps_0200_mesh_21x1,39,200,21,1,0.19,2070880.1714466,176841.322042984,1749619.46796742,-14247308.6894251,-45988231.3875254,4656974.17359433,1749619.46796742,-2070880.1714466,176841.322042984,0.24546367086702517,-0.2905350895526744,0.02481003490437667,-0.2717922421932243,-0.8448675553956531,0.018096552153157742,128988.86355938508,0.03964181102708413,282559.4682646347,-0.2724385373995166,-1941891.307887215,-0.900987331711687,-0.25089327852559024,-1788320.7031819653,-0.9783588955014142
10,case_0010_steps_0200_mesh_21x1,40,200,21,1,0.195,2215844.24649631,-214567.542278876,-862957.09908849,23347455.6645667,-1594981.89038243,-78868.4198546742,-862957.09908849,-2215844.24649631,-214567.542278876,-0.12106896454981854,-0.31087289137588053,-0.030102852386453487,-0.009426405216405403,0.3894484463215303,0.018096552153157742,128988.86355938508,0.03964181102708413,282559.4682646347,-0.2927763392227228,-2086855.382936925,0.4135203168098845,-0.2712310803487964,-1933284.7782316753,0.44636833062835896
10,case_0010_steps_0200_mesh_21x1,41,200,21,1,0.2,2140888.10846063,60415.6171674366,1526685.29594545,-1646743.83669746,-31110718.1198587,4616021.41605326,1526685.29594545,-2140888.10846063,60415.6171674366,0.21418701829880363,-0.3003568853910888,0.008476036897808457,-0.18386555818564085,-0.7131084010939683,0.018096552153157742,128988.86355938508,0.03964181102708413,282559.4682646347,-0.28226033323793104,-2011899.2449012448,-0.7588279084126741,-0.26071507436400465,-1858328.640195995,-0.8215367631553226
10,case_0010_steps_0200_mesh_21x1,42,200,21,1,0.205,2282857.96153298,75459.0379142852,1437291.69457966,-672288.367835568,-45100773.0146213,4174345.24283642,1437291.69457966,-2282857.96153298,75459.0379142852,0.20164550173191154,-0.32027461145987546,0.01058656055539466,-0.2665473285762552,-0.629601893240214,0.018096552153157742,128988.86355938508,0.03964181102708413,282559.4682646347,-0.3021780593067177,-2153869.097973595,-0.6673068924810213,-0.2806328004327913,-2000298.4932683455,-0.7185386078210895
10,case_0010_steps_0200_mesh_21x1,43,200,21,1,0.21,2708707.64714201,-55053.860809498,802576.229008002,18150011.3378157,-38866441.0434348,1669666.46436773,802576.229008002,-2708707.64714201,-55053.860809498,0.11259780251061248,-0.380019389670761,-0.007723806814633178,-0.22970218333143694,-0.29629488802706705,0.018096552153157742,128988.86355938508,0.03964181102708413,282559.4682646347,-0.36192283751760324,-2579718.7835826245,-0.31110996830957355,-0.34037757864367685,-2426148.178877375,-0.3308026426396467
10,case_0010_steps_0200_mesh_21x1,44,200,21,1,0.215,2609100.96624519,-27834.9073268583,3867747.98207976,10215350.4460142,-70914845.7454525,1506063.56017755,3867747.98207976,-2609100.96624519,-27834.9073268583,0.5426274884633976,-0.3660450243967978,-0.003905111171763278,-0.41910950581090156,-1.4824064043968046,0.018096552153157742,128988.86355938508,0.03964181102708413,282559.4682646347,-0.34794847224364006,-2480112.1026858045,-1.5595053053816534,-0.3264032133697137,-2326541.497980555,-1.6624453015073992
10,case_0010_steps_0200_mesh_21x1,45,200,21,1,0.22,2494174.55216785,-52463.2962283014,3458040.83274337,14048478.16604,-69312696.6172308,843083.612688179,3458040.83274337,-2494174.55216785,-52463.2962283014,0.48514743483013095,-0.3499213700848232,-0.007360362360932999,-0.40964074193916433,-1.3864470029724907,0.018096552153157742,128988.86355938508,0.03964181102708413,282559.4682646347,-0.33182481793166546,-2365185.688608465,-1.4620589196858689,-0.3102795590577391,-2211615.0839032154,-1.563581681962656
10,case_0010_steps_0200_mesh_21x1,46,200,21,1,0.225,1926989.607367,-38797.2136888325,5902833.85421115,1376852.69881767,-96658918.1608441,896812.892046171,5902833.85421115,-1926989.607367,-38797.2136888325,0.8281408002713194,-0.27034789644654283,-0.005443073002918003,-0.5712579784495343,-3.063241146524222,0.018096552153157742,128988.86355938508,0.03964181102708413,282559.4682646347,-0.2522513442933851,-1798000.743807615,-3.282998560785217,-0.2307060854194587,-1644430.1391023654,-3.5895923541229258
10,case_0010_steps_0200_mesh_21x1,47,200,21,1,0.23,1608506.39733388,-36569.0042182445,7894421.56691127,7012572.16647614,-128855020.785434,93049.8949648113,7894421.56691127,-1608506.39733388,-36569.0042182445,1.107551517723474,-0.22566614748597444,-0.005130465326720505,-0.7615382014153191,-4.907920528010567,0.018096552153157742,128988.86355938508,0.03964181102708413,282559.4682646347,-0.2075695953328167,-1479517.533774495,-5.335808050054864,-0.1860243364588903,-1325946.9290692452,-5.953799050202407
10,case_0010_steps_0200_mesh_21x1,48,200,21,1,0.235,1284876.46717382,-72377.9182193439,6854148.33226024,11323477.4180664,-119668510.825462,-714985.07769363,6854148.33226024,-1284876.46717382,-72377.9182193439,0.9616059040873831,-0.18026233704951752,-0.010154293445575861,-0.7072455690478902,-5.334480401323282,0.018096552153157742,128988.86355938508,0.03964181102708413,282559.4682646347,-0.16216578489635977,-1155887.6036144348,-5.929770602978586,-0.14062052602243338,-1002316.9989091852,-6.838303989376179
10,case_0010_steps_0200_mesh_21x1,49,200,21,1,0.24,1054460.44323785,-85161.6659925291,9077246.60818139,12143769.9960189,-166478872.054949,-749141.971365682,9077246.60818139,-1054460.44323785,-85161.6659925291,1.2734965028698162,-0.14793601461346614,-0.01194779524027733,-0.9838966306907642,-8.608427813857666,0.018096552153157742,128988.86355938508,0.03964181102708413,282559.4682646347,-0.1298394624603084,-925471.5796784649,-9.808239180434999,-0.108294203586382,-771900.9749732153,-11.759599874189004
10,case_0010_steps_0200_mesh_21x1,50,200,21,1,0.245,1084152.91520401,-112299.851924548,11239918.3102808,15353760.9643777,-198246403.07507,-716887.346724721,11239918.3102808,-1084152.91520401,-112299.851924548,1.5769095275855673,-0.1521017336737353,-0.015755159562351313,-1.1716439787491104,-10.367465836833297,0.018096552153157742,128988.86355938508,0.03964181102708413,282559.4682646347,-0.13400518152057755,-955164.0516446249,-11.767526521677226,-0.11245992264665117,-801593.4469393753,-14.021968808748106
10,case_0010_steps_0200_mesh_21x1,51,200,21,1,0.25,1256007.55385638,45349.7934659693,13927549.9181258,1692611.00688846,-234237187.707162,3410376.46385337,13927549.9181258,-1256007.55385638,45349.7934659693,1.9539720445946454,-0.1762121595300178,0.0063623702073630235,-1.3843509204668811,-11.088746938952221,0.018096552153157742,128988.86355938508,0.03964181102708413,282559.4682646347,-0.15811560737686003,-1127018.690296995,-12.357869517191038,-0.13657034850293365,-973448.0855917453,-14.307439836053959
10,case_0010_steps_0200_mesh_21x1,52,200,21,1,0.255,1425081.97885356,-56638.9776664841,6777437.73877573,14730289.9094804,-150263194.479868,3139352.1297273,6777437.73877573,-1425081.97885356,-56638.9776664841,0.950843755965557,-0.19993253402822392,-0.007946191515759659,-0.8880613434044357,-4.755823060949796,0.018096552153157742,128988.86355938508,0.03964181102708413,282559.4682646347,-0.18183598187506617,-1296093.115294175,-5.2291287244724325,-0.16029072300113978,-1142522.5105889253,-5.931994928732063
10,case_0010_steps_0200_mesh_21x1,53,200,21,1,0.26,1372967.04431423,114193.12836092,-5359681.1167345,-564631.494822067,27612646.9981584,5056803.96273605,-5359681.1167345,-1372967.04431423,114193.12836092,-0.7519389362526374,-0.19262104523124576,0.016020777653911418,0.16319182134399773,3.9037216071064216,0.018096552153157742,128988.86355938508,0.03964181102708413,282559.4682646347,-0.174524493078088,-1243978.180754845,4.308500904318313,-0.15297923420416162,-1090407.5760495954,4.915300695316082
10,case_0010_steps_0200_mesh_21x1,54,200,21,1,0.265,1405593.45283811,-64310.2504989965,-2551630.51407801,12519023.6754813,11257550.3732906,832369.514159968,-2551630.51407801,-1405593.45283811,-64310.2504989965,-0.35798218078216193,-0.19719838227515885,-0.009022436278787205,0.06653256203259401,1.8153403524510408,0.018096552153157742,128988.86355938508,0.03964181102708413,282559.4682646347,-0.1791018301220011,-1276604.589278725,1.9987633880586846,-0.1575565712480747,-1123033.9845734753,2.2720866413024097
10,case_0010_steps_0200_mesh_21x1,55,200,21,1,0.27,1352464.80312431,7279.69429516426,2055865.73749325,-818064.99769161,-58034773.4154116,1735244.46817058,2055865.73749325,-1352464.80312431,7279.69429516426,0.28842863261066215,-0.18974467383985666,0.0010213080713811736,-0.3429877756949157,-1.520088162548869,0.018096552153157742,128988.86355938508,0.03964181102708413,282559.4682646347,-0.1716481216866989,-1223475.939564925,-1.6803483182712426,-0.15010286281277252,-1069905.3348596753,-1.9215398507783772
10,case_0010_steps_0200_mesh_21x1,56,200,21,1,0.275,1465884.83201358,4845.45472459414,5954563.11806925,2007361.49453386,-121745055.846782,1232955.94553527,5954563.11806925,-1465884.83201358,4845.45472459414,0.8353981812220524,-0.2056569891465372,0.0006797953072050499,-0.7195180311611611,-4.062094775815298,0.018096552153157742,128988.86355938508,0.03964181102708413,282559.4682646347,-0.18756043699337946,-1336895.968454195,-4.454021299020221,-0.16601517811945307,-1183325.3637489453,-5.032059060412883
10,case_0010_steps_0200_mesh_21x1,57,200,21,1,0.28,1522132.13003575,4795.11764745031,1739432.74335661,4866081.9907193,-56383700.5994754,1338390.87010086,1739432.74335661,-1522132.13003575,4795.11764745031,0.24403451963565156,-0.21354822978580204,0.0006727332437320162,-0.3332298709195364,-1.1427606769694534,0.018096552153157742,128988.86355938508,0.03964181102708413,282559.4682646347,-0.1954516776326443,-1393143.266476365,-1.2485670248086576,-0.1739064187587179,-1239572.6617711154,-1.4032519407706918
10,case_0010_steps_0200_mesh_21x1,58,200,21,1,0.285,1635772.76590303,29142.3350304142,2399232.63267484,1793377.70193711,-68863625.2136689,1328084.04866936,2399232.63267484,-1635772.76590303,29142.3350304142,0.33660144966521927,-0.2294914952502927,0.004088537344930466,-0.4069867124190803,-1.4667273368806462,0.018096552153157742,128988.86355938508,0.03964181102708413,282559.4682646347,-0.21139494309713494,-1506783.902343645,-1.59228714146938,-0.18984968422320855,-1353213.2976383953,-1.772989252220577
10,case_0010_steps_0200_mesh_21x1,59,200,21,1,0.29,1710267.49998252,95987.9945733114,3763107.11115011,-7467825.14361246,-90967037.4699698,1767764.98291446,3763107.11115011,-1710267.49998252,95987.9945733114,0.527946849175042,-0.23994276835407083,0.013466680005853623,-0.5376187414405486,-2.2003032339611033,0.018096552153157742,128988.86355938508,0.03964181102708413,282559.4682646347,-0.22184621620091308,-1581278.636423135,-2.3797874861967965,-0.2003009573269867,-1427708.0317178853,-2.6357679774499574
10,case_0010_steps_0200_mesh_21x1,60,200,21,1,0.295,1650170.3052071,13624.9441428289,1636928.51562607,-1269431.26151175,-53613819.3891116,585934.948324081,1636928.51562607,-1650170.3052071,13624.9441428289,0.22965364169117022,-0.23151140467273124,0.001911517827669275,-0.31685976487153844,-0.9919755012320574,0.018096552153157742,128988.86355938508,0.03964181102708413,282559.4682646347,-0.21341485251957348,-1521181.441647715,-1.0760902485458803,-0.1918695936456471,-1367610.8369424653,-1.1969256687711776
10,case_0010_steps_0200_mesh_21x1,61,200,21,1,0.3,1850270.90631256,-16515.4247507818,262020.152657542,2045145.17218002,-40067531.0180509,752823.403307646,262020.152657542,-1850270.90631256,-16515.4247507818,0.03676023826322458,-0.259584610869451,-0.002317039138781756,-0.23680067195401233,-0.14161177790971535,0.018096552153157742,128988.86355938508,0.03964181102708413,282559.4682646347,-0.24148805871629325,-1721282.042753175,-0.15222383441498244,-0.21994279984236687,-1567711.4380479252,-0.16713544744165604
10,case_0010_steps_0200_mesh_21x1,62,200,21,1,0.305,1898322.50908416,-130125.254474381,4426319.19328319,18273970.7161213,-96397264.7437418,-542622.650914748,4426319.19328319,-1898322.50908416,-130125.254474381,0.6209924943706063,-0.2663260326604783,-0.018255982641124872,-0.5697115965434224,-2.3317003154636007,0.018096552153157742,128988.86355938508,0.03964181102708413,282559.4682646347,-0.24822948050732052,-1769333.645524775,-2.5016871207297746,-0.22668422163339413,-1615763.0408195253,-2.73946060248917
10,case_0010_steps_0200_mesh_21x1,63,200,21,1,0.31,1843075.44052454,-25328.7866182359,2822147.62304901,6897065.93577682,-75522403.7641477,1370032.28101253,2822147.62304901,-1843075.44052454,-25328.7866182359,0.39593450345350134,-0.25857511967535873,-0.003553513810144425,-0.44634035351156426,-1.5312165530488682,0.018096552153157742,128988.86355938508,0.03964181102708413,282559.4682646347,-0.24047856752220098,-1714086.5769651548,-1.6464440367100435,-0.2189333086482746,-1560515.9722599052,-1.8084708347855212
10,case_0010_steps_0200_mesh_21x1,64,200,21,1,0.315,1949704.8491244,-55089.4645687503,-3667686.38024757,8627333.85013013,20460454.7192894,590241.112374931,-3667686.38024757,-1949704.8491244,-55089.4645687503,-0.514559753687723,-0.2735347417740476,-0.007728801860471853,0.12092208586123313,1.881149540093058,0.018096552153157742,128988.86355938508,0.03964181102708413,282559.4682646347,-0.2554381896208898,-1820715.9855650149,2.014419826774571,-0.23389293074696343,-1667145.3808597652,2.1999799311779897
10,case_0010_steps_0200_mesh_21x1,65,200,21,1,0.32,1878606.81502887,-24228.0257437227,106920.905793146,1915134.15193039,-23768571.7726408,1138177.05200296,106920.905793146,-1878606.81502887,-24228.0257437227,0.015000517831973342,-0.2635600102624051,-0.003399082055153323,-0.14047318674596754,-0.0569149994228584,0.018096552153157742,128988.86355938508,0.03964181102708413,282559.4682646347,-0.24546345810924736,-1749617.951469485,-0.06111100180661973,-0.22391819923532097,-1596047.3467642353,-0.0669910613929551
10,case_0010_steps_0200_mesh_21x1,66,200,21,1,0.325,1761810.11697074,8653.85655373006,-452538.624062499,-4057739.85983037,-14354811.0223169,2084235.08657651,-452538.624062499,-1761810.11697074,8653.85655373006,-0.0634891151505878,-0.24717396359603938,0.0012140967997475436,-0.08483749333908573,0.2568600439419628,0.018096552153157742,128988.86355938508,0.03964181102708413,282559.4682646347,-0.22907741144288163,-1632821.253411355,0.2771513557390543,-0.20753215256895524,-1479250.6487061053,0.3059242356650867
10,case_0010_steps_0200_mesh_21x1,67,200,21,1,0.33,1776605.97150358,-25860.4582482645,922465.002861047,2844351.54999364,-27033550.2962554,1293942.51704962,922465.002861047,-1776605.97150358,-25860.4582482645,0.12941765337790007,-0.24924975483735692,-0.0036281049268941075,-0.15976933723647427,-0.5192288091209921,0.018096552153157742,128988.86355938508,0.03964181102708413,282559.4682646347,-0.23115320268419917,-1647617.107944195,-0.5598782620144359,-0.20960794381027278,-1494046.5032389453,-0.6174272359402696
10,case_0010_steps_0200_mesh_21x1,68,200,21,1,0.335,1790645.54322621,-27570.9366834954,-615315.503157731,2737902.6796489,-8844298.83679603,1951412.59110357,-615315.503157731,-1790645.54322621,-27570.9366834954,-0.08632597253958985,-0.2512194430327227,-0.003868077288506216,-0.05227015127465344,0.3436277522848636,0.018096552153157742,128988.86355938508,0.03964181102708413,282559.4682646347,-0.23312289087956495,-1661656.6796668249,0.37030242810512853,-0.21157763200563856,-1508086.0749615752,0.4080108644815972
10,case_0010_steps_0200_mesh_21x1,69,200,21,1,0.34,1830784.45808534,57.9869969122187,-2382505.21664948,1014544.99509329,18525310.8370048,2672598.38408886,-2382505.21664948,-1830784.45808534,57.9869969122187,-0.33425466911271734,-0.2568507506206448,8.135312498073499e-06,0.10948530999784775,1.3013575716833086,0.018096552153157742,128988.86355938508,0.03964181102708413,282559.4682646347,-0.23875419846748702,-1701795.594525955,1.3999949372962979,-0.21720893959356063,-1548224.9898207053,1.538862395526499
10,case_0010_steps_0200_mesh_21x1,70,200,21,1,0.345,1918720.60759699,-3618.42492246283,3032766.96474287,1497597.20399657,-58643057.3789444,3005673.70589914,3032766.96474287,-1918720.60759699,-3618.42492246283,0.42548344121642634,-0.26918779330691367,-0.0005076485947291691,-0.3465827576577055,-1.5806193735215646,0.018096552153157742,128988.86355938508,0.03964181102708413,282559.4682646347,-0.2510912411537559,-1789731.744037605,-1.694537170079466,-0.22954598227982953,-1636161.1393323552,-1.8535869675895174
10,case_0010_steps_0200_mesh_21x1,71,200,21,1,0.35,1783476.65648625,-13881.1522957997,2537844.17247083,2669037.01066243,-47011897.5973542,2373110.64388405,2537844.17247083,-1783476.65648625,-13881.1522957997,0.3560480196227319,-0.2502136807584467,-0.0019474626687536818,-0.2778421494419357,-1.42297582827398,0.018096552153157742,128988.86355938508,0.03964181102708413,282559.4682646347,-0.23211712860528894,-1654487.792926865,-1.5339153200890452,-0.21057186973136255,-1500917.1882216153,-1.6908622223707315
10,case_0010_steps_0200_mesh_21x1,72,200,21,1,0.355,1594010.38125336,-39939.5254653478,4633542.47085044,2414714.04862152,-77496683.5791037,1500664.06026605,4633542.47085044,-1594010.38125336,-39939.5254653478,0.650064979749296,-0.22363242221872787,-0.005603334160885011,-0.45800842426431926,-2.9068458558012122,0.018096552153157742,128988.86355938508,0.03964181102708413,282559.4682646347,-0.20553587006557011,-1465021.517693975,-3.1627811707120124,-0.18399061119164373,-1311450.9129887254,-3.533142129041527
10,case_0010_steps_0200_mesh_21x1,73,200,21,1,0.36,1461351.64126812,-14562.8548041594,5155302.33906329,1749627.87258643,-87884481.208549,1354365.55772222,5155302.33906329,-1461351.64126812,-14562.8548041594,0.7232655212998581,-0.205021003058423,-0.0020431024368317238,-0.5194007136386447,-3.5277630609082307,0.018096552153157742,128988.86355938508,0.03964181102708413,282559.4682646347,-0.18692445090526524,-1332362.7777087349,-3.869293277562787,-0.16537919203133886,-1178792.1730034852,-4.3733767979879925
10,case_0010_steps_0200_mesh_21x1,74,200,21,1,0.365,1233556.00453307,-67451.7719801158,5782772.92865753,6361178.95731547,-98312474.6247979,181427.325014955,5782772.92865753,-1233556.00453307,-67451.7719801158,0.8112967973017361,-0.17306230905427172,-0.009463177485078765,-0.581030561681622,-4.687888435877255,0.018096552153157742,128988.86355938508,0.03964181102708413,282559.4682646347,-0.15496575690111397,-1104567.1409736848,-5.235329491659483,-0.13342049802718758,-950996.5362684352,-6.080750778912661
10,case_0010_steps_0200_mesh_21x1,75,200,21,1,0.37,1219213.79025718,-35712.4690252837,3408143.25097667,5913023.8293434,-72288912.9672546,633277.651914967,3408143.25097667,-1219213.79025718,-35712.4690252837,0.4781470305638989,-0.17105016148219926,-0.005010297326455164,-0.4272302967147916,-2.79536146835885,0.018096552153157742,128988.86355938508,0.03964181102708413,282559.4682646347,-0.1529536093290415,-1090224.926697795,-3.126091843542475,-0.13140835045511512,-936654.3219925454,-3.6386350555950293
10,case_0010_steps_0200_mesh_21x1,76,200,21,1,0.375,1239508.99279814,-38338.7152410401,2739326.86794165,8014136.33775574,-64259973.1578825,875621.69956157,2739326.86794165,-1239508.99279814,-38338.7152410401,0.38431512738640217,-0.17389748629076532,-0.0053787477515462295,-0.379778949111639,-2.210009676297494,0.018096552153157742,128988.86355938508,0.03964181102708413,282559.4682646347,-0.15580093413760757,-1110520.129238755,-2.466706181921635,-0.13425567526368118,-956949.5245335053,-2.862561501639305
10,case_0010_steps_0200_mesh_21x1,77,200,21,1,0.38,1201043.38460027,-3838.18485904588,2076829.26229346,4026895.46605783,-51619418.0149376,1301499.05784093,2076829.26229346,-1201043.38460027,-3838.18485904588,0.29136971999908123,-0.16850093603326802,-0.000538479916471289,-0.3050727749185602,-1.7291875455312282,0.018096552153157742,128988.86355938508,0.03964181102708413,282559.4682646347,-0.15040438388011027,-1072054.521040885,-1.9372422032015812,-0.12885912500618388,-918483.9163356354,-2.2611492976155048
10,case_0010_steps_0200_mesh_21x1,78,200,21,1,0.385,1226614.16265225,-9140.56606037662,3375331.43109771,6354113.34964937,-66483609.5806181,736531.694148338,3375331.43109771,-1226614.16265225,-9140.56606037662,0.47354368114834067,-0.1720884001433106,-0.0012823799346432325,-0.39292072714752513,-2.751746664818699,0.018096552153157742,128988.86355938508,0.03964181102708413,282559.4682646347,-0.15399184799015284,-1097625.2990928649,-3.0751217504618937,-0.13244658911622645,-944054.6943876152,-3.575355804238867
10,case_0010_steps_0200_mesh_21x1,79,200,21,1,0.39,1253942.70400024,-40369.4971400286,-662783.486160731,6074916.86477233,-13947537.4679265,740318.662534557,-662783.486160731,-1253942.70400024,-40369.4971400286,-0.09298551512578772,-0.17592247046633458,-0.005663657235455394,-0.08243049073876836,0.5285596256083835,0.018096552153157742,128988.86355938508,0.03964181102708413,282559.4682646347,-0.15782591831317683,-1124953.840440855,0.5891650504530876,-0.13628065943925044,-971383.2357356052,0.682308960848826
10,case_0010_steps_0200_mesh_21x1,80,200,21,1,0.395,1282529.56451954,-6624.58738775097,-5071328.90960366,3874837.1336909,54980565.3053149,147825.829869349,-5071328.90960366,-1282529.56451954,-6624.58738775097,-0.7114844302524431,-0.17993307725832627,-0.0009293995454141976,0.32493728657362525,3.9541614087496506,0.018096552153157742,128988.86355938508,0.03964181102708413,282559.4682646347,-0.16183652510516852,-1153540.7009601549,4.396315539956689,-0.14029126623124213,-999970.0962549052,5.0714805658657545
10,case_0010_steps_0200_mesh_21x1,81,200,21,1,0.4,1403868.05383453,-25057.840266281,-447085.527851449,3427964.94514841,-10881665.1503323,633206.090855925,-447085.527851449,-1403868.05383453,-25057.840266281,-0.0627240705005586,-0.19695631662552301,-0.003515501266630525,-0.0643110656959715,0.3184669147718534,0.018096552153157742,128988.86355938508,0.03964181102708413,282559.4682646347,-0.17885976447236526,-1274879.190275145,0.35068854465728533,-0.15731450559843888,-1121308.5855698953,0.39871765328918946
10,case_0010_steps_0200_mesh_21x1,82,200,21,1,0.405,1431236.76689242,30322.1226094233,7966711.56740686,-2114802.88798543,-124109042.651512,1529452.19310953,7966711.56740686,-1431236.76689242,30322.1226094233,1.117693476711414,-0.2007960228571303,0.0042540561879068324,-0.7334892854318145,-5.566312822374332,0.018096552153157742,128988.86355938508,0.03964181102708413,282559.4682646347,-0.18269947070397255,-1302247.9033330348,-6.117661274029685,-0.16115421183004616,-1148677.2986277852,-6.93555237569675
10,case_0010_steps_0200_mesh_21x1,83,200,21,1,0.41,1435509.27507258,31339.552853961,7483189.50816247,-1873122.54641635,-126282129.844649,1751317.41552515,7483189.50816247,-1435509.27507258,31339.552853961,1.049857526220309,-0.201395436364417,0.004396797033700856,-0.7463323155480868,-5.212916167179844,0.018096552153157742,128988.86355938508,0.03964181102708413,282559.4682646347,-0.18329888421125926,-1306520.411513195,-5.72757183295402,-0.16175362533733287,-1152949.8068079452,-6.490472927768135
10,case_0010_steps_0200_mesh_21x1,84,200,21,1,0.415,1426842.93699223,92631.0017807155,5170292.17962763,-6348840.10706318,-100921760.77307,2447342.25643786,5170292.17962763,-1426842.93699223,92631.0017807155,0.7253685279010071,-0.20017958846313097,0.012995709152458844,-0.5964515446454279,-3.6235888657279633,0.018096552153157742,128988.86355938508,0.03964181102708413,282559.4682646347,-0.18208303630997322,-1297854.0734328448,-3.9837238141512508,-0.16053777743604683,-1144283.4687275952,-4.518366576925927
10,case_0010_steps_0200_mesh_21x1,85,200,21,1,0.42,1452496.06905123,19626.6324652468,7005572.78877852,-3344114.00359336,-135993104.737984,1227620.71875357,7005572.78877852,-1452496.06905123,19626.6324652468,0.982850068110776,-0.20377860646660234,0.0027535274611879897,-0.8037245561389604,-4.823126849048588,0.018096552153157742,128988.86355938508,0.03964181102708413,282559.4682646347,-0.1856820543134446,-1323507.205491845,-5.293188249908388,-0.1641367954395182,-1169936.6007865954,-5.987993523810087
10,case_0010_steps_0200_mesh_21x1,86,200,21,1,0.425,1446391.92579063,47294.0662539606,478361.687948511,-6114820.54633439,-36514389.4600328,2400779.00804046,478361.687948511,-1446391.92579063,47294.0662539606,0.0671119738181688,-0.2029222228702391,0.006635142855613013,-0.2158014666846046,-0.3307275707357311,0.018096552153157742,128988.86355938508,0.03964181102708413,282559.4682646347,-0.18482567071708134,-1317403.062231245,-0.3631095916372963,-0.16328041184315495,-1163832.4575259953,-0.41102281076211206
10,case_0010_steps_0200_mesh_21x1,87,200,21,1,0.43,1532769.85629446,-34924.8942485849,4297098.68600664,3349474.85047367,-98808474.4469996,1148270.08973402,4297098.68600664,-1532769.85629446,-34924.8942485849,0.6028634436552244,-0.21504065450154605,-0.004899804159620805,-0.5839619399872511,-2.8034859038753996,0.018096552153157742,128988.86355938508,0.03964181102708413,282559.4682646347,-0.1969441023483883,-1403780.9927350748,-3.061089093131495,-0.1753988434744619,-1250210.3880298252,-3.4371004489718957
10,case_0010_steps_0200_mesh_21x1,88,200,21,1,0.435,1618632.08569837,-37092.5008823599,-3847274.17719677,6287140.43416954,26981827.7483071,1385696.112272,-3847274.17719677,-1618632.08569837,-37092.5008823599,-0.5397551065568151,-0.2270867356089968,-0.005203909532853903,0.1594636549596249,2.376867610119589,0.018096552153157742,128988.86355938508,0.03964181102708413,282559.4682646347,-0.20899018345583906,-1489643.2221389848,2.5826816247130995,-0.18744492458191267,-1336072.6174337352,2.8795397248589913
10,case_0010_steps_0200_mesh_21x1,89,200,21,1,0.44,1635334.29623475,-45319.9872280918,4026862.6735866,-1835166.25735984,-70959589.8164107,1432008.21307095,4026862.6735866,-1635334.29623475,-45319.9872280918,0.5649505575542535,-0.2294299799457877,-0.00635818852746171,-0.4193739450164041,-2.4624094797364595,0.018096552153157742,128988.86355938508,0.03964181102708413,282559.4682646347,-0.21133342779262995,-1506345.432675365,-2.6732664276311686,-0.18978816891870356,-1352774.8279701152,-2.9767427589032276
10,case_0010_steps_0200_mesh_21x1,90,200,21,1,0.445,1947173.37806107,-7268.31071258956,2617982.48337754,3394481.26143447,-66261588.3762683,1389877.50069698,2617982.48337754,-1947173.37806107,-7268.31071258956,0.3672910609425089,-0.2731795878727135,-0.0010197110064092973,-0.3916085731654296,-1.3445040451325598,0.018096552153157742,128988.86355938508,0.03964181102708413,282559.4682646347,-0.25508303571955576,-1818184.514501685,-1.4398882305380638,-0.23353777684562937,-1664613.9097964354,-1.572726545158866
10,case_0010_steps_0200_mesh_21x1,91,200,21,1,0.45,1894010.35583907,-3901.95465935313,-4115625.28215974,-5855109.39035195,39358649.2612123,2078972.88041511,-4115625.28215974,-1894010.35583907,-3901.95465935313,-0.5774035486960402,-0.26572105713050737,-0.0005474265300409581,0.2326111531069514,2.17296873244205,0.018096552153157742,128988.86355938508,0.03964181102708413,282559.4682646347,-0.2476245049773496,-1765021.4922796849,2.3317706329139583,-0.22607924610342323,-1611450.8875744352,2.5539874121479444
10,case_0010_steps_0200_mesh_21x1,92,200,21,1,0.455,1936509.31288187,-72119.0487181415,-3039047.26851278,6105620.99294258,26508362.8229796,1750379.51357198,-3039047.26851278,-1936509.31288187,-72119.0487181415,-0.42636453933275725,-0.27168346792596154,-0.010117975229412846,0.1566654587739478,1.569342965869933,0.018096552153157742,128988.86355938508,0.03964181102708413,282559.4682646347,-0.2535869157728038,-1807520.449322485,1.6813349302089,-0.2320416568988774,-1653949.8446172352,1.837448262656411
10,case_0010_steps_0200_mesh_21x1,93,200,21,1,0.46,2061533.78068697,24889.7478913208,896215.538461849,-1967997.08448417,-30828127.2050149,3954103.83072827,896215.538461849,-2061533.78068697,24889.7478913208,0.125734972653499,-0.2892238333468426,0.0034919186692955622,-0.1821954348507899,-0.4347324049976037,0.018096552153157742,128988.86355938508,0.03964181102708413,282559.4682646347,-0.27112728119368484,-1932544.917127585,-0.463748878755133,-0.24958202231975846,-1778974.3124223354,-0.5037821694240877
10,case_0010_steps_0200_mesh_21x1,94,200,21,1,0.465,2234333.2142076,-64038.7249596082,-735669.869115883,10306062.6652771,-7881755.66877499,2913744.44431542,-735669.869115883,-2234333.2142076,-64038.7249596082,-0.10321114386617652,-0.3134668096352764,-0.008984342477904987,-0.04658148358835552,0.32925700805857033,0.018096552153157742,128988.86355938508,0.03964181102708413,282559.4682646347,-0.29537025748211865,-2105344.3506482146,0.3494297115288421,-0.27382499860819226,-1951773.7459429651,0.3769237446938078
10,case_0010_steps_0200_mesh_21x1,95,200,21,1,0.47,2268633.68961205,-95906.982702982,1960056.93877483,13977914.2641334,-42659281.9815738,2133053.03797445,1960056.93877483,-2268633.68961205,-95906.982702982,0.2749870929699857,-0.3182790106649332,-0.013455314408111414,-0.25211802129163907,-0.8639812358204075,0.018096552153157742,128988.86355938508,0.03964181102708413,282559.4682646347,-0.30018245851177544,-2139644.826052665,-0.916066496134712,-0.27863719963784905,-1986074.2213474154,-0.9869001458792741
10,case_0010_steps_0200_mesh_21x1,96,200,21,1,0.475,2074043.74889692,49045.2060974489,946822.243056369,-7158285.69141748,-24472622.6977213,4660953.61795093,946822.243056369,-2074043.74889692,49045.2060974489,0.13283486363418473,-0.29097892511134577,0.0068808198282655315,-0.14463415518881462,-0.45651025614090174,0.018096552153157742,128988.86355938508,0.03964181102708413,282559.4682646347,-0.272882372958188,-1945054.8853375348,-0.4867843319969155,-0.2513371140842616,-1791484.2806322852,-0.5285127272912483
10,case_0010_steps_0200_mesh_21x1,97,200,21,1,0.48,1897246.82869855,3970.37490772096,-1700588.96996363,315278.741649786,14826417.5136822,3954411.62192071,-1700588.96996363,-1897246.82869855,3970.37490772096,-0.23858491451754865,-0.2661751195842547,0.0005570255803678913,0.08762470610752074,0.8963456648021803,0.018096552153157742,128988.86355938508,0.03964181102708413,282559.4682646347,-0.24807856743109696,-1768257.9651391648,0.9617312651719292,-0.22653330855717058,-1614687.3604339152,1.0532001498461165
10,case_0010_steps_0200_mesh_21x1,98,200,21,1,0.485,1858272.00579474,-9374.69509149308,642516.385029313,1405300.2934681,-16708519.7448335,3799218.03783768,642516.385029313,-1858272.00579474,-9374.69509149308,0.09014213281744471,-0.26070712881453867,-0.0013152271751355616,-0.09874800374275532,-0.3457601379269143,0.018096552153157742,128988.86355938508,0.03964181102708413,282559.4682646347,-0.24261057666138092,-1729283.142235355,-0.37155071331972006,-0.22106531778745453,-1575712.5375301053,-0.40776243745349855
10,case_0010_steps_0200_mesh_21x1,99,200,21,1,0.49,1825994.07721742,-31659.5386351667,3536814.45309555,5573898.75746004,-58590128.5325229,2598190.86447646,3536814.45309555,-1825994.07721742,-31659.5386351667,0.4961990162586314,-0.2561786819255834,-0.004441689586577655,-0.3462699461098037,-1.9369254792355077,0.018096552153157742,128988.86355938508,0.03964181102708413,282559.4682646347,-0.23808212977242565,-1697005.213658035,-2.084150611106052,-0.21653687089849927,-1543434.6089527854,-2.2915220590364145
10,case_0010_steps_0200_mesh_21x1,100,200,21,1,0.495,1817974.55938823,-20769.137754887,1265008.16829387,4617786.71870088,-29374832.5768659,2660616.34318139,1265008.16829387,-1817974.55938823,-20769.137754887,0.17747490488712775,-0.2550535799700002,-0.0029138157681681794,-0.17360640688353632,-0.695833812283688,0.018096552153157742,128988.86355938508,0.03964181102708413,282559.4682646347,-0.23695702781684247,-1688985.695828845,-0.7489750632098076,-0.21541176894291608,-1535415.0911235954,-0.8238867623530747
10,case_0010_steps_0200_mesh_21x1,101,200,21,1,0.5,1750900.60350557,5885.13773965813,1109742.99782912,2106345.86173415,-25132399.7479098,2819636.3075348,1109742.99782912,-1750900.60350557,5885.13773965813,0.155691906127776,-0.24564340836871051,0.000825658115711737,-0.1485334633032599,-0.6338126765204405,0.018096552153157742,128988.86355938508,0.03964181102708413,282559.4682646347,-0.22754685621555276,-1621911.739946185,-0.6842191042195312,-0.20600159734162637,-1468341.1352409353,-0.7557800916930831
10,case_0010_steps_0200_mesh_21x1,102,200,21,1,0.505,1700947.79635961,-15150.4177824562,384880.411199509,1674590.73711718,-12632071.8910337,2645126.21530287,384880.411199509,-1700947.79635961,-15150.4177824562,0.053996974946554956,-0.2386352562324037,-0.0021255348560856343,-0.07465603784322429,-0.2262740879074801,0.018096552153157742,128988.86355938508,0.03964181102708413,282559.4682646347,-0.22053870407924595,-1571958.932800225,-0.2448412634507559,-0.19899344520531956,-1418388.3280949753,-0.27135052057037046
10,case_0010_steps_0200_mesh_21x1,103,200,21,1,0.51,1683708.75308591,-14134.7245969013,-185332.642672793,2301006.99158661,-5330746.93376896,2814598.89694164,-185332.642672793,-1683708.75308591,-14134.7245969013,-0.026001328651652597,-0.23621669669893336,-0.0019830377117834135,-0.03150492241123089,0.1100740507128174,0.018096552153157742,128988.86355938508,0.03964181102708413,282559.4682646347,-0.2181201445457756,-1554719.889526525,0.11920645250716788,-0.19657488567184922,-1401149.2848212754,0.13227187472492144
10,case_0010_steps_0200_mesh_21x1,104,200,21,1,0.515,1668714.02983337,-7837.78480459152,308395.996761211,793617.07934328,-10833544.2498573,3202320.97374356,308395.996761211,-1668714.02983337,-7837.78480459152,0.04326655871841939,-0.2341130050787895,-0.001099605637010807,-0.06402666929624379,-0.18481057344019935,0.018096552153157742,128988.86355938508,0.03964181102708413,282559.4682646347,-0.21601645292563174,-1539725.1662739848,-0.20029288571512108,-0.19447119405170535,-1386154.5615687352,-0.22248312368008508
10,case_0010_steps_0200_mesh_21x1,105,200,21,1,0.52,1661404.59475552,-10622.7181697977,1104455.92211681,2076822.09707057,-22542316.8006781,3114318.12685121,1104455.92211681,-1661404.59475552,-10622.7181697977,0.1549501534002511,-0.23308752451057338,-0.0014903191489824834,-0.13322597200700853,-0.6647724013784454,0.018096552153157742,128988.86355938508,0.03964181102708413,282559.4682646347,-0.21499097235741563,-1532415.731196135,-0.7207286506088796,-0.19344571348348924,-1378845.1264908854,-0.8010007076919605
10,case_0010_steps_0200_mesh_21x1,106,200,21,1,0.525,1633475.36935419,-10001.4488533293,2382656.45994743,1923536.9675325,-40852925.0407961,2982318.21706056,2382656.45994743,-1633475.36935419,-10001.4488533293,0.33427588786101575,-0.2291691809410157,-0.0014031578834562469,-0.24144238127847611,-1.4586424164384162,0.018096552153157742,128988.86355938508,0.03964181102708413,282559.4682646347,-0.21107262878785796,-1504486.505794805,-1.58370078479946,-0.18952736991393157,-1350915.9010895554,-1.7637341140375535
10,case_0010_steps_0200_mesh_21x1,107,200,21,1,0.53,1609584.20153497,-14755.243222339,1184416.99100987,991619.382051963,-24740948.7634674,3116034.3057605,1184416.99100987,-1609584.20153497,-14755.243222339,0.1661683284699098,-0.22581735852387105,-0.002070093658764986,-0.14621997270881176,-0.735852768609656,0.018096552153157742,128988.86355938508,0.03964181102708413,282559.4682646347,-0.2077208063707133,-1480595.337975585,-0.7999599624765272,-0.18617554749678691,-1327024.7332703352,-0.8925357314863145
10,case_0010_steps_0200_mesh_21x1,108,200,21,1,0.535,1595418.66086294,5877.97332888233,2119974.7440913,-1172606.31974888,-38942912.1847881,3473966.03096883,2119974.7440913,-1595418.66086294,5877.97332888233,0.29742283528347363,-0.22382999745660304,0.0008246529813949188,-0.23015413076112495,-1.3287889856726602,0.018096552153157742,128988.86355938508,0.03964181102708413,282559.4682646347,-0.20573344530344528,-1466429.7973035548,-1.4456708040094874,-0.1841881864295189,-1312859.1925983052,-1.6147769357470976
10,case_0010_steps_0200_mesh_21x1,109,200,21,1,0.54,1572031.68438144,5190.21134105514,2250314.00865827,-852879.439737905,-42160426.8861482,3261421.6136804,2250314.00865827,-1572031.68438144,5190.21134105514,0.3157088425693234,-0.220548910795914,0.0007281630958479846,-0.2491697682098296,-1.4314686090717816,0.018096552153157742,128988.86355938508,0.03964181102708413,282559.4682646347,-0.20245235864275624,-1443042.820822055,-1.5594228918143527,-0.18090709976882985,-1289472.2161168053,-1.7451434629859661
10,case_0010_steps_0200_mesh_21x1,110,200,21,1,0.545,1553957.99494839,13507.5477958924,2460436.66704126,-1342487.96541071,-45943600.156149,3196075.25211193,2460436.66704126,-1553957.99494839,13507.5477958924,0.34518809791788535,-0.21801325419425252,0.001895047652986726,-0.27152846987405377,-1.5833353765286144,0.018096552153157742,128988.86355938508,0.03964181102708413,282559.4682646347,-0.19991670204109477,-1424969.1313890049,-1.726659625702152,-0.17837144316716838,-1271398.5266837552,-1.935220637276437
10,case_0010_steps_0200_mesh_21x1,111,200,21,1,0.55,1519991.44339745,22924.1721481695,3887390.22102413,-3609153.70996659,-67511405.5366349,3038952.22262085,3887390.22102413,-1519991.44339745,22924.1721481695,0.545383205442778,-0.21324790116576015,0.0032161573131181493,-0.39899504135737124,-2.557507963554798,0.018096552153157742,128988.86355938508,0.03964181102708413,282559.4682646347,-0.1951513490126024,-1391002.579838065,-2.7946678729213317,-0.173606090138676,-1237431.9751328153,-3.141498117993024
10,case_0010_steps_0200_mesh_21x1,112,200,21,1,0.555,1470687.25662,1647.22641824426,256478.123805972,207575.360799798,-17812938.9741658,2422501.42418641,256478.123805972,-1470687.25662,1647.22641824426,0.035982716767343124,-0.20633074752345068,0.00023109839069240798,-0.10527516448812295,-0.17439338149663555,0.018096552153157742,128988.86355938508,0.03964181102708413,282559.4682646347,-0.18823419537029293,-1341698.3930606148,-0.1911592986415576,-0.16668893649636654,-1188127.7883553652,-0.21586745661507936
10,case_0010_steps_0200_mesh_21x1,113,200,21,1,0.56,1557268.53238879,11032.0690572959,465461.461696421,-517490.346715591,-19876887.5123482,2771154.48074054,465461.461696421,-1557268.53238879,11032.0690572959,0.06530213062150397,-0.2184777075725676,0.001547749220696714,-0.11747318089447223,-0.29889608119315236,0.018096552153157742,128988.86355938508,0.03964181102708413,282559.4682646347,-0.20038115541940985,-1428279.668829405,-0.3258895802093898,-0.17883589654548346,-1274709.0641241553,-0.3651511351072385
10,case_0010_steps_0200_mesh_21x1,114,200,21,1,0.565,1617542.83439809,-20258.9154592115,-183822.438060642,3878128.10974596,-10497010.7635027,2361880.1763759,-183822.438060642,-1617542.83439809,-20258.9154592115,-0.025789453798494066,-0.22693391859503548,-0.002842233895682384,-0.06203774325865256,0.11364301096177454,0.018096552153157742,128988.86355938508,0.03964181102708413,282559.4682646347,-0.20883736644187773,-1488553.9708387048,0.12349061012350786,-0.18729210756795134,-1334983.3661334552,0.13769642583117075
10,case_0010_steps_0200_mesh_21x1,115,200,21,1,0.57,1656324.31728368,14821.4520382365,1230488.26069935,-1915980.83633068,-29987162.5239023,3331943.92747288,1230488.26069935,-1656324.31728368,14821.4520382365,0.17263191851707715,-0.23237478463765138,0.002079382455152717,-0.17722530076672718,-0.7429029736865255,0.018096552153157742,128988.86355938508,0.03964181102708413,282559.4682646347,-0.21427823248449362,-1527335.453724295,-0.8056437488561501,-0.19273297361056724,-1373764.8490190452,-0.8957051576752718
10,case_0010_steps_0200_mesh_21x1,116,200,21,1,0.575,1651674.37285447,-13550.1598970529,1198872.97901389,1642871.92786427,-28107511.8107488,2840267.92936896,1198872.97901389,-1651674.37285447,-13550.1598970529,0.16819643797968722,-0.23172241853758305,-0.001901025937388399,-0.1661164916985302,-0.7258531092554061,0.018096552153157742,128988.86355938508,0.03964181102708413,282559.4682646347,-0.2136258663844253,-1522685.509295085,-0.7873411625023599,-0.1920806075104989,-1369114.9045898353,-0.875655487347903
10,case_0010_steps_0200_mesh_21x1,117,200,21,1,0.58,1693216.67490756,23531.7700046826,1076953.43054983,-2452408.79318643,-26926592.2561246,3544530.80586542,1076953.43054983,-1693216.67490756,23531.7700046826,0.15109167865096007,-0.23755061497967253,0.0033014005348593347,-0.15913721104525858,-0.6360399389573844,0.018096552153157742,128988.86355938508,0.03964181102708413,282559.4682646347,-0.21945406282651478,-1564227.811348175,-0.6884888650724261,-0.1979088039525884,-1410657.2066429253,-0.7634409163887222
10,case_0010_steps_0200_mesh_21x1,118,200,21,1,0.585,1630256.35035479,-2617.32059208604,-632959.815361966,-1645912.77077793,328049.756326177,3314887.77711446,-632959.815361966,-1630256.35035479,-2617.32059208604,-0.08880138946473806,-0.2287175671846248,-0.0003671982005982449,0.0019387868620452772,0.38825784375826294,0.018096552153157742,128988.86355938508,0.03964181102708413,282559.4682646347,-0.21062101503146705,-1501267.486795405,0.4216169476320823,-0.18907575615754066,-1347696.8820901553,0.4696603693111636
10,case_0010_steps_0200_mesh_21x1,119,200,21,1,0.59,1672851.52032248,-17250.1762299193,-5332038.75971161,971816.984347762,65293649.5270393,3328761.23677661,-5332038.75971161,-1672851.52032248,-17250.1762299193,-0.7480608390146489,-0.2346934762167874,-0.0024201214367019948,0.3858880167926259,3.187395112438753,0.018096552153157742,128988.86355938508,0.03964181102708413,282559.4682646347,-0.21659692406362965,-1543862.656763095,3.453700195644935,-0.19505166518970327,-1390292.0520578453,3.8351932975660588
10,case_0010_steps_0200_mesh_21x1,120,200,21,1,0.595,1691876.38947868,13018.5155004876,369907.015872332,-3401716.33779648,-8387421.08829444,4000764.20823327,369907.015872332,-1691876.38947868,13018.5155004876,0.05189627553754468,-0.23736257901676416,0.0018264386413700212,-0.04956998595133286,-0.21863714049837404,0.018096552153157742,128988.86355938508,0.03964181102708413,282559.4682646347,-0.2192660268636064,-1562887.525919295,-0.23668178914842358,-0.19772076798968002,-1409316.9212140453,-0.262472556955946
10,case_0010_steps_0200_mesh_21x1,121,200,21,1,0.6,1659867.63822559,-28676.0311349747,-5277.64179421014,2629646.73151306,-2911174.41494979,3141558.48960886,-5277.64179421014,-1659867.63822559,-28676.0311349747,-0.0007404291916304724,-0.2328718964847616,-0.004023117024678117,-0.017205154401075288,0.003179555810758486,0.018096552153157742,128988.86355938508,0.03964181102708413,282559.4682646347,-0.21477534433160383,-1530878.774666205,0.0034474589899261515,-0.19323008545767745,-1377308.1699609554,0.0038318525289512753
10,case_0010_steps_0200_mesh_21x1,122,200,21,1,0.605,1573497.66536134,-52442.722037245,2199880.06804996,4470256.29904884,-31981795.6716416,2681367.8876913,2199880.06804996,-1573497.66536134,-52442.722037245,0.30863318959182934,-0.22075458127417263,-0.007357475895301882,-0.18901366051052126,-1.3980828294046288,0.018096552153157742,128988.86355938508,0.03964181102708413,282559.4682646347,-0.20265802912101488,-1444508.8018019549,-1.5229260391530435,-0.1811127702470885,-1290938.1970967052,-1.7040940247933225
10,case_0010_steps_0200_mesh_21x1,123,200,21,1,0.61,1539731.40725829,-35014.5466658471,1655264.080245,3203498.29099064,-25138035.678816,2959059.3659398,1655264.080245,-1539731.40725829,-35014.5466658471,0.23222603819291396,-0.21601732850740563,-0.004912381986883351,-0.148566771874858,-1.0750343030232996,0.018096552153157742,128988.86355938508,0.03964181102708413,282559.4682646347,-0.19792077635424787,-1410742.543698905,-1.1733282501745288,-0.1763755174803215,-1257171.9389936554,-1.3166568779525978
10,case_0010_steps_0200_mesh_21x1,124,200,21,1,0.615,1453776.65069748,-48331.8458463886,1140529.3531079,6180873.86457132,-19852409.7180439,2559698.56196416,1140529.3531079,-1453776.65069748,-48331.8458463886,0.16001109205231584,-0.20395826625976787,-0.006780738622562381,-0.11732851617488671,-0.784528594925986,0.018096552153157742,128988.86355938508,0.03964181102708413,282559.4682646347,-0.18586171410661012,-1324787.787138095,-0.8609147549372841,-0.16431645523268373,-1171217.1824328452,-0.9737983443333705
10,case_0010_steps_0200_mesh_21x1,125,200,21,1,0.62,1420298.32268689,-9244.81116318384,1620340.90738375,1906160.14676188,-27453794.8074996,3256189.63198317,1620340.90738375,-1420298.32268689,-9244.81116318384,0.22732647553612387,-0.19926140877822845,-0.0012970050494601692,-0.16225299869798981,-1.1408454699280528,0.018096552153157742,128988.86355938508,0.03964181102708413,282559.4682646347,-0.1811648566250707,-1291309.4591275048,-1.2548044900705373,-0.15961959775114432,-1137738.8544222552,-1.424176471679488
10,case_0010_steps_0200_mesh_21x1,126,200,21,1,0.625,1329508.56534287,-66029.1397429284,1764608.14367641,7888459.93127281,-27839208.2037154,2050399.83904327,1764608.14367641,-1329508.56534287,-66029.1397429284,0.2475665140442552,-0.18652401786391762,-0.009263588638688373,-0.1645308069104016,-1.3272634638659369,0.018096552153157742,128988.86355938508,0.03964181102708413,282559.4682646347,-0.16842746571075987,-1200519.701783485,-1.4698702079232173,-0.14688220683683348,-1046949.0970782354,-1.6854765418882118
10,case_0010_steps_0200_mesh_21x1,127,200,21,1,0.63,1336538.09469093,13829.8042847924,4497742.18646901,1007523.57322726,-69635598.158751,2785389.06119996,4497742.18646901,-1336538.09469093,13829.8042847924,0.6310128161678192,-0.18751022892857094,0.0019402587758476349,-0.4115491026507969,-3.3652180991587057,0.018096552153157742,128988.86355938508,0.03964181102708413,282559.4682646347,-0.1694136767754132,-1207549.231131545,-3.7246863900152207,-0.1478684179014868,-1053978.6264262954,-4.267394113787123
10,case_0010_steps_0200_mesh_21x1,128,200,21,1,0.635,1324052.71926825,34853.6617514522,4522484.46037427,-785678.9613035,-72155788.8090731,2503285.0425027,4522484.46037427,-1324052.71926825,34853.6617514522,0.6344840449061677,-0.18575858742050957,0.004889810563555296,-0.42644352774476235,-3.4156377571382976,0.018096552153157742,128988.86355938508,0.03964181102708413,282559.4682646347,-0.16766203526735182,-1195063.855708865,-3.7843036075187038,-0.14611677639342543,-1041493.2510036153,-4.34230798520899
10,case_0010_steps_0200_mesh_21x1,129,200,21,1,0.64,1310393.92271193,23171.8770081427,3627517.16490105,-1332034.19169324,-63655408.9967235,2072115.28012293,3627517.16490105,-1310393.92271193,23171.8770081427,0.508924195078936,-0.1838423202528636,0.0032509091807864147,-0.3762059513260438,-2.7682646431950095,0.018096552153157742,128988.86355938508,0.03964181102708413,282559.4682646347,-0.16574576809970584,-1181405.059152545,-3.070510945249523,-0.14420050922577946,-1027834.4544472953,-3.5292815386809546
10,case_0010_steps_0200_mesh_21x1,130,200,21,1,0.645,1366359.85826161,78284.9162308718,-277999.493981952,-7159923.06228687,-12639798.7223888,3099754.34215674,-277999.493981952,-1366359.85826161,78284.9162308718,-0.039002067330252244,-0.19169408701417603,0.01098301845822007,-0.0747017037180729,0.2034599394157003,0.018096552153157742,128988.86355938508,0.03964181102708413,282559.4682646347,-0.17359753486101828,-1237370.9947022249,0.22466947679572286,-0.1520522759870919,-1083800.3899969752,0.2565043310076018
10,case_0010_steps_0200_mesh_21x1,131,200,21,1,0.65,1359986.67372064,20706.7495323458,-931496.456250388,-5619427.4682691,2674906.06859647,2758267.53719465,-931496.456250388,-1359986.67372064,20706.7495323458,-0.13068472529999492,-0.19079995814719625,0.0029050629836889215,0.01580879925374355,0.6849305763430813,0.018096552153157742,128988.86355938508,0.03964181102708413,282559.4682646347,-0.1727034059940385,-1230997.8101612548,0.7567003357450054,-0.1511581471201121,-1077427.2054560052,0.8645562795642846
10,case_0010_steps_0200_mesh_21x1,132,200,21,1,0.655,1367581.00588409,-13806.9539704451,-1183118.83785161,705225.317701744,4873858.48075305,2372981.3675129,-1183118.83785161,-1367581.00588409,-13806.9539704451,-0.16598620347335594,-0.19186540848354258,-0.0019370529804487817,0.028804693823812934,0.8651179219082294,0.018096552153157742,128988.86355938508,0.03964181102708413,282559.4682646347,-0.17376885633038483,-1238592.142324705,0.9552126139206911,-0.15222359745645844,-1085021.5376194553,1.0904104635999954
10,case_0010_steps_0200_mesh_21x1,133,200,21,1,0.66,1391286.22231535,-13051.3392808515,-1860668.4649679,1433016.35496038,17044259.8073144,2537855.76600624,-1860668.4649679,-1391286.22231535,-13051.3392808515,-0.26104334116042105,-0.19519114276487992,-0.001831043668787335,0.10073224061428958,1.3373728821028743,0.018096552153157742,128988.86355938508,0.03964181102708413,282559.4682646347,-0.17709459061172217,-1262297.358755965,1.474033397963891,-0.15554933173779578,-1108726.7540507154,1.6782029099324767
10,case_0010_steps_0200_mesh_21x1,134,200,21,1,0.665,1479507.7079101,-11916.7373341063,1621116.30765278,1893536.18533677,-31261217.5881042,2728205.2419197,1621116.30765278,-1479507.7079101,-11916.7373341063,0.2274352606747852,-0.2075682168086359,-0.0016718641649467111,-0.18475501591622076,-1.095713323415335,0.018096552153157742,128988.86355938508,0.03964181102708413,282559.4682646347,-0.18947166465547816,-1350518.844350715,-1.20036555908419,-0.16792640578155177,-1196948.2396454653,-1.354374611999056
10,case_0010_steps_0200_mesh_21x1,135,200,21,1,0.67,1477598.51855557,-37004.9406832042,4885026.29300954,5226803.97277572,-75109313.9758439,1697060.60837112,4885026.29300954,-1477598.51855557,-37004.9406832042,0.6853470186617668,-0.20730036620687756,-0.0051916252342963575,-0.4438989767418399,-3.306057925521548,0.018096552153157742,128988.86355938508,0.03964181102708413,282559.4682646347,-0.1892038140537198,-1348609.6549961849,-3.622268515513008,-0.16765855517979342,-1195039.0502909352,-4.087754531385621
10,case_0010_steps_0200_mesh_21x1,136,200,21,1,0.675,1377193.59192456,-40970.7627770965,-593883.660985698,4573852.7468093,-36764.9696357272,1562762.60906049,-593883.660985698,-1377193.59192456,-40970.7627770965,-0.08331918234931979,-0.19321401067917318,-0.00574801207554662,-0.00021728240530186193,0.431227435611122,0.018096552153157742,128988.86355938508,0.03964181102708413,282559.4682646347,-0.17511745852601543,-1248204.728365175,0.47579026700494226,-0.15357219965208904,-1094634.1236599253,0.5425407888802509
10,case_0010_steps_0200_mesh_21x1,137,200,21,1,0.68,1417697.30439931,-17155.2839592969,-2078308.39344041,3994106.47436919,19528132.2365502,2394292.53152756,-2078308.39344041,-1417697.30439931,-17155.2839592969,-0.29157723538609615,-0.19889649771696588,-0.0024068084817936105,0.11541202360431459,1.465974709122415,0.018096552153157742,128988.86355938508,0.03964181102708413,282559.4682646347,-0.18079994556380813,-1288708.4408399248,1.6127064334938768,-0.15925468668988174,-1135137.8361346752,1.830886371048454
10,case_0010_steps_0200_mesh_21x1,138,200,21,1,0.685,1560299.21196362,-38669.1558563434,1066820.45671516,6560705.32697107,-23724661.8617782,2518112.16535449,1066820.45671516,-1560299.21196362,-38669.1558563434,0.1496700684095359,-0.21890289816245267,-0.0054251070701986075,-0.1402136774591832,-0.6837281263332677,0.018096552153157742,128988.86355938508,0.03964181102708413,282559.4682646347,-0.20080634600929492,-1431310.348404235,-0.745345310962473,-0.17926108713536854,-1277739.7436989853,-0.8349278184200284
10,case_0010_steps_0200_mesh_21x1,139,200,21,1,0.69,1462047.12889475,6592.94307488907,3591370.45279298,-1238017.46191995,-54827396.4040541,2921218.9755447,3591370.45279298,-1462047.12889475,6592.94307488907,0.5038529754187387,-0.20511857681603188,0.0009249599919345084,-0.3240320523897502,-2.4563985536553217,0.018096552153157742,128988.86355938508,0.03964181102708413,282559.4682646347,-0.18702202466287413,-1333058.265335365,-2.694083631737941,-0.16547676578894774,-1179487.6606301153,-3.0448563157281097
10,case_0010_steps_0200_mesh_21x1,140,200,21,1,0.695,1353711.05356333,-31078.025358979,1170133.59690877,3925510.49600494,-24446780.6216856,1927934.43676802,1170133.59690877,-1353711.05356333,-31078.025358979,0.16416443310141032,-0.18991951712045693,-0.004360105913073628,-0.14448142751095538,-0.8643894824000034,0.018096552153157742,128988.86355938508,0.03964181102708413,282559.4682646347,-0.17182296496729918,-1224722.190003945,-0.9554277749348208,-0.1502777060933728,-1071151.5852986954,-1.0924070999553934
10,case_0010_steps_0200_mesh_21x1,141,200,21,1,0.7,1326277.0864409,-36055.590191373,805438.861395663,4189534.19032311,-22726800.4400635,1951883.08612327,805438.861395663,-1326277.0864409,-36055.590191373,0.11299941684280462,-0.1860706560397443,-0.005058435668833291,-0.13431627751525918,-0.6072930533370516,0.018096552153157742,128988.86355938508,0.03964181102708413,282559.4682646347,-0.16797410388658654,-1197288.222881515,-0.6727192717700107,-0.14642884501266015,-1043717.6181762654,-0.7717018927045061
10,case_0010_steps_0200_mesh_21x1,142,200,21,1,0.705,1268061.9970252,22298.8968299257,6871380.42996192,-727899.966888143,-108017820.541129,1858044.61471543,6871380.42996192,-1268061.9970252,22298.8968299257,0.9640234891886208,-0.17790334319860943,0.003128434023723699,-0.6383895347987315,-5.418804795098174,0.018096552153157742,128988.86355938508,0.03964181102708413,282559.4682646347,-0.15980679104545167,-1139073.1334658149,-6.0324313058412935,-0.1382615321715253,-985502.5287605652,-6.9724635193009945
10,case_0010_steps_0200_mesh_21x1,143,200,21,1,0.71,1161913.69780641,46285.5671312296,5771629.55559126,-5029388.09043479,-94927708.4666099,1956457.13130024,5771629.55559126,-1161913.69780641,46285.5671312296,0.8097334326337234,-0.16301121856261358,0.006493655005675386,-0.5610264615960683,-4.967347890370502,0.018096552153157742,128988.86355938508,0.03964181102708413,282559.4682646347,-0.14491466640945583,-1032924.834247025,-5.587656879020269,-0.12336940753552944,-879354.2295417753,-6.563486433219081
10,case_0010_steps_0200_mesh_21x1,144,200,21,1,0.715,1075083.27804494,6208.56568530155,5183044.85329283,-1568597.39995739,-89703043.7013859,869262.84964504,5183044.85329283,-1075083.27804494,6208.56568530155,0.7271576701393854,-0.150829304742041,0.0008710335886371976,-0.5301484889407999,-4.821063594922896,0.018096552153157742,128988.86355938508,0.03964181102708413,282559.4682646347,-0.13273275258888326,-946094.4144855549,-5.478359003008325,-0.11118749371495687,-792523.8097803053,-6.539923203985023
10,case_0010_steps_0200_mesh_21x1,145,200,21,1,0.72,1034143.19501466,-66477.5746445231,1697396.86395997,7115133.85188152,-42732190.6020405,-513408.935583804,1697396.86395997,-1034143.19501466,-66477.5746445231,0.2381370765323179,-0.14508559689573552,-0.009326502020201102,-0.2525489140838597,-1.6413557350110568,0.018096552153157742,128988.86355938508,0.03964181102708413,282559.4682646347,-0.12698904474257777,-905154.331455275,-1.8752568539676053,-0.10544378586865139,-751583.7267500253,-2.2584268439389983
10,case_0010_steps_0200_mesh_21x1,146,200,21,1,0.725,1071940.27523754,43636.2733800104,4146938.77608995,-4421526.50175418,-80696500.0223646,1085332.43390566,4146938.77608995,-1071940.27523754,43636.2733800104,0.5817966897810048,-0.15038835571239514,0.0061219711159580335,-0.4769194643169823,-3.868628571839971,0.018096552153157742,128988.86355938508,0.03964181102708413,282559.4682646347,-0.1322918035592374,-942951.411678155,-4.397828694810173,-0.110746544685311,-789380.8069729053,-5.253407150843344
10,case_0010_steps_0200_mesh_21x1,147,200,21,1,0.73,1137490.79101122,3128.34048195683,4036269.32364008,-1665424.5013617,-80829245.8210097,843915.986855994,4036269.32364008,-1137490.79101122,3128.34048195683,0.5662702678655311,-0.15958479558038932,0.00043889197192983074,-0.47770399716738604,-3.548397363333262,0.018096552153157742,128988.86355938508,0.03964181102708413,282559.4682646347,-0.14148824342723157,-1008501.927451835,-4.002242547853582,-0.11994298455330518,-854931.3227465854,-4.721162058576829
10,case_0010_steps_0200_mesh_21x1,148,200,21,1,0.735,1238041.12918539,37861.3186941419,2780841.60879955,-3106257.61685942,-57602916.7634675,1802711.43269809,2780841.60879955,-1238041.12918539,37861.3186941419,0.3901394571178905,-0.17369155168766198,0.005311771182637213,-0.34043548602869933,-2.24616254116638,0.018096552153157742,128988.86355938508,0.03964181102708413,282559.4682646347,-0.15559499953450423,-1109052.265626005,-2.507403568784834,-0.13404974066057784,-955481.6609207552,-2.9104081454789794
10,case_0010_steps_0200_mesh_21x1,149,200,21,1,0.74,1258383.28410541,-59096.1655114471,-829894.08398185,6051003.61318809,-4668917.96114961,95438.0649123518,-829894.08398185,-1258383.28410541,-59096.1655114471,-0.11643037358384348,-0.1765454637019211,-0.008290923818684449,-0.027593487355142932,0.6594922981449369,0.018096552153157742,128988.86355938508,0.03964181102708413,282559.4682646347,-0.15844891154876334,-1129394.420546025,0.7348133379130946,-0.13690365267483695,-975823.8158407754,0.8504548367338304
10,case_0010_steps_0200_mesh_21x1,150,200,21,1,0.745,1447875.64103143,75428.3763995819,7497622.72501054,-4590250.69930402,-138619341.596989,2031526.15727815,7497622.72501054,-1447875.64103143,75428.3763995819,1.0518824410402514,-0.20313038138481668,0.01058225888403628,-0.8192457184647002,-5.178360981105686,0.018096552153157742,128988.86355938508,0.03964181102708413,282559.4682646347,-0.18503382923165893,-1318886.777472045,-5.684811503972682,-0.16348857035773254,-1165316.1727667954,-6.433981523837458
10,case_0010_steps_0200_mesh_21x1,151,200,21,1,0.75,1535571.97056953,67480.9660265468,7381415.85415361,-9854034.65646442,-145245288.781819,2411800.57225205,7381415.85415361,-1535571.97056953,67480.9660265468,1.0355791444533369,-0.21543377841719766,0.00946727327729851,-0.858405324904954,-4.806948808407793,0.018096552153157742,128988.86355938508,0.03964181102708413,282559.4682646347,-0.1973372262640399,-1406583.107010145,-5.247763759827645,-0.17579196739011352,-1253012.5023048953,-5.890935517862448
10,case_0010_steps_0200_mesh_21x1,152,200,21,1,0.755,1489669.71742681,-37383.5971590754,302593.01854216,3432074.43546584,-33125752.7536281,1400101.07663115,302593.01854216,-1489669.71742681,-37383.5971590754,0.042452427210575315,-0.20899390062447448,-0.005244749019363115,-0.19577449150804183,-0.2031275892919713,0.018096552153157742,128988.86355938508,0.03964181102708413,282559.4682646347,-0.19089734847131673,-1360680.853867425,-0.22238353518542453,-0.16935208959739034,-1207110.2491621752,-0.250675544137068
10,case_0010_steps_0200_mesh_21x1,153,200,21,1,0.76,1492429.07678256,-108965.356523785,4841569.88747725,9599957.84030871,-108318981.883438,230070.329546288,4841569.88747725,-1492429.07678256,-108965.356523785,0.67925028218853,-0.20938102621898477,-0.015287344990928323,-0.6401694100846137,-3.244087081119396,0.018096552153157742,128988.86355938508,0.03964181102708413,282559.4682646347,-0.19128447406582702,-1363440.213223175,-3.5509953722369465,-0.16973921519190063,-1209869.6085179253,-4.001728660171993
10,case_0010_steps_0200_mesh_21x1,154,200,21,1,0.765,1461676.6255449,-78034.854732943,2836338.1643958,9269819.53816105,-72859998.1980211,1130996.53327507,2836338.1643958,-1461676.6255449,-78034.854732943,0.39792537200197486,-0.2050665968775437,-0.010947935964942021,-0.43060543271525037,-1.9404689893966376,0.018096552153157742,128988.86355938508,0.03964181102708413,282559.4682646347,-0.18697004472438594,-1332687.761985515,-2.1282840927195577,-0.16542478585045955,-1179117.1572802654,-2.405476119894699
10,case_0010_steps_0200_mesh_21x1,155,200,21,1,0.77,1391813.90358572,-50960.7886518584,3093394.95385399,6000313.33411453,-80755466.6782831,1769609.9642913,3093394.95385399,-1391813.90358572,-50960.7886518584,0.4339892729341028,-0.1952651740522794,-0.0071495673669520095,-0.4772679595546372,-2.222563624263631,0.018096552153157742,128988.86355938508,0.03964181102708413,282559.4682646347,-0.17716862189912164,-1262825.040026335,-2.449583161408868,-0.15562336302519525,-1109254.4353210854,-2.7887154248417083
10,case_0010_steps_0200_mesh_21x1,156,200,21,1,0.775,1307297.79516461,-28717.7057366662,1204946.61742565,6674029.81512669,-45183929.6246712,1827140.58332979,1204946.61742565,-1307297.79516461,-28717.7057366662,0.16904854188420168,-0.18340794760946783,-0.004028963782159046,-0.26703878738684084,-0.9217078326625094,0.018096552153157742,128988.86355938508,0.03964181102708413,282559.4682646347,-0.16531139545631007,-1178308.931605225,-1.0226067078895311,-0.14376613658238369,-1024738.3268999753,-1.175857861265752
10,case_0010_steps_0200_mesh_21x1,157,200,21,1,0.78,1214923.25240234,20774.0494861772,-81276.5001879895,1379117.10581132,-25002422.6695638,2331791.6329793,-81276.5001879895,-1214923.25240234,20774.0494861772,-0.01140272411037202,-0.17044821849338096,0.0029145048617767485,-0.14776529369787328,0.06689846459624231,0.018096552153157742,128988.86355938508,0.03964181102708413,282559.4682646347,-0.1523516663402232,-1085934.388842955,0.07484476136222949,-0.13080640746629682,-932363.7841377053,0.08717251953662904
10,case_0010_steps_0200_mesh_21x1,158,200,21,1,0.785,951775.532255466,-323106.923249473,-9014005.97825954,18101654.6186577,103083048.590884,-2516066.91274928,-9014005.97825954,-951775.532255466,-323106.923249473,-1.2646241295036267,-0.13352978762876558,-0.04533043494052083,0.6092248399930702,9.470726734168757,0.018096552153157742,128988.86355938508,0.03964181102708413,282559.4682646347,-0.11543323547560784,-822786.6686960809,10.955459441928697,-0.09388797660168144,-669216.0639908313,13.469500305334927
10,case_0010_steps_0200_mesh_21x1,159,200,21,1,0.79,1125019.91860505,270639.453423012,-3947719.8654391,-3778101.72248306,33798797.0828272,4352676.9704793,-3947719.8654391,-1125019.91860505,270639.453423012,-0.553847180753595,-0.1578351887797237,0.037969487042707535,0.19975220975919594,3.5090221960994348,0.018096552153157742,128988.86355938508,0.03964181102708413,282559.4682646347,-0.13973863662656594,-996031.055045665,3.963450582630789,-0.11819337775263955,-842460.4503404154,4.68594088166861
10,case_0010_steps_0200_mesh_21x1,160,200,21,1,0.795,1113990.45300261,-263946.746504068,1032771.54247144,14908014.1241644,-22188888.8744678,-2341130.12022007,1032771.54247144,-1113990.45300261,-263946.746504068,0.14489316026904206,-0.15628780481192772,-0.037030530636221255,-0.1311371991705638,-0.9270919150947341,0.018096552153157742,128988.86355938508,0.03964181102708413,282559.4682646347,-0.13819125265876997,-985001.589443225,-1.0484973359842162,-0.11664599378484358,-831430.9847379753,-1.2421614799416179
10,case_0010_steps_0200_mesh_21x1,161,200,21,1,0.8,1089952.78823811,-147023.729222107,5674800.67495121,15533259.6385023,-92464061.2897006,-713958.331875984,5674800.67495121,-1089952.78823811,-147023.729222107,0.7961487801289913,-0.15291542953822335,-0.020626761956040334,-0.5464662106365844,-5.206464661762486,0.018096552153157742,128988.86355938508,0.03964181102708413,282559.4682646347,-0.1348188773850656,-960963.924678725,-5.905321239658858,-0.1132736185111392,-807393.3199734753,-7.028545486526492
10,case_0010_steps_0200_mesh_21x1,162,200,21,1,0.805,1039169.70103904,-71959.6175213977,921179.926182823,7877807.21262185,-20469619.8868662,-244140.687417778,921179.926182823,-1039169.70103904,-71959.6175213977,0.12923736295214885,-0.14579079287861568,-0.010095607756073675,-0.12097625235928312,-0.8864576452351893,0.018096552153157742,128988.86355938508,0.03964181102708413,282559.4682646347,-0.12769424072545793,-910180.8374796549,-1.012084509198881,-0.10614898185153154,-756610.2327744053,-1.2175092092066466
10,case_0010_steps_0200_mesh_21x1,163,200,21,1,0.81,1088259.81207298,260328.681530759,5328734.44585803,-5525026.03609446,-93746908.0707939,4219445.76025711,5328734.44585803,-1088259.81207298,260328.681530759,0.7475972587773194,-0.15267791266567393,0.03652293254072477,-0.5540478851760033,-4.896564576530258,0.018096552153157742,128988.86355938508,0.03964181102708413,282559.4682646347,-0.13458136051251618,-959270.9485135949,-5.554983661409725,-0.11303610163858979,-805700.3438083453,-6.613791947351576
10,case_0010_steps_0200_mesh_21x1,164,200,21,1,0.815,1208489.10783181,211238.350799302,5599210.92548355,-12017101.1843093,-95230508.3362363,3407006.65302096,5599210.92548355,-1208489.10783181,211238.350799302,0.7855438813358806,-0.16954553721091545,0.02963578193110195,-0.5628160206423398,-4.633232429814182,0.018096552153157742,128988.86355938508,0.03964181102708413,282559.4682646347,-0.1514489850577577,-1079500.2442724248,-5.18685470910419,-0.1299037261838313,-925929.6395671752,-6.047123546126999
10,case_0010_steps_0200_mesh_21x1,165,200,21,1,0.82,1160546.50080043,-87675.2825983289,1296566.28994758,9309184.83696515,-39375291.4949104,-1189605.56474548,1296566.28994758,-1160546.50080043,-87675.2825983289,0.18190236613147878,-0.16281940702757383,-0.012300444242250722,-0.23270950935757115,-1.1172032219763164,0.018096552153157742,128988.86355938508,0.03964181102708413,282559.4682646347,-0.14472285487441608,-1031557.637241045,-1.2569014499425497,-0.12317759600048969,-877987.0325357954,-1.476748792294628
10,case_0010_steps_0200_mesh_21x1,166,200,21,1,0.825,1242442.4927248,-57109.2902420137,7098597.91521024,6221688.76297648,-122824026.503397,-1259174.79635562,7098597.91521024,-1242442.4927248,-57109.2902420137,0.9959010711630718,-0.17430904301705313,-0.00801217423563562,-0.7258947898486376,-5.713421713098614,0.018096552153157742,128988.86355938508,0.03964181102708413,282559.4682646347,-0.15621249086389538,-1113453.629165415,-6.375297299566006,-0.134667231989969,-959883.0244601653,-7.395273938928616
10,case_0010_steps_0200_mesh_21x1,167,200,21,1,0.83,1376310.6581649,76994.3810584238,3717498.09071779,-862583.502466779,-82685424.5827766,1919266.20057313,3717498.09071779,-1376310.6581649,76994.3810584238,0.5215481106007779,-0.19309013907980743,0.010801962230502104,-0.4886740860868942,-2.701060308342381,0.018096552153157742,128988.86355938508,0.03964181102708413,282559.4682646347,-0.17499358692664968,-1247321.794605515,-2.980384137273499,-0.1534483280527233,-1093751.1899002653,-3.3988516995869724
10,case_0010_steps_0200_mesh_21x1,168,200,21,1,0.835,1507550.84406091,120586.927370646,6834592.68073905,-7085888.53453447,-135426836.41178,2729525.55814265,6834592.68073905,-1507550.84406091,120586.927370646,0.9588623349305057,-0.211502541539372,0.016917798637300772,-0.800377888232446,-4.533573582386525,0.018096552153157742,128988.86355938508,0.03964181102708413,282559.4682646347,-0.19340598938621426,-1378561.9805015249,-4.957769601518102,-0.17186073051228787,-1224991.3757962752,-5.579298610405639
10,case_0010_steps_0200_mesh_21x1,169,200,21,1,0.84,1558621.79415836,102844.765576973,3708628.11125798,-1698768.56461374,-84275772.2391252,2410576.23766523,3708628.11125798,-1558621.79415836,102844.765576973,0.5203036927381615,-0.21866756405718282,0.014428653858835863,-0.4980731027993085,-2.379427854247734,0.018096552153157742,128988.86355938508,0.03964181102708413,282559.4682646347,-0.20057101190402507,-1429632.930598975,-2.594112119188645,-0.17902575303009868,-1276062.3258937253,-2.9063064052616245
10,case_0010_steps_0200_mesh_21x1,170,200,21,1,0.845,1672414.34318875,59907.1753103176,1724922.94339614,-1352588.62461069,-58836358.4153151,1362888.60077002,1724922.94339614,-1672414.34318875,59907.1753103176,0.24199886055260486,-0.23463214224901374,0.008404704812771781,-0.3477251743262386,-1.0313968846423984,0.018096552153157742,128988.86355938508,0.03964181102708413,282559.4682646347,-0.216535590095856,-1543425.479629365,-1.117593927379221,-0.1949903312219296,-1389854.8749241154,-1.2410813348338394
10,case_0010_steps_0200_mesh_21x1,171,200,21,1,0.85,1773516.50989751,-33955.3962599749,-1330242.88400372,6161427.33081176,-14323203.0260926,-201922.306152662,-1330242.88400372,-1773516.50989751,-33955.3962599749,-0.18662703943939643,-0.24881631739526577,-0.004763787991797255,-0.08465068884789655,0.7500594872277753,0.018096552153157742,128988.86355938508,0.03964181102708413,282559.4682646347,-0.23071976524210802,-1644527.646338125,0.8088905570944801,-0.20917450636818163,-1490957.0416328753,0.8922073854970741
10,case_0010_steps_0200_mesh_21x1,172,200,21,1,0.855,1722879.0482696,-146423.602813605,3187640.49154035,8782851.59820282,-77966783.3555794,-1655694.91899774,3187640.49154035,-1722879.0482696,-146423.602813605,0.4472114941466992,-0.24171211134238343,-0.020542566944546616,-0.46078673228895717,-1.8501823994794677,0.018096552153157742,128988.86355938508,0.03964181102708413,282559.4682646347,-0.22361555918922568,-1593890.1847102148,-1.9999122412061876,-0.2020703003152993,-1440319.5800049652,-2.21314806504912
10,case_0010_steps_0200_mesh_21x1,173,200,21,1,0.86,1610651.63180502,-48942.2141287406,3226193.97560211,-303263.983603968,-71728056.0412487,-406458.14256857,3226193.97560211,-1610651.63180502,-48942.2141287406,0.4526203729890837,-0.22596711414632387,-0.006866370522475438,-0.42391561039462816,-2.003036480326034,0.018096552153157742,128988.86355938508,0.03964181102708413,282559.4682646347,-0.20787056199316611,-1481662.7682456349,-2.177414486443558,-0.18632530311923973,-1328092.1635403852,-2.429194346725024
10,case_0010_steps_0200_mesh_21x1,174,200,21,1,0.865,1668066.53815147,-45058.5709272625,3769485.13972217,3439798.8363031,-82815175.8240687,-714.552709258311,3769485.13972217,-1668066.53815147,-45058.5709272625,0.5288416576375994,-0.23402216493440103,-0.0063215130068694616,-0.4894409209864789,-2.2597930319371224,0.018096552153157742,128988.86355938508,0.03964181102708413,282559.4682646347,-0.21592561278124328,-1539077.674592085,-2.449184470641632,-0.1943803539073169,-1385507.0698868353,-2.720653846991955
10,case_0010_steps_0200_mesh_21x1,175,200,21,1,0.87,1550764.18191999,51284.1451450159,4968880.87123461,-8624894.67947245,-97019124.7364741,2441396.18162788,4968880.87123461,-1550764.18191999,51284.1451450159,0.6971114354203685,-0.21756517672119793,0.007194932815417976,-0.5733868133685865,-3.2041498824680574,0.018096552153157742,128988.86355938508,0.03964181102708413,282559.4682646347,-0.19946862456804018,-1421775.318360605,-3.4948425444352464,-0.1779233656941138,-1268204.7136553554,-3.9180432131597818
10,case_0010_steps_0200_mesh_21x1,176,200,21,1,0.875,1386054.41367032,-55422.6243148479,1798386.92776411,5524635.93655528,-47827229.1325188,280908.339253608,1798386.92776411,-1386054.41367032,-55422.6243148479,0.25230552414982055,-0.19445714375606984,-0.007775542660834143,-0.282660790633111,-1.297486527243847,0.018096552153157742,128988.86355938508,0.03964181102708413,282559.4682646347,-0.1763605916029121,-1257065.550110935,-1.4306230312376342,-0.1548153327289857,-1103494.9454056853,-1.6297192254949178
10,case_0010_steps_0200_mesh_21x1,177,200,21,1,0.88,1247584.73841701,-22342.1068788759,2845040.13921004,615302.047930966,-64131197.8138681,209905.739962015,2845040.13921004,-1247584.73841701,-22342.1068788759,0.39914621957529167,-0.1750304767500559,-0.0031344961974865354,-0.3790178818030499,-2.2804383955673835,0.018096552153157742,128988.86355938508,0.03964181102708413,282559.4682646347,-0.15693392459689814,-1118595.874857625,-2.543403031565942,-0.13538866572297176,-965025.2701523753,-2.9481509212300883
10,case_0010_steps_0200_mesh_21x1,178,200,21,1,0.885,1071390.34121997,-49538.2928319774,79174.7547389893,3206916.19241991,-20987619.0512918,-420339.832507231,79174.7547389893,-1071390.34121997,-49538.2928319774,0.01110785876245783,-0.1503112024655556,-0.0069499976592905886,-0.12403764763598081,-0.07389907458829117,0.018096552153157742,128988.86355938508,0.03964181102708413,282559.4682646347,-0.13221465031239785,-942401.477660585,-0.08401382703211853,-0.11066939143847146,-788830.8729553353,-0.10036974648616762
10,case_0010_steps_0200_mesh_21x1,179,200,21,1,0.89,921161.250924802,-71562.8509568492,-1115306.60292339,1767328.24369593,-2420394.47561249,-608090.174750321,-1115306.60292339,-921161.250924802,-71562.8509568492,-0.15647245467258644,-0.12923474289820447,-0.010039943207756483,-0.014304625806881027,1.2107615271524668,0.018096552153157742,128988.86355938508,0.03964181102708413,282559.4682646347,-0.11113819074504673,-792172.387365417,1.407908961119742,-0.08959293187112033,-638601.7826601673,1.746482132068995
10,case_0010_steps_0200_mesh_21x1,180,200,21,1,0.895,947129.864962748,-115779.324077005,417869.173498633,14806838.3863663,-22746670.3368406,-1682076.25674856,417869.173498633,-947129.864962748,-115779.324077005,0.05862514858062514,-0.13287802159153567,-0.01624331371407317,-0.1344337093806355,-0.441195224601083,0.018096552153157742,128988.86355938508,0.03964181102708413,282559.4682646347,-0.11478146943837793,-818141.001403363,-0.5107544699286054,-0.09323621056445153,-664570.3966981133,-0.6287809020305393
10,case_0010_steps_0200_mesh_21x1,181,200,21,1,0.9,979768.890953047,-114398.30317196,3679847.97073272,19437711.8212693,-70417778.6173626,-1690063.52382092,3679847.97073272,-979768.890953047,-114398.30317196,0.5162659696385173,-0.13745712880872413,-0.016049562748733114,-0.4161718196858217,-3.7558326302371525,0.018096552153157742,128988.86355938508,0.03964181102708413,282559.4682646347,-0.11936057665556639,-850780.0273936619,-4.325263701835855,-0.09781531778163999,-697209.4226884122,-5.277966491823031
10,case_0010_steps_0200_mesh_21x1,182,200,21,1,0.905,1082029.16669691,-3474.57233872809,3449234.24900672,12455723.1359913,-68273834.7011914,-474962.296730243,3449234.24900672,-1082029.16669691,-3474.57233872809,0.4839119110997581,-0.1518037813966286,-0.000487466730093051,-0.403501027473735,-3.187746093329565,0.018096552153157742,128988.86355938508,0.03964181102708413,282559.4682646347,-0.13370722924347084,-953040.303137525,-3.6191903297808286,-0.11216197036954445,-799469.6984322753,-4.31440272942241
10,case_0010_steps_0200_mesh_21x1,183,200,21,1,0.91,1075658.49096517,19984.2585129811,1382278.83312925,753090.577074373,-37336201.2785871,197721.532107914,1382278.83312925,-1075658.49096517,19984.2585129811,0.19392744694128655,-0.15091000450419778,0.002803700772631826,-0.22065840660350639,-1.2850536157521097,0.018096552153157742,128988.86355938508,0.03964181102708413,282559.4682646347,-0.13281345235104003,-946669.627405785,-1.460149130290776,-0.11126819347711364,-793099.0227005354,-1.7428830367518708
10,case_0010_steps_0200_mesh_21x1,184,200,21,1,0.915,1038700.42940093,53765.968080226,-3688219.97024139,-5924564.5366588,32620728.1485925,1337900.10824223,-3688219.97024139,-1038700.42940093,53765.968080226,-0.5174405231740256,-0.14572495619753548,0.0075431213097003165,0.19278977638367184,3.5508023929176282,0.018096552153157742,128988.86355938508,0.03964181102708413,282559.4682646347,-0.12762840404437772,-909711.5658415449,4.054274023469776,-0.10608314517045134,-756140.9611362952,4.8776883673897204
10,case_0010_steps_0200_mesh_21x1,185,200,21,1,0.92,1107550.45482155,78173.5735226404,-3621389.49997142,-11858006.1638497,32105057.6513297,2870314.17568206,-3621389.49997142,-1107550.45482155,78173.5735226404,-0.5080645114991589,-0.15538430229447095,0.01096739758157396,0.18974214362078265,3.269728692003384,0.018096552153157742,128988.86355938508,0.03964181102708413,282559.4682646347,-0.1372877501413132,-978561.591262165,3.7007272023629008,-0.11574249126738681,-824990.9865569153,4.389610988460883
10,case_0010_steps_0200_mesh_21x1,186,200,21,1,0.925,1226244.89437761,23556.5079289213,384314.240706566,-8056501.65300413,-27944187.5949289,2592387.32193424,384314.240706566,-1226244.89437761,23556.5079289213,0.05391754379590834,-0.1720365934802691,0.0033048711533592056,-0.1651512392092992,-0.3134074135343313,0.018096552153157742,128988.86355938508,0.03964181102708413,282559.4682646347,-0.15394004132711134,-1097256.030818225,-0.3502502879113661,-0.13239478245318495,-943685.4261129752,-0.40724825251307534
10,case_0010_steps_0200_mesh_21x1,187,200,21,1,0.93,1577222.46345868,18368.630244978,8864293.05456357,-500724.485182635,-145055489.380712,2393601.70009239,8864293.05456357,-1577222.46345868,18368.630244978,1.243620085767568,-0.2212771535425721,0.002577035459012922,-0.857283603037481,-5.620191989356482,0.018096552153157742,128988.86355938508,0.03964181102708413,282559.4682646347,-0.20318060138941435,-1448233.599899295,-6.120761909667033,-0.18163534251548796,-1294662.9951940454,-6.8467957201750265
10,case_0010_steps_0200_mesh_21x1,188,200,21,1,0.935,1632217.10881376,-67711.6750946743,2478642.97535215,12450226.5036636,-58683126.2021504,173053.902351554,2478642.97535215,-1632217.10881376,-67711.6750946743,0.3477423603462291,-0.2289926526976944,-0.009499640712504679,-0.34681956596654073,-1.5185743134095337,0.018096552153157742,128988.86355938508,0.03964181102708413,282559.4682646347,-0.21089610054453664,-1503228.245254375,-1.648879990897667,-0.18935084167061025,-1349657.6405491254,-1.836497568630577
10,case_0010_steps_0200_mesh_21x1,189,200,21,1,0.94,1805384.53715313,-183371.392638556,1197509.18309713,26336782.2349157,-40682912.7261079,-2224369.77362821,1197509.18309713,-1805384.53715313,-183371.392638556,0.16800510360202947,-0.2532872569890864,-0.025726174172804022,-0.24043760186393007,-0.6632986815016457,0.018096552153157742,128988.86355938508,0.03964181102708413,282559.4682646347,-0.23519070483592863,-1676395.6735937449,-0.714335644001031,-0.21364544596200225,-1522825.0688884952,-0.7863734368197575
10,case_0010_steps_0200_mesh_21x1,190,200,21,1,0.945,1705315.15604156,-120649.201537481,-5162232.25351598,19742314.4736175,54263171.9385941,-983736.754191345,-5162232.25351598,-1705315.15604156,-120649.201537481,-0.7242377568467843,-0.23924797697491662,-0.016926535420282083,0.3206974637799946,3.027142657606318,0.018096552153157742,128988.86355938508,0.03964181102708413,282559.4682646347,-0.22115142482175887,-1576326.292482175,3.274850060000731,-0.19960616594783248,-1422755.6877769253,3.628333590837396
10,case_0010_steps_0200_mesh_21x1,191,200,21,1,0.95,1649484.95852004,-64171.139181722,-3370940.51034374,7105478.24673764,38782391.9511353,1592075.15705166,-3370940.51034374,-1649484.95852004,-64171.139181722,-0.4729276548943531,-0.2314152536429203,-0.009002919592317653,0.22920544991592703,2.043632161016027,0.018096552153157742,128988.86355938508,0.03964181102708413,282559.4682646347,-0.21331870148976254,-1520496.0949606549,2.2170004392092624,-0.19177344261583615,-1366925.4902554052,2.466074803911874
10,case_0010_steps_0200_mesh_21x1,192,200,21,1,0.955,1674280.39813009,38217.5166384332,4784453.37445039,-2384698.07788169,-79244008.2946046,3391209.26786037,4784453.37445039,-1674280.39813009,38217.5166384332,0.6712370946289605,-0.23489394128836313,0.005361744137649314,-0.4683351815223609,-2.8576177441925967,0.018096552153157742,128988.86355938508,0.03964181102708413,282559.4682646347,-0.21679738913520538,-1545291.534570705,-3.0961493462005873,-0.195252130261279,-1391720.9298654553,-3.437796523555141
10,case_0010_steps_0200_mesh_21x1,193,200,21,1,0.96,1691797.47307354,21322.9641939422,5182490.5693176,-442267.21733723,-88553239.325236,3193598.34841663,5182490.5693176,-1691797.47307354,21322.9641939422,0.727079906613228,-0.23735150740327796,0.0029915151040767083,-0.5233531002065827,-3.0633043563437954,0.018096552153157742,128988.86355938508,0.03964181102708413,282559.4682646347,-0.2192549552501202,-1562808.609514155,-3.316138993455334,-0.19770969637619382,-1409238.0048089053,-3.6775126356462073
10,case_0010_steps_0200_mesh_21x1,194,200,21,1,0.965,1680266.6278521,1714.89073597136,5388692.37477518,4710945.18026322,-92396439.2858715,2597296.96221847,5388692.37477518,-1680266.6278521,1714.89073597136,0.7560090840907892,-0.23573378215040205,0.0002405913873811691,-0.5460665619550025,-3.207046004159229,0.018096552153157742,128988.86355938508,0.03964181102708413,282559.4682646347,-0.2176372299972443,-1551277.764292715,-3.4737121222336893,-0.19609197112331792,-1397707.1595874652,-3.85538010434579
10,case_0010_steps_0200_mesh_21x1,195,200,21,1,0.97,1679327.91063307,53237.5940959762,3394476.6054045,-4259048.60503088,-68314757.0264783,3843617.51989584,3394476.6054045,-1679327.91063307,53237.5940959762,0.4762296622149512,-0.23560208438485486,0.007468992837687335,-0.4037428800131764,-2.0213304286265665,0.018096552153157742,128988.86355938508,0.03964181102708413,282559.4682646347,-0.2175055322316971,-1550339.0470736849,-2.189505974071726,-0.19596027335777072,-1396768.4423684352,-2.430235751638721
10,case_0010_steps_0200_mesh_21x1,196,200,21,1,0.975,2050341.60746539,-24626.0912538976,5943448.50492121,-3264320.50529396,-109974016.937382,4649753.20447394,5943448.50492121,-2050341.60746539,-24626.0912538976,0.8338388514400431,-0.28765362223851504,-0.0034549288396467535,-0.6499507318412455,-2.8987601301562798,0.018096552153157742,128988.86355938508,0.03964181102708413,282559.4682646347,-0.2695570700853573,-1921352.743906005,-3.0933666521008027,-0.2480118112114309,-1767782.1392007554,-3.3620933106657276
10,case_0010_steps_0200_mesh_21x1,197,200,21,1,0.98,1566659.71870941,34208.5087476495,2905725.0435961,-1359429.95745754,-65263547.8001168,2942772.0381355,2905725.0435961,-1566659.71870941,34208.5087476495,0.40766003624773745,-0.21979524839230571,0.00479929852509,-0.3857101144117926,-1.854726338397078,0.018096552153157742,128988.86355938508,0.03964181102708413,282559.4682646347,-0.20169869623914796,-1437670.8551500249,-2.0211337199938435,-0.18015343736522157,-1284100.2504447752,-2.262849059167803
10,case_0010_steps_0200_mesh_21x1,198,200,21,1,0.985,1501057.71761128,-10550.6526439523,2044760.06501329,23118.2712560075,-52947803.5172846,2101576.82392384,2044760.06501329,-1501057.71761128,-10550.6526439523,0.28687055716380805,-0.2105915853669527,-0.0014802086827692075,-0.3129235850777393,-1.3622128190162033,0.018096552153157742,128988.86355938508,0.03964181102708413,282559.4682646347,-0.19249503321379494,-1372068.854051895,-1.4902751119048083,-0.17094977433986855,-1218498.2493466453,-1.678098484023004
10,case_0010_steps_0200_mesh_21x1,199,200,21,1,0.99,1970571.95631038,-60635.4707837864,2684418.80198487,3752106.53826382,-65026969.0934033,2785464.45496698,2684418.80198487,-1970571.95631038,-60635.4707837864,0.3766117749279286,-0.27646230220877277,-0.008506881362396695,-0.38431192502262035,-1.3622536306723192,0.018096552153157742,128988.86355938508,0.03964181102708413,282559.4682646347,-0.258365750055615,-1841583.092750995,-1.4576691177017864,-0.23682049118168863,-1688012.4880457453,-1.590283733678232
10,case_0010_steps_0200_mesh_21x1,200,200,21,1,0.995,1476470.60452405,23481.7619376263,-1392255.10212986,204332.294876351,2026317.6679156,1680717.38358467,-1392255.10212986,-1476470.60452405,23481.7619376263,-0.19532707220568277,-0.2071421249871905,0.003294384630008399,0.011975616494525968,0.9429616125535142,0.018096552153157742,128988.86355938508,0.03964181102708413,282559.4682646347,-0.18904557283403275,-1347481.7409646648,1.0332274344089754,-0.16750031396010637,-1193911.1362594152,1.1661295885821676
11,case_0011_steps_0220_mesh_21x1,1,220,21,1,0.0,1251388.09280911,-4.71118255518377e-10,18825544.9370631,6.17769728705753e-08,-194291215.084951,1.39357325679157e-09,18825544.9370631,-1251388.09280911,-4.71118255518377e-10,2.641138516646694,-0.17556407011008957,-6.60957531218802e-17,-1.148268663376105,-15.043730274597396,0.018096552153157742,128988.86355938508,0.03964181102708413,282559.4682646347,-0.1574675179569318,-1122399.229249725,-16.772592537903968,-0.13592225908300543,-968828.6245444752,-19.43124352453409
11,case_0011_steps_0220_mesh_21x1,2,220,21,1,0.005,1390551.34517861,8.59017745824531e-10,2711107.54722735,7.1485466435206e-09,-40247608.6118551,-4.86801354782074e-09,2711107.54722735,-1390551.34517861,8.59017745824531e-10,0.38035608476100596,-0.19508804283776832,1.2051629116528155e-16,-0.2378649375609319,-1.9496637478561576,0.018096552153157742,128988.86355938508,0.03964181102708413,282559.4682646347,-0.17699149068461056,-1261562.481619225,-2.149007747715851,-0.15544623181068418,-1107991.8769139752,-2.4468659055321225
11,case_0011_steps_0220_mesh_21x1,3,220,21,1,0.01,1368403.22472095,5.82758730161004e-10,100838.832042394,-1.43752778569706e-08,-9800434.09076114,5.27001020600437e-09,100838.832042394,-1368403.22472095,5.82758730161004e-10,0.014147230487681309,-0.19198076205478865,8.17584050441018e-17,-0.05792094793881167,-0.07369087577454185,0.018096552153157742,128988.86355938508,0.03964181102708413,282559.4682646347,-0.1738842099016309,-1239414.361161565,-0.08136006423863687,-0.1523389510277045,-1085843.7564563153,-0.09286679731113863
11,case_0011_steps_0220_mesh_21x1,4,220,21,1,0.015,1370449.06761965,-1.72076397575438e-09,457420.727509294,6.50959322001654e-08,-12825594.2336579,-1.963087470358e-08,457420.727509294,-1370449.06761965,-1.72076397575438e-09,0.06417405210719074,-0.19226778452860435,-2.414153762675623e-16,-0.07579976244035208,-0.33377433595820805,0.018096552153157742,128988.86355938508,0.03964181102708413,282559.4682646347,-0.1741712323754466,-1241460.2040602649,-0.3684537982073642,-0.1526259735015202,-1087889.5993550152,-0.42046612797887606
11,case_0011_steps_0220_mesh_21x1,5,220,21,1,0.02,1365908.23288794,-9.18589648790658e-11,526984.529065707,4.12225276136269e-08,-13753276.4564233,-7.66254970585578e-09,526984.529065707,-1365908.23288794,-9.18589648790658e-11,0.07393353775656988,-0.19163072602391082,-1.2887395878976642e-17,-0.0812824005797391,-0.3858125431688068,0.018096552153157742,128988.86355938508,0.03964181102708413,282559.4682646347,-0.17353417387075307,-1236919.369328555,-0.4260459833786688,-0.15198891499682668,-1083348.7646233053,-0.4864403286128696
11,case_0011_steps_0220_mesh_21x1,6,220,21,1,0.025,1441348.38497963,1.0379835657659e-08,-61546.7405780233,-7.94148480309786e-07,2851046.78478838,8.01005057837756e-08,-61546.7405780233,-1441348.38497963,1.0379835657659e-08,-0.008634728378813064,-0.20221463698410697,1.4562438348296116e-15,0.016849797760337685,0.04270080795136363,0.018096552153157742,128988.86355938508,0.03964181102708413,282559.4682646347,-0.1841180848309492,-1312359.5214202448,0.04689777425580528,-0.16257282595702283,-1158788.9167149952,0.05311298692129342
11,case_0011_steps_0220_mesh_21x1,7,220,21,1,0.03,1431842.80130884,-7.98991095507517e-09,-343999.077387729,2.52655102173094e-07,6084595.58959933,-3.71817918676243e-08,-343999.077387729,-1431842.80130884,-7.98991095507517e-09,-0.04826150934897702,-0.20088104673532198,-1.120948245512967e-15,0.03596019738616855,0.24024919290950184,0.018096552153157742,128988.86355938508,0.03964181102708413,282559.4682646347,-0.18278449458216423,-1302853.937749455,0.26403502911612003,-0.16123923570823784,-1149283.3330442053,0.2993161629487388
11,case_0011_steps_0220_mesh_21x1,8,220,21,1,0.035,1524306.71923138,5.3054463933222e-08,3097822.53032741,-4.27277535663961e-06,-66954918.7115923,6.17968908045441e-07,3097822.53032741,-1524306.71923138,5.3054463933222e-08,0.4346104418191705,-0.21385331478077366,7.443300506972506e-15,-0.3957061825044442,-2.0322829331156287,0.018096552153157742,128988.86355938508,0.03964181102708413,282559.4682646347,-0.1957567626276159,-1395317.8556719949,-2.2201554418118423,-0.17421150375368952,-1241747.2509667452,-2.4947287202896105
11,case_0011_steps_0220_mesh_21x1,9,220,21,1,0.04,1620717.07134527,3.63856543117436e-07,-301344.262821732,-2.18303465544523e-05,11663271.9737372,2.12688905776304e-06,-301344.262821732,-1620717.07134527,3.63856543117436e-07,-0.04227723245036351,-0.22737924963273917,5.1047421669553006e-14,0.06893039252453846,0.18593267643661107,0.018096552153157742,128988.86355938508,0.03964181102708413,282559.4682646347,-0.20928269747958142,-1491728.2077858848,0.20201016595979354,-0.18773743860565503,-1338157.6030806352,0.22519340182949546
11,case_0011_steps_0220_mesh_21x1,10,220,21,1,0.045,1699558.47113685,1.59514684128226e-06,-56638.5682534094,-0.000220334296539448,7953992.48380748,3.24412051782019e-05,-56638.5682534094,-1699558.47113685,1.59514684128226e-06,-0.007946134076963363,-0.23844034020897661,2.2379186240306206e-13,0.04700840598424272,0.03332546023881329,0.018096552153157742,128988.86355938508,0.03964181102708413,282559.4682646347,-0.22034378805581886,-1570569.607577465,0.03606243746227327,-0.19879852918189247,-1416999.0028722154,0.039970789068026646
11,case_0011_steps_0220_mesh_21x1,11,220,21,1,0.05,1567516.99719223,1.89580214282614e-06,227739.442398581,1.78882823540505e-05,-13422141.0725795,-1.44481875850033e-05,227739.442398581,-1567516.99719223,1.89580214282614e-06,0.03195081019377757,-0.21991552067276496,2.6597243671293105e-13,-0.0793253775386479,-0.1452867450920869,0.018096552153157742,128988.86355938508,0.03964181102708413,282559.4682646347,-0.2018189685196072,-1438528.133632845,-0.1583142081645981,-0.18027370964568082,-1284957.5289275954,-0.17723499592134273
11,case_0011_steps_0220_mesh_21x1,12,220,21,1,0.055,1566219.77494747,-7.03614091435156e-06,1026674.72267944,0.00162703608020465,-26913353.5258801,-0.000282205918324507,1026674.72267944,-1566219.77494747,-7.03614091435156e-06,0.1440378041220865,-0.2197335262791503,-9.87138637398016e-13,-0.15905896963287147,-0.6555112756853514,0.018096552153157742,128988.86355938508,0.03964181102708413,282559.4682646347,-0.20163697412599255,-1437230.911388085,-0.714342221938347,-0.18009171525206616,-1283660.3066828353,-0.7998025001898802
11,case_0011_steps_0220_mesh_21x1,13,220,21,1,0.06,1468699.99252476,1.90298742381856e-05,-620101.443151766,-0.00756826605971384,7647842.80920833,0.00117182988316245,-620101.443151766,-1468699.99252476,1.90298742381856e-05,-0.08699741820019963,-0.20605194338990587,2.669804990264234e-12,0.045199049459855915,0.4222111025450366,0.018096552153157742,128988.86355938508,0.03964181102708413,282559.4682646347,-0.18795539123674812,-1339711.128965375,0.46286205268045705,-0.16641013236282173,-1186140.5242601254,0.5227891893657073
11,case_0011_steps_0220_mesh_21x1,14,220,21,1,0.065,1375124.4280675,-4.30369643709128e-05,-1341881.44220758,0.0013691951574053,27393756.6937857,0.000189848947854898,-1341881.44220758,-1375124.4280675,-4.30369643709128e-05,-0.18825987633486027,-0.1929237163807396,-6.037890781891062e-12,0.1618981711029504,0.975825470640037,0.018096552153157742,128988.86355938508,0.03964181102708413,282559.4682646347,-0.17482716422758185,-1246135.564508115,1.0768342389274947,-0.15328190535365546,-1092564.9598028653,1.2281937382008843
11,case_0011_steps_0220_mesh_21x1,15,220,21,1,0.07,1356482.90334227,5.35091492110951e-05,-964790.141712585,0.0721437837242114,21660884.0706409,-0.0110111077734132,-964790.141712585,-1356482.90334227,5.35091492110951e-05,-0.1353556782699782,-0.1903083950646541,7.507090787910328e-12,0.12801667017453386,0.7112438640659723,0.018096552153157742,128988.86355938508,0.03964181102708413,282559.4682646347,-0.17221184291149635,-1227494.039782885,0.7859835652507395,-0.15066658403756997,-1073923.4350776353,0.8983788882890325
11,case_0011_steps_0220_mesh_21x1,16,220,21,1,0.075,1398845.60483894,-0.000126816469219193,-1151437.65354347,-0.0619236476933764,23937576.8296206,0.00517943156847878,-1151437.65354347,-1398845.60483894,-0.000126816469219193,-0.16154147709709704,-0.19625168982536964,-1.7791775086442895e-11,0.14147201322814867,0.8231341969123489,0.018096552153157742,128988.86355938508,0.03964181102708413,282559.4682646347,-0.1781551376722119,-1269856.741279555,0.9067461045906946,-0.1566098787982855,-1116286.1365743054,1.0314897012669517
11,case_0011_steps_0220_mesh_21x1,17,220,21,1,0.08,1333924.69250435,-0.00729257464536204,-2497121.35062749,1.48593861009229,32254451.1899193,-0.191377119547667,-2497121.35062749,-1333924.69250435,-0.00729257464536204,-0.35033479253493394,-0.18714358046248186,-1.0231151260576244e-09,0.19062506526393724,1.8720107399311423,0.018096552153157742,128988.86355938508,0.03964181102708413,282559.4682646347,-0.1690470283093241,-1204935.828944965,2.072410240148602,-0.14750176943539772,-1051365.2242397154,2.375122643449862
11,case_0011_steps_0220_mesh_21x1,18,220,21,1,0.085,1262257.70060091,0.0146440505270675,-2614515.1119915,-2.49395202417501,32565836.0286068,0.315086154605922,-2614515.1119915,-1262257.70060091,0.0146440505270675,-0.36680460447339713,-0.1770890267525529,2.054493828256327e-09,0.1924653618123887,2.071300583665946,0.018096552153157742,128988.86355938508,0.03964181102708413,282559.4682646347,-0.15899247459939514,-1133268.837041525,2.30705638991792,-0.13744721572546875,-979698.2323362753,2.668694324125395
11,case_0011_steps_0220_mesh_21x1,19,220,21,1,0.09,1311367.88857207,-0.248193877773247,2287982.56058374,51.4119940721738,-27087161.0600596,-7.13425523006742,2287982.56058374,-1311367.88857207,-0.248193877773247,0.32099356944917046,-0.18397896324278576,-3.4820474646248865e-08,-0.16008617894271973,-1.7447297440500025,0.018096552153157742,128988.86355938508,0.03964181102708413,282559.4682646347,-0.165882411089628,-1182379.025012685,-1.935066938927806,-0.14433715221570162,-1028808.4203074353,-2.2239150802245864
11,case_0011_steps_0220_mesh_21x1,20,220,21,1,0.095,1336431.68338819,-9.20383898880254,2423781.30562937,1488.25574530823,-36346683.2815113,-221.036724122459,2423781.30562937,-1336431.68338819,-9.20383898880254,0.34004551706882064,-0.18749529990573452,-1.291256839342959e-06,-0.21481031662480082,-1.8136215533924451,0.018096552153157742,128988.86355938508,0.03964181102708413,282559.4682646347,-0.16939874775257677,-1207442.819828805,-2.0073673600320228,-0.14785348887865038,-1053872.2151235554,-2.299881589861639
11,case_0011_steps_0220_mesh_21x1,21,220,21,1,0.1,1498722.33371884,86.5566572730984,3644274.53661437,-17704.3186809259,-76681975.8788894,2817.36861890739,3644274.53661437,-1498722.33371884,86.5566572730984,0.5112751782785077,-0.21026394160577072,1.2143506185900169e-05,-0.4531934699620454,-2.4315875293401983,0.018096552153157742,128988.86355938508,0.03964181102708413,282559.4682646347,-0.19216738945261297,-1369733.470159455,-2.660572013466334,-0.17062213057868658,-1216162.8654542053,-2.9965349544309
11,case_0011_steps_0220_mesh_21x1,22,220,21,1,0.105,1481271.41893857,-704.238541228006,729305.286988744,81557.7330470553,-20373946.7948493,-18370.4801314418,729305.286988744,-1481271.41893857,-704.238541228006,0.10231822187881597,-0.20781565746148817,-9.880147121172989e-05,-0.1204108206518162,-0.4923508802399901,0.018096552153157742,128988.86355938508,0.03964181102708413,282559.4682646347,-0.18971910530833042,-1352282.555379185,-0.5393142757685314,-0.16817384643440403,-1198711.9506739352,-0.6084074548340965
11,case_0011_steps_0220_mesh_21x1,23,220,21,1,0.11,1471689.41263928,-29.1998340019784,-1460707.2821658,40998.7823881017,29151833.151339,-9575.63236730015,-1460707.2821658,-1471689.41263928,-29.1998340019784,-0.2049306024007327,-0.20647134546476176,-4.0966041896870705e-06,0.172288471576109,0.9925377390234906,0.018096552153157742,128988.86355938508,0.03964181102708413,282559.4682646347,-0.188374793311604,-1342700.549079895,1.0878876032088993,-0.16682953443767762,-1189129.9443746454,1.2283832301725235
11,case_0011_steps_0220_mesh_21x1,24,220,21,1,0.115,1362434.71856834,-1132.08149041129,646695.162264715,631802.930548265,-23261031.1938976,-103535.966536482,646695.162264715,-1362434.71856834,-1132.08149041129,0.09072839629857123,-0.1911434077290997,-0.00015882589525583786,-0.13747360211879966,-0.4746613936440703,0.018096552153157742,128988.86355938508,0.03964181102708413,282559.4682646347,-0.17304685557594196,-1233445.8550089549,-0.5242995950235853,-0.15150159670201557,-1079875.2503037052,-0.5988609907328071
11,case_0011_steps_0220_mesh_21x1,25,220,21,1,0.12,1393506.38225384,-14139.6352521578,805581.253067062,2872514.40322455,-20821288.6369492,-510248.016638601,805581.253067062,-1393506.38225384,-14139.6352521578,0.11301939374807025,-0.19550262112825614,-0.0019837266544293383,-0.1230546283961636,-0.5780965651295581,0.018096552153157742,128988.86355938508,0.03964181102708413,282559.4682646347,-0.1774060689750984,-1264517.518694455,-0.6370661071574402,-0.155860810101172,-1110946.9139892054,-0.725130285635673
11,case_0011_steps_0220_mesh_21x1,26,220,21,1,0.125,1410115.84967536,14311.6745146459,1166751.77616916,-1448616.79910312,-28930357.0805085,83214.0525371041,1166751.77616916,-1410115.84967536,14311.6745146459,0.16368997899972884,-0.19783285402693834,0.002007862982171875,-0.1709795393543864,-0.8274155463451972,0.018096552153157742,128988.86355938508,0.03964181102708413,282559.4682646347,-0.1797363018737806,-1281126.9861159748,-0.9107229718940125,-0.1581910429998542,-1127556.3814107252,-1.0347613612983113
11,case_0011_steps_0220_mesh_21x1,27,220,21,1,0.13,1406615.2985258,49581.1109298237,1991260.55211739,-7156325.10403148,-43535213.3493243,1131823.80056539,1991260.55211739,-1406615.2985258,49581.1109298237,0.27936481830718607,-0.19734174258758805,0.006956004844092382,-0.25729480985830844,-1.4156397660428734,0.018096552153157742,128988.86355938508,0.03964181102708413,282559.4682646347,-0.1792451904344303,-1277626.434966415,-1.558562422958738,-0.1576999315605039,-1124055.8302611653,-1.7714961290265598
11,case_0011_steps_0220_mesh_21x1,28,220,21,1,0.135,1381789.30667179,19423.6104470033,-532447.482634248,-7347415.05784609,6901707.14764808,1181079.12443165,-532447.482634248,-1381789.30667179,19423.6104470033,-0.07469996534911835,-0.19385876860097623,0.002725044393425389,0.040789358582054645,0.38533188819988295,0.018096552153157742,128988.86355938508,0.03964181102708413,282559.4682646347,-0.17576221644781848,-1252800.443112405,0.4250058224049297,-0.1542169575738921,-1099229.8384071554,0.4843823048015088
11,case_0011_steps_0220_mesh_21x1,29,220,21,1,0.14,1122686.70934936,-2028.19457156769,-429610.010936524,-1603085.71023564,-7257148.99665589,661121.014265723,-429610.010936524,-1122686.70934936,-2028.19457156769,-0.06027233478843852,-0.15750785011020838,-0.00028454649361437555,-0.042890033780826106,0.3826624180716448,0.018096552153157742,128988.86355938508,0.03964181102708413,282559.4682646347,-0.13941129795705062,-993697.845789975,0.4323346505747836,-0.11786603908312424,-840127.2410847254,0.5113630292261867
11,case_0011_steps_0220_mesh_21x1,30,220,21,1,0.145,1057123.41919121,-833541.400781738,-8085824.51295191,43374697.6198739,139477704.785142,-10519599.5699665,-8085824.51295191,-1057123.41919121,-833541.400781738,-1.1344044823881159,-0.14830961805404844,-0.11694207557785224,0.8243186784043492,7.648893559787236,0.018096552153157742,128988.86355938508,0.03964181102708413,282559.4682646347,-0.13021306590089068,-928134.555631825,8.711909780632515,-0.1086678070269643,-774563.9509265753,10.439195502552382
11,case_0011_steps_0220_mesh_21x1,31,220,21,1,0.15,1258581.11062706,-205372.472564776,11860699.075019,34592796.9513762,-191800169.374025,-9962825.36134455,11860699.075019,-1258581.11062706,-205372.472564776,1.6640022515213047,-0.1765732178650909,-0.028812825836552737,-1.133546486011353,-9.423865474279738,0.018096552153157742,128988.86355938508,0.03964181102708413,282559.4682646347,-0.15847666571193314,-1129592.247067675,-10.499982720143805,-0.13693140683800675,-976021.6423624253,-12.152086142588605
11,case_0011_steps_0220_mesh_21x1,32,220,21,1,0.155,855106.119633061,-618842.383606937,-11934634.3824464,30905733.4218464,50678544.7918358,-19208948.7001888,-11934634.3824464,-855106.119633061,-618842.383606937,-1.6743750396047015,-0.11996750776317795,-0.08682077786018734,0.29951217745240566,13.956904422070718,0.018096552153157742,128988.86355938508,0.03964181102708413,282559.4682646347,-0.10187095561002021,-726117.2560736759,16.436235721735066,-0.08032569673609383,-572546.6513684263,20.844824354350507
11,case_0011_steps_0220_mesh_21x1,33,220,21,1,0.16,686263.367635352,590235.694517192,1743143.89483081,-15108524.7809824,-20199036.1757905,4865986.95855714,1743143.89483081,-686263.367635352,590235.694517192,0.24455517734475843,-0.0962796359353708,0.08280738920975238,-0.11937709206728335,-2.5400509149091497,0.018096552153157742,128988.86355938508,0.03964181102708413,282559.4682646347,-0.07818308378221306,-557274.5040759669,-3.127980702654193,-0.056637824908286664,-403703.89937071723,-4.317877279728969
11,case_0011_steps_0220_mesh_21x1,34,220,21,1,0.165,1301416.96334372,-69996.1116210987,18113385.4604352,3417436.56363244,-285473734.533523,-4644978.52118509,18113385.4604352,-1301416.96334372,-69996.1116210987,2.5412257741468034,-0.18258289359461724,-0.009820136789454646,-1.6871609117193873,-13.918202982306783,0.018096552153157742,128988.86355938508,0.03964181102708413,282559.4682646347,-0.1644863414414595,-1172428.099784335,-15.449463778433074,-0.1429410825675331,-1018857.4950790852,-17.778134378870337
11,case_0011_steps_0220_mesh_21x1,35,220,21,1,0.17,1139518.69620309,662437.025297799,-1948210.70666379,-9767508.55885722,-6680085.83898297,11472546.4288184,-1948210.70666379,-1139518.69620309,662437.025297799,-0.2733251203678536,-0.15986930147534542,0.09293690823909949,-0.039479567999061584,1.7096785802245156,0.018096552153157742,128988.86355938508,0.03964181102708413,282559.4682646347,-0.14177274932218767,-1010529.832643705,1.927910135583988,-0.12022749044826128,-856959.2279384553,2.27339953074606
11,case_0011_steps_0220_mesh_21x1,36,220,21,1,0.175,1704392.64133254,296700.968874249,-19976691.5221166,-15854066.3281328,178014470.295334,6062458.28654387,-19976691.5221166,-1704392.64133254,296700.968874249,-2.8026391581556362,-0.2391185523479902,0.041625799382698864,1.0520724664687178,11.720709792843442,0.018096552153157742,128988.86355938508,0.03964181102708413,282559.4682646347,-0.22102200019483245,-1575403.777773155,12.680362840283273,-0.19947674132090606,-1421833.1730679052,14.049954594189607
11,case_0011_steps_0220_mesh_21x1,37,220,21,1,0.18,1929765.0722316,131462.143580418,16089665.997959,17651719.8877842,-214522538.920105,784417.184775058,16089665.997959,-1929765.0722316,131462.143580418,2.257307118028088,-0.27073728157085136,0.018443542115352263,-1.2678365767702542,-8.337629398252474,0.018096552153157742,128988.86355938508,0.03964181102708413,282559.4682646347,-0.2526407294176936,-1800776.208672215,-8.934850383114822,-0.23109547054376722,-1647205.6039669653,-9.767855305500573
11,case_0011_steps_0220_mesh_21x1,38,220,21,1,0.185,2230786.5615859,-591685.661357492,-9974455.98150724,58957673.1039996,113151383.001881,-7424600.63596753,-9974455.98150724,-2230786.5615859,-591685.661357492,-1.3993709060443051,-0.3129692303686122,-0.08301081297690385,0.6687290892792986,4.471273116517364,0.018096552153157742,128988.86355938508,0.03964181102708413,282559.4682646347,-0.29487267821545443,-2101797.6980265146,4.745678421321313,-0.27332741934152804,-1948227.0933212652,5.1197604302397615
11,case_0011_steps_0220_mesh_21x1,39,220,21,1,0.19,2070880.1714466,176841.322042984,1749619.46796742,-14247308.6894251,-45988231.3875254,4656974.17359433,1749619.46796742,-2070880.1714466,176841.322042984,0.24546367086702517,-0.2905350895526744,0.02481003490437667,-0.2717922421932243,-0.8448675553956531,0.018096552153157742,128988.86355938508,0.03964181102708413,282559.4682646347,-0.2724385373995166,-1941891.307887215,-0.900987331711687,-0.25089327852559024,-1788320.7031819653,-0.9783588955014142
11,case_0011_steps_0220_mesh_21x1,40,220,21,1,0.195,2215844.24649631,-214567.542278876,-862957.09908849,23347455.6645667,-1594981.89038243,-78868.4198546742,-862957.09908849,-2215844.24649631,-214567.542278876,-0.12106896454981854,-0.31087289137588053,-0.030102852386453487,-0.009426405216405403,0.3894484463215303,0.018096552153157742,128988.86355938508,0.03964181102708413,282559.4682646347,-0.2927763392227228,-2086855.382936925,0.4135203168098845,-0.2712310803487964,-1933284.7782316753,0.44636833062835896
11,case_0011_steps_0220_mesh_21x1,41,220,21,1,0.2,2140888.10846063,60415.6171674366,1526685.29594545,-1646743.83669746,-31110718.1198587,4616021.41605326,1526685.29594545,-2140888.10846063,60415.6171674366,0.21418701829880363,-0.3003568853910888,0.008476036897808457,-0.18386555818564085,-0.7131084010939683,0.018096552153157742,128988.86355938508,0.03964181102708413,282559.4682646347,-0.28226033323793104,-2011899.2449012448,-0.7588279084126741,-0.26071507436400465,-1858328.640195995,-0.8215367631553226
11,case_0011_steps_0220_mesh_21x1,42,220,21,1,0.205,2282857.96153298,75459.0379142852,1437291.69457966,-672288.367835568,-45100773.0146213,4174345.24283642,1437291.69457966,-2282857.96153298,75459.0379142852,0.20164550173191154,-0.32027461145987546,0.01058656055539466,-0.2665473285762552,-0.629601893240214,0.018096552153157742,128988.86355938508,0.03964181102708413,282559.4682646347,-0.3021780593067177,-2153869.097973595,-0.6673068924810213,-0.2806328004327913,-2000298.4932683455,-0.7185386078210895
11,case_0011_steps_0220_mesh_21x1,43,220,21,1,0.21,2708707.64714201,-55053.860809498,802576.229008002,18150011.3378157,-38866441.0434348,1669666.46436773,802576.229008002,-2708707.64714201,-55053.860809498,0.11259780251061248,-0.380019389670761,-0.007723806814633178,-0.22970218333143694,-0.29629488802706705,0.018096552153157742,128988.86355938508,0.03964181102708413,282559.4682646347,-0.36192283751760324,-2579718.7835826245,-0.31110996830957355,-0.34037757864367685,-2426148.178877375,-0.3308026426396467
11,case_0011_steps_0220_mesh_21x1,44,220,21,1,0.215,2609100.96624519,-27834.9073268583,3867747.98207976,10215350.4460142,-70914845.7454525,1506063.56017755,3867747.98207976,-2609100.96624519,-27834.9073268583,0.5426274884633976,-0.3660450243967978,-0.003905111171763278,-0.41910950581090156,-1.4824064043968046,0.018096552153157742,128988.86355938508,0.03964181102708413,282559.4682646347,-0.34794847224364006,-2480112.1026858045,-1.5595053053816534,-0.3264032133697137,-2326541.497980555,-1.6624453015073992
11,case_0011_steps_0220_mesh_21x1,45,220,21,1,0.22,2494174.55216785,-52463.2962283014,3458040.83274337,14048478.16604,-69312696.6172308,843083.612688179,3458040.83274337,-2494174.55216785,-52463.2962283014,0.48514743483013095,-0.3499213700848232,-0.007360362360932999,-0.40964074193916433,-1.3864470029724907,0.018096552153157742,128988.86355938508,0.03964181102708413,282559.4682646347,-0.33182481793166546,-2365185.688608465,-1.4620589196858689,-0.3102795590577391,-2211615.0839032154,-1.563581681962656
11,case_0011_steps_0220_mesh_21x1,46,220,21,1,0.225,1926989.607367,-38797.2136888325,5902833.85421115,1376852.69881767,-96658918.1608441,896812.892046171,5902833.85421115,-1926989.607367,-38797.2136888325,0.8281408002713194,-0.27034789644654283,-0.005443073002918003,-0.5712579784495343,-3.063241146524222,0.018096552153157742,128988.86355938508,0.03964181102708413,282559.4682646347,-0.2522513442933851,-1798000.743807615,-3.282998560785217,-0.2307060854194587,-1644430.1391023654,-3.5895923541229258
11,case_0011_steps_0220_mesh_21x1,47,220,21,1,0.23,1608506.39733388,-36569.0042182445,7894421.56691127,7012572.16647614,-128855020.785434,93049.8949648113,7894421.56691127,-1608506.39733388,-36569.0042182445,1.107551517723474,-0.22566614748597444,-0.005130465326720505,-0.7615382014153191,-4.907920528010567,0.018096552153157742,128988.86355938508,0.03964181102708413,282559.4682646347,-0.2075695953328167,-1479517.533774495,-5.335808050054864,-0.1860243364588903,-1325946.9290692452,-5.953799050202407
11,case_0011_steps_0220_mesh_21x1,48,220,21,1,0.235,1284876.46717382,-72377.9182193439,6854148.33226024,11323477.4180664,-119668510.825462,-714985.07769363,6854148.33226024,-1284876.46717382,-72377.9182193439,0.9616059040873831,-0.18026233704951752,-0.010154293445575861,-0.7072455690478902,-5.334480401323282,0.018096552153157742,128988.86355938508,0.03964181102708413,282559.4682646347,-0.16216578489635977,-1155887.6036144348,-5.929770602978586,-0.14062052602243338,-1002316.9989091852,-6.838303989376179
11,case_0011_steps_0220_mesh_21x1,49,220,21,1,0.24,1054460.44323785,-85161.6659925291,9077246.60818139,12143769.9960189,-166478872.054949,-749141.971365682,9077246.60818139,-1054460.44323785,-85161.6659925291,1.2734965028698162,-0.14793601461346614,-0.01194779524027733,-0.9838966306907642,-8.608427813857666,0.018096552153157742,128988.86355938508,0.03964181102708413,282559.4682646347,-0.1298394624603084,-925471.5796784649,-9.808239180434999,-0.108294203586382,-771900.9749732153,-11.759599874189004
11,case_0011_steps_0220_mesh_21x1,50,220,21,1,0.245,1084152.91520401,-112299.851924548,11239918.3102808,15353760.9643777,-198246403.07507,-716887.346724721,11239918.3102808,-1084152.91520401,-112299.851924548,1.5769095275855673,-0.1521017336737353,-0.015755159562351313,-1.1716439787491104,-10.367465836833297,0.018096552153157742,128988.86355938508,0.03964181102708413,282559.4682646347,-0.13400518152057755,-955164.0516446249,-11.767526521677226,-0.11245992264665117,-801593.4469393753,-14.021968808748106
11,case_0011_steps_0220_mesh_21x1,51,220,21,1,0.25,1256007.55385638,45349.7934659693,13927549.9181258,1692611.00688846,-234237187.707162,3410376.46385337,13927549.9181258,-1256007.55385638,45349.7934659693,1.9539720445946454,-0.1762121595300178,0.0063623702073630235,-1.3843509204668811,-11.088746938952221,0.018096552153157742,128988.86355938508,0.03964181102708413,282559.4682646347,-0.15811560737686003,-1127018.690296995,-12.357869517191038,-0.13657034850293365,-973448.0855917453,-14.307439836053959
11,case_0011_steps_0220_mesh_21x1,52,220,21,1,0.255,1425081.97885356,-56638.9776664841,6777437.73877573,14730289.9094804,-150263194.479868,3139352.1297273,6777437.73877573,-1425081.97885356,-56638.9776664841,0.950843755965557,-0.19993253402822392,-0.007946191515759659,-0.8880613434044357,-4.755823060949796,0.018096552153157742,128988.86355938508,0.03964181102708413,282559.4682646347,-0.18183598187506617,-1296093.115294175,-5.2291287244724325,-0.16029072300113978,-1142522.5105889253,-5.931994928732063
11,case_0011_steps_0220_mesh_21x1,53,220,21,1,0.26,1372967.04431423,114193.12836092,-5359681.1167345,-564631.494822067,27612646.9981584,5056803.96273605,-5359681.1167345,-1372967.04431423,114193.12836092,-0.7519389362526374,-0.19262104523124576,0.016020777653911418,0.16319182134399773,3.9037216071064216,0.018096552153157742,128988.86355938508,0.03964181102708413,282559.4682646347,-0.174524493078088,-1243978.180754845,4.308500904318313,-0.15297923420416162,-1090407.5760495954,4.915300695316082
11,case_0011_steps_0220_mesh_21x1,54,220,21,1,0.265,1405593.45283811,-64310.2504989965,-2551630.51407801,12519023.6754813,11257550.3732906,832369.514159968,-2551630.51407801,-1405593.45283811,-64310.2504989965,-0.35798218078216193,-0.19719838227515885,-0.009022436278787205,0.06653256203259401,1.8153403524510408,0.018096552153157742,128988.86355938508,0.03964181102708413,282559.4682646347,-0.1791018301220011,-1276604.589278725,1.9987633880586846,-0.1575565712480747,-1123033.9845734753,2.2720866413024097
11,case_0011_steps_0220_mesh_21x1,55,220,21,1,0.27,1352464.80312431,7279.69429516426,2055865.73749325,-818064.99769161,-58034773.4154116,1735244.46817058,2055865.73749325,-1352464.80312431,7279.69429516426,0.28842863261066215,-0.18974467383985666,0.0010213080713811736,-0.3429877756949157,-1.520088162548869,0.018096552153157742,128988.86355938508,0.03964181102708413,282559.4682646347,-0.1716481216866989,-1223475.939564925,-1.6803483182712426,-0.15010286281277252,-1069905.3348596753,-1.9215398507783772
11,case_0011_steps_0220_mesh_21x1,56,220,21,1,0.275,1465884.83201358,4845.45472459414,5954563.11806925,2007361.49453386,-121745055.846782,1232955.94553527,5954563.11806925,-1465884.83201358,4845.45472459414,0.8353981812220524,-0.2056569891465372,0.0006797953072050499,-0.7195180311611611,-4.062094775815298,0.018096552153157742,128988.86355938508,0.03964181102708413,282559.4682646347,-0.18756043699337946,-1336895.968454195,-4.454021299020221,-0.16601517811945307,-1183325.3637489453,-5.032059060412883
11,case_0011_steps_0220_mesh_21x1,57,220,21,1,0.28,1522132.13003575,4795.11764745031,1739432.74335661,4866081.9907193,-56383700.5994754,1338390.87010086,1739432.74335661,-1522132.13003575,4795.11764745031,0.24403451963565156,-0.21354822978580204,0.0006727332437320162,-0.3332298709195364,-1.1427606769694534,0.018096552153157742,128988.86355938508,0.03964181102708413,282559.4682646347,-0.1954516776326443,-1393143.266476365,-1.2485670248086576,-0.1739064187587179,-1239572.6617711154,-1.4032519407706918
11,case_0011_steps_0220_mesh_21x1,58,220,21,1,0.285,1635772.76590303,29142.3350304142,2399232.63267484,1793377.70193711,-68863625.2136689,1328084.04866936,2399232.63267484,-1635772.76590303,29142.3350304142,0.33660144966521927,-0.2294914952502927,0.004088537344930466,-0.4069867124190803,-1.4667273368806462,0.018096552153157742,128988.86355938508,0.03964181102708413,282559.4682646347,-0.21139494309713494,-1506783.902343645,-1.59228714146938,-0.18984968422320855,-1353213.2976383953,-1.772989252220577
11,case_0011_steps_0220_mesh_21x1,59,220,21,1,0.29,1710267.49998252,95987.9945733114,3763107.11115011,-7467825.14361246,-90967037.4699698,1767764.98291446,3763107.11115011,-1710267.49998252,95987.9945733114,0.527946849175042,-0.23994276835407083,0.013466680005853623,-0.5376187414405486,-2.2003032339611033,0.018096552153157742,128988.86355938508,0.03964181102708413,282559.4682646347,-0.22184621620091308,-1581278.636423135,-2.3797874861967965,-0.2003009573269867,-1427708.0317178853,-2.6357679774499574
11,case_0011_steps_0220_mesh_21x1,60,220,21,1,0.295,1650170.3052071,13624.9441428289,1636928.51562607,-1269431.26151175,-53613819.3891116,585934.948324081,1636928.51562607,-1650170.3052071,13624.9441428289,0.22965364169117022,-0.23151140467273124,0.001911517827669275,-0.31685976487153844,-0.9919755012320574,0.018096552153157742,128988.86355938508,0.03964181102708413,282559.4682646347,-0.21341485251957348,-1521181.441647715,-1.0760902485458803,-0.1918695936456471,-1367610.8369424653,-1.1969256687711776
11,case_0011_steps_0220_mesh_21x1,61,220,21,1,0.3,1850270.90631256,-16515.4247507818,262020.152657542,2045145.17218002,-40067531.0180509,752823.403307646,262020.152657542,-1850270.90631256,-16515.4247507818,0.03676023826322458,-0.259584610869451,-0.002317039138781756,-0.23680067195401233,-0.14161177790971535,0.018096552153157742,128988.86355938508,0.03964181102708413,282559.4682646347,-0.24148805871629325,-1721282.042753175,-0.15222383441498244,-0.21994279984236687,-1567711.4380479252,-0.16713544744165604
11,case_0011_steps_0220_mesh_21x1,62,220,21,1,0.305,1898322.50908416,-130125.254474381,4426319.19328319,18273970.7161213,-96397264.7437418,-542622.650914748,4426319.19328319,-1898322.50908416,-130125.254474381,0.6209924943706063,-0.2663260326604783,-0.018255982641124872,-0.5697115965434224,-2.3317003154636007,0.018096552153157742,128988.86355938508,0.03964181102708413,282559.4682646347,-0.24822948050732052,-1769333.645524775,-2.5016871207297746,-0.22668422163339413,-1615763.0408195253,-2.73946060248917
11,case_0011_steps_0220_mesh_21x1,63,220,21,1,0.31,1843075.44052454,-25328.7866182359,2822147.62304901,6897065.93577682,-75522403.7641477,1370032.28101253,2822147.62304901,-1843075.44052454,-25328.7866182359,0.39593450345350134,-0.25857511967535873,-0.003553513810144425,-0.44634035351156426,-1.5312165530488682,0.018096552153157742,128988.86355938508,0.03964181102708413,282559.4682646347,-0.24047856752220098,-1714086.5769651548,-1.6464440367100435,-0.2189333086482746,-1560515.9722599052,-1.8084708347855212
11,case_0011_steps_0220_mesh_21x1,64,220,21,1,0.315,1949704.8491244,-55089.4645687503,-3667686.38024757,8627333.85013013,20460454.7192894,590241.112374931,-3667686.38024757,-1949704.8491244,-55089.4645687503,-0.514559753687723,-0.2735347417740476,-0.007728801860471853,0.12092208586123313,1.881149540093058,0.018096552153157742,128988.86355938508,0.03964181102708413,282559.4682646347,-0.2554381896208898,-1820715.9855650149,2.014419826774571,-0.23389293074696343,-1667145.3808597652,2.1999799311779897
11,case_0011_steps_0220_mesh_21x1,65,220,21,1,0.32,1878606.81502887,-24228.0257437227,106920.905793146,1915134.15193039,-23768571.7726408,1138177.05200296,106920.905793146,-1878606.81502887,-24228.0257437227,0.015000517831973342,-0.2635600102624051,-0.003399082055153323,-0.14047318674596754,-0.0569149994228584,0.018096552153157742,128988.86355938508,0.03964181102708413,282559.4682646347,-0.24546345810924736,-1749617.951469485,-0.06111100180661973,-0.22391819923532097,-1596047.3467642353,-0.0669910613929551
11,case_0011_steps_0220_mesh_21x1,66,220,21,1,0.325,1761810.11697074,8653.85655373006,-452538.624062499,-4057739.85983037,-14354811.0223169,2084235.08657651,-452538.624062499,-1761810.11697074,8653.85655373006,-0.0634891151505878,-0.24717396359603938,0.0012140967997475436,-0.08483749333908573,0.2568600439419628,0.018096552153157742,128988.86355938508,0.03964181102708413,282559.4682646347,-0.22907741144288163,-1632821.253411355,0.2771513557390543,-0.20753215256895524,-1479250.6487061053,0.3059242356650867
11,case_0011_steps_0220_mesh_21x1,67,220,21,1,0.33,1776605.97150358,-25860.4582482645,922465.002861047,2844351.54999364,-27033550.2962554,1293942.51704962,922465.002861047,-1776605.97150358,-25860.4582482645,0.12941765337790007,-0.24924975483735692,-0.0036281049268941075,-0.15976933723647427,-0.5192288091209921,0.018096552153157742,128988.86355938508,0.03964181102708413,282559.4682646347,-0.23115320268419917,-1647617.107944195,-0.5598782620144359,-0.20960794381027278,-1494046.5032389453,-0.6174272359402696
11,case_0011_steps_0220_mesh_21x1,68,220,21,1,0.335,1790645.54322621,-27570.9366834954,-615315.503157731,2737902.6796489,-8844298.83679603,1951412.59110357,-615315.503157731,-1790645.54322621,-27570.9366834954,-0.08632597253958985,-0.2512194430327227,-0.003868077288506216,-0.05227015127465344,0.3436277522848636,0.018096552153157742,128988.86355938508,0.03964181102708413,282559.4682646347,-0.23312289087956495,-1661656.6796668249,0.37030242810512853,-0.21157763200563856,-1508086.0749615752,0.4080108644815972
11,case_0011_steps_0220_mesh_21x1,69,220,21,1,0.34,1830784.45808534,57.9869969122187,-2382505.21664948,1014544.99509329,18525310.8370048,2672598.38408886,-2382505.21664948,-1830784.45808534,57.9869969122187,-0.33425466911271734,-0.2568507506206448,8.135312498073499e-06,0.10948530999784775,1.3013575716833086,0.018096552153157742,128988.86355938508,0.03964181102708413,282559.4682646347,-0.23875419846748702,-1701795.594525955,1.3999949372962979,-0.21720893959356063,-1548224.9898207053,1.538862395526499
11,case_0011_steps_0220_mesh_21x1,70,220,21,1,0.345,1918720.60759699,-3618.42492246283,3032766.96474287,1497597.20399657,-58643057.3789444,3005673.70589914,3032766.96474287,-1918720.60759699,-3618.42492246283,0.42548344121642634,-0.26918779330691367,-0.0005076485947291691,-0.3465827576577055,-1.5806193735215646,0.018096552153157742,128988.86355938508,0.03964181102708413,282559.4682646347,-0.2510912411537559,-1789731.744037605,-1.694537170079466,-0.22954598227982953,-1636161.1393323552,-1.8535869675895174
11,case_0011_steps_0220_mesh_21x1,71,220,21,1,0.35,1783476.65648625,-13881.1522957997,2537844.17247083,2669037.01066243,-47011897.5973542,2373110.64388405,2537844.17247083,-1783476.65648625,-13881.1522957997,0.3560480196227319,-0.2502136807584467,-0.0019474626687536818,-0.2778421494419357,-1.42297582827398,0.018096552153157742,128988.86355938508,0.03964181102708413,282559.4682646347,-0.23211712860528894,-1654487.792926865,-1.5339153200890452,-0.21057186973136255,-1500917.1882216153,-1.6908622223707315
11,case_0011_steps_0220_mesh_21x1,72,220,21,1,0.355,1594010.38125336,-39939.5254653478,4633542.47085044,2414714.04862152,-77496683.5791037,1500664.06026605,4633542.47085044,-1594010.38125336,-39939.5254653478,0.650064979749296,-0.22363242221872787,-0.005603334160885011,-0.45800842426431926,-2.9068458558012122,0.018096552153157742,128988.86355938508,0.03964181102708413,282559.4682646347,-0.20553587006557011,-1465021.517693975,-3.1627811707120124,-0.18399061119164373,-1311450.9129887254,-3.533142129041527
11,case_0011_steps_0220_mesh_21x1,73,220,21,1,0.36,1461351.64126812,-14562.8548041594,5155302.33906329,1749627.87258643,-87884481.208549,1354365.55772222,5155302.33906329,-1461351.64126812,-14562.8548041594,0.7232655212998581,-0.205021003058423,-0.0020431024368317238,-0.5194007136386447,-3.5277630609082307,0.018096552153157742,128988.86355938508,0.03964181102708413,282559.4682646347,-0.18692445090526524,-1332362.7777087349,-3.869293277562787,-0.16537919203133886,-1178792.1730034852,-4.3733767979879925
11,case_0011_steps_0220_mesh_21x1,74,220,21,1,0.365,1233556.00453307,-67451.7719801158,5782772.92865753,6361178.95731547,-98312474.6247979,181427.325014955,5782772.92865753,-1233556.00453307,-67451.7719801158,0.8112967973017361,-0.17306230905427172,-0.009463177485078765,-0.581030561681622,-4.687888435877255,0.018096552153157742,128988.86355938508,0.03964181102708413,282559.4682646347,-0.15496575690111397,-1104567.1409736848,-5.235329491659483,-0.13342049802718758,-950996.5362684352,-6.080750778912661
11,case_0011_steps_0220_mesh_21x1,75,220,21,1,0.37,1219213.79025718,-35712.4690252837,3408143.25097667,5913023.8293434,-72288912.9672546,633277.651914967,3408143.25097667,-1219213.79025718,-35712.4690252837,0.4781470305638989,-0.17105016148219926,-0.005010297326455164,-0.4272302967147916,-2.79536146835885,0.018096552153157742,128988.86355938508,0.03964181102708413,282559.4682646347,-0.1529536093290415,-1090224.926697795,-3.126091843542475,-0.13140835045511512,-936654.3219925454,-3.6386350555950293
11,case_0011_steps_0220_mesh_21x1,76,220,21,1,0.375,1239508.99279814,-38338.7152410401,2739326.86794165,8014136.33775574,-64259973.1578825,875621.69956157,2739326.86794165,-1239508.99279814,-38338.7152410401,0.38431512738640217,-0.17389748629076532,-0.0053787477515462295,-0.379778949111639,-2.210009676297494,0.018096552153157742,128988.86355938508,0.03964181102708413,282559.4682646347,-0.15580093413760757,-1110520.129238755,-2.466706181921635,-0.13425567526368118,-956949.5245335053,-2.862561501639305
11,case_0011_steps_0220_mesh_21x1,77,220,21,1,0.38,1201043.38460027,-3838.18485904588,2076829.26229346,4026895.46605783,-51619418.0149376,1301499.05784093,2076829.26229346,-1201043.38460027,-3838.18485904588,0.29136971999908123,-0.16850093603326802,-0.000538479916471289,-0.3050727749185602,-1.7291875455312282,0.018096552153157742,128988.86355938508,0.03964181102708413,282559.4682646347,-0.15040438388011027,-1072054.521040885,-1.9372422032015812,-0.12885912500618388,-918483.9163356354,-2.2611492976155048
11,case_0011_steps_0220_mesh_21x1,78,220,21,1,0.385,1226614.16265225,-9140.56606037662,3375331.43109771,6354113.34964937,-66483609.5806181,736531.694148338,3375331.43109771,-1226614.16265225,-9140.56606037662,0.47354368114834067,-0.1720884001433106,-0.0012823799346432325,-0.39292072714752513,-2.751746664818699,0.018096552153157742,128988.86355938508,0.03964181102708413,282559.4682646347,-0.15399184799015284,-1097625.2990928649,-3.0751217504618937,-0.13244658911622645,-944054.6943876152,-3.575355804238867
11,case_0011_steps_0220_mesh_21x1,79,220,21,1,0.39,1253942.70400024,-40369.4971400286,-662783.486160731,6074916.86477233,-13947537.4679265,740318.662534557,-662783.486160731,-1253942.70400024,-40369.4971400286,-0.09298551512578772,-0.17592247046633458,-0.005663657235455394,-0.08243049073876836,0.5285596256083835,0.018096552153157742,128988.86355938508,0.03964181102708413,282559.4682646347,-0.15782591831317683,-1124953.840440855,0.5891650504530876,-0.13628065943925044,-971383.2357356052,0.682308960848826
11,case_0011_steps_0220_mesh_21x1,80,220,21,1,0.395,1282529.56451954,-6624.58738775097,-5071328.90960366,3874837.1336909,54980565.3053149,147825.829869349,-5071328.90960366,-1282529.56451954,-6624.58738775097,-0.7114844302524431,-0.17993307725832627,-0.0009293995454141976,0.32493728657362525,3.9541614087496506,0.018096552153157742,128988.86355938508,0.03964181102708413,282559.4682646347,-0.16183652510516852,-1153540.7009601549,4.396315539956689,-0.14029126623124213,-999970.0962549052,5.0714805658657545
11,case_0011_steps_0220_mesh_21x1,81,220,21,1,0.4,1403868.05383453,-25057.840266281,-447085.527851449,3427964.94514841,-10881665.1503323,633206.090855925,-447085.527851449,-1403868.05383453,-25057.840266281,-0.0627240705005586,-0.19695631662552301,-0.003515501266630525,-0.0643110656959715,0.3184669147718534,0.018096552153157742,128988.86355938508,0.03964181102708413,282559.4682646347,-0.17885976447236526,-1274879.190275145,0.35068854465728533,-0.15731450559843888,-1121308.5855698953,0.39871765328918946
11,case_0011_steps_0220_mesh_21x1,82,220,21,1,0.405,1431236.76689242,30322.1226094233,7966711.56740686,-2114802.88798543,-124109042.651512,1529452.19310953,7966711.56740686,-1431236.76689242,30322.1226094233,1.117693476711414,-0.2007960228571303,0.0042540561879068324,-0.7334892854318145,-5.566312822374332,0.018096552153157742,128988.86355938508,0.03964181102708413,282559.4682646347,-0.18269947070397255,-1302247.9033330348,-6.117661274029685,-0.16115421183004616,-1148677.2986277852,-6.93555237569675
11,case_0011_steps_0220_mesh_21x1,83,220,21,1,0.41,1435509.27507258,31339.552853961,7483189.50816247,-1873122.54641635,-126282129.844649,1751317.41552515,7483189.50816247,-1435509.27507258,31339.552853961,1.049857526220309,-0.201395436364417,0.004396797033700856,-0.7463323155480868,-5.212916167179844,0.018096552153157742,128988.86355938508,0.03964181102708413,282559.4682646347,-0.18329888421125926,-1306520.411513195,-5.72757183295402,-0.16175362533733287,-1152949.8068079452,-6.490472927768135
11,case_0011_steps_0220_mesh_21x1,84,220,21,1,0.415,1426842.93699223,92631.0017807155,5170292.17962763,-6348840.10706318,-100921760.77307,2447342.25643786,5170292.17962763,-1426842.93699223,92631.0017807155,0.7253685279010071,-0.20017958846313097,0.012995709152458844,-0.5964515446454279,-3.6235888657279633,0.018096552153157742,128988.86355938508,0.03964181102708413,282559.4682646347,-0.18208303630997322,-1297854.0734328448,-3.9837238141512508,-0.16053777743604683,-1144283.4687275952,-4.518366576925927
11,case_0011_steps_0220_mesh_21x1,85,220,21,1,0.42,1452496.06905123,19626.6324652468,7005572.78877852,-3344114.00359336,-135993104.737984,1227620.71875357,7005572.78877852,-1452496.06905123,19626.6324652468,0.982850068110776,-0.20377860646660234,0.0027535274611879897,-0.8037245561389604,-4.823126849048588,0.018096552153157742,128988.86355938508,0.03964181102708413,282559.4682646347,-0.1856820543134446,-1323507.205491845,-5.293188249908388,-0.1641367954395182,-1169936.6007865954,-5.987993523810087
11,case_0011_steps_0220_mesh_21x1,86,220,21,1,0.425,1446391.92579063,47294.0662539606,478361.687948511,-6114820.54633439,-36514389.4600328,2400779.00804046,478361.687948511,-1446391.92579063,47294.0662539606,0.0671119738181688,-0.2029222228702391,0.006635142855613013,-0.2158014666846046,-0.3307275707357311,0.018096552153157742,128988.86355938508,0.03964181102708413,282559.4682646347,-0.18482567071708134,-1317403.062231245,-0.3631095916372963,-0.16328041184315495,-1163832.4575259953,-0.41102281076211206
11,case_0011_steps_0220_mesh_21x1,87,220,21,1,0.43,1532769.85629446,-34924.8942485849,4297098.68600664,3349474.85047367,-98808474.4469996,1148270.08973402,4297098.68600664,-1532769.85629446,-34924.8942485849,0.6028634436552244,-0.21504065450154605,-0.004899804159620805,-0.5839619399872511,-2.8034859038753996,0.018096552153157742,128988.86355938508,0.03964181102708413,282559.4682646347,-0.1969441023483883,-1403780.9927350748,-3.061089093131495,-0.1753988434744619,-1250210.3880298252,-3.4371004489718957
11,case_0011_steps_0220_mesh_21x1,88,220,21,1,0.435,1618632.08569837,-37092.5008823599,-3847274.17719677,6287140.43416954,26981827.7483071,1385696.112272,-3847274.17719677,-1618632.08569837,-37092.5008823599,-0.5397551065568151,-0.2270867356089968,-0.005203909532853903,0.1594636549596249,2.376867610119589,0.018096552153157742,128988.86355938508,0.03964181102708413,282559.4682646347,-0.20899018345583906,-1489643.2221389848,2.5826816247130995,-0.18744492458191267,-1336072.6174337352,2.8795397248589913
11,case_0011_steps_0220_mesh_21x1,89,220,21,1,0.44,1635334.29623475,-45319.9872280918,4026862.6735866,-1835166.25735984,-70959589.8164107,1432008.21307095,4026862.6735866,-1635334.29623475,-45319.9872280918,0.5649505575542535,-0.2294299799457877,-0.00635818852746171,-0.4193739450164041,-2.4624094797364595,0.018096552153157742,128988.86355938508,0.03964181102708413,282559.4682646347,-0.21133342779262995,-1506345.432675365,-2.6732664276311686,-0.18978816891870356,-1352774.8279701152,-2.9767427589032276
11,case_0011_steps_0220_mesh_21x1,90,220,21,1,0.445,1947173.37806107,-7268.31071258956,2617982.48337754,3394481.26143447,-66261588.3762683,1389877.50069698,2617982.48337754,-1947173.37806107,-7268.31071258956,0.3672910609425089,-0.2731795878727135,-0.0010197110064092973,-0.3916085731654296,-1.3445040451325598,0.018096552153157742,128988.86355938508,0.03964181102708413,282559.4682646347,-0.25508303571955576,-1818184.514501685,-1.4398882305380638,-0.23353777684562937,-1664613.9097964354,-1.572726545158866
11,case_0011_steps_0220_mesh_21x1,91,220,21,1,0.45,1894010.35583907,-3901.95465935313,-4115625.28215974,-5855109.39035195,39358649.2612123,2078972.88041511,-4115625.28215974,-1894010.35583907,-3901.95465935313,-0.5774035486960402,-0.26572105713050737,-0.0005474265300409581,0.2326111531069514,2.17296873244205,0.018096552153157742,128988.86355938508,0.03964181102708413,282559.4682646347,-0.2476245049773496,-1765021.4922796849,2.3317706329139583,-0.22607924610342323,-1611450.8875744352,2.5539874121479444
11,case_0011_steps_0220_mesh_21x1,92,220,21,1,0.455,1936509.31288187,-72119.0487181415,-3039047.26851278,6105620.99294258,26508362.8229796,1750379.51357198,-3039047.26851278,-1936509.31288187,-72119.0487181415,-0.42636453933275725,-0.27168346792596154,-0.010117975229412846,0.1566654587739478,1.569342965869933,0.018096552153157742,128988.86355938508,0.03964181102708413,282559.4682646347,-0.2535869157728038,-1807520.449322485,1.6813349302089,-0.2320416568988774,-1653949.8446172352,1.837448262656411
11,case_0011_steps_0220_mesh_21x1,93,220,21,1,0.46,2061533.78068697,24889.7478913208,896215.538461849,-1967997.08448417,-30828127.2050149,3954103.83072827,896215.538461849,-2061533.78068697,24889.7478913208,0.125734972653499,-0.2892238333468426,0.0034919186692955622,-0.1821954348507899,-0.4347324049976037,0.018096552153157742,128988.86355938508,0.03964181102708413,282559.4682646347,-0.27112728119368484,-1932544.917127585,-0.463748878755133,-0.24958202231975846,-1778974.3124223354,-0.5037821694240877
11,case_0011_steps_0220_mesh_21x1,94,220,21,1,0.465,2234333.2142076,-64038.7249596082,-735669.869115883,10306062.6652771,-7881755.66877499,2913744.44431542,-735669.869115883,-2234333.2142076,-64038.7249596082,-0.10321114386617652,-0.3134668096352764,-0.008984342477904987,-0.04658148358835552,0.32925700805857033,0.018096552153157742,128988.86355938508,0.03964181102708413,282559.4682646347,-0.29537025748211865,-2105344.3506482146,0.3494297115288421,-0.27382499860819226,-1951773.7459429651,0.3769237446938078
11,case_0011_steps_0220_mesh_21x1,95,220,21,1,0.47,2268633.68961205,-95906.982702982,1960056.93877483,13977914.2641334,-42659281.9815738,2133053.03797445,1960056.93877483,-2268633.68961205,-95906.982702982,0.2749870929699857,-0.3182790106649332,-0.013455314408111414,-0.25211802129163907,-0.8639812358204075,0.018096552153157742,128988.86355938508,0.03964181102708413,282559.4682646347,-0.30018245851177544,-2139644.826052665,-0.916066496134712,-0.27863719963784905,-1986074.2213474154,-0.9869001458792741
11,case_0011_steps_0220_mesh_21x1,96,220,21,1,0.475,2074043.74889692,49045.2060974489,946822.243056369,-7158285.69141748,-24472622.6977213,4660953.61795093,946822.243056369,-2074043.74889692,49045.2060974489,0.13283486363418473,-0.29097892511134577,0.0068808198282655315,-0.14463415518881462,-0.45651025614090174,0.018096552153157742,128988.86355938508,0.03964181102708413,282559.4682646347,-0.272882372958188,-1945054.8853375348,-0.4867843319969155,-0.2513371140842616,-1791484.2806322852,-0.5285127272912483
11,case_0011_steps_0220_mesh_21x1,97,220,21,1,0.48,1897246.82869855,3970.37490772096,-1700588.96996363,315278.741649786,14826417.5136822,3954411.62192071,-1700588.96996363,-1897246.82869855,3970.37490772096,-0.23858491451754865,-0.2661751195842547,0.0005570255803678913,0.08762470610752074,0.8963456648021803,0.018096552153157742,128988.86355938508,0.03964181102708413,282559.4682646347,-0.24807856743109696,-1768257.9651391648,0.9617312651719292,-0.22653330855717058,-1614687.3604339152,1.0532001498461165
11,case_0011_steps_0220_mesh_21x1,98,220,21,1,0.485,1858272.00579474,-9374.69509149308,642516.385029313,1405300.2934681,-16708519.7448335,3799218.03783768,642516.385029313,-1858272.00579474,-9374.69509149308,0.09014213281744471,-0.26070712881453867,-0.0013152271751355616,-0.09874800374275532,-0.3457601379269143,0.018096552153157742,128988.86355938508,0.03964181102708413,282559.4682646347,-0.24261057666138092,-1729283.142235355,-0.37155071331972006,-0.22106531778745453,-1575712.5375301053,-0.40776243745349855
11,case_0011_steps_0220_mesh_21x1,99,220,21,1,0.49,1825994.07721742,-31659.5386351667,3536814.45309555,5573898.75746004,-58590128.5325229,2598190.86447646,3536814.45309555,-1825994.07721742,-31659.5386351667,0.4961990162586314,-0.2561786819255834,-0.004441689586577655,-0.3462699461098037,-1.9369254792355077,0.018096552153157742,128988.86355938508,0.03964181102708413,282559.4682646347,-0.23808212977242565,-1697005.213658035,-2.084150611106052,-0.21653687089849927,-1543434.6089527854,-2.2915220590364145
11,case_0011_steps_0220_mesh_21x1,100,220,21,1,0.495,1817974.55938823,-20769.137754887,1265008.16829387,4617786.71870088,-29374832.5768659,2660616.34318139,1265008.16829387,-1817974.55938823,-20769.137754887,0.17747490488712775,-0.2550535799700002,-0.0029138157681681794,-0.17360640688353632,-0.695833812283688,0.018096552153157742,128988.86355938508,0.03964181102708413,282559.4682646347,-0.23695702781684247,-1688985.695828845,-0.7489750632098076,-0.21541176894291608,-1535415.0911235954,-0.8238867623530747
11,case_0011_steps_0220_mesh_21x1,101,220,21,1,0.5,1750900.60350557,5885.13773965813,1109742.99782912,2106345.86173415,-25132399.7479098,2819636.3075348,1109742.99782912,-1750900.60350557,5885.13773965813,0.155691906127776,-0.24564340836871051,0.000825658115711737,-0.1485334633032599,-0.6338126765204405,0.018096552153157742,128988.86355938508,0.03964181102708413,282559.4682646347,-0.22754685621555276,-1621911.739946185,-0.6842191042195312,-0.20600159734162637,-1468341.1352409353,-0.7557800916930831
11,case_0011_steps_0220_mesh_21x1,102,220,21,1,0.505,1700947.79635961,-15150.4177824562,384880.411199509,1674590.73711718,-12632071.8910337,2645126.21530287,384880.411199509,-1700947.79635961,-15150.4177824562,0.053996974946554956,-0.2386352562324037,-0.0021255348560856343,-0.07465603784322429,-0.2262740879074801,0.018096552153157742,128988.86355938508,0.03964181102708413,282559.4682646347,-0.22053870407924595,-1571958.932800225,-0.2448412634507559,-0.19899344520531956,-1418388.3280949753,-0.27135052057037046
11,case_0011_steps_0220_mesh_21x1,103,220,21,1,0.51,1683708.75308591,-14134.7245969013,-185332.642672793,2301006.99158661,-5330746.93376896,2814598.89694164,-185332.642672793,-1683708.75308591,-14134.7245969013,-0.026001328651652597,-0.23621669669893336,-0.0019830377117834135,-0.03150492241123089,0.1100740507128174,0.018096552153157742,128988.86355938508,0.03964181102708413,282559.4682646347,-0.2181201445457756,-1554719.889526525,0.11920645250716788,-0.19657488567184922,-1401149.2848212754,0.13227187472492144
11,case_0011_steps_0220_mesh_21x1,104,220,21,1,0.515,1668714.02983337,-7837.78480459152,308395.996761211,793617.07934328,-10833544.2498573,3202320.97374356,308395.996761211,-1668714.02983337,-7837.78480459152,0.04326655871841939,-0.2341130050787895,-0.001099605637010807,-0.06402666929624379,-0.18481057344019935,0.018096552153157742,128988.86355938508,0.03964181102708413,282559.4682646347,-0.21601645292563174,-1539725.1662739848,-0.20029288571512108,-0.19447119405170535,-1386154.5615687352,-0.22248312368008508
11,case_0011_steps_0220_mesh_21x1,105,220,21,1,0.52,1661404.59475552,-10622.7181697977,1104455.92211681,2076822.09707057,-22542316.8006781,3114318.12685121,1104455.92211681,-1661404.59475552,-10622.7181697977,0.1549501534002511,-0.23308752451057338,-0.0014903191489824834,-0.13322597200700853,-0.6647724013784454,0.018096552153157742,128988.86355938508,0.03964181102708413,282559.4682646347,-0.21499097235741563,-1532415.731196135,-0.7207286506088796,-0.19344571348348924,-1378845.1264908854,-0.8010007076919605
11,case_0011_steps_0220_mesh_21x1,106,220,21,1,0.525,1633475.36935419,-10001.4488533293,2382656.45994743,1923536.9675325,-40852925.0407961,2982318.21706056,2382656.45994743,-1633475.36935419,-10001.4488533293,0.33427588786101575,-0.2291691809410157,-0.0014031578834562469,-0.24144238127847611,-1.4586424164384162,0.018096552153157742,128988.86355938508,0.03964181102708413,282559.4682646347,-0.21107262878785796,-1504486.505794805,-1.58370078479946,-0.18952736991393157,-1350915.9010895554,-1.7637341140375535
11,case_0011_steps_0220_mesh_21x1,107,220,21,1,0.53,1609584.20153497,-14755.243222339,1184416.99100987,991619.382051963,-24740948.7634674,3116034.3057605,1184416.99100987,-1609584.20153497,-14755.243222339,0.1661683284699098,-0.22581735852387105,-0.002070093658764986,-0.14621997270881176,-0.735852768609656,0.018096552153157742,128988.86355938508,0.03964181102708413,282559.4682646347,-0.2077208063707133,-1480595.337975585,-0.7999599624765272,-0.18617554749678691,-1327024.7332703352,-0.8925357314863145
11,case_0011_steps_0220_mesh_21x1,108,220,21,1,0.535,1595418.66086294,5877.97332888233,2119974.7440913,-1172606.31974888,-38942912.1847881,3473966.03096883,2119974.7440913,-1595418.66086294,5877.97332888233,0.29742283528347363,-0.22382999745660304,0.0008246529813949188,-0.23015413076112495,-1.3287889856726602,0.018096552153157742,128988.86355938508,0.03964181102708413,282559.4682646347,-0.20573344530344528,-1466429.7973035548,-1.4456708040094874,-0.1841881864295189,-1312859.1925983052,-1.6147769357470976
11,case_0011_steps_0220_mesh_21x1,109,220,21,1,0.54,1572031.68438144,5190.21134105514,2250314.00865827,-852879.439737905,-42160426.8861482,3261421.6136804,2250314.00865827,-1572031.68438144,5190.21134105514,0.3157088425693234,-0.220548910795914,0.0007281630958479846,-0.2491697682098296,-1.4314686090717816,0.018096552153157742,128988.86355938508,0.03964181102708413,282559.4682646347,-0.20245235864275624,-1443042.820822055,-1.5594228918143527,-0.18090709976882985,-1289472.2161168053,-1.7451434629859661
11,case_0011_steps_0220_mesh_21x1,110,220,21,1,0.545,1553957.99494839,13507.5477958924,2460436.66704126,-1342487.96541071,-45943600.156149,3196075.25211193,2460436.66704126,-1553957.99494839,13507.5477958924,0.34518809791788535,-0.21801325419425252,0.001895047652986726,-0.27152846987405377,-1.5833353765286144,0.018096552153157742,128988.86355938508,0.03964181102708413,282559.4682646347,-0.19991670204109477,-1424969.1313890049,-1.726659625702152,-0.17837144316716838,-1271398.5266837552,-1.935220637276437
11,case_0011_steps_0220_mesh_21x1,111,220,21,1,0.55,1519991.44339745,22924.1721481695,3887390.22102413,-3609153.70996659,-67511405.5366349,3038952.22262085,3887390.22102413,-1519991.44339745,22924.1721481695,0.545383205442778,-0.21324790116576015,0.0032161573131181493,-0.39899504135737124,-2.557507963554798,0.018096552153157742,128988.86355938508,0.03964181102708413,282559.4682646347,-0.1951513490126024,-1391002.579838065,-2.7946678729213317,-0.173606090138676,-1237431.9751328153,-3.141498117993024
11,case_0011_steps_0220_mesh_21x1,112,220,21,1,0.555,1470687.25662,1647.22641824426,256478.123805972,207575.360799798,-17812938.9741658,2422501.42418641,256478.123805972,-1470687.25662,1647.22641824426,0.035982716767343124,-0.20633074752345068,0.00023109839069240798,-0.10527516448812295,-0.17439338149663555,0.018096552153157742,128988.86355938508,0.03964181102708413,282559.4682646347,-0.18823419537029293,-1341698.3930606148,-0.1911592986415576,-0.16668893649636654,-1188127.7883553652,-0.21586745661507936
11,case_0011_steps_0220_mesh_21x1,113,220,21,1,0.56,1557268.53238879,11032.0690572959,465461.461696421,-517490.346715591,-19876887.5123482,2771154.48074054,465461.461696421,-1557268.53238879,11032.0690572959,0.06530213062150397,-0.2184777075725676,0.001547749220696714,-0.11747318089447223,-0.29889608119315236,0.018096552153157742,128988.86355938508,0.03964181102708413,282559.4682646347,-0.20038115541940985,-1428279.668829405,-0.3258895802093898,-0.17883589654548346,-1274709.0641241553,-0.3651511351072385
11,case_0011_steps_0220_mesh_21x1,114,220,21,1,0.565,1617542.83439809,-20258.9154592115,-183822.438060642,3878128.10974596,-10497010.7635027,2361880.1763759,-183822.438060642,-1617542.83439809,-20258.9154592115,-0.025789453798494066,-0.22693391859503548,-0.002842233895682384,-0.06203774325865256,0.11364301096177454,0.018096552153157742,128988.86355938508,0.03964181102708413,282559.4682646347,-0.20883736644187773,-1488553.9708387048,0.12349061012350786,-0.18729210756795134,-1334983.3661334552,0.13769642583117075
11,case_0011_steps_0220_mesh_21x1,115,220,21,1,0.57,1656324.31728368,14821.4520382365,1230488.26069935,-1915980.83633068,-29987162.5239023,3331943.92747288,1230488.26069935,-1656324.31728368,14821.4520382365,0.17263191851707715,-0.23237478463765138,0.002079382455152717,-0.17722530076672718,-0.7429029736865255,0.018096552153157742,128988.86355938508,0.03964181102708413,282559.4682646347,-0.21427823248449362,-1527335.453724295,-0.8056437488561501,-0.19273297361056724,-1373764.8490190452,-0.8957051576752718
11,case_0011_steps_0220_mesh_21x1,116,220,21,1,0.575,1651674.37285447,-13550.1598970529,1198872.97901389,1642871.92786427,-28107511.8107488,2840267.92936896,1198872.97901389,-1651674.37285447,-13550.1598970529,0.16819643797968722,-0.23172241853758305,-0.001901025937388399,-0.1661164916985302,-0.7258531092554061,0.018096552153157742,128988.86355938508,0.03964181102708413,282559.4682646347,-0.2136258663844253,-1522685.509295085,-0.7873411625023599,-0.1920806075104989,-1369114.9045898353,-0.875655487347903
11,case_0011_steps_0220_mesh_21x1,117,220,21,1,0.58,1693216.67490756,23531.7700046826,1076953.43054983,-2452408.79318643,-26926592.2561246,3544530.80586542,1076953.43054983,-1693216.67490756,23531.7700046826,0.15109167865096007,-0.23755061497967253,0.0033014005348593347,-0.15913721104525858,-0.6360399389573844,0.018096552153157742,128988.86355938508,0.03964181102708413,282559.4682646347,-0.21945406282651478,-1564227.811348175,-0.6884888650724261,-0.1979088039525884,-1410657.2066429253,-0.7634409163887222
11,case_0011_steps_0220_mesh_21x1,118,220,21,1,0.585,1630256.35035479,-2617.32059208604,-632959.815361966,-1645912.77077793,328049.756326177,3314887.77711446,-632959.815361966,-1630256.35035479,-2617.32059208604,-0.08880138946473806,-0.2287175671846248,-0.0003671982005982449,0.0019387868620452772,0.38825784375826294,0.018096552153157742,128988.86355938508,0.03964181102708413,282559.4682646347,-0.21062101503146705,-1501267.486795405,0.4216169476320823,-0.18907575615754066,-1347696.8820901553,0.4696603693111636
11,case_0011_steps_0220_mesh_21x1,119,220,21,1,0.59,1672851.52032248,-17250.1762299193,-5332038.75971161,971816.984347762,65293649.5270393,3328761.23677661,-5332038.75971161,-1672851.52032248,-17250.1762299193,-0.7480608390146489,-0.2346934762167874,-0.0024201214367019948,0.3858880167926259,3.187395112438753,0.018096552153157742,128988.86355938508,0.03964181102708413,282559.4682646347,-0.21659692406362965,-1543862.656763095,3.453700195644935,-0.19505166518970327,-1390292.0520578453,3.8351932975660588
11,case_0011_steps_0220_mesh_21x1,120,220,21,1,0.595,1691876.38947868,13018.5155004876,369907.015872332,-3401716.33779648,-8387421.08829444,4000764.20823327,369907.015872332,-1691876.38947868,13018.5155004876,0.05189627553754468,-0.23736257901676416,0.0018264386413700212,-0.04956998595133286,-0.21863714049837404,0.018096552153157742,128988.86355938508,0.03964181102708413,282559.4682646347,-0.2192660268636064,-1562887.525919295,-0.23668178914842358,-0.19772076798968002,-1409316.9212140453,-0.262472556955946
11,case_0011_steps_0220_mesh_21x1,121,220,21,1,0.6,1659867.63822559,-28676.0311349747,-5277.64179421014,2629646.73151306,-2911174.41494979,3141558.48960886,-5277.64179421014,-1659867.63822559,-28676.0311349747,-0.0007404291916304724,-0.2328718964847616,-0.004023117024678117,-0.017205154401075288,0.003179555810758486,0.018096552153157742,128988.86355938508,0.03964181102708413,282559.4682646347,-0.21477534433160383,-1530878.774666205,0.0034474589899261515,-0.19323008545767745,-1377308.1699609554,0.0038318525289512753
11,case_0011_steps_0220_mesh_21x1,122,220,21,1,0.605,1573497.66536134,-52442.722037245,2199880.06804996,4470256.29904884,-31981795.6716416,2681367.8876913,2199880.06804996,-1573497.66536134,-52442.722037245,0.30863318959182934,-0.22075458127417263,-0.007357475895301882,-0.18901366051052126,-1.3980828294046288,0.018096552153157742,128988.86355938508,0.03964181102708413,282559.4682646347,-0.20265802912101488,-1444508.8018019549,-1.5229260391530435,-0.1811127702470885,-1290938.1970967052,-1.7040940247933225
11,case_0011_steps_0220_mesh_21x1,123,220,21,1,0.61,1539731.40725829,-35014.5466658471,1655264.080245,3203498.29099064,-25138035.678816,2959059.3659398,1655264.080245,-1539731.40725829,-35014.5466658471,0.23222603819291396,-0.21601732850740563,-0.004912381986883351,-0.148566771874858,-1.0750343030232996,0.018096552153157742,128988.86355938508,0.03964181102708413,282559.4682646347,-0.19792077635424787,-1410742.543698905,-1.1733282501745288,-0.1763755174803215,-1257171.9389936554,-1.3166568779525978
11,case_0011_steps_0220_mesh_21x1,124,220,21,1,0.615,1453776.65069748,-48331.8458463886,1140529.3531079,6180873.86457132,-19852409.7180439,2559698.56196416,1140529.3531079,-1453776.65069748,-48331.8458463886,0.16001109205231584,-0.20395826625976787,-0.006780738622562381,-0.11732851617488671,-0.784528594925986,0.018096552153157742,128988.86355938508,0.03964181102708413,282559.4682646347,-0.18586171410661012,-1324787.787138095,-0.8609147549372841,-0.16431645523268373,-1171217.1824328452,-0.9737983443333705
11,case_0011_steps_0220_mesh_21x1,125,220,21,1,0.62,1420298.32268689,-9244.81116318384,1620340.90738375,1906160.14676188,-27453794.8074996,3256189.63198317,1620340.90738375,-1420298.32268689,-9244.81116318384,0.22732647553612387,-0.19926140877822845,-0.0012970050494601692,-0.16225299869798981,-1.1408454699280528,0.018096552153157742,128988.86355938508,0.03964181102708413,282559.4682646347,-0.1811648566250707,-1291309.4591275048,-1.2548044900705373,-0.15961959775114432,-1137738.8544222552,-1.424176471679488
11,case_0011_steps_0220_mesh_21x1,126,220,21,1,0.625,1329508.56534287,-66029.1397429284,1764608.14367641,7888459.93127281,-27839208.2037154,2050399.83904327,1764608.14367641,-1329508.56534287,-66029.1397429284,0.2475665140442552,-0.18652401786391762,-0.009263588638688373,-0.1645308069104016,-1.3272634638659369,0.018096552153157742,128988.86355938508,0.03964181102708413,282559.4682646347,-0.16842746571075987,-1200519.701783485,-1.4698702079232173,-0.14688220683683348,-1046949.0970782354,-1.6854765418882118
11,case_0011_steps_0220_mesh_21x1,127,220,21,1,0.63,1336538.09469093,13829.8042847924,4497742.18646901,1007523.57322726,-69635598.158751,2785389.06119996,4497742.18646901,-1336538.09469093,13829.8042847924,0.6310128161678192,-0.18751022892857094,0.0019402587758476349,-0.4115491026507969,-3.3652180991587057,0.018096552153157742,128988.86355938508,0.03964181102708413,282559.4682646347,-0.1694136767754132,-1207549.231131545,-3.7246863900152207,-0.1478684179014868,-1053978.6264262954,-4.267394113787123
11,case_0011_steps_0220_mesh_21x1,128,220,21,1,0.635,1324052.71926825,34853.6617514522,4522484.46037427,-785678.9613035,-72155788.8090731,2503285.0425027,4522484.46037427,-1324052.71926825,34853.6617514522,0.6344840449061677,-0.18575858742050957,0.004889810563555296,-0.42644352774476235,-3.4156377571382976,0.018096552153157742,128988.86355938508,0.03964181102708413,282559.4682646347,-0.16766203526735182,-1195063.855708865,-3.7843036075187038,-0.14611677639342543,-1041493.2510036153,-4.34230798520899
11,case_0011_steps_0220_mesh_21x1,129,220,21,1,0.64,1310393.92271193,23171.8770081427,3627517.16490105,-1332034.19169324,-63655408.9967235,2072115.28012293,3627517.16490105,-1310393.92271193,23171.8770081427,0.508924195078936,-0.1838423202528636,0.0032509091807864147,-0.3762059513260438,-2.7682646431950095,0.018096552153157742,128988.86355938508,0.03964181102708413,282559.4682646347,-0.16574576809970584,-1181405.059152545,-3.070510945249523,-0.14420050922577946,-1027834.4544472953,-3.5292815386809546
11,case_0011_steps_0220_mesh_21x1,130,220,21,1,0.645,1366359.85826161,78284.9162308718,-277999.493981952,-7159923.06228687,-12639798.7223888,3099754.34215674,-277999.493981952,-1366359.85826161,78284.9162308718,-0.039002067330252244,-0.19169408701417603,0.01098301845822007,-0.0747017037180729,0.2034599394157003,0.018096552153157742,128988.86355938508,0.03964181102708413,282559.4682646347,-0.17359753486101828,-1237370.9947022249,0.22466947679572286,-0.1520522759870919,-1083800.3899969752,0.2565043310076018
11,case_0011_steps_0220_mesh_21x1,131,220,21,1,0.65,1359986.67372064,20706.7495323458,-931496.456250388,-5619427.4682691,2674906.06859647,2758267.53719465,-931496.456250388,-1359986.67372064,20706.7495323458,-0.13068472529999492,-0.19079995814719625,0.0029050629836889215,0.01580879925374355,0.6849305763430813,0.018096552153157742,128988.86355938508,0.03964181102708413,282559.4682646347,-0.1727034059940385,-1230997.8101612548,0.7567003357450054,-0.1511581471201121,-1077427.2054560052,0.8645562795642846
11,case_0011_steps_0220_mesh_21x1,132,220,21,1,0.655,1367581.00588409,-13806.9539704451,-1183118.83785161,705225.317701744,4873858.48075305,2372981.3675129,-1183118.83785161,-1367581.00588409,-13806.9539704451,-0.16598620347335594,-0.19186540848354258,-0.0019370529804487817,0.028804693823812934,0.8651179219082294,0.018096552153157742,128988.86355938508,0.03964181102708413,282559.4682646347,-0.17376885633038483,-1238592.142324705,0.9552126139206911,-0.15222359745645844,-1085021.5376194553,1.0904104635999954
11,case_0011_steps_0220_mesh_21x1,133,220,21,1,0.66,1391286.22231535,-13051.3392808515,-1860668.4649679,1433016.35496038,17044259.8073144,2537855.76600624,-1860668.4649679,-1391286.22231535,-13051.3392808515,-0.26104334116042105,-0.19519114276487992,-0.001831043668787335,0.10073224061428958,1.3373728821028743,0.018096552153157742,128988.86355938508,0.03964181102708413,282559.4682646347,-0.17709459061172217,-1262297.358755965,1.474033397963891,-0.15554933173779578,-1108726.7540507154,1.6782029099324767
11,case_0011_steps_0220_mesh_21x1,134,220,21,1,0.665,1479507.7079101,-11916.7373341063,1621116.30765278,1893536.18533677,-31261217.5881042,2728205.2419197,1621116.30765278,-1479507.7079101,-11916.7373341063,0.2274352606747852,-0.2075682168086359,-0.0016718641649467111,-0.18475501591622076,-1.095713323415335,0.018096552153157742,128988.86355938508,0.03964181102708413,282559.4682646347,-0.18947166465547816,-1350518.844350715,-1.20036555908419,-0.16792640578155177,-1196948.2396454653,-1.354374611999056
11,case_0011_steps_0220_mesh_21x1,135,220,21,1,0.67,1477598.51855557,-37004.9406832042,4885026.29300954,5226803.97277572,-75109313.9758439,1697060.60837112,4885026.29300954,-1477598.51855557,-37004.9406832042,0.6853470186617668,-0.20730036620687756,-0.0051916252342963575,-0.4438989767418399,-3.306057925521548,0.018096552153157742,128988.86355938508,0.03964181102708413,282559.4682646347,-0.1892038140537198,-1348609.6549961849,-3.622268515513008,-0.16765855517979342,-1195039.0502909352,-4.087754531385621
11,case_0011_steps_0220_mesh_21x1,136,220,21,1,0.675,1377193.59192456,-40970.7627770965,-593883.660985698,4573852.7468093,-36764.9696357272,1562762.60906049,-593883.660985698,-1377193.59192456,-40970.7627770965,-0.08331918234931979,-0.19321401067917318,-0.00574801207554662,-0.00021728240530186193,0.431227435611122,0.018096552153157742,128988.86355938508,0.03964181102708413,282559.4682646347,-0.17511745852601543,-1248204.728365175,0.47579026700494226,-0.15357219965208904,-1094634.1236599253,0.5425407888802509
11,case_0011_steps_0220_mesh_21x1,137,220,21,1,0.68,1417697.30439931,-17155.2839592969,-2078308.39344041,3994106.47436919,19528132.2365502,2394292.53152756,-2078308.39344041,-1417697.30439931,-17155.2839592969,-0.29157723538609615,-0.19889649771696588,-0.0024068084817936105,0.11541202360431459,1.465974709122415,0.018096552153157742,128988.86355938508,0.03964181102708413,282559.4682646347,-0.18079994556380813,-1288708.4408399248,1.6127064334938768,-0.15925468668988174,-1135137.8361346752,1.830886371048454
11,case_0011_steps_0220_mesh_21x1,138,220,21,1,0.685,1560299.21196362,-38669.1558563434,1066820.45671516,6560705.32697107,-23724661.8617782,2518112.16535449,1066820.45671516,-1560299.21196362,-38669.1558563434,0.1496700684095359,-0.21890289816245267,-0.0054251070701986075,-0.1402136774591832,-0.6837281263332677,0.018096552153157742,128988.86355938508,0.03964181102708413,282559.4682646347,-0.20080634600929492,-1431310.348404235,-0.745345310962473,-0.17926108713536854,-1277739.7436989853,-0.8349278184200284
11,case_0011_steps_0220_mesh_21x1,139,220,21,1,0.69,1462047.12889475,6592.94307488907,3591370.45279298,-1238017.46191995,-54827396.4040541,2921218.9755447,3591370.45279298,-1462047.12889475,6592.94307488907,0.5038529754187387,-0.20511857681603188,0.0009249599919345084,-0.3240320523897502,-2.4563985536553217,0.018096552153157742,128988.86355938508,0.03964181102708413,282559.4682646347,-0.18702202466287413,-1333058.265335365,-2.694083631737941,-0.16547676578894774,-1179487.6606301153,-3.0448563157281097
11,case_0011_steps_0220_mesh_21x1,140,220,21,1,0.695,1353711.05356333,-31078.025358979,1170133.59690877,3925510.49600494,-24446780.6216856,1927934.43676802,1170133.59690877,-1353711.05356333,-31078.025358979,0.16416443310141032,-0.18991951712045693,-0.004360105913073628,-0.14448142751095538,-0.8643894824000034,0.018096552153157742,128988.86355938508,0.03964181102708413,282559.4682646347,-0.17182296496729918,-1224722.190003945,-0.9554277749348208,-0.1502777060933728,-1071151.5852986954,-1.0924070999553934
11,case_0011_steps_0220_mesh_21x1,141,220,21,1,0.7,1326277.0864409,-36055.590191373,805438.861395663,4189534.19032311,-22726800.4400635,1951883.08612327,805438.861395663,-1326277.0864409,-36055.590191373,0.11299941684280462,-0.1860706560397443,-0.005058435668833291,-0.13431627751525918,-0.6072930533370516,0.018096552153157742,128988.86355938508,0.03964181102708413,282559.4682646347,-0.16797410388658654,-1197288.222881515,-0.6727192717700107,-0.14642884501266015,-1043717.6181762654,-0.7717018927045061
11,case_0011_steps_0220_mesh_21x1,142,220,21,1,0.705,1268061.9970252,22298.8968299257,6871380.42996192,-727899.966888143,-108017820.541129,1858044.61471543,6871380.42996192,-1268061.9970252,22298.8968299257,0.9640234891886208,-0.17790334319860943,0.003128434023723699,-0.6383895347987315,-5.418804795098174,0.018096552153157742,128988.86355938508,0.03964181102708413,282559.4682646347,-0.15980679104545167,-1139073.1334658149,-6.0324313058412935,-0.1382615321715253,-985502.5287605652,-6.9724635193009945
11,case_0011_steps_0220_mesh_21x1,143,220,21,1,0.71,1161913.69780641,46285.5671312296,5771629.55559126,-5029388.09043479,-94927708.4666099,1956457.13130024,5771629.55559126,-1161913.69780641,46285.5671312296,0.8097334326337234,-0.16301121856261358,0.006493655005675386,-0.5610264615960683,-4.967347890370502,0.018096552153157742,128988.86355938508,0.03964181102708413,282559.4682646347,-0.14491466640945583,-1032924.834247025,-5.587656879020269,-0.12336940753552944,-879354.2295417753,-6.563486433219081
11,case_0011_steps_0220_mesh_21x1,144,220,21,1,0.715,1075083.27804494,6208.56568530155,5183044.85329283,-1568597.39995739,-89703043.7013859,869262.84964504,5183044.85329283,-1075083.27804494,6208.56568530155,0.7271576701393854,-0.150829304742041,0.0008710335886371976,-0.5301484889407999,-4.821063594922896,0.018096552153157742,128988.86355938508,0.03964181102708413,282559.4682646347,-0.13273275258888326,-946094.4144855549,-5.478359003008325,-0.11118749371495687,-792523.8097803053,-6.539923203985023
11,case_0011_steps_0220_mesh_21x1,145,220,21,1,0.72,1034143.19501466,-66477.5746445231,1697396.86395997,7115133.85188152,-42732190.6020405,-513408.935583804,1697396.86395997,-1034143.19501466,-66477.5746445231,0.2381370765323179,-0.14508559689573552,-0.009326502020201102,-0.2525489140838597,-1.6413557350110568,0.018096552153157742,128988.86355938508,0.03964181102708413,282559.4682646347,-0.12698904474257777,-905154.331455275,-1.8752568539676053,-0.10544378586865139,-751583.7267500253,-2.2584268439389983
11,case_0011_steps_0220_mesh_21x1,146,220,21,1,0.725,1071940.27523754,43636.2733800104,4146938.77608995,-4421526.50175418,-80696500.0223646,1085332.43390566,4146938.77608995,-1071940.27523754,43636.2733800104,0.5817966897810048,-0.15038835571239514,0.0061219711159580335,-0.4769194643169823,-3.868628571839971,0.018096552153157742,128988.86355938508,0.03964181102708413,282559.4682646347,-0.1322918035592374,-942951.411678155,-4.397828694810173,-0.110746544685311,-789380.8069729053,-5.253407150843344
11,case_0011_steps_0220_mesh_21x1,147,220,21,1,0.73,1137490.79101122,3128.34048195683,4036269.32364008,-1665424.5013617,-80829245.8210097,843915.986855994,4036269.32364008,-1137490.79101122,3128.34048195683,0.5662702678655311,-0.15958479558038932,0.00043889197192983074,-0.47770399716738604,-3.548397363333262,0.018096552153157742,128988.86355938508,0.03964181102708413,282559.4682646347,-0.14148824342723157,-1008501.927451835,-4.002242547853582,-0.11994298455330518,-854931.3227465854,-4.721162058576829
11,case_0011_steps_0220_mesh_21x1,148,220,21,1,0.735,1238041.12918539,37861.3186941419,2780841.60879955,-3106257.61685942,-57602916.7634675,1802711.43269809,2780841.60879955,-1238041.12918539,37861.3186941419,0.3901394571178905,-0.17369155168766198,0.005311771182637213,-0.34043548602869933,-2.24616254116638,0.018096552153157742,128988.86355938508,0.03964181102708413,282559.4682646347,-0.15559499953450423,-1109052.265626005,-2.507403568784834,-0.13404974066057784,-955481.6609207552,-2.9104081454789794
11,case_0011_steps_0220_mesh_21x1,149,220,21,1,0.74,1258383.28410541,-59096.1655114471,-829894.08398185,6051003.61318809,-4668917.96114961,95438.0649123518,-829894.08398185,-1258383.28410541,-59096.1655114471,-0.11643037358384348,-0.1765454637019211,-0.008290923818684449,-0.027593487355142932,0.6594922981449369,0.018096552153157742,128988.86355938508,0.03964181102708413,282559.4682646347,-0.15844891154876334,-1129394.420546025,0.7348133379130946,-0.13690365267483695,-975823.8158407754,0.8504548367338304
11,case_0011_steps_0220_mesh_21x1,150,220,21,1,0.745,1447875.64103143,75428.3763995819,7497622.72501054,-4590250.69930402,-138619341.596989,2031526.15727815,7497622.72501054,-1447875.64103143,75428.3763995819,1.0518824410402514,-0.20313038138481668,0.01058225888403628,-0.8192457184647002,-5.178360981105686,0.018096552153157742,128988.86355938508,0.03964181102708413,282559.4682646347,-0.18503382923165893,-1318886.777472045,-5.684811503972682,-0.16348857035773254,-1165316.1727667954,-6.433981523837458
11,case_0011_steps_0220_mesh_21x1,151,220,21,1,0.75,1535571.97056953,67480.9660265468,7381415.85415361,-9854034.65646442,-145245288.781819,2411800.57225205,7381415.85415361,-1535571.97056953,67480.9660265468,1.0355791444533369,-0.21543377841719766,0.00946727327729851,-0.858405324904954,-4.806948808407793,0.018096552153157742,128988.86355938508,0.03964181102708413,282559.4682646347,-0.1973372262640399,-1406583.107010145,-5.247763759827645,-0.17579196739011352,-1253012.5023048953,-5.890935517862448
11,case_0011_steps_0220_mesh_21x1,152,220,21,1,0.755,1489669.71742681,-37383.5971590754,302593.01854216,3432074.43546584,-33125752.7536281,1400101.07663115,302593.01854216,-1489669.71742681,-37383.5971590754,0.042452427210575315,-0.20899390062447448,-0.005244749019363115,-0.19577449150804183,-0.2031275892919713,0.018096552153157742,128988.86355938508,0.03964181102708413,282559.4682646347,-0.19089734847131673,-1360680.853867425,-0.22238353518542453,-0.16935208959739034,-1207110.2491621752,-0.250675544137068
11,case_0011_steps_0220_mesh_21x1,153,220,21,1,0.76,1492429.07678256,-108965.356523785,4841569.88747725,9599957.84030871,-108318981.883438,230070.329546288,4841569.88747725,-1492429.07678256,-108965.356523785,0.67925028218853,-0.20938102621898477,-0.015287344990928323,-0.6401694100846137,-3.244087081119396,0.018096552153157742,128988.86355938508,0.03964181102708413,282559.4682646347,-0.19128447406582702,-1363440.213223175,-3.5509953722369465,-0.16973921519190063,-1209869.6085179253,-4.001728660171993
11,case_0011_steps_0220_mesh_21x1,154,220,21,1,0.765,1461676.6255449,-78034.854732943,2836338.1643958,9269819.53816105,-72859998.1980211,1130996.53327507,2836338.1643958,-1461676.6255449,-78034.854732943,0.39792537200197486,-0.2050665968775437,-0.010947935964942021,-0.43060543271525037,-1.9404689893966376,0.018096552153157742,128988.86355938508,0.03964181102708413,282559.4682646347,-0.18697004472438594,-1332687.761985515,-2.1282840927195577,-0.16542478585045955,-1179117.1572802654,-2.405476119894699
11,case_0011_steps_0220_mesh_21x1,155,220,21,1,0.77,1391813.90358572,-50960.7886518584,3093394.95385399,6000313.33411453,-80755466.6782831,1769609.9642913,3093394.95385399,-1391813.90358572,-50960.7886518584,0.4339892729341028,-0.1952651740522794,-0.0071495673669520095,-0.4772679595546372,-2.222563624263631,0.018096552153157742,128988.86355938508,0.03964181102708413,282559.4682646347,-0.17716862189912164,-1262825.040026335,-2.449583161408868,-0.15562336302519525,-1109254.4353210854,-2.7887154248417083
11,case_0011_steps_0220_mesh_21x1,156,220,21,1,0.775,1307297.79516461,-28717.7057366662,1204946.61742565,6674029.81512669,-45183929.6246712,1827140.58332979,1204946.61742565,-1307297.79516461,-28717.7057366662,0.16904854188420168,-0.18340794760946783,-0.004028963782159046,-0.26703878738684084,-0.9217078326625094,0.018096552153157742,128988.86355938508,0.03964181102708413,282559.4682646347,-0.16531139545631007,-1178308.931605225,-1.0226067078895311,-0.14376613658238369,-1024738.3268999753,-1.175857861265752
11,case_0011_steps_0220_mesh_21x1,157,220,21,1,0.78,1214923.25240234,20774.0494861772,-81276.5001879895,1379117.10581132,-25002422.6695638,2331791.6329793,-81276.5001879895,-1214923.25240234,20774.0494861772,-0.01140272411037202,-0.17044821849338096,0.0029145048617767485,-0.14776529369787328,0.06689846459624231,0.018096552153157742,128988.86355938508,0.03964181102708413,282559.4682646347,-0.1523516663402232,-1085934.388842955,0.07484476136222949,-0.13080640746629682,-932363.7841377053,0.08717251953662904
11,case_0011_steps_0220_mesh_21x1,158,220,21,1,0.785,951775.532255466,-323106.923249473,-9014005.97825954,18101654.6186577,103083048.590884,-2516066.91274928,-9014005.97825954,-951775.532255466,-323106.923249473,-1.2646241295036267,-0.13352978762876558,-0.04533043494052083,0.6092248399930702,9.470726734168757,0.018096552153157742,128988.86355938508,0.03964181102708413,282559.4682646347,-0.11543323547560784,-822786.6686960809,10.955459441928697,-0.09388797660168144,-669216.0639908313,13.469500305334927
11,case_0011_steps_0220_mesh_21x1,159,220,21,1,0.79,1125019.91860505,270639.453423012,-3947719.8654391,-3778101.72248306,33798797.0828272,4352676.9704793,-3947719.8654391,-1125019.91860505,270639.453423012,-0.553847180753595,-0.1578351887797237,0.037969487042707535,0.19975220975919594,3.5090221960994348,0.018096552153157742,128988.86355938508,0.03964181102708413,282559.4682646347,-0.13973863662656594,-996031.055045665,3.963450582630789,-0.11819337775263955,-842460.4503404154,4.68594088166861
11,case_0011_steps_0220_mesh_21x1,160,220,21,1,0.795,1113990.45300261,-263946.746504068,1032771.54247144,14908014.1241644,-22188888.8744678,-2341130.12022007,1032771.54247144,-1113990.45300261,-263946.746504068,0.14489316026904206,-0.15628780481192772,-0.037030530636221255,-0.1311371991705638,-0.9270919150947341,0.018096552153157742,128988.86355938508,0.03964181102708413,282559.4682646347,-0.13819125265876997,-985001.589443225,-1.0484973359842162,-0.11664599378484358,-831430.9847379753,-1.2421614799416179
11,case_0011_steps_0220_mesh_21x1,161,220,21,1,0.8,1089952.78823811,-147023.729222107,5674800.67495121,15533259.6385023,-92464061.2897006,-713958.331875984,5674800.67495121,-1089952.78823811,-147023.729222107,0.7961487801289913,-0.15291542953822335,-0.020626761956040334,-0.5464662106365844,-5.206464661762486,0.018096552153157742,128988.86355938508,0.03964181102708413,282559.4682646347,-0.1348188773850656,-960963.924678725,-5.905321239658858,-0.1132736185111392,-807393.3199734753,-7.028545486526492
11,case_0011_steps_0220_mesh_21x1,162,220,21,1,0.805,1039169.70103904,-71959.6175213977,921179.926182823,7877807.21262185,-20469619.8868662,-244140.687417778,921179.926182823,-1039169.70103904,-71959.6175213977,0.12923736295214885,-0.14579079287861568,-0.010095607756073675,-0.12097625235928312,-0.8864576452351893,0.018096552153157742,128988.86355938508,0.03964181102708413,282559.4682646347,-0.12769424072545793,-910180.8374796549,-1.012084509198881,-0.10614898185153154,-756610.2327744053,-1.2175092092066466
11,case_0011_steps_0220_mesh_21x1,163,220,21,1,0.81,1088259.81207298,260328.681530759,5328734.44585803,-5525026.03609446,-93746908.0707939,4219445.76025711,5328734.44585803,-1088259.81207298,260328.681530759,0.7475972587773194,-0.15267791266567393,0.03652293254072477,-0.5540478851760033,-4.896564576530258,0.018096552153157742,128988.86355938508,0.03964181102708413,282559.4682646347,-0.13458136051251618,-959270.9485135949,-5.554983661409725,-0.11303610163858979,-805700.3438083453,-6.613791947351576
11,case_0011_steps_0220_mesh_21x1,164,220,21,1,0.815,1208489.10783181,211238.350799302,5599210.92548355,-12017101.1843093,-95230508.3362363,3407006.65302096,5599210.92548355,-1208489.10783181,211238.350799302,0.7855438813358806,-0.16954553721091545,0.02963578193110195,-0.5628160206423398,-4.633232429814182,0.018096552153157742,128988.86355938508,0.03964181102708413,282559.4682646347,-0.1514489850577577,-1079500.2442724248,-5.18685470910419,-0.1299037261838313,-925929.6395671752,-6.047123546126999
11,case_0011_steps_0220_mesh_21x1,165,220,21,1,0.82,1160546.50080043,-87675.2825983289,1296566.28994758,9309184.83696515,-39375291.4949104,-1189605.56474548,1296566.28994758,-1160546.50080043,-87675.2825983289,0.18190236613147878,-0.16281940702757383,-0.012300444242250722,-0.23270950935757115,-1.1172032219763164,0.018096552153157742,128988.86355938508,0.03964181102708413,282559.4682646347,-0.14472285487441608,-1031557.637241045,-1.2569014499425497,-0.12317759600048969,-877987.0325357954,-1.476748792294628
11,case_0011_steps_0220_mesh_21x1,166,220,21,1,0.825,1242442.4927248,-57109.2902420137,7098597.91521024,6221688.76297648,-122824026.503397,-1259174.79635562,7098597.91521024,-1242442.4927248,-57109.2902420137,0.9959010711630718,-0.17430904301705313,-0.00801217423563562,-0.7258947898486376,-5.713421713098614,0.018096552153157742,128988.86355938508,0.03964181102708413,282559.4682646347,-0.15621249086389538,-1113453.629165415,-6.375297299566006,-0.134667231989969,-959883.0244601653,-7.395273938928616
11,case_0011_steps_0220_mesh_21x1,167,220,21,1,0.83,1376310.6581649,76994.3810584238,3717498.09071779,-862583.502466779,-82685424.5827766,1919266.20057313,3717498.09071779,-1376310.6581649,76994.3810584238,0.5215481106007779,-0.19309013907980743,0.010801962230502104,-0.4886740860868942,-2.701060308342381,0.018096552153157742,128988.86355938508,0.03964181102708413,282559.4682646347,-0.17499358692664968,-1247321.794605515,-2.980384137273499,-0.1534483280527233,-1093751.1899002653,-3.3988516995869724
11,case_0011_steps_0220_mesh_21x1,168,220,21,1,0.835,1507550.84406091,120586.927370646,6834592.68073905,-7085888.53453447,-135426836.41178,2729525.55814265,6834592.68073905,-1507550.84406091,120586.927370646,0.9588623349305057,-0.211502541539372,0.016917798637300772,-0.800377888232446,-4.533573582386525,0.018096552153157742,128988.86355938508,0.03964181102708413,282559.4682646347,-0.19340598938621426,-1378561.9805015249,-4.957769601518102,-0.17186073051228787,-1224991.3757962752,-5.579298610405639
11,case_0011_steps_0220_mesh_21x1,169,220,21,1,0.84,1558621.79415836,102844.765576973,3708628.11125798,-1698768.56461374,-84275772.2391252,2410576.23766523,3708628.11125798,-1558621.79415836,102844.765576973,0.5203036927381615,-0.21866756405718282,0.014428653858835863,-0.4980731027993085,-2.379427854247734,0.018096552153157742,128988.86355938508,0.03964181102708413,282559.4682646347,-0.20057101190402507,-1429632.930598975,-2.594112119188645,-0.17902575303009868,-1276062.3258937253,-2.9063064052616245
11,case_0011_steps_0220_mesh_21x1,170,220,21,1,0.845,1672414.34318875,59907.1753103176,1724922.94339614,-1352588.62461069,-58836358.4153151,1362888.60077002,1724922.94339614,-1672414.34318875,59907.1753103176,0.24199886055260486,-0.23463214224901374,0.008404704812771781,-0.3477251743262386,-1.0313968846423984,0.018096552153157742,128988.86355938508,0.03964181102708413,282559.4682646347,-0.216535590095856,-1543425.479629365,-1.117593927379221,-0.1949903312219296,-1389854.8749241154,-1.2410813348338394
11,case_0011_steps_0220_mesh_21x1,171,220,21,1,0.85,1773516.50989751,-33955.3962599749,-1330242.88400372,6161427.33081176,-14323203.0260926,-201922.306152662,-1330242.88400372,-1773516.50989751,-33955.3962599749,-0.18662703943939643,-0.24881631739526577,-0.004763787991797255,-0.08465068884789655,0.7500594872277753,0.018096552153157742,128988.86355938508,0.03964181102708413,282559.4682646347,-0.23071976524210802,-1644527.646338125,0.8088905570944801,-0.20917450636818163,-1490957.0416328753,0.8922073854970741
11,case_0011_steps_0220_mesh_21x1,172,220,21,1,0.855,1722879.0482696,-146423.602813605,3187640.49154035,8782851.59820282,-77966783.3555794,-1655694.91899774,3187640.49154035,-1722879.0482696,-146423.602813605,0.4472114941466992,-0.24171211134238343,-0.020542566944546616,-0.46078673228895717,-1.8501823994794677,0.018096552153157742,128988.86355938508,0.03964181102708413,282559.4682646347,-0.22361555918922568,-1593890.1847102148,-1.9999122412061876,-0.2020703003152993,-1440319.5800049652,-2.21314806504912
11,case_0011_steps_0220_mesh_21x1,173,220,21,1,0.86,1610651.63180502,-48942.2141287406,3226193.97560211,-303263.983603968,-71728056.0412487,-406458.14256857,3226193.97560211,-1610651.63180502,-48942.2141287406,0.4526203729890837,-0.22596711414632387,-0.006866370522475438,-0.42391561039462816,-2.003036480326034,0.018096552153157742,128988.86355938508,0.03964181102708413,282559.4682646347,-0.20787056199316611,-1481662.7682456349,-2.177414486443558,-0.18632530311923973,-1328092.1635403852,-2.429194346725024
11,case_0011_steps_0220_mesh_21x1,174,220,21,1,0.865,1668066.53815147,-45058.5709272625,3769485.13972217,3439798.8363031,-82815175.8240687,-714.552709258311,3769485.13972217,-1668066.53815147,-45058.5709272625,0.5288416576375994,-0.23402216493440103,-0.0063215130068694616,-0.4894409209864789,-2.2597930319371224,0.018096552153157742,128988.86355938508,0.03964181102708413,282559.4682646347,-0.21592561278124328,-1539077.674592085,-2.449184470641632,-0.1943803539073169,-1385507.0698868353,-2.720653846991955
11,case_0011_steps_0220_mesh_21x1,175,220,21,1,0.87,1550764.18191999,51284.1451450159,4968880.87123461,-8624894.67947245,-97019124.7364741,2441396.18162788,4968880.87123461,-1550764.18191999,51284.1451450159,0.6971114354203685,-0.21756517672119793,0.007194932815417976,-0.5733868133685865,-3.2041498824680574,0.018096552153157742,128988.86355938508,0.03964181102708413,282559.4682646347,-0.19946862456804018,-1421775.318360605,-3.4948425444352464,-0.1779233656941138,-1268204.7136553554,-3.9180432131597818
11,case_0011_steps_0220_mesh_21x1,176,220,21,1,0.875,1386054.41367032,-55422.6243148479,1798386.92776411,5524635.93655528,-47827229.1325188,280908.339253608,1798386.92776411,-1386054.41367032,-55422.6243148479,0.25230552414982055,-0.19445714375606984,-0.007775542660834143,-0.282660790633111,-1.297486527243847,0.018096552153157742,128988.86355938508,0.03964181102708413,282559.4682646347,-0.1763605916029121,-1257065.550110935,-1.4306230312376342,-0.1548153327289857,-1103494.9454056853,-1.6297192254949178
11,case_0011_steps_0220_mesh_21x1,177,220,21,1,0.88,1247584.73841701,-22342.1068788759,2845040.13921004,615302.047930966,-64131197.8138681,209905.739962015,2845040.13921004,-1247584.73841701,-22342.1068788759,0.39914621957529167,-0.1750304767500559,-0.0031344961974865354,-0.3790178818030499,-2.2804383955673835,0.018096552153157742,128988.86355938508,0.03964181102708413,282559.4682646347,-0.15693392459689814,-1118595.874857625,-2.543403031565942,-0.13538866572297176,-965025.2701523753,-2.9481509212300883
11,case_0011_steps_0220_mesh_21x1,178,220,21,1,0.885,1071390.34121997,-49538.2928319774,79174.7547389893,3206916.19241991,-20987619.0512918,-420339.832507231,79174.7547389893,-1071390.34121997,-49538.2928319774,0.01110785876245783,-0.1503112024655556,-0.0069499976592905886,-0.12403764763598081,-0.07389907458829117,0.018096552153157742,128988.86355938508,0.03964181102708413,282559.4682646347,-0.13221465031239785,-942401.477660585,-0.08401382703211853,-0.11066939143847146,-788830.8729553353,-0.10036974648616762
11,case_0011_steps_0220_mesh_21x1,179,220,21,1,0.89,921161.250924802,-71562.8509568492,-1115306.60292339,1767328.24369593,-2420394.47561249,-608090.174750321,-1115306.60292339,-921161.250924802,-71562.8509568492,-0.15647245467258644,-0.12923474289820447,-0.010039943207756483,-0.014304625806881027,1.2107615271524668,0.018096552153157742,128988.86355938508,0.03964181102708413,282559.4682646347,-0.11113819074504673,-792172.387365417,1.407908961119742,-0.08959293187112033,-638601.7826601673,1.746482132068995
11,case_0011_steps_0220_mesh_21x1,180,220,21,1,0.895,947129.864962748,-115779.324077005,417869.173498633,14806838.3863663,-22746670.3368406,-1682076.25674856,417869.173498633,-947129.864962748,-115779.324077005,0.05862514858062514,-0.13287802159153567,-0.01624331371407317,-0.1344337093806355,-0.441195224601083,0.018096552153157742,128988.86355938508,0.03964181102708413,282559.4682646347,-0.11478146943837793,-818141.001403363,-0.5107544699286054,-0.09323621056445153,-664570.3966981133,-0.6287809020305393
11,case_0011_steps_0220_mesh_21x1,181,220,21,1,0.9,979768.890953047,-114398.30317196,3679847.97073272,19437711.8212693,-70417778.6173626,-1690063.52382092,3679847.97073272,-979768.890953047,-114398.30317196,0.5162659696385173,-0.13745712880872413,-0.016049562748733114,-0.4161718196858217,-3.7558326302371525,0.018096552153157742,128988.86355938508,0.03964181102708413,282559.4682646347,-0.11936057665556639,-850780.0273936619,-4.325263701835855,-0.09781531778163999,-697209.4226884122,-5.277966491823031
11,case_0011_steps_0220_mesh_21x1,182,220,21,1,0.905,1082029.16669691,-3474.57233872809,3449234.24900672,12455723.1359913,-68273834.7011914,-474962.296730243,3449234.24900672,-1082029.16669691,-3474.57233872809,0.4839119110997581,-0.1518037813966286,-0.000487466730093051,-0.403501027473735,-3.187746093329565,0.018096552153157742,128988.86355938508,0.03964181102708413,282559.4682646347,-0.13370722924347084,-953040.303137525,-3.6191903297808286,-0.11216197036954445,-799469.6984322753,-4.31440272942241
11,case_0011_steps_0220_mesh_21x1,183,220,21,1,0.91,1075658.49096517,19984.2585129811,1382278.83312925,753090.577074373,-37336201.2785871,197721.532107914,1382278.83312925,-1075658.49096517,19984.2585129811,0.19392744694128655,-0.15091000450419778,0.002803700772631826,-0.22065840660350639,-1.2850536157521097,0.018096552153157742,128988.86355938508,0.03964181102708413,282559.4682646347,-0.13281345235104003,-946669.627405785,-1.460149130290776,-0.11126819347711364,-793099.0227005354,-1.7428830367518708
11,case_0011_steps_0220_mesh_21x1,184,220,21,1,0.915,1038700.42940093,53765.968080226,-3688219.97024139,-5924564.5366588,32620728.1485925,1337900.10824223,-3688219.97024139,-1038700.42940093,53765.968080226,-0.5174405231740256,-0.14572495619753548,0.0075431213097003165,0.19278977638367184,3.5508023929176282,0.018096552153157742,128988.86355938508,0.03964181102708413,282559.4682646347,-0.12762840404437772,-909711.5658415449,4.054274023469776,-0.10608314517045134,-756140.9611362952,4.8776883673897204
11,case_0011_steps_0220_mesh_21x1,185,220,21,1,0.92,1107550.45482155,78173.5735226404,-3621389.49997142,-11858006.1638497,32105057.6513297,2870314.17568206,-3621389.49997142,-1107550.45482155,78173.5735226404,-0.5080645114991589,-0.15538430229447095,0.01096739758157396,0.18974214362078265,3.269728692003384,0.018096552153157742,128988.86355938508,0.03964181102708413,282559.4682646347,-0.1372877501413132,-978561.591262165,3.7007272023629008,-0.11574249126738681,-824990.9865569153,4.389610988460883
11,case_0011_steps_0220_mesh_21x1,186,220,21,1,0.925,1226244.89437761,23556.5079289213,384314.240706566,-8056501.65300413,-27944187.5949289,2592387.32193424,384314.240706566,-1226244.89437761,23556.5079289213,0.05391754379590834,-0.1720365934802691,0.0033048711533592056,-0.1651512392092992,-0.3134074135343313,0.018096552153157742,128988.86355938508,0.03964181102708413,282559.4682646347,-0.15394004132711134,-1097256.030818225,-0.3502502879113661,-0.13239478245318495,-943685.4261129752,-0.40724825251307534
11,case_0011_steps_0220_mesh_21x1,187,220,21,1,0.93,1577222.46345868,18368.630244978,8864293.05456357,-500724.485182635,-145055489.380712,2393601.70009239,8864293.05456357,-1577222.46345868,18368.630244978,1.243620085767568,-0.2212771535425721,0.002577035459012922,-0.857283603037481,-5.620191989356482,0.018096552153157742,128988.86355938508,0.03964181102708413,282559.4682646347,-0.20318060138941435,-1448233.599899295,-6.120761909667033,-0.18163534251548796,-1294662.9951940454,-6.8467957201750265
11,case_0011_steps_0220_mesh_21x1,188,220,21,1,0.935,1632217.10881376,-67711.6750946743,2478642.97535215,12450226.5036636,-58683126.2021504,173053.902351554,2478642.97535215,-1632217.10881376,-67711.6750946743,0.3477423603462291,-0.2289926526976944,-0.009499640712504679,-0.34681956596654073,-1.5185743134095337,0.018096552153157742,128988.86355938508,0.03964181102708413,282559.4682646347,-0.21089610054453664,-1503228.245254375,-1.648879990897667,-0.18935084167061025,-1349657.6405491254,-1.836497568630577
11,case_0011_steps_0220_mesh_21x1,189,220,21,1,0.94,1805384.53715313,-183371.392638556,1197509.18309713,26336782.2349157,-40682912.7261079,-2224369.77362821,1197509.18309713,-1805384.53715313,-183371.392638556,0.16800510360202947,-0.2532872569890864,-0.025726174172804022,-0.24043760186393007,-0.6632986815016457,0.018096552153157742,128988.86355938508,0.03964181102708413,282559.4682646347,-0.23519070483592863,-1676395.6735937449,-0.714335644001031,-0.21364544596200225,-1522825.0688884952,-0.7863734368197575
11,case_0011_steps_0220_mesh_21x1,190,220,21,1,0.945,1705315.15604156,-120649.201537481,-5162232.25351598,19742314.4736175,54263171.9385941,-983736.754191345,-5162232.25351598,-1705315.15604156,-120649.201537481,-0.7242377568467843,-0.23924797697491662,-0.016926535420282083,0.3206974637799946,3.027142657606318,0.018096552153157742,128988.86355938508,0.03964181102708413,282559.4682646347,-0.22115142482175887,-1576326.292482175,3.274850060000731,-0.19960616594783248,-1422755.6877769253,3.628333590837396
11,case_0011_steps_0220_mesh_21x1,191,220,21,1,0.95,1649484.95852004,-64171.139181722,-3370940.51034374,7105478.24673764,38782391.9511353,1592075.15705166,-3370940.51034374,-1649484.95852004,-64171.139181722,-0.4729276548943531,-0.2314152536429203,-0.009002919592317653,0.22920544991592703,2.043632161016027,0.018096552153157742,128988.86355938508,0.03964181102708413,282559.4682646347,-0.21331870148976254,-1520496.0949606549,2.2170004392092624,-0.19177344261583615,-1366925.4902554052,2.466074803911874
11,case_0011_steps_0220_mesh_21x1,192,220,21,1,0.955,1674280.39813009,38217.5166384332,4784453.37445039,-2384698.07788169,-79244008.2946046,3391209.26786037,4784453.37445039,-1674280.39813009,38217.5166384332,0.6712370946289605,-0.23489394128836313,0.005361744137649314,-0.4683351815223609,-2.8576177441925967,0.018096552153157742,128988.86355938508,0.03964181102708413,282559.4682646347,-0.21679738913520538,-1545291.534570705,-3.0961493462005873,-0.195252130261279,-1391720.9298654553,-3.437796523555141
11,case_0011_steps_0220_mesh_21x1,193,220,21,1,0.96,1691797.47307354,21322.9641939422,5182490.5693176,-442267.21733723,-88553239.325236,3193598.34841663,5182490.5693176,-1691797.47307354,21322.9641939422,0.727079906613228,-0.23735150740327796,0.0029915151040767083,-0.5233531002065827,-3.0633043563437954,0.018096552153157742,128988.86355938508,0.03964181102708413,282559.4682646347,-0.2192549552501202,-1562808.609514155,-3.316138993455334,-0.19770969637619382,-1409238.0048089053,-3.6775126356462073
11,case_0011_steps_0220_mesh_21x1,194,220,21,1,0.965,1680266.6278521,1714.89073597136,5388692.37477518,4710945.18026322,-92396439.2858715,2597296.96221847,5388692.37477518,-1680266.6278521,1714.89073597136,0.7560090840907892,-0.23573378215040205,0.0002405913873811691,-0.5460665619550025,-3.207046004159229,0.018096552153157742,128988.86355938508,0.03964181102708413,282559.4682646347,-0.2176372299972443,-1551277.764292715,-3.4737121222336893,-0.19609197112331792,-1397707.1595874652,-3.85538010434579
11,case_0011_steps_0220_mesh_21x1,195,220,21,1,0.97,1679327.91063307,53237.5940959762,3394476.6054045,-4259048.60503088,-68314757.0264783,3843617.51989584,3394476.6054045,-1679327.91063307,53237.5940959762,0.4762296622149512,-0.23560208438485486,0.007468992837687335,-0.4037428800131764,-2.0213304286265665,0.018096552153157742,128988.86355938508,0.03964181102708413,282559.4682646347,-0.2175055322316971,-1550339.0470736849,-2.189505974071726,-0.19596027335777072,-1396768.4423684352,-2.430235751638721
11,case_0011_steps_0220_mesh_21x1,196,220,21,1,0.975,2050341.60746539,-24626.0912538976,5943448.50492121,-3264320.50529396,-109974016.937382,4649753.20447394,5943448.50492121,-2050341.60746539,-24626.0912538976,0.8338388514400431,-0.28765362223851504,-0.0034549288396467535,-0.6499507318412455,-2.8987601301562798,0.018096552153157742,128988.86355938508,0.03964181102708413,282559.4682646347,-0.2695570700853573,-1921352.743906005,-3.0933666521008027,-0.2480118112114309,-1767782.1392007554,-3.3620933106657276
11,case_0011_steps_0220_mesh_21x1,197,220,21,1,0.98,1566659.71870941,34208.5087476495,2905725.0435961,-1359429.95745754,-65263547.8001168,2942772.0381355,2905725.0435961,-1566659.71870941,34208.5087476495,0.40766003624773745,-0.21979524839230571,0.00479929852509,-0.3857101144117926,-1.854726338397078,0.018096552153157742,128988.86355938508,0.03964181102708413,282559.4682646347,-0.20169869623914796,-1437670.8551500249,-2.0211337199938435,-0.18015343736522157,-1284100.2504447752,-2.262849059167803
11,case_0011_steps_0220_mesh_21x1,198,220,21,1,0.985,1501057.71761128,-10550.6526439523,2044760.06501329,23118.2712560075,-52947803.5172846,2101576.82392384,2044760.06501329,-1501057.71761128,-10550.6526439523,0.28687055716380805,-0.2105915853669527,-0.0014802086827692075,-0.3129235850777393,-1.3622128190162033,0.018096552153157742,128988.86355938508,0.03964181102708413,282559.4682646347,-0.19249503321379494,-1372068.854051895,-1.4902751119048083,-0.17094977433986855,-1218498.2493466453,-1.678098484023004
11,case_0011_steps_0220_mesh_21x1,199,220,21,1,0.99,1970571.95631038,-60635.4707837864,2684418.80198487,3752106.53826382,-65026969.0934033,2785464.45496698,2684418.80198487,-1970571.95631038,-60635.4707837864,0.3766117749279286,-0.27646230220877277,-0.008506881362396695,-0.38431192502262035,-1.3622536306723192,0.018096552153157742,128988.86355938508,0.03964181102708413,282559.4682646347,-0.258365750055615,-1841583.092750995,-1.4576691177017864,-0.23682049118168863,-1688012.4880457453,-1.590283733678232
11,case_0011_steps_0220_mesh_21x1,200,220,21,1,0.995,1476470.60452405,23481.7619376263,-1392255.10212986,204332.294876351,2026317.6679156,1680717.38358467,-1392255.10212986,-1476470.60452405,23481.7619376263,-0.19532707220568277,-0.2071421249871905,0.003294384630008399,0.011975616494525968,0.9429616125535142,0.018096552153157742,128988.86355938508,0.03964181102708413,282559.4682646347,-0.18904557283403275,-1347481.7409646648,1.0332274344089754,-0.16750031396010637,-1193911.1362594152,1.1661295885821676
11,case_0011_steps_0220_mesh_21x1,201,220,21,1,1.0,1537965.90138232,-19516.3920354155,-2703423.91934166,4203170.48739838,22045197.6340957,962979.427473542,-2703423.91934166,-1537965.90138232,-19516.3920354155,-0.37927810664008993,-0.21576963604559488,-0.0027380612291988218,0.13028797833240707,1.7577918450024341,0.018096552153157742,128988.86355938508,0.03964181102708413,282559.4682646347,-0.19767308389243712,-1408977.037822935,1.9187139653594534,-0.17612782501851074,-1255406.4331176854,2.15342525577789
11,case_0011_steps_0220_mesh_21x1,202,220,21,1,1.005,1605973.74937379,15591.9964840284,-915169.759262934,-2011125.38306443,-1777517.51923215,2211639.26869109,-915169.759262934,-1605973.74937379,15591.9964840284,-0.12839416380988428,-0.22531082847136624,0.0021874863438514445,-0.010505197906368972,0.5698534983026852,0.018096552153157742,128988.86355938508,0.03964181102708413,282559.4682646347,-0.2072142763182085,-1476984.885814405,0.6196202602021293,-0.1856690174442821,-1323414.2811091554,0.6915217497093419
11,case_0011_steps_0220_mesh_21x1,203,220,21,1,1.01,1592911.49289243,-25257.1511520733,-2161360.88487009,5193973.20862641,15665508.8323004,1616680.29192635,-2161360.88487009,-1592911.49289243,-25257.1511520733,-0.3032291230075026,-0.22347825316889425,-0.0035434636793528593,0.09258376854613351,1.3568618812244628,0.018096552153157742,128988.86355938508,0.03964181102708413,282559.4682646347,-0.2053817010157365,-1463922.6293330449,1.4764174291470542,-0.1838364421418101,-1310352.0246277952,1.6494505630912606
11,case_0011_steps_0220_mesh_21x1,204,220,21,1,1.015,1695625.76148262,60793.3387626411,2542847.86666933,-1882352.82778069,-53674448.7416944,2704455.29422351,2542847.86666933,-1695625.76148262,60793.3387626411,0.35675001520997046,-0.23788859889273314,0.008529029523360548,-0.3172180867113662,-1.499651588476644,0.018096552153157742,128988.86355938508,0.03964181102708413,282559.4682646347,-0.2197920467395754,-1566636.8979232349,-1.6231252245112953,-0.198246787865649,-1413066.2932179852,-1.7995248198005527
11,case_0011_steps_0220_mesh_21x1,205,220,21,1,1.02,1753898.85060528,-98250.2922472611,-277872.717584182,14819662.8223253,-11222072.5306662,84700.1436445888,-277872.717584182,-1753898.85060528,-98250.2922472611,-0.03898428117700826,-0.2460640488295281,-0.01378407010227656,-0.0663228865981593,0.1584314383285482,0.018096552153157742,128988.86355938508,0.03964181102708413,282559.4682646347,-0.22796749667637034,-1624909.9870458948,0.17100806801572915,-0.20642223780244395,-1471339.3823406452,0.18885698358874536
11,case_0011_steps_0220_mesh_21x1,206,220,21,1,1.025,1856597.74165507,-5457.09790939557,4054972.55516411,4458083.62823907,-73762162.759285,1792342.33425268,4054972.55516411,-1856597.74165507,-5457.09790939557,0.5688942463654375,-0.2604722371542385,-0.0007656060701457335,-0.43593726047933556,-2.1840878420703516,0.018096552153157742,128988.86355938508,0.03964181102708413,282559.4682646347,-0.24237568500108075,-1727608.878095685,-2.3471589007078038,-0.22083042612715437,-1574038.2733904354,-2.576158803578397
11,case_0011_steps_0220_mesh_21x1,207,220,21,1,1.03,1795808.39090853,-4391.99291612285,5272201.85289154,1124441.65946758,-91137294.5853126,1832805.42774959,5272201.85289154,-1795808.39090853,-4391.99291612285,0.7396659925521517,-0.2519437671314377,-0.0006161766734716971,-0.5386249676365167,-2.935837631443655,0.018096552153157742,128988.86355938508,0.03964181102708413,282559.4682646347,-0.23384721497827993,-1666819.527349145,-3.163031009887601,-0.21230195610435354,-1513248.9226438953,-3.48402815557941
11,case_0011_steps_0220_mesh_21x1,208,220,21,1,1.035,1798649.01077762,14735.5334653696,3079567.41363391,-466055.842976644,-63545218.9808489,2214360.25521019,3079567.41363391,-1798649.01077762,14735.5334653696,0.43204933179625904,-0.2523422932071761,0.002067328469313118,-0.3755547240320542,-1.7121558431806012,0.018096552153157742,128988.86355938508,0.03964181102708413,282559.4682646347,-0.23424574105401835,-1669660.1472182348,-1.8444276931234627,-0.21270048218009197,-1516089.5425129852,-2.031256945766799
11,case_0011_steps_0220_mesh_21x1,209,220,21,1,1.04,1892445.45838402,3467.81687106952,3215354.67043308,1638107.76458614,-69341722.1667121,2090244.87715788,3215354.67043308,-1892445.45838402,3467.81687106952,0.45109966766706927,-0.2655015091197086,0.0004865189686396291,-0.4098122840693223,-1.6990474711903754,0.018096552153157742,128988.86355938508,0.03964181102708413,282559.4682646347,-0.24740495696655085,-1763456.594824635,-1.8233250990523118,-0.22585969809262446,-1609885.9901193853,-1.997256135010304
11,case_0011_steps_0220_mesh_21x1,210,220,21,1,1.045,1883728.66485962,20436.2548509969,4869686.76928669,-868148.296810108,-91537469.1868261,2047307.19984057,4869686.76928669,-1883728.66485962,20436.2548509969,0.6831949531004841,-0.2642785825486098,0.002867113807511177,-0.5409900151482945,-2.5851317443585176,0.018096552153157742,128988.86355938508,0.03964181102708413,282559.4682646347,-0.24618203039545206,-1754739.8013002349,-2.7751617451649118,-0.22463677152152567,-1601169.1965949852,-3.041331784075331
11,case_0011_steps_0220_mesh_21x1,211,220,21,1,1.05,1786598.58343294,5651.18307202399,3456998.39337471,-1194943.00405043,-70807856.2250765,1724435.12168071,3456998.39337471,-1786598.58343294,5651.18307202399,0.4850011853177242,-0.25065167294048585,0.0007928353376246448,-0.41847719357020824,-1.9349608946471373,0.018096552153157742,128988.86355938508,0.03964181102708413,282559.4682646347,-0.2325551207873281,-1657609.719873555,-2.085532168355296,-0.2110098619134017,-1504039.1151683053,-2.2984763883536794
11,case_0011_steps_0220_mesh_21x1,212,220,21,1,1.055,1664432.01153113,18508.763373474,4749187.76922425,-3070593.25088797,-89769530.6096664,1612811.99907822,4749187.76922425,-1664432.01153113,18508.763373474,0.6662894902654745,-0.2335122573445358,0.002596695500959454,-0.5305414291633925,-2.8533383979171476,0.018096552153157742,128988.86355938508,0.03964181102708413,282559.4682646347,-0.21541570519137804,-1535443.1479717449,-3.0930404525219477,-0.19387044631745165,-1381872.5432664952,-3.4367769968119015
11,case_0011_steps_0220_mesh_21x1,213,220,21,1,1.06,1641376.12442495,-5180.29754606842,3342598.23911806,1051465.78706985,-73144689.3956768,1075790.33243051,3342598.23911806,-1641376.12442495,-5180.29754606842,0.46895136287021005,-0.2302776210205851,-0.0007267722354042046,-0.4322879688034833,-2.0364608631608596,0.018096552153157742,128988.86355938508,0.03964181102708413,282559.4682646347,-0.21218106886742735,-1512387.260865565,-2.210147047393823,-0.19063580999350097,-1358816.6561603153,-2.4599332249601855
11,case_0011_steps_0220_mesh_21x1,214,220,21,1,1.065,1586702.52986962,-25347.077076674,918884.720015284,4330279.63698923,-38365687.8348408,582174.087901299,918884.720015284,-1586702.52986962,-25347.077076674,0.12891535594342754,-0.2226071638356079,-0.003556079878453709,-0.22674271232672827,-0.5791159355438786,0.018096552153157742,128988.86355938508,0.03964181102708413,282559.4682646347,-0.20451061168245016,-1457713.666310235,-0.630360228659422,-0.18296535280852377,-1304143.0616049853,-0.7045888960099432
11,case_0011_steps_0220_mesh_21x1,215,220,21,1,1.07,1405242.6566063,-82648.6150005949,-555553.14772889,5370544.4321212,-17538786.842503,150259.780104763,-555553.14772889,-1405242.6566063,-82648.6150005949,-0.07794158529893735,-0.1971491671558927,-0.011595225591362293,-0.10365491469119563,0.3953432135845963,0.018096552153157742,128988.86355938508,0.03964181102708413,282559.4682646347,-0.17905261500273495,-1276253.793046915,0.4352998994052493,-0.15750735612880856,-1122683.1883416653,0.4948440962668258
11,case_0011_steps_0220_mesh_21x1,216,220,21,1,1.075,1833333.78065189,-27886.758809255,3289622.0618042,2225777.7150299,-67010616.8750913,2034554.32999437,3289622.0618042,-1833333.78065189,-27886.758809255,0.46151904562063734,-0.25720840900686315,-0.003912385699420298,-0.3960353608243468,-1.794338868634433,0.018096552153157742,128988.86355938508,0.03964181102708413,282559.4682646347,-0.2391118568537054,-1704344.917092505,-1.9301386877816193,-0.217566597979779,-1550774.3123872553,-2.121277116552292
11,case_0011_steps_0220_mesh_21x1,217,220,21,1,1.08,1413406.81139884,18251.8107091252,3977403.83888505,2052641.93922753,-76521664.1128213,1248577.67403295,3977403.83888505,-1413406.81139884,18251.8107091252,0.5580117075100484,-0.19829456102101217,0.002560646208307611,-0.45224602116840856,-2.8140545289637013,0.018096552153157742,128988.86355938508,0.03964181102708413,282559.4682646347,-0.18019800886785442,-1284417.947839455,-3.096658564741734,-0.15865274999392803,-1130847.3431342053,-3.517189002594689
11,case_0011_steps_0220_mesh_21x1,218,220,21,1,1.085,1393288.6527506,-87247.8701260565,-756720.443185605,6853189.20507254,-15600481.3104175,241602.708809624,-756720.443185605,-1393288.6527506,-87247.8701260565,-0.10616444387204294,-0.1954720746670971,-0.012240480212163533,-0.09219945335410339,0.543118212935779,0.018096552153157742,128988.86355938508,0.03964181102708413,282559.4682646347,-0.17737552251393934,-1264299.7891912148,0.598529280519525,-0.15583026364001296,-1110729.1844859652,0.6812825788275366
11,case_0011_steps_0220_mesh_21x1,219,220,21,1,1.09,1481450.34481977,60086.3056511746,4756931.50875445,-3109932.51594945,-86133324.3776707,2382026.57427028,4756931.50875445,-1481450.34481977,60086.3056511746,0.667375901777304,-0.20784075995058168,0.008429835986627261,-0.5090513084291742,-3.210996254709548,0.018096552153157742,128988.86355938508,0.03964181102708413,282559.4682646347,-0.18974420779742393,-1352461.481260385,-3.5172399174883515,-0.16819894892349754,-1198890.8765551352,-3.967776885935528
11,case_0011_steps_0220_mesh_21x1,220,220,21,1,1.095,1588172.27674177,-36707.2141474517,6963075.90736199,8593480.37232877,-121942157.024764,843586.118620182,6963075.90736199,-1588172.27674177,-36707.2141474517,0.9768879485162675,-0.22281336265145807,-0.005149855552535082,-0.7206829068149176,-4.384332864471828,0.018096552153157742,128988.86355938508,0.03964181102708413,282559.4682646347,-0.20471681049830032,-1459183.413182385,-4.7718990254802645,-0.18317155162437393,-1305612.8084771354,-5.333185966123992
12,case_0012_steps_0250_mesh_21x1,1,250,21,1,0.0,1251388.09280911,-4.71118255518377e-10,18825544.9370631,6.17769728705753e-08,-194291215.084951,1.39357325679157e-09,18825544.9370631,-1251388.09280911,-4.71118255518377e-10,2.641138516646694,-0.17556407011008957,-6.60957531218802e-17,-1.148268663376105,-15.043730274597396,0.018096552153157742,128988.86355938508,0.03964181102708413,282559.4682646347,-0.1574675179569318,-1122399.229249725,-16.772592537903968,-0.13592225908300543,-968828.6245444752,-19.43124352453409
12,case_0012_steps_0250_mesh_21x1,2,250,21,1,0.005,1390551.34517861,8.59017745824531e-10,2711107.54722735,7.1485466435206e-09,-40247608.6118551,-4.86801354782074e-09,2711107.54722735,-1390551.34517861,8.59017745824531e-10,0.38035608476100596,-0.19508804283776832,1.2051629116528155e-16,-0.2378649375609319,-1.9496637478561576,0.018096552153157742,128988.86355938508,0.03964181102708413,282559.4682646347,-0.17699149068461056,-1261562.481619225,-2.149007747715851,-0.15544623181068418,-1107991.8769139752,-2.4468659055321225
12,case_0012_steps_0250_mesh_21x1,3,250,21,1,0.01,1368403.22472095,5.82758730161004e-10,100838.832042394,-1.43752778569706e-08,-9800434.09076114,5.27001020600437e-09,100838.832042394,-1368403.22472095,5.82758730161004e-10,0.014147230487681309,-0.19198076205478865,8.17584050441018e-17,-0.05792094793881167,-0.07369087577454185,0.018096552153157742,128988.86355938508,0.03964181102708413,282559.4682646347,-0.1738842099016309,-1239414.361161565,-0.08136006423863687,-0.1523389510277045,-1085843.7564563153,-0.09286679731113863
12,case_0012_steps_0250_mesh_21x1,4,250,21,1,0.015,1370449.06761965,-1.72076397575438e-09,457420.727509294,6.50959322001654e-08,-12825594.2336579,-1.963087470358e-08,457420.727509294,-1370449.06761965,-1.72076397575438e-09,0.06417405210719074,-0.19226778452860435,-2.414153762675623e-16,-0.07579976244035208,-0.33377433595820805,0.018096552153157742,128988.86355938508,0.03964181102708413,282559.4682646347,-0.1741712323754466,-1241460.2040602649,-0.3684537982073642,-0.1526259735015202,-1087889.5993550152,-0.42046612797887606
12,case_0012_steps_0250_mesh_21x1,5,250,21,1,0.02,1365908.23288794,-9.18589648790658e-11,526984.529065707,4.12225276136269e-08,-13753276.4564233,-7.66254970585578e-09,526984.529065707,-1365908.23288794,-9.18589648790658e-11,0.07393353775656988,-0.19163072602391082,-1.2887395878976642e-17,-0.0812824005797391,-0.3858125431688068,0.018096552153157742,128988.86355938508,0.03964181102708413,282559.4682646347,-0.17353417387075307,-1236919.369328555,-0.4260459833786688,-0.15198891499682668,-1083348.7646233053,-0.4864403286128696
12,case_0012_steps_0250_mesh_21x1,6,250,21,1,0.025,1441348.38497963,1.0379835657659e-08,-61546.7405780233,-7.94148480309786e-07,2851046.78478838,8.01005057837756e-08,-61546.7405780233,-1441348.38497963,1.0379835657659e-08,-0.008634728378813064,-0.20221463698410697,1.4562438348296116e-15,0.016849797760337685,0.04270080795136363,0.018096552153157742,128988.86355938508,0.03964181102708413,282559.4682646347,-0.1841180848309492,-1312359.5214202448,0.04689777425580528,-0.16257282595702283,-1158788.9167149952,0.05311298692129342
12,case_0012_steps_0250_mesh_21x1,7,250,21,1,0.03,1431842.80130884,-7.98991095507517e-09,-343999.077387729,2.52655102173094e-07,6084595.58959933,-3.71817918676243e-08,-343999.077387729,-1431842.80130884,-7.98991095507517e-09,-0.04826150934897702,-0.20088104673532198,-1.120948245512967e-15,0.03596019738616855,0.24024919290950184,0.018096552153157742,128988.86355938508,0.03964181102708413,282559.4682646347,-0.18278449458216423,-1302853.937749455,0.26403502911612003,-0.16123923570823784,-1149283.3330442053,0.2993161629487388
12,case_0012_steps_0250_mesh_21x1,8,250,21,1,0.035,1524306.71923138,5.3054463933222e-08,3097822.53032741,-4.27277535663961e-06,-66954918.7115923,6.17968908045441e-07,3097822.53032741,-1524306.71923138,5.3054463933222e-08,0.4346104418191705,-0.21385331478077366,7.443300506972506e-15,-0.3957061825044442,-2.0322829331156287,0.018096552153157742,128988.86355938508,0.03964181102708413,282559.4682646347,-0.1957567626276159,-1395317.8556719949,-2.2201554418118423,-0.17421150375368952,-1241747.2509667452,-2.4947287202896105
12,case_0012_steps_0250_mesh_21x1,9,250,21,1,0.04,1620717.07134527,3.63856543117436e-07,-301344.262821732,-2.18303465544523e-05,11663271.9737372,2.12688905776304e-06,-301344.262821732,-1620717.07134527,3.63856543117436e-07,-0.04227723245036351,-0.22737924963273917,5.1047421669553006e-14,0.06893039252453846,0.18593267643661107,0.018096552153157742,128988.86355938508,0.03964181102708413,282559.4682646347,-0.20928269747958142,-1491728.2077858848,0.20201016595979354,-0.18773743860565503,-1338157.6030806352,0.22519340182949546
12,case_0012_steps_0250_mesh_21x1,10,250,21,1,0.045,1699558.47113685,1.59514684128226e-06,-56638.5682534094,-0.000220334296539448,7953992.48380748,3.24412051782019e-05,-56638.5682534094,-1699558.47113685,1.59514684128226e-06,-0.007946134076963363,-0.23844034020897661,2.2379186240306206e-13,0.04700840598424272,0.03332546023881329,0.018096552153157742,128988.86355938508,0.03964181102708413,282559.4682646347,-0.22034378805581886,-1570569.607577465,0.03606243746227327,-0.19879852918189247,-1416999.0028722154,0.039970789068026646
12,case_0012_steps_0250_mesh_21x1,11,250,21,1,0.05,1567516.99719223,1.89580214282614e-06,227739.442398581,1.78882823540505e-05,-13422141.0725795,-1.44481875850033e-05,227739.442398581,-1567516.99719223,1.89580214282614e-06,0.03195081019377757,-0.21991552067276496,2.6597243671293105e-13,-0.0793253775386479,-0.1452867450920869,0.018096552153157742,128988.86355938508,0.03964181102708413,282559.4682646347,-0.2018189685196072,-1438528.133632845,-0.1583142081645981,-0.18027370964568082,-1284957.5289275954,-0.17723499592134273
12,case_0012_steps_0250_mesh_21x1,12,250,21,1,0.055,1566219.77494747,-7.03614091435156e-06,1026674.72267944,0.00162703608020465,-26913353.5258801,-0.000282205918324507,1026674.72267944,-1566219.77494747,-7.03614091435156e-06,0.1440378041220865,-0.2197335262791503,-9.87138637398016e-13,-0.15905896963287147,-0.6555112756853514,0.018096552153157742,128988.86355938508,0.03964181102708413,282559.4682646347,-0.20163697412599255,-1437230.911388085,-0.714342221938347,-0.18009171525206616,-1283660.3066828353,-0.7998025001898802
12,case_0012_steps_0250_mesh_21x1,13,250,21,1,0.06,1468699.99252476,1.90298742381856e-05,-620101.443151766,-0.00756826605971384,7647842.80920833,0.00117182988316245,-620101.443151766,-1468699.99252476,1.90298742381856e-05,-0.08699741820019963,-0.20605194338990587,2.669804990264234e-12,0.045199049459855915,0.4222111025450366,0.018096552153157742,128988.86355938508,0.03964181102708413,282559.4682646347,-0.18795539123674812,-1339711.128965375,0.46286205268045705,-0.16641013236282173,-1186140.5242601254,0.5227891893657073
12,case_0012_steps_0250_mesh_21x1,14,250,21,1,0.065,1375124.4280675,-4.30369643709128e-05,-1341881.44220758,0.0013691951574053,27393756.6937857,0.000189848947854898,-1341881.44220758,-1375124.4280675,-4.30369643709128e-05,-0.18825987633486027,-0.1929237163807396,-6.037890781891062e-12,0.1618981711029504,0.975825470640037,0.018096552153157742,128988.86355938508,0.03964181102708413,282559.4682646347,-0.17482716422758185,-1246135.564508115,1.0768342389274947,-0.15328190535365546,-1092564.9598028653,1.2281937382008843
12,case_0012_steps_0250_mesh_21x1,15,250,21,1,0.07,1356482.90334227,5.35091492110951e-05,-964790.141712585,0.0721437837242114,21660884.0706409,-0.0110111077734132,-964790.141712585,-1356482.90334227,5.35091492110951e-05,-0.1353556782699782,-0.1903083950646541,7.507090787910328e-12,0.12801667017453386,0.7112438640659723,0.018096552153157742,128988.86355938508,0.03964181102708413,282559.4682646347,-0.17221184291149635,-1227494.039782885,0.7859835652507395,-0.15066658403756997,-1073923.4350776353,0.8983788882890325
12,case_0012_steps_0250_mesh_21x1,16,250,21,1,0.075,1398845.60483894,-0.000126816469219193,-1151437.65354347,-0.0619236476933764,23937576.8296206,0.00517943156847878,-1151437.65354347,-1398845.60483894,-0.000126816469219193,-0.16154147709709704,-0.19625168982536964,-1.7791775086442895e-11,0.14147201322814867,0.8231341969123489,0.018096552153157742,128988.86355938508,0.03964181102708413,282559.4682646347,-0.1781551376722119,-1269856.741279555,0.9067461045906946,-0.1566098787982855,-1116286.1365743054,1.0314897012669517
12,case_0012_steps_0250_mesh_21x1,17,250,21,1,0.08,1333924.69250435,-0.00729257464536204,-2497121.35062749,1.48593861009229,32254451.1899193,-0.191377119547667,-2497121.35062749,-1333924.69250435,-0.00729257464536204,-0.35033479253493394,-0.18714358046248186,-1.0231151260576244e-09,0.19062506526393724,1.8720107399311423,0.018096552153157742,128988.86355938508,0.03964181102708413,282559.4682646347,-0.1690470283093241,-1204935.828944965,2.072410240148602,-0.14750176943539772,-1051365.2242397154,2.375122643449862
12,case_0012_steps_0250_mesh_21x1,18,250,21,1,0.085,1262257.70060091,0.0146440505270675,-2614515.1119915,-2.49395202417501,32565836.0286068,0.315086154605922,-2614515.1119915,-1262257.70060091,0.0146440505270675,-0.36680460447339713,-0.1770890267525529,2.054493828256327e-09,0.1924653618123887,2.071300583665946,0.018096552153157742,128988.86355938508,0.03964181102708413,282559.4682646347,-0.15899247459939514,-1133268.837041525,2.30705638991792,-0.13744721572546875,-979698.2323362753,2.668694324125395
12,case_0012_steps_0250_mesh_21x1,19,250,21,1,0.09,1311367.88857207,-0.248193877773247,2287982.56058374,51.4119940721738,-27087161.0600596,-7.13425523006742,2287982.56058374,-1311367.88857207,-0.248193877773247,0.32099356944917046,-0.18397896324278576,-3.4820474646248865e-08,-0.16008617894271973,-1.7447297440500025,0.018096552153157742,128988.86355938508,0.03964181102708413,282559.4682646347,-0.165882411089628,-1182379.025012685,-1.935066938927806,-0.14433715221570162,-1028808.4203074353,-2.2239150802245864
12,case_0012_steps_0250_mesh_21x1,20,250,21,1,0.095,1336431.68338819,-9.20383898880254,2423781.30562937,1488.25574530823,-36346683.2815113,-221.036724122459,2423781.30562937,-1336431.68338819,-9.20383898880254,0.34004551706882064,-0.18749529990573452,-1.291256839342959e-06,-0.21481031662480082,-1.8136215533924451,0.018096552153157742,128988.86355938508,0.03964181102708413,282559.4682646347,-0.16939874775257677,-1207442.819828805,-2.0073673600320228,-0.14785348887865038,-1053872.2151235554,-2.299881589861639
12,case_0012_steps_0250_mesh_21x1,21,250,21,1,0.1,1498722.33371884,86.5566572730984,3644274.53661437,-17704.3186809259,-76681975.8788894,2817.36861890739,3644274.53661437,-1498722.33371884,86.5566572730984,0.5112751782785077,-0.21026394160577072,1.2143506185900169e-05,-0.4531934699620454,-2.4315875293401983,0.018096552153157742,128988.86355938508,0.03964181102708413,282559.4682646347,-0.19216738945261297,-1369733.470159455,-2.660572013466334,-0.17062213057868658,-1216162.8654542053,-2.9965349544309
12,case_0012_steps_0250_mesh_21x1,22,250,21,1,0.105,1481271.41893857,-704.238541228006,729305.286988744,81557.7330470553,-20373946.7948493,-18370.4801314418,729305.286988744,-1481271.41893857,-704.238541228006,0.10231822187881597,-0.20781565746148817,-9.880147121172989e-05,-0.1204108206518162,-0.4923508802399901,0.018096552153157742,128988.86355938508,0.03964181102708413,282559.4682646347,-0.18971910530833042,-1352282.555379185,-0.5393142757685314,-0.16817384643440403,-1198711.9506739352,-0.6084074548340965
12,case_0012_steps_0250_mesh_21x1,23,250,21,1,0.11,1471689.41263928,-29.1998340019784,-1460707.2821658,40998.7823881017,29151833.151339,-9575.63236730015,-1460707.2821658,-1471689.41263928,-29.1998340019784,-0.2049306024007327,-0.20647134546476176,-4.0966041896870705e-06,0.172288471576109,0.9925377390234906,0.018096552153157742,128988.86355938508,0.03964181102708413,282559.4682646347,-0.188374793311604,-1342700.549079895,1.0878876032088993,-0.16682953443767762,-1189129.9443746454,1.2283832301725235
12,case_0012_steps_0250_mesh_21x1,24,250,21,1,0.115,1362434.71856834,-1132.08149041129,646695.162264715,631802.930548265,-23261031.1938976,-103535.966536482,646695.162264715,-1362434.71856834,-1132.08149041129,0.09072839629857123,-0.1911434077290997,-0.00015882589525583786,-0.13747360211879966,-0.4746613936440703,0.018096552153157742,128988.86355938508,0.03964181102708413,282559.4682646347,-0.17304685557594196,-1233445.8550089549,-0.5242995950235853,-0.15150159670201557,-1079875.2503037052,-0.5988609907328071
12,case_0012_steps_0250_mesh_21x1,25,250,21,1,0.12,1393506.38225384,-14139.6352521578,805581.253067062,2872514.40322455,-20821288.6369492,-510248.016638601,805581.253067062,-1393506.38225384,-14139.6352521578,0.11301939374807025,-0.19550262112825614,-0.0019837266544293383,-0.1230546283961636,-0.5780965651295581,0.018096552153157742,128988.86355938508,0.03964181102708413,282559.4682646347,-0.1774060689750984,-1264517.518694455,-0.6370661071574402,-0.155860810101172,-1110946.9139892054,-0.725130285635673
12,case_0012_steps_0250_mesh_21x1,26,250,21,1,0.125,1410115.84967536,14311.6745146459,1166751.77616916,-1448616.79910312,-28930357.0805085,83214.0525371041,1166751.77616916,-1410115.84967536,14311.6745146459,0.16368997899972884,-0.19783285402693834,0.002007862982171875,-0.1709795393543864,-0.8274155463451972,0.018096552153157742,128988.86355938508,0.03964181102708413,282559.4682646347,-0.1797363018737806,-1281126.9861159748,-0.9107229718940125,-0.1581910429998542,-1127556.3814107252,-1.0347613612983113
12,case_0012_steps_0250_mesh_21x1,27,250,21,1,0.13,1406615.2985258,49581.1109298237,1991260.55211739,-7156325.10403148,-43535213.3493243,1131823.80056539,1991260.55211739,-1406615.2985258,49581.1109298237,0.27936481830718607,-0.19734174258758805,0.006956004844092382,-0.25729480985830844,-1.4156397660428734,0.018096552153157742,128988.86355938508,0.03964181102708413,282559.4682646347,-0.1792451904344303,-1277626.434966415,-1.558562422958738,-0.1576999315605039,-1124055.8302611653,-1.7714961290265598
12,case_0012_steps_0250_mesh_21x1,28,250,21,1,0.135,1381789.30667179,19423.6104470033,-532447.482634248,-7347415.05784609,6901707.14764808,1181079.12443165,-532447.482634248,-1381789.30667179,19423.6104470033,-0.07469996534911835,-0.19385876860097623,0.002725044393425389,0.040789358582054645,0.38533188819988295,0.018096552153157742,128988.86355938508,0.03964181102708413,282559.4682646347,-0.17576221644781848,-1252800.443112405,0.4250058224049297,-0.1542169575738921,-1099229.8384071554,0.4843823048015088
12,case_0012_steps_0250_mesh_21x1,29,250,21,1,0.14,1122686.70934936,-2028.19457156769,-429610.010936524,-1603085.71023564,-7257148.99665589,661121.014265723,-429610.010936524,-1122686.70934936,-2028.19457156769,-0.06027233478843852,-0.15750785011020838,-0.00028454649361437555,-0.042890033780826106,0.3826624180716448,0.018096552153157742,128988.86355938508,0.03964181102708413,282559.4682646347,-0.13941129795705062,-993697.845789975,0.4323346505747836,-0.11786603908312424,-840127.2410847254,0.5113630292261867
12,case_0012_steps_0250_mesh_21x1,30,250,21,1,0.145,1057123.41919121,-833541.400781738,-8085824.51295191,43374697.6198739,139477704.785142,-10519599.5699665,-8085824.51295191,-1057123.41919121,-833541.400781738,-1.1344044823881159,-0.14830961805404844,-0.11694207557785224,0.8243186784043492,7.648893559787236,0.018096552153157742,128988.86355938508,0.03964181102708413,282559.4682646347,-0.13021306590089068,-928134.555631825,8.711909780632515,-0.1086678070269643,-774563.9509265753,10.439195502552382
12,case_0012_steps_0250_mesh_21x1,31,250,21,1,0.15,1258581.11062706,-205372.472564776,11860699.075019,34592796.9513762,-191800169.374025,-9962825.36134455,11860699.075019,-1258581.11062706,-205372.472564776,1.6640022515213047,-0.1765732178650909,-0.028812825836552737,-1.133546486011353,-9.423865474279738,0.018096552153157742,128988.86355938508,0.03964181102708413,282559.4682646347,-0.15847666571193314,-1129592.247067675,-10.499982720143805,-0.13693140683800675,-976021.6423624253,-12.152086142588605
12,case_0012_steps_0250_mesh_21x1,32,250,21,1,0.155,855106.119633061,-618842.383606937,-11934634.3824464,30905733.4218464,50678544.7918358,-19208948.7001888,-11934634.3824464,-855106.119633061,-618842.383606937,-1.6743750396047015,-0.11996750776317795,-0.08682077786018734,0.29951217745240566,13.956904422070718,0.018096552153157742,128988.86355938508,0.03964181102708413,282559.4682646347,-0.10187095561002021,-726117.2560736759,16.436235721735066,-0.08032569673609383,-572546.6513684263,20.844824354350507
12,case_0012_steps_0250_mesh_21x1,33,250,21,1,0.16,686263.367635352,590235.694517192,1743143.89483081,-15108524.7809824,-20199036.1757905,4865986.95855714,1743143.89483081,-686263.367635352,590235.694517192,0.24455517734475843,-0.0962796359353708,0.08280738920975238,-0.11937709206728335,-2.5400509149091497,0.018096552153157742,128988.86355938508,0.03964181102708413,282559.4682646347,-0.07818308378221306,-557274.5040759669,-3.127980702654193,-0.056637824908286664,-403703.89937071723,-4.317877279728969
12,case_0012_steps_0250_mesh_21x1,34,250,21,1,0.165,1301416.96334372,-69996.1116210987,18113385.4604352,3417436.56363244,-285473734.533523,-4644978.52118509,18113385.4604352,-1301416.96334372,-69996.1116210987,2.5412257741468034,-0.18258289359461724,-0.009820136789454646,-1.6871609117193873,-13.918202982306783,0.018096552153157742,128988.86355938508,0.03964181102708413,282559.4682646347,-0.1644863414414595,-1172428.099784335,-15.449463778433074,-0.1429410825675331,-1018857.4950790852,-17.778134378870337
12,case_0012_steps_0250_mesh_21x1,35,250,21,1,0.17,1139518.69620309,662437.025297799,-1948210.70666379,-9767508.55885722,-6680085.83898297,11472546.4288184,-1948210.70666379,-1139518.69620309,662437.025297799,-0.2733251203678536,-0.15986930147534542,0.09293690823909949,-0.039479567999061584,1.7096785802245156,0.018096552153157742,128988.86355938508,0.03964181102708413,282559.4682646347,-0.14177274932218767,-1010529.832643705,1.927910135583988,-0.12022749044826128,-856959.2279384553,2.27339953074606
12,case_0012_steps_0250_mesh_21x1,36,250,21,1,0.175,1704392.64133254,296700.968874249,-19976691.5221166,-15854066.3281328,178014470.295334,6062458.28654387,-19976691.5221166,-1704392.64133254,296700.968874249,-2.8026391581556362,-0.2391185523479902,0.041625799382698864,1.0520724664687178,11.720709792843442,0.018096552153157742,128988.86355938508,0.03964181102708413,282559.4682646347,-0.22102200019483245,-1575403.777773155,12.680362840283273,-0.19947674132090606,-1421833.1730679052,14.049954594189607
12,case_0012_steps_0250_mesh_21x1,37,250,21,1,0.18,1929765.0722316,131462.143580418,16089665.997959,17651719.8877842,-214522538.920105,784417.184775058,16089665.997959,-1929765.0722316,131462.143580418,2.257307118028088,-0.27073728157085136,0.018443542115352263,-1.2678365767702542,-8.337629398252474,0.018096552153157742,128988.86355938508,0.03964181102708413,282559.4682646347,-0.2526407294176936,-1800776.208672215,-8.934850383114822,-0.23109547054376722,-1647205.6039669653,-9.767855305500573
12,case_0012_steps_0250_mesh_21x1,38,250,21,1,0.185,2230786.5615859,-591685.661357492,-9974455.98150724,58957673.1039996,113151383.001881,-7424600.63596753,-9974455.98150724,-2230786.5615859,-591685.661357492,-1.3993709060443051,-0.3129692303686122,-0.08301081297690385,0.6687290892792986,4.471273116517364,0.018096552153157742,128988.86355938508,0.03964181102708413,282559.4682646347,-0.29487267821545443,-2101797.6980265146,4.745678421321313,-0.27332741934152804,-1948227.0933212652,5.1197604302397615
12,case_0012_steps_0250_mesh_21x1,39,250,21,1,0.19,2070880.1714466,176841.322042984,1749619.46796742,-14247308.6894251,-45988231.3875254,4656974.17359433,1749619.46796742,-2070880.1714466,176841.322042984,0.24546367086702517,-0.2905350895526744,0.02481003490437667,-0.2717922421932243,-0.8448675553956531,0.018096552153157742,128988.86355938508,0.03964181102708413,282559.4682646347,-0.2724385373995166,-1941891.307887215,-0.900987331711687,-0.25089327852559024,-1788320.7031819653,-0.9783588955014142
12,case_0012_steps_0250_mesh_21x1,40,250,21,1,0.195,2215844.24649631,-214567.542278876,-862957.09908849,23347455.6645667,-1594981.89038243,-78868.4198546742,-862957.09908849,-2215844.24649631,-214567.542278876,-0.12106896454981854,-0.31087289137588053,-0.030102852386453487,-0.009426405216405403,0.3894484463215303,0.018096552153157742,128988.86355938508,0.03964181102708413,282559.4682646347,-0.2927763392227228,-2086855.382936925,0.4135203168098845,-0.2712310803487964,-1933284.7782316753,0.44636833062835896
12,case_0012_steps_0250_mesh_21x1,41,250,21,1,0.2,2140888.10846063,60415.6171674366,1526685.29594545,-1646743.83669746,-31110718.1198587,4616021.41605326,1526685.29594545,-2140888.10846063,60415.6171674366,0.21418701829880363,-0.3003568853910888,0.008476036897808457,-0.18386555818564085,-0.7131084010939683,0.018096552153157742,128988.86355938508,0.03964181102708413,282559.4682646347,-0.28226033323793104,-2011899.2449012448,-0.7588279084126741,-0.26071507436400465,-1858328.640195995,-0.8215367631553226
12,case_0012_steps_0250_mesh_21x1,42,250,21,1,0.205,2282857.96153298,75459.0379142852,1437291.69457966,-672288.367835568,-45100773.0146213,4174345.24283642,1437291.69457966,-2282857.96153298,75459.0379142852,0.20164550173191154,-0.32027461145987546,0.01058656055539466,-0.2665473285762552,-0.629601893240214,0.018096552153157742,128988.86355938508,0.03964181102708413,282559.4682646347,-0.3021780593067177,-2153869.097973595,-0.6673068924810213,-0.2806328004327913,-2000298.4932683455,-0.7185386078210895
12,case_0012_steps_0250_mesh_21x1,43,250,21,1,0.21,2708707.64714201,-55053.860809498,802576.229008002,18150011.3378157,-38866441.0434348,1669666.46436773,802576.229008002,-2708707.64714201,-55053.860809498,0.11259780251061248,-0.380019389670761,-0.007723806814633178,-0.22970218333143694,-0.29629488802706705,0.018096552153157742,128988.86355938508,0.03964181102708413,282559.4682646347,-0.36192283751760324,-2579718.7835826245,-0.31110996830957355,-0.34037757864367685,-2426148.178877375,-0.3308026426396467
12,case_0012_steps_0250_mesh_21x1,44,250,21,1,0.215,2609100.96624519,-27834.9073268583,3867747.98207976,10215350.4460142,-70914845.7454525,1506063.56017755,3867747.98207976,-2609100.96624519,-27834.9073268583,0.5426274884633976,-0.3660450243967978,-0.003905111171763278,-0.41910950581090156,-1.4824064043968046,0.018096552153157742,128988.86355938508,0.03964181102708413,282559.4682646347,-0.34794847224364006,-2480112.1026858045,-1.5595053053816534,-0.3264032133697137,-2326541.497980555,-1.6624453015073992
12,case_0012_steps_0250_mesh_21x1,45,250,21,1,0.22,2494174.55216785,-52463.2962283014,3458040.83274337,14048478.16604,-69312696.6172308,843083.612688179,3458040.83274337,-2494174.55216785,-52463.2962283014,0.48514743483013095,-0.3499213700848232,-0.007360362360932999,-0.40964074193916433,-1.3864470029724907,0.018096552153157742,128988.86355938508,0.03964181102708413,282559.4682646347,-0.33182481793166546,-2365185.688608465,-1.4620589196858689,-0.3102795590577391,-2211615.0839032154,-1.563581681962656
12,case_0012_steps_0250_mesh_21x1,46,250,21,1,0.225,1926989.607367,-38797.2136888325,5902833.85421115,1376852.69881767,-96658918.1608441,896812.892046171,5902833.85421115,-1926989.607367,-38797.2136888325,0.8281408002713194,-0.27034789644654283,-0.005443073002918003,-0.5712579784495343,-3.063241146524222,0.018096552153157742,128988.86355938508,0.03964181102708413,282559.4682646347,-0.2522513442933851,-1798000.743807615,-3.282998560785217,-0.2307060854194587,-1644430.1391023654,-3.5895923541229258
12,case_0012_steps_0250_mesh_21x1,47,250,21,1,0.23,1608506.39733388,-36569.0042182445,7894421.56691127,7012572.16647614,-128855020.785434,93049.8949648113,7894421.56691127,-1608506.39733388,-36569.0042182445,1.107551517723474,-0.22566614748597444,-0.005130465326720505,-0.7615382014153191,-4.907920528010567,0.018096552153157742,128988.86355938508,0.03964181102708413,282559.4682646347,-0.2075695953328167,-1479517.533774495,-5.335808050054864,-0.1860243364588903,-1325946.9290692452,-5.953799050202407
12,case_0012_steps_0250_mesh_21x1,48,250,21,1,0.235,1284876.46717382,-72377.9182193439,6854148.33226024,11323477.4180664,-119668510.825462,-714985.07769363,6854148.33226024,-1284876.46717382,-72377.9182193439,0.9616059040873831,-0.18026233704951752,-0.010154293445575861,-0.7072455690478902,-5.334480401323282,0.018096552153157742,128988.86355938508,0.03964181102708413,282559.4682646347,-0.16216578489635977,-1155887.6036144348,-5.929770602978586,-0.14062052602243338,-1002316.9989091852,-6.838303989376179
12,case_0012_steps_0250_mesh_21x1,49,250,21,1,0.24,1054460.44323785,-85161.6659925291,9077246.60818139,12143769.9960189,-166478872.054949,-749141.971365682,9077246.60818139,-1054460.44323785,-85161.6659925291,1.2734965028698162,-0.14793601461346614,-0.01194779524027733,-0.9838966306907642,-8.608427813857666,0.018096552153157742,128988.86355938508,0.03964181102708413,282559.4682646347,-0.1298394624603084,-925471.5796784649,-9.808239180434999,-0.108294203586382,-771900.9749732153,-11.759599874189004
12,case_0012_steps_0250_mesh_21x1,50,250,21,1,0.245,1084152.91520401,-112299.851924548,11239918.3102808,15353760.9643777,-198246403.07507,-716887.346724721,11239918.3102808,-1084152.91520401,-112299.851924548,1.5769095275855673,-0.1521017336737353,-0.015755159562351313,-1.1716439787491104,-10.367465836833297,0.018096552153157742,128988.86355938508,0.03964181102708413,282559.4682646347,-0.13400518152057755,-955164.0516446249,-11.767526521677226,-0.11245992264665117,-801593.4469393753,-14.021968808748106
12,case_0012_steps_0250_mesh_21x1,51,250,21,1,0.25,1256007.55385638,45349.7934659693,13927549.9181258,1692611.00688846,-234237187.707162,3410376.46385337,13927549.9181258,-1256007.55385638,45349.7934659693,1.9539720445946454,-0.1762121595300178,0.0063623702073630235,-1.3843509204668811,-11.088746938952221,0.018096552153157742,128988.86355938508,0.03964181102708413,282559.4682646347,-0.15811560737686003,-1127018.690296995,-12.357869517191038,-0.13657034850293365,-973448.0855917453,-14.307439836053959
12,case_0012_steps_0250_mesh_21x1,52,250,21,1,0.255,1425081.97885356,-56638.9776664841,6777437.73877573,14730289.9094804,-150263194.479868,3139352.1297273,6777437.73877573,-1425081.97885356,-56638.9776664841,0.950843755965557,-0.19993253402822392,-0.007946191515759659,-0.8880613434044357,-4.755823060949796,0.018096552153157742,128988.86355938508,0.03964181102708413,282559.4682646347,-0.18183598187506617,-1296093.115294175,-5.2291287244724325,-0.16029072300113978,-1142522.5105889253,-5.931994928732063
12,case_0012_steps_0250_mesh_21x1,53,250,21,1,0.26,1372967.04431423,114193.12836092,-5359681.1167345,-564631.494822067,27612646.9981584,5056803.96273605,-5359681.1167345,-1372967.04431423,114193.12836092,-0.7519389362526374,-0.19262104523124576,0.016020777653911418,0.16319182134399773,3.9037216071064216,0.018096552153157742,128988.86355938508,0.03964181102708413,282559.4682646347,-0.174524493078088,-1243978.180754845,4.308500904318313,-0.15297923420416162,-1090407.5760495954,4.915300695316082
12,case_0012_steps_0250_mesh_21x1,54,250,21,1,0.265,1405593.45283811,-64310.2504989965,-2551630.51407801,12519023.6754813,11257550.3732906,832369.514159968,-2551630.51407801,-1405593.45283811,-64310.2504989965,-0.35798218078216193,-0.19719838227515885,-0.009022436278787205,0.06653256203259401,1.8153403524510408,0.018096552153157742,128988.86355938508,0.03964181102708413,282559.4682646347,-0.1791018301220011,-1276604.589278725,1.9987633880586846,-0.1575565712480747,-1123033.9845734753,2.2720866413024097
12,case_0012_steps_0250_mesh_21x1,55,250,21,1,0.27,1352464.80312431,7279.69429516426,2055865.73749325,-818064.99769161,-58034773.4154116,1735244.46817058,2055865.73749325,-1352464.80312431,7279.69429516426,0.28842863261066215,-0.18974467383985666,0.0010213080713811736,-0.3429877756949157,-1.520088162548869,0.018096552153157742,128988.86355938508,0.03964181102708413,282559.4682646347,-0.1716481216866989,-1223475.939564925,-1.6803483182712426,-0.15010286281277252,-1069905.3348596753,-1.9215398507783772
12,case_0012_steps_0250_mesh_21x1,56,250,21,1,0.275,1465884.83201358,4845.45472459414,5954563.11806925,2007361.49453386,-121745055.846782,1232955.94553527,5954563.11806925,-1465884.83201358,4845.45472459414,0.8353981812220524,-0.2056569891465372,0.0006797953072050499,-0.7195180311611611,-4.062094775815298,0.018096552153157742,128988.86355938508,0.03964181102708413,282559.4682646347,-0.18756043699337946,-1336895.968454195,-4.454021299020221,-0.16601517811945307,-1183325.3637489453,-5.032059060412883
12,case_0012_steps_0250_mesh_21x1,57,250,21,1,0.28,1522132.13003575,4795.11764745031,1739432.74335661,4866081.9907193,-56383700.5994754,1338390.87010086,1739432.74335661,-1522132.13003575,4795.11764745031,0.24403451963565156,-0.21354822978580204,0.0006727332437320162,-0.3332298709195364,-1.1427606769694534,0.018096552153157742,128988.86355938508,0.03964181102708413,282559.4682646347,-0.1954516776326443,-1393143.266476365,-1.2485670248086576,-0.1739064187587179,-1239572.6617711154,-1.4032519407706918
12,case_0012_steps_0250_mesh_21x1,58,250,21,1,0.285,1635772.76590303,29142.3350304142,2399232.63267484,1793377.70193711,-68863625.2136689,1328084.04866936,2399232.63267484,-1635772.76590303,29142.3350304142,0.33660144966521927,-0.2294914952502927,0.004088537344930466,-0.4069867124190803,-1.4667273368806462,0.018096552153157742,128988.86355938508,0.03964181102708413,282559.4682646347,-0.21139494309713494,-1506783.902343645,-1.59228714146938,-0.18984968422320855,-1353213.2976383953,-1.772989252220577
12,case_0012_steps_0250_mesh_21x1,59,250,21,1,0.29,1710267.49998252,95987.9945733114,3763107.11115011,-7467825.14361246,-90967037.4699698,1767764.98291446,3763107.11115011,-1710267.49998252,95987.9945733114,0.527946849175042,-0.23994276835407083,0.013466680005853623,-0.5376187414405486,-2.2003032339611033,0.018096552153157742,128988.86355938508,0.03964181102708413,282559.4682646347,-0.22184621620091308,-1581278.636423135,-2.3797874861967965,-0.2003009573269867,-1427708.0317178853,-2.6357679774499574
12,case_0012_steps_0250_mesh_21x1,60,250,21,1,0.295,1650170.3052071,13624.9441428289,1636928.51562607,-1269431.26151175,-53613819.3891116,585934.948324081,1636928.51562607,-1650170.3052071,13624.9441428289,0.22965364169117022,-0.23151140467273124,0.001911517827669275,-0.31685976487153844,-0.9919755012320574,0.018096552153157742,128988.86355938508,0.03964181102708413,282559.4682646347,-0.21341485251957348,-1521181.441647715,-1.0760902485458803,-0.1918695936456471,-1367610.8369424653,-1.1969256687711776
12,case_0012_steps_0250_mesh_21x1,61,250,21,1,0.3,1850270.90631256,-16515.4247507818,262020.152657542,2045145.17218002,-40067531.0180509,752823.403307646,262020.152657542,-1850270.90631256,-16515.4247507818,0.03676023826322458,-0.259584610869451,-0.002317039138781756,-0.23680067195401233,-0.14161177790971535,0.018096552153157742,128988.86355938508,0.03964181102708413,282559.4682646347,-0.24148805871629325,-1721282.042753175,-0.15222383441498244,-0.21994279984236687,-1567711.4380479252,-0.16713544744165604
12,case_0012_steps_0250_mesh_21x1,62,250,21,1,0.305,1898322.50908416,-130125.254474381,4426319.19328319,18273970.7161213,-96397264.7437418,-542622.650914748,4426319.19328319,-1898322.50908416,-130125.254474381,0.6209924943706063,-0.2663260326604783,-0.018255982641124872,-0.5697115965434224,-2.3317003154636007,0.018096552153157742,128988.86355938508,0.03964181102708413,282559.4682646347,-0.24822948050732052,-1769333.645524775,-2.5016871207297746,-0.22668422163339413,-1615763.0408195253,-2.73946060248917
12,case_0012_steps_0250_mesh_21x1,63,250,21,1,0.31,1843075.44052454,-25328.7866182359,2822147.62304901,6897065.93577682,-75522403.7641477,1370032.28101253,2822147.62304901,-1843075.44052454,-25328.7866182359,0.39593450345350134,-0.25857511967535873,-0.003553513810144425,-0.44634035351156426,-1.5312165530488682,0.018096552153157742,128988.86355938508,0.03964181102708413,282559.4682646347,-0.24047856752220098,-1714086.5769651548,-1.6464440367100435,-0.2189333086482746,-1560515.9722599052,-1.8084708347855212
12,case_0012_steps_0250_mesh_21x1,64,250,21,1,0.315,1949704.8491244,-55089.4645687503,-3667686.38024757,8627333.85013013,20460454.7192894,590241.112374931,-3667686.38024757,-1949704.8491244,-55089.4645687503,-0.514559753687723,-0.2735347417740476,-0.007728801860471853,0.12092208586123313,1.881149540093058,0.018096552153157742,128988.86355938508,0.03964181102708413,282559.4682646347,-0.2554381896208898,-1820715.9855650149,2.014419826774571,-0.23389293074696343,-1667145.3808597652,2.1999799311779897
12,case_0012_steps_0250_mesh_21x1,65,250,21,1,0.32,1878606.81502887,-24228.0257437227,106920.905793146,1915134.15193039,-23768571.7726408,1138177.05200296,106920.905793146,-1878606.81502887,-24228.0257437227,0.015000517831973342,-0.2635600102624051,-0.003399082055153323,-0.14047318674596754,-0.0569149994228584,0.018096552153157742,128988.86355938508,0.03964181102708413,282559.4682646347,-0.24546345810924736,-1749617.951469485,-0.06111100180661973,-0.22391819923532097,-1596047.3467642353,-0.0669910613929551
12,case_0012_steps_0250_mesh_21x1,66,250,21,1,0.325,1761810.11697074,8653.85655373006,-452538.624062499,-4057739.85983037,-14354811.0223169,2084235.08657651,-452538.624062499,-1761810.11697074,8653.85655373006,-0.0634891151505878,-0.24717396359603938,0.0012140967997475436,-0.08483749333908573,0.2568600439419628,0.018096552153157742,128988.86355938508,0.03964181102708413,282559.4682646347,-0.22907741144288163,-1632821.253411355,0.2771513557390543,-0.20753215256895524,-1479250.6487061053,0.3059242356650867
12,case_0012_steps_0250_mesh_21x1,67,250,21,1,0.33,1776605.97150358,-25860.4582482645,922465.002861047,2844351.54999364,-27033550.2962554,1293942.51704962,922465.002861047,-1776605.97150358,-25860.4582482645,0.12941765337790007,-0.24924975483735692,-0.0036281049268941075,-0.15976933723647427,-0.5192288091209921,0.018096552153157742,128988.86355938508,0.03964181102708413,282559.4682646347,-0.23115320268419917,-1647617.107944195,-0.5598782620144359,-0.20960794381027278,-1494046.5032389453,-0.6174272359402696
12,case_0012_steps_0250_mesh_21x1,68,250,21,1,0.335,1790645.54322621,-27570.9366834954,-615315.503157731,2737902.6796489,-8844298.83679603,1951412.59110357,-615315.503157731,-1790645.54322621,-27570.9366834954,-0.08632597253958985,-0.2512194430327227,-0.003868077288506216,-0.05227015127465344,0.3436277522848636,0.018096552153157742,128988.86355938508,0.03964181102708413,282559.4682646347,-0.23312289087956495,-1661656.6796668249,0.37030242810512853,-0.21157763200563856,-1508086.0749615752,0.4080108644815972
12,case_0012_steps_0250_mesh_21x1,69,250,21,1,0.34,1830784.45808534,57.9869969122187,-2382505.21664948,1014544.99509329,18525310.8370048,2672598.38408886,-2382505.21664948,-1830784.45808534,57.9869969122187,-0.33425466911271734,-0.2568507506206448,8.135312498073499e-06,0.10948530999784775,1.3013575716833086,0.018096552153157742,128988.86355938508,0.03964181102708413,282559.4682646347,-0.23875419846748702,-1701795.594525955,1.3999949372962979,-0.21720893959356063,-1548224.9898207053,1.538862395526499
12,case_0012_steps_0250_mesh_21x1,70,250,21,1,0.345,1918720.60759699,-3618.42492246283,3032766.96474287,1497597.20399657,-58643057.3789444,3005673.70589914,3032766.96474287,-1918720.60759699,-3618.42492246283,0.42548344121642634,-0.26918779330691367,-0.0005076485947291691,-0.3465827576577055,-1.5806193735215646,0.018096552153157742,128988.86355938508,0.03964181102708413,282559.4682646347,-0.2510912411537559,-1789731.744037605,-1.694537170079466,-0.22954598227982953,-1636161.1393323552,-1.8535869675895174
12,case_0012_steps_0250_mesh_21x1,71,250,21,1,0.35,1783476.65648625,-13881.1522957997,2537844.17247083,2669037.01066243,-47011897.5973542,2373110.64388405,2537844.17247083,-1783476.65648625,-13881.1522957997,0.3560480196227319,-0.2502136807584467,-0.0019474626687536818,-0.2778421494419357,-1.42297582827398,0.018096552153157742,128988.86355938508,0.03964181102708413,282559.4682646347,-0.23211712860528894,-1654487.792926865,-1.5339153200890452,-0.21057186973136255,-1500917.1882216153,-1.6908622223707315
12,case_0012_steps_0250_mesh_21x1,72,250,21,1,0.355,1594010.38125336,-39939.5254653478,4633542.47085044,2414714.04862152,-77496683.5791037,1500664.06026605,4633542.47085044,-1594010.38125336,-39939.5254653478,0.650064979749296,-0.22363242221872787,-0.005603334160885011,-0.45800842426431926,-2.9068458558012122,0.018096552153157742,128988.86355938508,0.03964181102708413,282559.4682646347,-0.20553587006557011,-1465021.517693975,-3.1627811707120124,-0.18399061119164373,-1311450.9129887254,-3.533142129041527
12,case_0012_steps_0250_mesh_21x1,73,250,21,1,0.36,1461351.64126812,-14562.8548041594,5155302.33906329,1749627.87258643,-87884481.208549,1354365.55772222,5155302.33906329,-1461351.64126812,-14562.8548041594,0.7232655212998581,-0.205021003058423,-0.0020431024368317238,-0.5194007136386447,-3.5277630609082307,0.018096552153157742,128988.86355938508,0.03964181102708413,282559.4682646347,-0.18692445090526524,-1332362.7777087349,-3.869293277562787,-0.16537919203133886,-1178792.1730034852,-4.3733767979879925
12,case_0012_steps_0250_mesh_21x1,74,250,21,1,0.365,1233556.00453307,-67451.7719801158,5782772.92865753,6361178.95731547,-98312474.6247979,181427.325014955,5782772.92865753,-1233556.00453307,-67451.7719801158,0.8112967973017361,-0.17306230905427172,-0.009463177485078765,-0.581030561681622,-4.687888435877255,0.018096552153157742,128988.86355938508,0.03964181102708413,282559.4682646347,-0.15496575690111397,-1104567.1409736848,-5.235329491659483,-0.13342049802718758,-950996.5362684352,-6.080750778912661
12,case_0012_steps_0250_mesh_21x1,75,250,21,1,0.37,1219213.79025718,-35712.4690252837,3408143.25097667,5913023.8293434,-72288912.9672546,633277.651914967,3408143.25097667,-1219213.79025718,-35712.4690252837,0.4781470305638989,-0.17105016148219926,-0.005010297326455164,-0.4272302967147916,-2.79536146835885,0.018096552153157742,128988.86355938508,0.03964181102708413,282559.4682646347,-0.1529536093290415,-1090224.926697795,-3.126091843542475,-0.13140835045511512,-936654.3219925454,-3.6386350555950293
12,case_0012_steps_0250_mesh_21x1,76,250,21,1,0.375,1239508.99279814,-38338.7152410401,2739326.86794165,8014136.33775574,-64259973.1578825,875621.69956157,2739326.86794165,-1239508.99279814,-38338.7152410401,0.38431512738640217,-0.17389748629076532,-0.0053787477515462295,-0.379778949111639,-2.210009676297494,0.018096552153157742,128988.86355938508,0.03964181102708413,282559.4682646347,-0.15580093413760757,-1110520.129238755,-2.466706181921635,-0.13425567526368118,-956949.5245335053,-2.862561501639305
12,case_0012_steps_0250_mesh_21x1,77,250,21,1,0.38,1201043.38460027,-3838.18485904588,2076829.26229346,4026895.46605783,-51619418.0149376,1301499.05784093,2076829.26229346,-1201043.38460027,-3838.18485904588,0.29136971999908123,-0.16850093603326802,-0.000538479916471289,-0.3050727749185602,-1.7291875455312282,0.018096552153157742,128988.86355938508,0.03964181102708413,282559.4682646347,-0.15040438388011027,-1072054.521040885,-1.9372422032015812,-0.12885912500618388,-918483.9163356354,-2.2611492976155048
12,case_0012_steps_0250_mesh_21x1,78,250,21,1,0.385,1226614.16265225,-9140.56606037662,3375331.43109771,6354113.34964937,-66483609.5806181,736531.694148338,3375331.43109771,-1226614.16265225,-9140.56606037662,0.47354368114834067,-0.1720884001433106,-0.0012823799346432325,-0.39292072714752513,-2.751746664818699,0.018096552153157742,128988.86355938508,0.03964181102708413,282559.4682646347,-0.15399184799015284,-1097625.2990928649,-3.0751217504618937,-0.13244658911622645,-944054.6943876152,-3.575355804238867
12,case_0012_steps_0250_mesh_21x1,79,250,21,1,0.39,1253942.70400024,-40369.4971400286,-662783.486160731,6074916.86477233,-13947537.4679265,740318.662534557,-662783.486160731,-1253942.70400024,-40369.4971400286,-0.09298551512578772,-0.17592247046633458,-0.005663657235455394,-0.08243049073876836,0.5285596256083835,0.018096552153157742,128988.86355938508,0.03964181102708413,282559.4682646347,-0.15782591831317683,-1124953.840440855,0.5891650504530876,-0.13628065943925044,-971383.2357356052,0.682308960848826
12,case_0012_steps_0250_mesh_21x1,80,250,21,1,0.395,1282529.56451954,-6624.58738775097,-5071328.90960366,3874837.1336909,54980565.3053149,147825.829869349,-5071328.90960366,-1282529.56451954,-6624.58738775097,-0.7114844302524431,-0.17993307725832627,-0.0009293995454141976,0.32493728657362525,3.9541614087496506,0.018096552153157742,128988.86355938508,0.03964181102708413,282559.4682646347,-0.16183652510516852,-1153540.7009601549,4.396315539956689,-0.14029126623124213,-999970.0962549052,5.0714805658657545
12,case_0012_steps_0250_mesh_21x1,81,250,21,1,0.4,1403868.05383453,-25057.840266281,-447085.527851449,3427964.94514841,-10881665.1503323,633206.090855925,-447085.527851449,-1403868.05383453,-25057.840266281,-0.0627240705005586,-0.19695631662552301,-0.003515501266630525,-0.0643110656959715,0.3184669147718534,0.018096552153157742,128988.86355938508,0.03964181102708413,282559.4682646347,-0.17885976447236526,-1274879.190275145,0.35068854465728533,-0.15731450559843888,-1121308.5855698953,0.39871765328918946
12,case_0012_steps_0250_mesh_21x1,82,250,21,1,0.405,1431236.76689242,30322.1226094233,7966711.56740686,-2114802.88798543,-124109042.651512,1529452.19310953,7966711.56740686,-1431236.76689242,30322.1226094233,1.117693476711414,-0.2007960228571303,0.0042540561879068324,-0.7334892854318145,-5.566312822374332,0.018096552153157742,128988.86355938508,0.03964181102708413,282559.4682646347,-0.18269947070397255,-1302247.9033330348,-6.117661274029685,-0.16115421183004616,-1148677.2986277852,-6.93555237569675
12,case_0012_steps_0250_mesh_21x1,83,250,21,1,0.41,1435509.27507258,31339.552853961,7483189.50816247,-1873122.54641635,-126282129.844649,1751317.41552515,7483189.50816247,-1435509.27507258,31339.552853961,1.049857526220309,-0.201395436364417,0.004396797033700856,-0.7463323155480868,-5.212916167179844,0.018096552153157742,128988.86355938508,0.03964181102708413,282559.4682646347,-0.18329888421125926,-1306520.411513195,-5.72757183295402,-0.16175362533733287,-1152949.8068079452,-6.490472927768135
12,case_0012_steps_0250_mesh_21x1,84,250,21,1,0.415,1426842.93699223,92631.0017807155,5170292.17962763,-6348840.10706318,-100921760.77307,2447342.25643786,5170292.17962763,-1426842.93699223,92631.0017807155,0.7253685279010071,-0.20017958846313097,0.012995709152458844,-0.5964515446454279,-3.6235888657279633,0.018096552153157742,128988.86355938508,0.03964181102708413,282559.4682646347,-0.18208303630997322,-1297854.0734328448,-3.9837238141512508,-0.16053777743604683,-1144283.4687275952,-4.518366576925927
12,case_0012_steps_0250_mesh_21x1,85,250,21,1,0.42,1452496.06905123,19626.6324652468,7005572.78877852,-3344114.00359336,-135993104.737984,1227620.71875357,7005572.78877852,-1452496.06905123,19626.6324652468,0.982850068110776,-0.20377860646660234,0.0027535274611879897,-0.8037245561389604,-4.823126849048588,0.018096552153157742,128988.86355938508,0.03964181102708413,282559.4682646347,-0.1856820543134446,-1323507.205491845,-5.293188249908388,-0.1641367954395182,-1169936.6007865954,-5.987993523810087
12,case_0012_steps_0250_mesh_21x1,86,250,21,1,0.425,1446391.92579063,47294.0662539606,478361.687948511,-6114820.54633439,-36514389.4600328,2400779.00804046,478361.687948511,-1446391.92579063,47294.0662539606,0.0671119738181688,-0.2029222228702391,0.006635142855613013,-0.2158014666846046,-0.3307275707357311,0.018096552153157742,128988.86355938508,0.03964181102708413,282559.4682646347,-0.18482567071708134,-1317403.062231245,-0.3631095916372963,-0.16328041184315495,-1163832.4575259953,-0.41102281076211206
12,case_0012_steps_0250_mesh_21x1,87,250,21,1,0.43,1532769.85629446,-34924.8942485849,4297098.68600664,3349474.85047367,-98808474.4469996,1148270.08973402,4297098.68600664,-1532769.85629446,-34924.8942485849,0.6028634436552244,-0.21504065450154605,-0.004899804159620805,-0.5839619399872511,-2.8034859038753996,0.018096552153157742,128988.86355938508,0.03964181102708413,282559.4682646347,-0.1969441023483883,-1403780.9927350748,-3.061089093131495,-0.1753988434744619,-1250210.3880298252,-3.4371004489718957
12,case_0012_steps_0250_mesh_21x1,88,250,21,1,0.435,1618632.08569837,-37092.5008823599,-3847274.17719677,6287140.43416954,26981827.7483071,1385696.112272,-3847274.17719677,-1618632.08569837,-37092.5008823599,-0.5397551065568151,-0.2270867356089968,-0.005203909532853903,0.1594636549596249,2.376867610119589,0.018096552153157742,128988.86355938508,0.03964181102708413,282559.4682646347,-0.20899018345583906,-1489643.2221389848,2.5826816247130995,-0.18744492458191267,-1336072.6174337352,2.8795397248589913
12,case_0012_steps_0250_mesh_21x1,89,250,21,1,0.44,1635334.29623475,-45319.9872280918,4026862.6735866,-1835166.25735984,-70959589.8164107,1432008.21307095,4026862.6735866,-1635334.29623475,-45319.9872280918,0.5649505575542535,-0.2294299799457877,-0.00635818852746171,-0.4193739450164041,-2.4624094797364595,0.018096552153157742,128988.86355938508,0.03964181102708413,282559.4682646347,-0.21133342779262995,-1506345.432675365,-2.6732664276311686,-0.18978816891870356,-1352774.8279701152,-2.9767427589032276
12,case_0012_steps_0250_mesh_21x1,90,250,21,1,0.445,1947173.37806107,-7268.31071258956,2617982.48337754,3394481.26143447,-66261588.3762683,1389877.50069698,2617982.48337754,-1947173.37806107,-7268.31071258956,0.3672910609425089,-0.2731795878727135,-0.0010197110064092973,-0.3916085731654296,-1.3445040451325598,0.018096552153157742,128988.86355938508,0.03964181102708413,282559.4682646347,-0.25508303571955576,-1818184.514501685,-1.4398882305380638,-0.23353777684562937,-1664613.9097964354,-1.572726545158866
12,case_0012_steps_0250_mesh_21x1,91,250,21,1,0.45,1894010.35583907,-3901.95465935313,-4115625.28215974,-5855109.39035195,39358649.2612123,2078972.88041511,-4115625.28215974,-1894010.35583907,-3901.95465935313,-0.5774035486960402,-0.26572105713050737,-0.0005474265300409581,0.2326111531069514,2.17296873244205,0.018096552153157742,128988.86355938508,0.03964181102708413,282559.4682646347,-0.2476245049773496,-1765021.4922796849,2.3317706329139583,-0.22607924610342323,-1611450.8875744352,2.5539874121479444
12,case_0012_steps_0250_mesh_21x1,92,250,21,1,0.455,1936509.31288187,-72119.0487181415,-3039047.26851278,6105620.99294258,26508362.8229796,1750379.51357198,-3039047.26851278,-1936509.31288187,-72119.0487181415,-0.42636453933275725,-0.27168346792596154,-0.010117975229412846,0.1566654587739478,1.569342965869933,0.018096552153157742,128988.86355938508,0.03964181102708413,282559.4682646347,-0.2535869157728038,-1807520.449322485,1.6813349302089,-0.2320416568988774,-1653949.8446172352,1.837448262656411
12,case_0012_steps_0250_mesh_21x1,93,250,21,1,0.46,2061533.78068697,24889.7478913208,896215.538461849,-1967997.08448417,-30828127.2050149,3954103.83072827,896215.538461849,-2061533.78068697,24889.7478913208,0.125734972653499,-0.2892238333468426,0.0034919186692955622,-0.1821954348507899,-0.4347324049976037,0.018096552153157742,128988.86355938508,0.03964181102708413,282559.4682646347,-0.27112728119368484,-1932544.917127585,-0.463748878755133,-0.24958202231975846,-1778974.3124223354,-0.5037821694240877
12,case_0012_steps_0250_mesh_21x1,94,250,21,1,0.465,2234333.2142076,-64038.7249596082,-735669.869115883,10306062.6652771,-7881755.66877499,2913744.44431542,-735669.869115883,-2234333.2142076,-64038.7249596082,-0.10321114386617652,-0.3134668096352764,-0.008984342477904987,-0.04658148358835552,0.32925700805857033,0.018096552153157742,128988.86355938508,0.03964181102708413,282559.4682646347,-0.29537025748211865,-2105344.3506482146,0.3494297115288421,-0.27382499860819226,-1951773.7459429651,0.3769237446938078
12,case_0012_steps_0250_mesh_21x1,95,250,21,1,0.47,2268633.68961205,-95906.982702982,1960056.93877483,13977914.2641334,-42659281.9815738,2133053.03797445,1960056.93877483,-2268633.68961205,-95906.982702982,0.2749870929699857,-0.3182790106649332,-0.013455314408111414,-0.25211802129163907,-0.8639812358204075,0.018096552153157742,128988.86355938508,0.03964181102708413,282559.4682646347,-0.30018245851177544,-2139644.826052665,-0.916066496134712,-0.27863719963784905,-1986074.2213474154,-0.9869001458792741
12,case_0012_steps_0250_mesh_21x1,96,250,21,1,0.475,2074043.74889692,49045.2060974489,946822.243056369,-7158285.69141748,-24472622.6977213,4660953.61795093,946822.243056369,-2074043.74889692,49045.2060974489,0.13283486363418473,-0.29097892511134577,0.0068808198282655315,-0.14463415518881462,-0.45651025614090174,0.018096552153157742,128988.86355938508,0.03964181102708413,282559.4682646347,-0.272882372958188,-1945054.8853375348,-0.4867843319969155,-0.2513371140842616,-1791484.2806322852,-0.5285127272912483
12,case_0012_steps_0250_mesh_21x1,97,250,21,1,0.48,1897246.82869855,3970.37490772096,-1700588.96996363,315278.741649786,14826417.5136822,3954411.62192071,-1700588.96996363,-1897246.82869855,3970.37490772096,-0.23858491451754865,-0.2661751195842547,0.0005570255803678913,0.08762470610752074,0.8963456648021803,0.018096552153157742,128988.86355938508,0.03964181102708413,282559.4682646347,-0.24807856743109696,-1768257.9651391648,0.9617312651719292,-0.22653330855717058,-1614687.3604339152,1.0532001498461165
12,case_0012_steps_0250_mesh_21x1,98,250,21,1,0.485,1858272.00579474,-9374.69509149308,642516.385029313,1405300.2934681,-16708519.7448335,3799218.03783768,642516.385029313,-1858272.00579474,-9374.69509149308,0.09014213281744471,-0.26070712881453867,-0.0013152271751355616,-0.09874800374275532,-0.3457601379269143,0.018096552153157742,128988.86355938508,0.03964181102708413,282559.4682646347,-0.24261057666138092,-1729283.142235355,-0.37155071331972006,-0.22106531778745453,-1575712.5375301053,-0.40776243745349855
12,case_0012_steps_0250_mesh_21x1,99,250,21,1,0.49,1825994.07721742,-31659.5386351667,3536814.45309555,5573898.75746004,-58590128.5325229,2598190.86447646,3536814.45309555,-1825994.07721742,-31659.5386351667,0.4961990162586314,-0.2561786819255834,-0.004441689586577655,-0.3462699461098037,-1.9369254792355077,0.018096552153157742,128988.86355938508,0.03964181102708413,282559.4682646347,-0.23808212977242565,-1697005.213658035,-2.084150611106052,-0.21653687089849927,-1543434.6089527854,-2.2915220590364145
12,case_0012_steps_0250_mesh_21x1,100,250,21,1,0.495,1817974.55938823,-20769.137754887,1265008.16829387,4617786.71870088,-29374832.5768659,2660616.34318139,1265008.16829387,-1817974.55938823,-20769.137754887,0.17747490488712775,-0.2550535799700002,-0.0029138157681681794,-0.17360640688353632,-0.695833812283688,0.018096552153157742,128988.86355938508,0.03964181102708413,282559.4682646347,-0.23695702781684247,-1688985.695828845,-0.7489750632098076,-0.21541176894291608,-1535415.0911235954,-0.8238867623530747
12,case_0012_steps_0250_mesh_21x1,101,250,21,1,0.5,1750900.60350557,5885.13773965813,1109742.99782912,2106345.86173415,-25132399.7479098,2819636.3075348,1109742.99782912,-1750900.60350557,5885.13773965813,0.155691906127776,-0.24564340836871051,0.000825658115711737,-0.1485334633032599,-0.6338126765204405,0.018096552153157742,128988.86355938508,0.03964181102708413,282559.4682646347,-0.22754685621555276,-1621911.739946185,-0.6842191042195312,-0.20600159734162637,-1468341.1352409353,-0.7557800916930831
12,case_0012_steps_0250_mesh_21x1,102,250,21,1,0.505,1700947.79635961,-15150.4177824562,384880.411199509,1674590.73711718,-12632071.8910337,2645126.21530287,384880.411199509,-1700947.79635961,-15150.4177824562,0.053996974946554956,-0.2386352562324037,-0.0021255348560856343,-0.07465603784322429,-0.2262740879074801,0.018096552153157742,128988.86355938508,0.03964181102708413,282559.4682646347,-0.22053870407924595,-1571958.932800225,-0.2448412634507559,-0.19899344520531956,-1418388.3280949753,-0.27135052057037046
12,case_0012_steps_0250_mesh_21x1,103,250,21,1,0.51,1683708.75308591,-14134.7245969013,-185332.642672793,2301006.99158661,-5330746.93376896,2814598.89694164,-185332.642672793,-1683708.75308591,-14134.7245969013,-0.026001328651652597,-0.23621669669893336,-0.0019830377117834135,-0.03150492241123089,0.1100740507128174,0.018096552153157742,128988.86355938508,0.03964181102708413,282559.4682646347,-0.2181201445457756,-1554719.889526525,0.11920645250716788,-0.19657488567184922,-1401149.2848212754,0.13227187472492144
12,case_0012_steps_0250_mesh_21x1,104,250,21,1,0.515,1668714.02983337,-7837.78480459152,308395.996761211,793617.07934328,-10833544.2498573,3202320.97374356,308395.996761211,-1668714.02983337,-7837.78480459152,0.04326655871841939,-0.2341130050787895,-0.001099605637010807,-0.06402666929624379,-0.18481057344019935,0.018096552153157742,128988.86355938508,0.03964181102708413,282559.4682646347,-0.21601645292563174,-1539725.1662739848,-0.20029288571512108,-0.19447119405170535,-1386154.5615687352,-0.22248312368008508
12,case_0012_steps_0250_mesh_21x1,105,250,21,1,0.52,1661404.59475552,-10622.7181697977,1104455.92211681,2076822.09707057,-22542316.8006781,3114318.12685121,1104455.92211681,-1661404.59475552,-10622.7181697977,0.1549501534002511,-0.23308752451057338,-0.0014903191489824834,-0.13322597200700853,-0.6647724013784454,0.018096552153157742,128988.86355938508,0.03964181102708413,282559.4682646347,-0.21499097235741563,-1532415.731196135,-0.7207286506088796,-0.19344571348348924,-1378845.1264908854,-0.8010007076919605
12,case_0012_steps_0250_mesh_21x1,106,250,21,1,0.525,1633475.36935419,-10001.4488533293,2382656.45994743,1923536.9675325,-40852925.0407961,2982318.21706056,2382656.45994743,-1633475.36935419,-10001.4488533293,0.33427588786101575,-0.2291691809410157,-0.0014031578834562469,-0.24144238127847611,-1.4586424164384162,0.018096552153157742,128988.86355938508,0.03964181102708413,282559.4682646347,-0.21107262878785796,-1504486.505794805,-1.58370078479946,-0.18952736991393157,-1350915.9010895554,-1.7637341140375535
12,case_0012_steps_0250_mesh_21x1,107,250,21,1,0.53,1609584.20153497,-14755.243222339,1184416.99100987,991619.382051963,-24740948.7634674,3116034.3057605,1184416.99100987,-1609584.20153497,-14755.243222339,0.1661683284699098,-0.22581735852387105,-0.002070093658764986,-0.14621997270881176,-0.735852768609656,0.018096552153157742,128988.86355938508,0.03964181102708413,282559.4682646347,-0.2077208063707133,-1480595.337975585,-0.7999599624765272,-0.18617554749678691,-1327024.7332703352,-0.8925357314863145
12,case_0012_steps_0250_mesh_21x1,108,250,21,1,0.535,1595418.66086294,5877.97332888233,2119974.7440913,-1172606.31974888,-38942912.1847881,3473966.03096883,2119974.7440913,-1595418.66086294,5877.97332888233,0.29742283528347363,-0.22382999745660304,0.0008246529813949188,-0.23015413076112495,-1.3287889856726602,0.018096552153157742,128988.86355938508,0.03964181102708413,282559.4682646347,-0.20573344530344528,-1466429.7973035548,-1.4456708040094874,-0.1841881864295189,-1312859.1925983052,-1.6147769357470976
12,case_0012_steps_0250_mesh_21x1,109,250,21,1,0.54,1572031.68438144,5190.21134105514,2250314.00865827,-852879.439737905,-42160426.8861482,3261421.6136804,2250314.00865827,-1572031.68438144,5190.21134105514,0.3157088425693234,-0.220548910795914,0.0007281630958479846,-0.2491697682098296,-1.4314686090717816,0.018096552153157742,128988.86355938508,0.03964181102708413,282559.4682646347,-0.20245235864275624,-1443042.820822055,-1.5594228918143527,-0.18090709976882985,-1289472.2161168053,-1.7451434629859661
12,case_0012_steps_0250_mesh_21x1,110,250,21,1,0.545,1553957.99494839,13507.5477958924,2460436.66704126,-1342487.96541071,-45943600.156149,3196075.25211193,2460436.66704126,-1553957.99494839,13507.5477958924,0.34518809791788535,-0.21801325419425252,0.001895047652986726,-0.27152846987405377,-1.5833353765286144,0.018096552153157742,128988.86355938508,0.03964181102708413,282559.4682646347,-0.19991670204109477,-1424969.1313890049,-1.726659625702152,-0.17837144316716838,-1271398.5266837552,-1.935220637276437
12,case_0012_steps_0250_mesh_21x1,111,250,21,1,0.55,1519991.44339745,22924.1721481695,3887390.22102413,-3609153.70996659,-67511405.5366349,3038952.22262085,3887390.22102413,-1519991.44339745,22924.1721481695,0.545383205442778,-0.21324790116576015,0.0032161573131181493,-0.39899504135737124,-2.557507963554798,0.018096552153157742,128988.86355938508,0.03964181102708413,282559.4682646347,-0.1951513490126024,-1391002.579838065,-2.7946678729213317,-0.173606090138676,-1237431.9751328153,-3.141498117993024
12,case_0012_steps_0250_mesh_21x1,112,250,21,1,0.555,1470687.25662,1647.22641824426,256478.123805972,207575.360799798,-17812938.9741658,2422501.42418641,256478.123805972,-1470687.25662,1647.22641824426,0.035982716767343124,-0.20633074752345068,0.00023109839069240798,-0.10527516448812295,-0.17439338149663555,0.018096552153157742,128988.86355938508,0.03964181102708413,282559.4682646347,-0.18823419537029293,-1341698.3930606148,-0.1911592986415576,-0.16668893649636654,-1188127.7883553652,-0.21586745661507936
12,case_0012_steps_0250_mesh_21x1,113,250,21,1,0.56,1557268.53238879,11032.0690572959,465461.461696421,-517490.346715591,-19876887.5123482,2771154.48074054,465461.461696421,-1557268.53238879,11032.0690572959,0.06530213062150397,-0.2184777075725676,0.001547749220696714,-0.11747318089447223,-0.29889608119315236,0.018096552153157742,128988.86355938508,0.03964181102708413,282559.4682646347,-0.20038115541940985,-1428279.668829405,-0.3258895802093898,-0.17883589654548346,-1274709.0641241553,-0.3651511351072385
12,case_0012_steps_0250_mesh_21x1,114,250,21,1,0.565,1617542.83439809,-20258.9154592115,-183822.438060642,3878128.10974596,-10497010.7635027,2361880.1763759,-183822.438060642,-1617542.83439809,-20258.9154592115,-0.025789453798494066,-0.22693391859503548,-0.002842233895682384,-0.06203774325865256,0.11364301096177454,0.018096552153157742,128988.86355938508,0.03964181102708413,282559.4682646347,-0.20883736644187773,-1488553.9708387048,0.12349061012350786,-0.18729210756795134,-1334983.3661334552,0.13769642583117075
12,case_0012_steps_0250_mesh_21x1,115,250,21,1,0.57,1656324.31728368,14821.4520382365,1230488.26069935,-1915980.83633068,-29987162.5239023,3331943.92747288,1230488.26069935,-1656324.31728368,14821.4520382365,0.17263191851707715,-0.23237478463765138,0.002079382455152717,-0.17722530076672718,-0.7429029736865255,0.018096552153157742,128988.86355938508,0.03964181102708413,282559.4682646347,-0.21427823248449362,-1527335.453724295,-0.8056437488561501,-0.19273297361056724,-1373764.8490190452,-0.8957051576752718
12,case_0012_steps_0250_mesh_21x1,116,250,21,1,0.575,1651674.37285447,-13550.1598970529,1198872.97901389,1642871.92786427,-28107511.8107488,2840267.92936896,1198872.97901389,-1651674.37285447,-13550.1598970529,0.16819643797968722,-0.23172241853758305,-0.001901025937388399,-0.1661164916985302,-0.7258531092554061,0.018096552153157742,128988.86355938508,0.03964181102708413,282559.4682646347,-0.2136258663844253,-1522685.509295085,-0.7873411625023599,-0.1920806075104989,-1369114.9045898353,-0.875655487347903
12,case_0012_steps_0250_mesh_21x1,117,250,21,1,0.58,1693216.67490756,23531.7700046826,1076953.43054983,-2452408.79318643,-26926592.2561246,3544530.80586542,1076953.43054983,-1693216.67490756,23531.7700046826,0.15109167865096007,-0.23755061497967253,0.0033014005348593347,-0.15913721104525858,-0.6360399389573844,0.018096552153157742,128988.86355938508,0.03964181102708413,282559.4682646347,-0.21945406282651478,-1564227.811348175,-0.6884888650724261,-0.1979088039525884,-1410657.2066429253,-0.7634409163887222
12,case_0012_steps_0250_mesh_21x1,118,250,21,1,0.585,1630256.35035479,-2617.32059208604,-632959.815361966,-1645912.77077793,328049.756326177,3314887.77711446,-632959.815361966,-1630256.35035479,-2617.32059208604,-0.08880138946473806,-0.2287175671846248,-0.0003671982005982449,0.0019387868620452772,0.38825784375826294,0.018096552153157742,128988.86355938508,0.03964181102708413,282559.4682646347,-0.21062101503146705,-1501267.486795405,0.4216169476320823,-0.18907575615754066,-1347696.8820901553,0.4696603693111636
12,case_0012_steps_0250_mesh_21x1,119,250,21,1,0.59,1672851.52032248,-17250.1762299193,-5332038.75971161,971816.984347762,65293649.5270393,3328761.23677661,-5332038.75971161,-1672851.52032248,-17250.1762299193,-0.7480608390146489,-0.2346934762167874,-0.0024201214367019948,0.3858880167926259,3.187395112438753,0.018096552153157742,128988.86355938508,0.03964181102708413,282559.4682646347,-0.21659692406362965,-1543862.656763095,3.453700195644935,-0.19505166518970327,-1390292.0520578453,3.8351932975660588
12,case_0012_steps_0250_mesh_21x1,120,250,21,1,0.595,1691876.38947868,13018.5155004876,369907.015872332,-3401716.33779648,-8387421.08829444,4000764.20823327,369907.015872332,-1691876.38947868,13018.5155004876,0.05189627553754468,-0.23736257901676416,0.0018264386413700212,-0.04956998595133286,-0.21863714049837404,0.018096552153157742,128988.86355938508,0.03964181102708413,282559.4682646347,-0.2192660268636064,-1562887.525919295,-0.23668178914842358,-0.19772076798968002,-1409316.9212140453,-0.262472556955946
12,case_0012_steps_0250_mesh_21x1,121,250,21,1,0.6,1659867.63822559,-28676.0311349747,-5277.64179421014,2629646.73151306,-2911174.41494979,3141558.48960886,-5277.64179421014,-1659867.63822559,-28676.0311349747,-0.0007404291916304724,-0.2328718964847616,-0.004023117024678117,-0.017205154401075288,0.003179555810758486,0.018096552153157742,128988.86355938508,0.03964181102708413,282559.4682646347,-0.21477534433160383,-1530878.774666205,0.0034474589899261515,-0.19323008545767745,-1377308.1699609554,0.0038318525289512753
12,case_0012_steps_0250_mesh_21x1,122,250,21,1,0.605,1573497.66536134,-52442.722037245,2199880.06804996,4470256.29904884,-31981795.6716416,2681367.8876913,2199880.06804996,-1573497.66536134,-52442.722037245,0.30863318959182934,-0.22075458127417263,-0.007357475895301882,-0.18901366051052126,-1.3980828294046288,0.018096552153157742,128988.86355938508,0.03964181102708413,282559.4682646347,-0.20265802912101488,-1444508.8018019549,-1.5229260391530435,-0.1811127702470885,-1290938.1970967052,-1.7040940247933225
12,case_0012_steps_0250_mesh_21x1,123,250,21,1,0.61,1539731.40725829,-35014.5466658471,1655264.080245,3203498.29099064,-25138035.678816,2959059.3659398,1655264.080245,-1539731.40725829,-35014.5466658471,0.23222603819291396,-0.21601732850740563,-0.004912381986883351,-0.148566771874858,-1.0750343030232996,0.018096552153157742,128988.86355938508,0.03964181102708413,282559.4682646347,-0.19792077635424787,-1410742.543698905,-1.1733282501745288,-0.1763755174803215,-1257171.9389936554,-1.3166568779525978
12,case_0012_steps_0250_mesh_21x1,124,250,21,1,0.615,1453776.65069748,-48331.8458463886,1140529.3531079,6180873.86457132,-19852409.7180439,2559698.56196416,1140529.3531079,-1453776.65069748,-48331.8458463886,0.16001109205231584,-0.20395826625976787,-0.006780738622562381,-0.11732851617488671,-0.784528594925986,0.018096552153157742,128988.86355938508,0.03964181102708413,282559.4682646347,-0.18586171410661012,-1324787.787138095,-0.8609147549372841,-0.16431645523268373,-1171217.1824328452,-0.9737983443333705
12,case_0012_steps_0250_mesh_21x1,125,250,21,1,0.62,1420298.32268689,-9244.81116318384,1620340.90738375,1906160.14676188,-27453794.8074996,3256189.63198317,1620340.90738375,-1420298.32268689,-9244.81116318384,0.22732647553612387,-0.19926140877822845,-0.0012970050494601692,-0.16225299869798981,-1.1408454699280528,0.018096552153157742,128988.86355938508,0.03964181102708413,282559.4682646347,-0.1811648566250707,-1291309.4591275048,-1.2548044900705373,-0.15961959775114432,-1137738.8544222552,-1.424176471679488
12,case_0012_steps_0250_mesh_21x1,126,250,21,1,0.625,1329508.56534287,-66029.1397429284,1764608.14367641,7888459.93127281,-27839208.2037154,2050399.83904327,1764608.14367641,-1329508.56534287,-66029.1397429284,0.2475665140442552,-0.18652401786391762,-0.009263588638688373,-0.1645308069104016,-1.3272634638659369,0.018096552153157742,128988.86355938508,0.03964181102708413,282559.4682646347,-0.16842746571075987,-1200519.701783485,-1.4698702079232173,-0.14688220683683348,-1046949.0970782354,-1.6854765418882118
12,case_0012_steps_0250_mesh_21x1,127,250,21,1,0.63,1336538.09469093,13829.8042847924,4497742.18646901,1007523.57322726,-69635598.158751,2785389.06119996,4497742.18646901,-1336538.09469093,13829.8042847924,0.6310128161678192,-0.18751022892857094,0.0019402587758476349,-0.4115491026507969,-3.3652180991587057,0.018096552153157742,128988.86355938508,0.03964181102708413,282559.4682646347,-0.1694136767754132,-1207549.231131545,-3.7246863900152207,-0.1478684179014868,-1053978.6264262954,-4.267394113787123
12,case_0012_steps_0250_mesh_21x1,128,250,21,1,0.635,1324052.71926825,34853.6617514522,4522484.46037427,-785678.9613035,-72155788.8090731,2503285.0425027,4522484.46037427,-1324052.71926825,34853.6617514522,0.6344840449061677,-0.18575858742050957,0.004889810563555296,-0.42644352774476235,-3.4156377571382976,0.018096552153157742,128988.86355938508,0.03964181102708413,282559.4682646347,-0.16766203526735182,-1195063.855708865,-3.7843036075187038,-0.14611677639342543,-1041493.2510036153,-4.34230798520899
12,case_0012_steps_0250_mesh_21x1,129,250,21,1,0.64,1310393.92271193,23171.8770081427,3627517.16490105,-1332034.19169324,-63655408.9967235,2072115.28012293,3627517.16490105,-1310393.92271193,23171.8770081427,0.508924195078936,-0.1838423202528636,0.0032509091807864147,-0.3762059513260438,-2.7682646431950095,0.018096552153157742,128988.86355938508,0.03964181102708413,282559.4682646347,-0.16574576809970584,-1181405.059152545,-3.070510945249523,-0.14420050922577946,-1027834.4544472953,-3.5292815386809546
12,case_0012_steps_0250_mesh_21x1,130,250,21,1,0.645,1366359.85826161,78284.9162308718,-277999.493981952,-7159923.06228687,-12639798.7223888,3099754.34215674,-277999.493981952,-1366359.85826161,78284.9162308718,-0.039002067330252244,-0.19169408701417603,0.01098301845822007,-0.0747017037180729,0.2034599394157003,0.018096552153157742,128988.86355938508,0.03964181102708413,282559.4682646347,-0.17359753486101828,-1237370.9947022249,0.22466947679572286,-0.1520522759870919,-1083800.3899969752,0.2565043310076018
12,case_0012_steps_0250_mesh_21x1,131,250,21,1,0.65,1359986.67372064,20706.7495323458,-931496.456250388,-5619427.4682691,2674906.06859647,2758267.53719465,-931496.456250388,-1359986.67372064,20706.7495323458,-0.13068472529999492,-0.19079995814719625,0.0029050629836889215,0.01580879925374355,0.6849305763430813,0.018096552153157742,128988.86355938508,0.03964181102708413,282559.4682646347,-0.1727034059940385,-1230997.8101612548,0.7567003357450054,-0.1511581471201121,-1077427.2054560052,0.8645562795642846
12,case_0012_steps_0250_mesh_21x1,132,250,21,1,0.655,1367581.00588409,-13806.9539704451,-1183118.83785161,705225.317701744,4873858.48075305,2372981.3675129,-1183118.83785161,-1367581.00588409,-13806.9539704451,-0.16598620347335594,-0.19186540848354258,-0.0019370529804487817,0.028804693823812934,0.8651179219082294,0.018096552153157742,128988.86355938508,0.03964181102708413,282559.4682646347,-0.17376885633038483,-1238592.142324705,0.9552126139206911,-0.15222359745645844,-1085021.5376194553,1.0904104635999954
12,case_0012_steps_0250_mesh_21x1,133,250,21,1,0.66,1391286.22231535,-13051.3392808515,-1860668.4649679,1433016.35496038,17044259.8073144,2537855.76600624,-1860668.4649679,-1391286.22231535,-13051.3392808515,-0.26104334116042105,-0.19519114276487992,-0.001831043668787335,0.10073224061428958,1.3373728821028743,0.018096552153157742,128988.86355938508,0.03964181102708413,282559.4682646347,-0.17709459061172217,-1262297.358755965,1.474033397963891,-0.15554933173779578,-1108726.7540507154,1.6782029099324767
12,case_0012_steps_0250_mesh_21x1,134,250,21,1,0.665,1479507.7079101,-11916.7373341063,1621116.30765278,1893536.18533677,-31261217.5881042,2728205.2419197,1621116.30765278,-1479507.7079101,-11916.7373341063,0.2274352606747852,-0.2075682168086359,-0.0016718641649467111,-0.18475501591622076,-1.095713323415335,0.018096552153157742,128988.86355938508,0.03964181102708413,282559.4682646347,-0.18947166465547816,-1350518.844350715,-1.20036555908419,-0.16792640578155177,-1196948.2396454653,-1.354374611999056
12,case_0012_steps_0250_mesh_21x1,135,250,21,1,0.67,1477598.51855557,-37004.9406832042,4885026.29300954,5226803.97277572,-75109313.9758439,1697060.60837112,4885026.29300954,-1477598.51855557,-37004.9406832042,0.6853470186617668,-0.20730036620687756,-0.0051916252342963575,-0.4438989767418399,-3.306057925521548,0.018096552153157742,128988.86355938508,0.03964181102708413,282559.4682646347,-0.1892038140537198,-1348609.6549961849,-3.622268515513008,-0.16765855517979342,-1195039.0502909352,-4.087754531385621
12,case_0012_steps_0250_mesh_21x1,136,250,21,1,0.675,1377193.59192456,-40970.7627770965,-593883.660985698,4573852.7468093,-36764.9696357272,1562762.60906049,-593883.660985698,-1377193.59192456,-40970.7627770965,-0.08331918234931979,-0.19321401067917318,-0.00574801207554662,-0.00021728240530186193,0.431227435611122,0.018096552153157742,128988.86355938508,0.03964181102708413,282559.4682646347,-0.17511745852601543,-1248204.728365175,0.47579026700494226,-0.15357219965208904,-1094634.1236599253,0.5425407888802509
12,case_0012_steps_0250_mesh_21x1,137,250,21,1,0.68,1417697.30439931,-17155.2839592969,-2078308.39344041,3994106.47436919,19528132.2365502,2394292.53152756,-2078308.39344041,-1417697.30439931,-17155.2839592969,-0.29157723538609615,-0.19889649771696588,-0.0024068084817936105,0.11541202360431459,1.465974709122415,0.018096552153157742,128988.86355938508,0.03964181102708413,282559.4682646347,-0.18079994556380813,-1288708.4408399248,1.6127064334938768,-0.15925468668988174,-1135137.8361346752,1.830886371048454
12,case_0012_steps_0250_mesh_21x1,138,250,21,1,0.685,1560299.21196362,-38669.1558563434,1066820.45671516,6560705.32697107,-23724661.8617782,2518112.16535449,1066820.45671516,-1560299.21196362,-38669.1558563434,0.1496700684095359,-0.21890289816245267,-0.0054251070701986075,-0.1402136774591832,-0.6837281263332677,0.018096552153157742,128988.86355938508,0.03964181102708413,282559.4682646347,-0.20080634600929492,-1431310.348404235,-0.745345310962473,-0.17926108713536854,-1277739.7436989853,-0.8349278184200284
12,case_0012_steps_0250_mesh_21x1,139,250,21,1,0.69,1462047.12889475,6592.94307488907,3591370.45279298,-1238017.46191995,-54827396.4040541,2921218.9755447,3591370.45279298,-1462047.12889475,6592.94307488907,0.5038529754187387,-0.20511857681603188,0.0009249599919345084,-0.3240320523897502,-2.4563985536553217,0.018096552153157742,128988.86355938508,0.03964181102708413,282559.4682646347,-0.18702202466287413,-1333058.265335365,-2.694083631737941,-0.16547676578894774,-1179487.6606301153,-3.0448563157281097
12,case_0012_steps_0250_mesh_21x1,140,250,21,1,0.695,1353711.05356333,-31078.025358979,1170133.59690877,3925510.49600494,-24446780.6216856,1927934.43676802,1170133.59690877,-1353711.05356333,-31078.025358979,0.16416443310141032,-0.18991951712045693,-0.004360105913073628,-0.14448142751095538,-0.8643894824000034,0.018096552153157742,128988.86355938508,0.03964181102708413,282559.4682646347,-0.17182296496729918,-1224722.190003945,-0.9554277749348208,-0.1502777060933728,-1071151.5852986954,-1.0924070999553934
12,case_0012_steps_0250_mesh_21x1,141,250,21,1,0.7,1326277.0864409,-36055.590191373,805438.861395663,4189534.19032311,-22726800.4400635,1951883.08612327,805438.861395663,-1326277.0864409,-36055.590191373,0.11299941684280462,-0.1860706560397443,-0.005058435668833291,-0.13431627751525918,-0.6072930533370516,0.018096552153157742,128988.86355938508,0.03964181102708413,282559.4682646347,-0.16797410388658654,-1197288.222881515,-0.6727192717700107,-0.14642884501266015,-1043717.6181762654,-0.7717018927045061
12,case_0012_steps_0250_mesh_21x1,142,250,21,1,0.705,1268061.9970252,22298.8968299257,6871380.42996192,-727899.966888143,-108017820.541129,1858044.61471543,6871380.42996192,-1268061.9970252,22298.8968299257,0.9640234891886208,-0.17790334319860943,0.003128434023723699,-0.6383895347987315,-5.418804795098174,0.018096552153157742,128988.86355938508,0.03964181102708413,282559.4682646347,-0.15980679104545167,-1139073.1334658149,-6.0324313058412935,-0.1382615321715253,-985502.5287605652,-6.9724635193009945
12,case_0012_steps_0250_mesh_21x1,143,250,21,1,0.71,1161913.69780641,46285.5671312296,5771629.55559126,-5029388.09043479,-94927708.4666099,1956457.13130024,5771629.55559126,-1161913.69780641,46285.5671312296,0.8097334326337234,-0.16301121856261358,0.006493655005675386,-0.5610264615960683,-4.967347890370502,0.018096552153157742,128988.86355938508,0.03964181102708413,282559.4682646347,-0.14491466640945583,-1032924.834247025,-5.587656879020269,-0.12336940753552944,-879354.2295417753,-6.563486433219081
12,case_0012_steps_0250_mesh_21x1,144,250,21,1,0.715,1075083.27804494,6208.56568530155,5183044.85329283,-1568597.39995739,-89703043.7013859,869262.84964504,5183044.85329283,-1075083.27804494,6208.56568530155,0.7271576701393854,-0.150829304742041,0.0008710335886371976,-0.5301484889407999,-4.821063594922896,0.018096552153157742,128988.86355938508,0.03964181102708413,282559.4682646347,-0.13273275258888326,-946094.4144855549,-5.478359003008325,-0.11118749371495687,-792523.8097803053,-6.539923203985023
12,case_0012_steps_0250_mesh_21x1,145,250,21,1,0.72,1034143.19501466,-66477.5746445231,1697396.86395997,7115133.85188152,-42732190.6020405,-513408.935583804,1697396.86395997,-1034143.19501466,-66477.5746445231,0.2381370765323179,-0.14508559689573552,-0.009326502020201102,-0.2525489140838597,-1.6413557350110568,0.018096552153157742,128988.86355938508,0.03964181102708413,282559.4682646347,-0.12698904474257777,-905154.331455275,-1.8752568539676053,-0.10544378586865139,-751583.7267500253,-2.2584268439389983
12,case_0012_steps_0250_mesh_21x1,146,250,21,1,0.725,1071940.27523754,43636.2733800104,4146938.77608995,-4421526.50175418,-80696500.0223646,1085332.43390566,4146938.77608995,-1071940.27523754,43636.2733800104,0.5817966897810048,-0.15038835571239514,0.0061219711159580335,-0.4769194643169823,-3.868628571839971,0.018096552153157742,128988.86355938508,0.03964181102708413,282559.4682646347,-0.1322918035592374,-942951.411678155,-4.397828694810173,-0.110746544685311,-789380.8069729053,-5.253407150843344
12,case_0012_steps_0250_mesh_21x1,147,250,21,1,0.73,1137490.79101122,3128.34048195683,4036269.32364008,-1665424.5013617,-80829245.8210097,843915.986855994,4036269.32364008,-1137490.79101122,3128.34048195683,0.5662702678655311,-0.15958479558038932,0.00043889197192983074,-0.47770399716738604,-3.548397363333262,0.018096552153157742,128988.86355938508,0.03964181102708413,282559.4682646347,-0.14148824342723157,-1008501.927451835,-4.002242547853582,-0.11994298455330518,-854931.3227465854,-4.721162058576829
12,case_0012_steps_0250_mesh_21x1,148,250,21,1,0.735,1238041.12918539,37861.3186941419,2780841.60879955,-3106257.61685942,-57602916.7634675,1802711.43269809,2780841.60879955,-1238041.12918539,37861.3186941419,0.3901394571178905,-0.17369155168766198,0.005311771182637213,-0.34043548602869933,-2.24616254116638,0.018096552153157742,128988.86355938508,0.03964181102708413,282559.4682646347,-0.15559499953450423,-1109052.265626005,-2.507403568784834,-0.13404974066057784,-955481.6609207552,-2.9104081454789794
12,case_0012_steps_0250_mesh_21x1,149,250,21,1,0.74,1258383.28410541,-59096.1655114471,-829894.08398185,6051003.61318809,-4668917.96114961,95438.0649123518,-829894.08398185,-1258383.28410541,-59096.1655114471,-0.11643037358384348,-0.1765454637019211,-0.008290923818684449,-0.027593487355142932,0.6594922981449369,0.018096552153157742,128988.86355938508,0.03964181102708413,282559.4682646347,-0.15844891154876334,-1129394.420546025,0.7348133379130946,-0.13690365267483695,-975823.8158407754,0.8504548367338304
12,case_0012_steps_0250_mesh_21x1,150,250,21,1,0.745,1447875.64103143,75428.3763995819,7497622.72501054,-4590250.69930402,-138619341.596989,2031526.15727815,7497622.72501054,-1447875.64103143,75428.3763995819,1.0518824410402514,-0.20313038138481668,0.01058225888403628,-0.8192457184647002,-5.178360981105686,0.018096552153157742,128988.86355938508,0.03964181102708413,282559.4682646347,-0.18503382923165893,-1318886.777472045,-5.684811503972682,-0.16348857035773254,-1165316.1727667954,-6.433981523837458
12,case_0012_steps_0250_mesh_21x1,151,250,21,1,0.75,1535571.97056953,67480.9660265468,7381415.85415361,-9854034.65646442,-145245288.781819,2411800.57225205,7381415.85415361,-1535571.97056953,67480.9660265468,1.0355791444533369,-0.21543377841719766,0.00946727327729851,-0.858405324904954,-4.806948808407793,0.018096552153157742,128988.86355938508,0.03964181102708413,282559.4682646347,-0.1973372262640399,-1406583.107010145,-5.247763759827645,-0.17579196739011352,-1253012.5023048953,-5.890935517862448
12,case_0012_steps_0250_mesh_21x1,152,250,21,1,0.755,1489669.71742681,-37383.5971590754,302593.01854216,3432074.43546584,-33125752.7536281,1400101.07663115,302593.01854216,-1489669.71742681,-37383.5971590754,0.042452427210575315,-0.20899390062447448,-0.005244749019363115,-0.19577449150804183,-0.2031275892919713,0.018096552153157742,128988.86355938508,0.03964181102708413,282559.4682646347,-0.19089734847131673,-1360680.853867425,-0.22238353518542453,-0.16935208959739034,-1207110.2491621752,-0.250675544137068
12,case_0012_steps_0250_mesh_21x1,153,250,21,1,0.76,1492429.07678256,-108965.356523785,4841569.88747725,9599957.84030871,-108318981.883438,230070.329546288,4841569.88747725,-1492429.07678256,-108965.356523785,0.67925028218853,-0.20938102621898477,-0.015287344990928323,-0.6401694100846137,-3.244087081119396,0.018096552153157742,128988.86355938508,0.03964181102708413,282559.4682646347,-0.19128447406582702,-1363440.213223175,-3.5509953722369465,-0.16973921519190063,-1209869.6085179253,-4.001728660171993
12,case_0012_steps_0250_mesh_21x1,154,250,21,1,0.765,1461676.6255449,-78034.854732943,2836338.1643958,9269819.53816105,-72859998.1980211,1130996.53327507,2836338.1643958,-1461676.6255449,-78034.854732943,0.39792537200197486,-0.2050665968775437,-0.010947935964942021,-0.43060543271525037,-1.9404689893966376,0.018096552153157742,128988.86355938508,0.03964181102708413,282559.4682646347,-0.18697004472438594,-1332687.761985515,-2.1282840927195577,-0.16542478585045955,-1179117.1572802654,-2.405476119894699
12,case_0012_steps_0250_mesh_21x1,155,250,21,1,0.77,1391813.90358572,-50960.7886518584,3093394.95385399,6000313.33411453,-80755466.6782831,1769609.9642913,3093394.95385399,-1391813.90358572,-50960.7886518584,0.4339892729341028,-0.1952651740522794,-0.0071495673669520095,-0.4772679595546372,-2.222563624263631,0.018096552153157742,128988.86355938508,0.03964181102708413,282559.4682646347,-0.17716862189912164,-1262825.040026335,-2.449583161408868,-0.15562336302519525,-1109254.4353210854,-2.7887154248417083
12,case_0012_steps_0250_mesh_21x1,156,250,21,1,0.775,1307297.79516461,-28717.7057366662,1204946.61742565,6674029.81512669,-45183929.6246712,1827140.58332979,1204946.61742565,-1307297.79516461,-28717.7057366662,0.16904854188420168,-0.18340794760946783,-0.004028963782159046,-0.26703878738684084,-0.9217078326625094,0.018096552153157742,128988.86355938508,0.03964181102708413,282559.4682646347,-0.16531139545631007,-1178308.931605225,-1.0226067078895311,-0.14376613658238369,-1024738.3268999753,-1.175857861265752
12,case_0012_steps_0250_mesh_21x1,157,250,21,1,0.78,1214923.25240234,20774.0494861772,-81276.5001879895,1379117.10581132,-25002422.6695638,2331791.6329793,-81276.5001879895,-1214923.25240234,20774.0494861772,-0.01140272411037202,-0.17044821849338096,0.0029145048617767485,-0.14776529369787328,0.06689846459624231,0.018096552153157742,128988.86355938508,0.03964181102708413,282559.4682646347,-0.1523516663402232,-1085934.388842955,0.07484476136222949,-0.13080640746629682,-932363.7841377053,0.08717251953662904
12,case_0012_steps_0250_mesh_21x1,158,250,21,1,0.785,951775.532255466,-323106.923249473,-9014005.97825954,18101654.6186577,103083048.590884,-2516066.91274928,-9014005.97825954,-951775.532255466,-323106.923249473,-1.2646241295036267,-0.13352978762876558,-0.04533043494052083,0.6092248399930702,9.470726734168757,0.018096552153157742,128988.86355938508,0.03964181102708413,282559.4682646347,-0.11543323547560784,-822786.6686960809,10.955459441928697,-0.09388797660168144,-669216.0639908313,13.469500305334927
12,case_0012_steps_0250_mesh_21x1,159,250,21,1,0.79,1125019.91860505,270639.453423012,-3947719.8654391,-3778101.72248306,33798797.0828272,4352676.9704793,-3947719.8654391,-1125019.91860505,270639.453423012,-0.553847180753595,-0.1578351887797237,0.037969487042707535,0.19975220975919594,3.5090221960994348,0.018096552153157742,128988.86355938508,0.03964181102708413,282559.4682646347,-0.13973863662656594,-996031.055045665,3.963450582630789,-0.11819337775263955,-842460.4503404154,4.68594088166861
12,case_0012_steps_0250_mesh_21x1,160,250,21,1,0.795,1113990.45300261,-263946.746504068,1032771.54247144,14908014.1241644,-22188888.8744678,-2341130.12022007,1032771.54247144,-1113990.45300261,-263946.746504068,0.14489316026904206,-0.15628780481192772,-0.037030530636221255,-0.1311371991705638,-0.9270919150947341,0.018096552153157742,128988.86355938508,0.03964181102708413,282559.4682646347,-0.13819125265876997,-985001.589443225,-1.0484973359842162,-0.11664599378484358,-831430.9847379753,-1.2421614799416179
12,case_0012_steps_0250_mesh_21x1,161,250,21,1,0.8,1089952.78823811,-147023.729222107,5674800.67495121,15533259.6385023,-92464061.2897006,-713958.331875984,5674800.67495121,-1089952.78823811,-147023.729222107,0.7961487801289913,-0.15291542953822335,-0.020626761956040334,-0.5464662106365844,-5.206464661762486,0.018096552153157742,128988.86355938508,0.03964181102708413,282559.4682646347,-0.1348188773850656,-960963.924678725,-5.905321239658858,-0.1132736185111392,-807393.3199734753,-7.028545486526492
12,case_0012_steps_0250_mesh_21x1,162,250,21,1,0.805,1039169.70103904,-71959.6175213977,921179.926182823,7877807.21262185,-20469619.8868662,-244140.687417778,921179.926182823,-1039169.70103904,-71959.6175213977,0.12923736295214885,-0.14579079287861568,-0.010095607756073675,-0.12097625235928312,-0.8864576452351893,0.018096552153157742,128988.86355938508,0.03964181102708413,282559.4682646347,-0.12769424072545793,-910180.8374796549,-1.012084509198881,-0.10614898185153154,-756610.2327744053,-1.2175092092066466
12,case_0012_steps_0250_mesh_21x1,163,250,21,1,0.81,1088259.81207298,260328.681530759,5328734.44585803,-5525026.03609446,-93746908.0707939,4219445.76025711,5328734.44585803,-1088259.81207298,260328.681530759,0.7475972587773194,-0.15267791266567393,0.03652293254072477,-0.5540478851760033,-4.896564576530258,0.018096552153157742,128988.86355938508,0.03964181102708413,282559.4682646347,-0.13458136051251618,-959270.9485135949,-5.554983661409725,-0.11303610163858979,-805700.3438083453,-6.613791947351576
12,case_0012_steps_0250_mesh_21x1,164,250,21,1,0.815,1208489.10783181,211238.350799302,5599210.92548355,-12017101.1843093,-95230508.3362363,3407006.65302096,5599210.92548355,-1208489.10783181,211238.350799302,0.7855438813358806,-0.16954553721091545,0.02963578193110195,-0.5628160206423398,-4.633232429814182,0.018096552153157742,128988.86355938508,0.03964181102708413,282559.4682646347,-0.1514489850577577,-1079500.2442724248,-5.18685470910419,-0.1299037261838313,-925929.6395671752,-6.047123546126999
12,case_0012_steps_0250_mesh_21x1,165,250,21,1,0.82,1160546.50080043,-87675.2825983289,1296566.28994758,9309184.83696515,-39375291.4949104,-1189605.56474548,1296566.28994758,-1160546.50080043,-87675.2825983289,0.18190236613147878,-0.16281940702757383,-0.012300444242250722,-0.23270950935757115,-1.1172032219763164,0.018096552153157742,128988.86355938508,0.03964181102708413,282559.4682646347,-0.14472285487441608,-1031557.637241045,-1.2569014499425497,-0.12317759600048969,-877987.0325357954,-1.476748792294628
12,case_0012_steps_0250_mesh_21x1,166,250,21,1,0.825,1242442.4927248,-57109.2902420137,7098597.91521024,6221688.76297648,-122824026.503397,-1259174.79635562,7098597.91521024,-1242442.4927248,-57109.2902420137,0.9959010711630718,-0.17430904301705313,-0.00801217423563562,-0.7258947898486376,-5.713421713098614,0.018096552153157742,128988.86355938508,0.03964181102708413,282559.4682646347,-0.15621249086389538,-1113453.629165415,-6.375297299566006,-0.134667231989969,-959883.0244601653,-7.395273938928616
12,case_0012_steps_0250_mesh_21x1,167,250,21,1,0.83,1376310.6581649,76994.3810584238,3717498.09071779,-862583.502466779,-82685424.5827766,1919266.20057313,3717498.09071779,-1376310.6581649,76994.3810584238,0.5215481106007779,-0.19309013907980743,0.010801962230502104,-0.4886740860868942,-2.701060308342381,0.018096552153157742,128988.86355938508,0.03964181102708413,282559.4682646347,-0.17499358692664968,-1247321.794605515,-2.980384137273499,-0.1534483280527233,-1093751.1899002653,-3.3988516995869724
12,case_0012_steps_0250_mesh_21x1,168,250,21,1,0.835,1507550.84406091,120586.927370646,6834592.68073905,-7085888.53453447,-135426836.41178,2729525.55814265,6834592.68073905,-1507550.84406091,120586.927370646,0.9588623349305057,-0.211502541539372,0.016917798637300772,-0.800377888232446,-4.533573582386525,0.018096552153157742,128988.86355938508,0.03964181102708413,282559.4682646347,-0.19340598938621426,-1378561.9805015249,-4.957769601518102,-0.17186073051228787,-1224991.3757962752,-5.579298610405639
12,case_0012_steps_0250_mesh_21x1,169,250,21,1,0.84,1558621.79415836,102844.765576973,3708628.11125798,-1698768.56461374,-84275772.2391252,2410576.23766523,3708628.11125798,-1558621.79415836,102844.765576973,0.5203036927381615,-0.21866756405718282,0.014428653858835863,-0.4980731027993085,-2.379427854247734,0.018096552153157742,128988.86355938508,0.03964181102708413,282559.4682646347,-0.20057101190402507,-1429632.930598975,-2.594112119188645,-0.17902575303009868,-1276062.3258937253,-2.9063064052616245
12,case_0012_steps_0250_mesh_21x1,170,250,21,1,0.845,1672414.34318875,59907.1753103176,1724922.94339614,-1352588.62461069,-58836358.4153151,1362888.60077002,1724922.94339614,-1672414.34318875,59907.1753103176,0.24199886055260486,-0.23463214224901374,0.008404704812771781,-0.3477251743262386,-1.0313968846423984,0.018096552153157742,128988.86355938508,0.03964181102708413,282559.4682646347,-0.216535590095856,-1543425.479629365,-1.117593927379221,-0.1949903312219296,-1389854.8749241154,-1.2410813348338394
12,case_0012_steps_0250_mesh_21x1,171,250,21,1,0.85,1773516.50989751,-33955.3962599749,-1330242.88400372,6161427.33081176,-14323203.0260926,-201922.306152662,-1330242.88400372,-1773516.50989751,-33955.3962599749,-0.18662703943939643,-0.24881631739526577,-0.004763787991797255,-0.08465068884789655,0.7500594872277753,0.018096552153157742,128988.86355938508,0.03964181102708413,282559.4682646347,-0.23071976524210802,-1644527.646338125,0.8088905570944801,-0.20917450636818163,-1490957.0416328753,0.8922073854970741
12,case_0012_steps_0250_mesh_21x1,172,250,21,1,0.855,1722879.0482696,-146423.602813605,3187640.49154035,8782851.59820282,-77966783.3555794,-1655694.91899774,3187640.49154035,-1722879.0482696,-146423.602813605,0.4472114941466992,-0.24171211134238343,-0.020542566944546616,-0.46078673228895717,-1.8501823994794677,0.018096552153157742,128988.86355938508,0.03964181102708413,282559.4682646347,-0.22361555918922568,-1593890.1847102148,-1.9999122412061876,-0.2020703003152993,-1440319.5800049652,-2.21314806504912
12,case_0012_steps_0250_mesh_21x1,173,250,21,1,0.86,1610651.63180502,-48942.2141287406,3226193.97560211,-303263.983603968,-71728056.0412487,-406458.14256857,3226193.97560211,-1610651.63180502,-48942.2141287406,0.4526203729890837,-0.22596711414632387,-0.006866370522475438,-0.42391561039462816,-2.003036480326034,0.018096552153157742,128988.86355938508,0.03964181102708413,282559.4682646347,-0.20787056199316611,-1481662.7682456349,-2.177414486443558,-0.18632530311923973,-1328092.1635403852,-2.429194346725024
12,case_0012_steps_0250_mesh_21x1,174,250,21,1,0.865,1668066.53815147,-45058.5709272625,3769485.13972217,3439798.8363031,-82815175.8240687,-714.552709258311,3769485.13972217,-1668066.53815147,-45058.5709272625,0.5288416576375994,-0.23402216493440103,-0.0063215130068694616,-0.4894409209864789,-2.2597930319371224,0.018096552153157742,128988.86355938508,0.03964181102708413,282559.4682646347,-0.21592561278124328,-1539077.674592085,-2.449184470641632,-0.1943803539073169,-1385507.0698868353,-2.720653846991955
12,case_0012_steps_0250_mesh_21x1,175,250,21,1,0.87,1550764.18191999,51284.1451450159,4968880.87123461,-8624894.67947245,-97019124.7364741,2441396.18162788,4968880.87123461,-1550764.18191999,51284.1451450159,0.6971114354203685,-0.21756517672119793,0.007194932815417976,-0.5733868133685865,-3.2041498824680574,0.018096552153157742,128988.86355938508,0.03964181102708413,282559.4682646347,-0.19946862456804018,-1421775.318360605,-3.4948425444352464,-0.1779233656941138,-1268204.7136553554,-3.9180432131597818
12,case_0012_steps_0250_mesh_21x1,176,250,21,1,0.875,1386054.41367032,-55422.6243148479,1798386.92776411,5524635.93655528,-47827229.1325188,280908.339253608,1798386.92776411,-1386054.41367032,-55422.6243148479,0.25230552414982055,-0.19445714375606984,-0.007775542660834143,-0.282660790633111,-1.297486527243847,0.018096552153157742,128988.86355938508,0.03964181102708413,282559.4682646347,-0.1763605916029121,-1257065.550110935,-1.4306230312376342,-0.1548153327289857,-1103494.9454056853,-1.6297192254949178
12,case_0012_steps_0250_mesh_21x1,177,250,21,1,0.88,1247584.73841701,-22342.1068788759,2845040.13921004,615302.047930966,-64131197.8138681,209905.739962015,2845040.13921004,-1247584.73841701,-22342.1068788759,0.39914621957529167,-0.1750304767500559,-0.0031344961974865354,-0.3790178818030499,-2.2804383955673835,0.018096552153157742,128988.86355938508,0.03964181102708413,282559.4682646347,-0.15693392459689814,-1118595.874857625,-2.543403031565942,-0.13538866572297176,-965025.2701523753,-2.9481509212300883
12,case_0012_steps_0250_mesh_21x1,178,250,21,1,0.885,1071390.34121997,-49538.2928319774,79174.7547389893,3206916.19241991,-20987619.0512918,-420339.832507231,79174.7547389893,-1071390.34121997,-49538.2928319774,0.01110785876245783,-0.1503112024655556,-0.0069499976592905886,-0.12403764763598081,-0.07389907458829117,0.018096552153157742,128988.86355938508,0.03964181102708413,282559.4682646347,-0.13221465031239785,-942401.477660585,-0.08401382703211853,-0.11066939143847146,-788830.8729553353,-0.10036974648616762
12,case_0012_steps_0250_mesh_21x1,179,250,21,1,0.89,921161.250924802,-71562.8509568492,-1115306.60292339,1767328.24369593,-2420394.47561249,-608090.174750321,-1115306.60292339,-921161.250924802,-71562.8509568492,-0.15647245467258644,-0.12923474289820447,-0.010039943207756483,-0.014304625806881027,1.2107615271524668,0.018096552153157742,128988.86355938508,0.03964181102708413,282559.4682646347,-0.11113819074504673,-792172.387365417,1.407908961119742,-0.08959293187112033,-638601.7826601673,1.746482132068995
12,case_0012_steps_0250_mesh_21x1,180,250,21,1,0.895,947129.864962748,-115779.324077005,417869.173498633,14806838.3863663,-22746670.3368406,-1682076.25674856,417869.173498633,-947129.864962748,-115779.324077005,0.05862514858062514,-0.13287802159153567,-0.01624331371407317,-0.1344337093806355,-0.441195224601083,0.018096552153157742,128988.86355938508,0.03964181102708413,282559.4682646347,-0.11478146943837793,-818141.001403363,-0.5107544699286054,-0.09323621056445153,-664570.3966981133,-0.6287809020305393
12,case_0012_steps_0250_mesh_21x1,181,250,21,1,0.9,979768.890953047,-114398.30317196,3679847.97073272,19437711.8212693,-70417778.6173626,-1690063.52382092,3679847.97073272,-979768.890953047,-114398.30317196,0.5162659696385173,-0.13745712880872413,-0.016049562748733114,-0.4161718196858217,-3.7558326302371525,0.018096552153157742,128988.86355938508,0.03964181102708413,282559.4682646347,-0.11936057665556639,-850780.0273936619,-4.325263701835855,-0.09781531778163999,-697209.4226884122,-5.277966491823031
12,case_0012_steps_0250_mesh_21x1,182,250,21,1,0.905,1082029.16669691,-3474.57233872809,3449234.24900672,12455723.1359913,-68273834.7011914,-474962.296730243,3449234.24900672,-1082029.16669691,-3474.57233872809,0.4839119110997581,-0.1518037813966286,-0.000487466730093051,-0.403501027473735,-3.187746093329565,0.018096552153157742,128988.86355938508,0.03964181102708413,282559.4682646347,-0.13370722924347084,-953040.303137525,-3.6191903297808286,-0.11216197036954445,-799469.6984322753,-4.31440272942241
12,case_0012_steps_0250_mesh_21x1,183,250,21,1,0.91,1075658.49096517,19984.2585129811,1382278.83312925,753090.577074373,-37336201.2785871,197721.532107914,1382278.83312925,-1075658.49096517,19984.2585129811,0.19392744694128655,-0.15091000450419778,0.002803700772631826,-0.22065840660350639,-1.2850536157521097,0.018096552153157742,128988.86355938508,0.03964181102708413,282559.4682646347,-0.13281345235104003,-946669.627405785,-1.460149130290776,-0.11126819347711364,-793099.0227005354,-1.7428830367518708
12,case_0012_steps_0250_mesh_21x1,184,250,21,1,0.915,1038700.42940093,53765.968080226,-3688219.97024139,-5924564.5366588,32620728.1485925,1337900.10824223,-3688219.97024139,-1038700.42940093,53765.968080226,-0.5174405231740256,-0.14572495619753548,0.0075431213097003165,0.19278977638367184,3.5508023929176282,0.018096552153157742,128988.86355938508,0.03964181102708413,282559.4682646347,-0.12762840404437772,-909711.5658415449,4.054274023469776,-0.10608314517045134,-756140.9611362952,4.8776883673897204
12,case_0012_steps_0250_mesh_21x1,185,250,21,1,0.92,1107550.45482155,78173.5735226404,-3621389.49997142,-11858006.1638497,32105057.6513297,2870314.17568206,-3621389.49997142,-1107550.45482155,78173.5735226404,-0.5080645114991589,-0.15538430229447095,0.01096739758157396,0.18974214362078265,3.269728692003384,0.018096552153157742,128988.86355938508,0.03964181102708413,282559.4682646347,-0.1372877501413132,-978561.591262165,3.7007272023629008,-0.11574249126738681,-824990.9865569153,4.389610988460883
12,case_0012_steps_0250_mesh_21x1,186,250,21,1,0.925,1226244.89437761,23556.5079289213,384314.240706566,-8056501.65300413,-27944187.5949289,2592387.32193424,384314.240706566,-1226244.89437761,23556.5079289213,0.05391754379590834,-0.1720365934802691,0.0033048711533592056,-0.1651512392092992,-0.3134074135343313,0.018096552153157742,128988.86355938508,0.03964181102708413,282559.4682646347,-0.15394004132711134,-1097256.030818225,-0.3502502879113661,-0.13239478245318495,-943685.4261129752,-0.40724825251307534
12,case_0012_steps_0250_mesh_21x1,187,250,21,1,0.93,1577222.46345868,18368.630244978,8864293.05456357,-500724.485182635,-145055489.380712,2393601.70009239,8864293.05456357,-1577222.46345868,18368.630244978,1.243620085767568,-0.2212771535425721,0.002577035459012922,-0.857283603037481,-5.620191989356482,0.018096552153157742,128988.86355938508,0.03964181102708413,282559.4682646347,-0.20318060138941435,-1448233.599899295,-6.120761909667033,-0.18163534251548796,-1294662.9951940454,-6.8467957201750265
12,case_0012_steps_0250_mesh_21x1,188,250,21,1,0.935,1632217.10881376,-67711.6750946743,2478642.97535215,12450226.5036636,-58683126.2021504,173053.902351554,2478642.97535215,-1632217.10881376,-67711.6750946743,0.3477423603462291,-0.2289926526976944,-0.009499640712504679,-0.34681956596654073,-1.5185743134095337,0.018096552153157742,128988.86355938508,0.03964181102708413,282559.4682646347,-0.21089610054453664,-1503228.245254375,-1.648879990897667,-0.18935084167061025,-1349657.6405491254,-1.836497568630577
12,case_0012_steps_0250_mesh_21x1,189,250,21,1,0.94,1805384.53715313,-183371.392638556,1197509.18309713,26336782.2349157,-40682912.7261079,-2224369.77362821,1197509.18309713,-1805384.53715313,-183371.392638556,0.16800510360202947,-0.2532872569890864,-0.025726174172804022,-0.24043760186393007,-0.6632986815016457,0.018096552153157742,128988.86355938508,0.03964181102708413,282559.4682646347,-0.23519070483592863,-1676395.6735937449,-0.714335644001031,-0.21364544596200225,-1522825.0688884952,-0.7863734368197575
12,case_0012_steps_0250_mesh_21x1,190,250,21,1,0.945,1705315.15604156,-120649.201537481,-5162232.25351598,19742314.4736175,54263171.9385941,-983736.754191345,-5162232.25351598,-1705315.15604156,-120649.201537481,-0.7242377568467843,-0.23924797697491662,-0.016926535420282083,0.3206974637799946,3.027142657606318,0.018096552153157742,128988.86355938508,0.03964181102708413,282559.4682646347,-0.22115142482175887,-1576326.292482175,3.274850060000731,-0.19960616594783248,-1422755.6877769253,3.628333590837396
12,case_0012_steps_0250_mesh_21x1,191,250,21,1,0.95,1649484.95852004,-64171.139181722,-3370940.51034374,7105478.24673764,38782391.9511353,1592075.15705166,-3370940.51034374,-1649484.95852004,-64171.139181722,-0.4729276548943531,-0.2314152536429203,-0.009002919592317653,0.22920544991592703,2.043632161016027,0.018096552153157742,128988.86355938508,0.03964181102708413,282559.4682646347,-0.21331870148976254,-1520496.0949606549,2.2170004392092624,-0.19177344261583615,-1366925.4902554052,2.466074803911874
12,case_0012_steps_0250_mesh_21x1,192,250,21,1,0.955,1674280.39813009,38217.5166384332,4784453.37445039,-2384698.07788169,-79244008.2946046,3391209.26786037,4784453.37445039,-1674280.39813009,38217.5166384332,0.6712370946289605,-0.23489394128836313,0.005361744137649314,-0.4683351815223609,-2.8576177441925967,0.018096552153157742,128988.86355938508,0.03964181102708413,282559.4682646347,-0.21679738913520538,-1545291.534570705,-3.0961493462005873,-0.195252130261279,-1391720.9298654553,-3.437796523555141
12,case_0012_steps_0250_mesh_21x1,193,250,21,1,0.96,1691797.47307354,21322.9641939422,5182490.5693176,-442267.21733723,-88553239.325236,3193598.34841663,5182490.5693176,-1691797.47307354,21322.9641939422,0.727079906613228,-0.23735150740327796,0.0029915151040767083,-0.5233531002065827,-3.0633043563437954,0.018096552153157742,128988.86355938508,0.03964181102708413,282559.4682646347,-0.2192549552501202,-1562808.609514155,-3.316138993455334,-0.19770969637619382,-1409238.0048089053,-3.6775126356462073
12,case_0012_steps_0250_mesh_21x1,194,250,21,1,0.965,1680266.6278521,1714.89073597136,5388692.37477518,4710945.18026322,-92396439.2858715,2597296.96221847,5388692.37477518,-1680266.6278521,1714.89073597136,0.7560090840907892,-0.23573378215040205,0.0002405913873811691,-0.5460665619550025,-3.207046004159229,0.018096552153157742,128988.86355938508,0.03964181102708413,282559.4682646347,-0.2176372299972443,-1551277.764292715,-3.4737121222336893,-0.19609197112331792,-1397707.1595874652,-3.85538010434579
12,case_0012_steps_0250_mesh_21x1,195,250,21,1,0.97,1679327.91063307,53237.5940959762,3394476.6054045,-4259048.60503088,-68314757.0264783,3843617.51989584,3394476.6054045,-1679327.91063307,53237.5940959762,0.4762296622149512,-0.23560208438485486,0.007468992837687335,-0.4037428800131764,-2.0213304286265665,0.018096552153157742,128988.86355938508,0.03964181102708413,282559.4682646347,-0.2175055322316971,-1550339.0470736849,-2.189505974071726,-0.19596027335777072,-1396768.4423684352,-2.430235751638721
12,case_0012_steps_0250_mesh_21x1,196,250,21,1,0.975,2050341.60746539,-24626.0912538976,5943448.50492121,-3264320.50529396,-109974016.937382,4649753.20447394,5943448.50492121,-2050341.60746539,-24626.0912538976,0.8338388514400431,-0.28765362223851504,-0.0034549288396467535,-0.6499507318412455,-2.8987601301562798,0.018096552153157742,128988.86355938508,0.03964181102708413,282559.4682646347,-0.2695570700853573,-1921352.743906005,-3.0933666521008027,-0.2480118112114309,-1767782.1392007554,-3.3620933106657276
12,case_0012_steps_0250_mesh_21x1,197,250,21,1,0.98,1566659.71870941,34208.5087476495,2905725.0435961,-1359429.95745754,-65263547.8001168,2942772.0381355,2905725.0435961,-1566659.71870941,34208.5087476495,0.40766003624773745,-0.21979524839230571,0.00479929852509,-0.3857101144117926,-1.854726338397078,0.018096552153157742,128988.86355938508,0.03964181102708413,282559.4682646347,-0.20169869623914796,-1437670.8551500249,-2.0211337199938435,-0.18015343736522157,-1284100.2504447752,-2.262849059167803
12,case_0012_steps_0250_mesh_21x1,198,250,21,1,0.985,1501057.71761128,-10550.6526439523,2044760.06501329,23118.2712560075,-52947803.5172846,2101576.82392384,2044760.06501329,-1501057.71761128,-10550.6526439523,0.28687055716380805,-0.2105915853669527,-0.0014802086827692075,-0.3129235850777393,-1.3622128190162033,0.018096552153157742,128988.86355938508,0.03964181102708413,282559.4682646347,-0.19249503321379494,-1372068.854051895,-1.4902751119048083,-0.17094977433986855,-1218498.2493466453,-1.678098484023004
12,case_0012_steps_0250_mesh_21x1,199,250,21,1,0.99,1970571.95631038,-60635.4707837864,2684418.80198487,3752106.53826382,-65026969.0934033,2785464.45496698,2684418.80198487,-1970571.95631038,-60635.4707837864,0.3766117749279286,-0.27646230220877277,-0.008506881362396695,-0.38431192502262035,-1.3622536306723192,0.018096552153157742,128988.86355938508,0.03964181102708413,282559.4682646347,-0.258365750055615,-1841583.092750995,-1.4576691177017864,-0.23682049118168863,-1688012.4880457453,-1.590283733678232
12,case_0012_steps_0250_mesh_21x1,200,250,21,1,0.995,1476470.60452405,23481.7619376263,-1392255.10212986,204332.294876351,2026317.6679156,1680717.38358467,-1392255.10212986,-1476470.60452405,23481.7619376263,-0.19532707220568277,-0.2071421249871905,0.003294384630008399,0.011975616494525968,0.9429616125535142,0.018096552153157742,128988.86355938508,0.03964181102708413,282559.4682646347,-0.18904557283403275,-1347481.7409646648,1.0332274344089754,-0.16750031396010637,-1193911.1362594152,1.1661295885821676
12,case_0012_steps_0250_mesh_21x1,201,250,21,1,1.0,1537965.90138232,-19516.3920354155,-2703423.91934166,4203170.48739838,22045197.6340957,962979.427473542,-2703423.91934166,-1537965.90138232,-19516.3920354155,-0.37927810664008993,-0.21576963604559488,-0.0027380612291988218,0.13028797833240707,1.7577918450024341,0.018096552153157742,128988.86355938508,0.03964181102708413,282559.4682646347,-0.19767308389243712,-1408977.037822935,1.9187139653594534,-0.17612782501851074,-1255406.4331176854,2.15342525577789
12,case_0012_steps_0250_mesh_21x1,202,250,21,1,1.005,1605973.74937379,15591.9964840284,-915169.759262934,-2011125.38306443,-1777517.51923215,2211639.26869109,-915169.759262934,-1605973.74937379,15591.9964840284,-0.12839416380988428,-0.22531082847136624,0.0021874863438514445,-0.010505197906368972,0.5698534983026852,0.018096552153157742,128988.86355938508,0.03964181102708413,282559.4682646347,-0.2072142763182085,-1476984.885814405,0.6196202602021293,-0.1856690174442821,-1323414.2811091554,0.6915217497093419
12,case_0012_steps_0250_mesh_21x1,203,250,21,1,1.01,1592911.49289243,-25257.1511520733,-2161360.88487009,5193973.20862641,15665508.8323004,1616680.29192635,-2161360.88487009,-1592911.49289243,-25257.1511520733,-0.3032291230075026,-0.22347825316889425,-0.0035434636793528593,0.09258376854613351,1.3568618812244628,0.018096552153157742,128988.86355938508,0.03964181102708413,282559.4682646347,-0.2053817010157365,-1463922.6293330449,1.4764174291470542,-0.1838364421418101,-1310352.0246277952,1.6494505630912606
12,case_0012_steps_0250_mesh_21x1,204,250,21,1,1.015,1695625.76148262,60793.3387626411,2542847.86666933,-1882352.82778069,-53674448.7416944,2704455.29422351,2542847.86666933,-1695625.76148262,60793.3387626411,0.35675001520997046,-0.23788859889273314,0.008529029523360548,-0.3172180867113662,-1.499651588476644,0.018096552153157742,128988.86355938508,0.03964181102708413,282559.4682646347,-0.2197920467395754,-1566636.8979232349,-1.6231252245112953,-0.198246787865649,-1413066.2932179852,-1.7995248198005527
12,case_0012_steps_0250_mesh_21x1,205,250,21,1,1.02,1753898.85060528,-98250.2922472611,-277872.717584182,14819662.8223253,-11222072.5306662,84700.1436445888,-277872.717584182,-1753898.85060528,-98250.2922472611,-0.03898428117700826,-0.2460640488295281,-0.01378407010227656,-0.0663228865981593,0.1584314383285482,0.018096552153157742,128988.86355938508,0.03964181102708413,282559.4682646347,-0.22796749667637034,-1624909.9870458948,0.17100806801572915,-0.20642223780244395,-1471339.3823406452,0.18885698358874536
12,case_0012_steps_0250_mesh_21x1,206,250,21,1,1.025,1856597.74165507,-5457.09790939557,4054972.55516411,4458083.62823907,-73762162.759285,1792342.33425268,4054972.55516411,-1856597.74165507,-5457.09790939557,0.5688942463654375,-0.2604722371542385,-0.0007656060701457335,-0.43593726047933556,-2.1840878420703516,0.018096552153157742,128988.86355938508,0.03964181102708413,282559.4682646347,-0.24237568500108075,-1727608.878095685,-2.3471589007078038,-0.22083042612715437,-1574038.2733904354,-2.576158803578397
12,case_0012_steps_0250_mesh_21x1,207,250,21,1,1.03,1795808.39090853,-4391.99291612285,5272201.85289154,1124441.65946758,-91137294.5853126,1832805.42774959,5272201.85289154,-1795808.39090853,-4391.99291612285,0.7396659925521517,-0.2519437671314377,-0.0006161766734716971,-0.5386249676365167,-2.935837631443655,0.018096552153157742,128988.86355938508,0.03964181102708413,282559.4682646347,-0.23384721497827993,-1666819.527349145,-3.163031009887601,-0.21230195610435354,-1513248.9226438953,-3.48402815557941
12,case_0012_steps_0250_mesh_21x1,208,250,21,1,1.035,1798649.01077762,14735.5334653696,3079567.41363391,-466055.842976644,-63545218.9808489,2214360.25521019,3079567.41363391,-1798649.01077762,14735.5334653696,0.43204933179625904,-0.2523422932071761,0.002067328469313118,-0.3755547240320542,-1.7121558431806012,0.018096552153157742,128988.86355938508,0.03964181102708413,282559.4682646347,-0.23424574105401835,-1669660.1472182348,-1.8444276931234627,-0.21270048218009197,-1516089.5425129852,-2.031256945766799
12,case_0012_steps_0250_mesh_21x1,209,250,21,1,1.04,1892445.45838402,3467.81687106952,3215354.67043308,1638107.76458614,-69341722.1667121,2090244.87715788,3215354.67043308,-1892445.45838402,3467.81687106952,0.45109966766706927,-0.2655015091197086,0.0004865189686396291,-0.4098122840693223,-1.6990474711903754,0.018096552153157742,128988.86355938508,0.03964181102708413,282559.4682646347,-0.24740495696655085,-1763456.594824635,-1.8233250990523118,-0.22585969809262446,-1609885.9901193853,-1.997256135010304
12,case_0012_steps_0250_mesh_21x1,210,250,21,1,1.045,1883728.66485962,20436.2548509969,4869686.76928669,-868148.296810108,-91537469.1868261,2047307.19984057,4869686.76928669,-1883728.66485962,20436.2548509969,0.6831949531004841,-0.2642785825486098,0.002867113807511177,-0.5409900151482945,-2.5851317443585176,0.018096552153157742,128988.86355938508,0.03964181102708413,282559.4682646347,-0.24618203039545206,-1754739.8013002349,-2.7751617451649118,-0.22463677152152567,-1601169.1965949852,-3.041331784075331
12,case_0012_steps_0250_mesh_21x1,211,250,21,1,1.05,1786598.58343294,5651.18307202399,3456998.39337471,-1194943.00405043,-70807856.2250765,1724435.12168071,3456998.39337471,-1786598.58343294,5651.18307202399,0.4850011853177242,-0.25065167294048585,0.0007928353376246448,-0.41847719357020824,-1.9349608946471373,0.018096552153157742,128988.86355938508,0.03964181102708413,282559.4682646347,-0.2325551207873281,-1657609.719873555,-2.085532168355296,-0.2110098619134017,-1504039.1151683053,-2.2984763883536794
12,case_0012_steps_0250_mesh_21x1,212,250,21,1,1.055,1664432.01153113,18508.763373474,4749187.76922425,-3070593.25088797,-89769530.6096664,1612811.99907822,4749187.76922425,-1664432.01153113,18508.763373474,0.6662894902654745,-0.2335122573445358,0.002596695500959454,-0.5305414291633925,-2.8533383979171476,0.018096552153157742,128988.86355938508,0.03964181102708413,282559.4682646347,-0.21541570519137804,-1535443.1479717449,-3.0930404525219477,-0.19387044631745165,-1381872.5432664952,-3.4367769968119015
12,case_0012_steps_0250_mesh_21x1,213,250,21,1,1.06,1641376.12442495,-5180.29754606842,3342598.23911806,1051465.78706985,-73144689.3956768,1075790.33243051,3342598.23911806,-1641376.12442495,-5180.29754606842,0.46895136287021005,-0.2302776210205851,-0.0007267722354042046,-0.4322879688034833,-2.0364608631608596,0.018096552153157742,128988.86355938508,0.03964181102708413,282559.4682646347,-0.21218106886742735,-1512387.260865565,-2.210147047393823,-0.19063580999350097,-1358816.6561603153,-2.4599332249601855
12,case_0012_steps_0250_mesh_21x1,214,250,21,1,1.065,1586702.52986962,-25347.077076674,918884.720015284,4330279.63698923,-38365687.8348408,582174.087901299,918884.720015284,-1586702.52986962,-25347.077076674,0.12891535594342754,-0.2226071638356079,-0.003556079878453709,-0.22674271232672827,-0.5791159355438786,0.018096552153157742,128988.86355938508,0.03964181102708413,282559.4682646347,-0.20451061168245016,-1457713.666310235,-0.630360228659422,-0.18296535280852377,-1304143.0616049853,-0.7045888960099432
12,case_0012_steps_0250_mesh_21x1,215,250,21,1,1.07,1405242.6566063,-82648.6150005949,-555553.14772889,5370544.4321212,-17538786.842503,150259.780104763,-555553.14772889,-1405242.6566063,-82648.6150005949,-0.07794158529893735,-0.1971491671558927,-0.011595225591362293,-0.10365491469119563,0.3953432135845963,0.018096552153157742,128988.86355938508,0.03964181102708413,282559.4682646347,-0.17905261500273495,-1276253.793046915,0.4352998994052493,-0.15750735612880856,-1122683.1883416653,0.4948440962668258
12,case_0012_steps_0250_mesh_21x1,216,250,21,1,1.075,1833333.78065189,-27886.758809255,3289622.0618042,2225777.7150299,-67010616.8750913,2034554.32999437,3289622.0618042,-1833333.78065189,-27886.758809255,0.46151904562063734,-0.25720840900686315,-0.003912385699420298,-0.3960353608243468,-1.794338868634433,0.018096552153157742,128988.86355938508,0.03964181102708413,282559.4682646347,-0.2391118568537054,-1704344.917092505,-1.9301386877816193,-0.217566597979779,-1550774.3123872553,-2.121277116552292
12,case_0012_steps_0250_mesh_21x1,217,250,21,1,1.08,1413406.81139884,18251.8107091252,3977403.83888505,2052641.93922753,-76521664.1128213,1248577.67403295,3977403.83888505,-1413406.81139884,18251.8107091252,0.5580117075100484,-0.19829456102101217,0.002560646208307611,-0.45224602116840856,-2.8140545289637013,0.018096552153157742,128988.86355938508,0.03964181102708413,282559.4682646347,-0.18019800886785442,-1284417.947839455,-3.096658564741734,-0.15865274999392803,-1130847.3431342053,-3.517189002594689
12,case_0012_steps_0250_mesh_21x1,218,250,21,1,1.085,1393288.6527506,-87247.8701260565,-756720.443185605,6853189.20507254,-15600481.3104175,241602.708809624,-756720.443185605,-1393288.6527506,-87247.8701260565,-0.10616444387204294,-0.1954720746670971,-0.012240480212163533,-0.09219945335410339,0.543118212935779,0.018096552153157742,128988.86355938508,0.03964181102708413,282559.4682646347,-0.17737552251393934,-1264299.7891912148,0.598529280519525,-0.15583026364001296,-1110729.1844859652,0.6812825788275366
12,case_0012_steps_0250_mesh_21x1,219,250,21,1,1.09,1481450.34481977,60086.3056511746,4756931.50875445,-3109932.51594945,-86133324.3776707,2382026.57427028,4756931.50875445,-1481450.34481977,60086.3056511746,0.667375901777304,-0.20784075995058168,0.008429835986627261,-0.5090513084291742,-3.210996254709548,0.018096552153157742,128988.86355938508,0.03964181102708413,282559.4682646347,-0.18974420779742393,-1352461.481260385,-3.5172399174883515,-0.16819894892349754,-1198890.8765551352,-3.967776885935528
12,case_0012_steps_0250_mesh_21x1,220,250,21,1,1.095,1588172.27674177,-36707.2141474517,6963075.90736199,8593480.37232877,-121942157.024764,843586.118620182,6963075.90736199,-1588172.27674177,-36707.2141474517,0.9768879485162675,-0.22281336265145807,-0.005149855552535082,-0.7206829068149176,-4.384332864471828,0.018096552153157742,128988.86355938508,0.03964181102708413,282559.4682646347,-0.20471681049830032,-1459183.413182385,-4.7718990254802645,-0.18317155162437393,-1305612.8084771354,-5.333185966123992
12,case_0012_steps_0250_mesh_21x1,221,250,21,1,1.1,1435957.28507156,-18961.6200252311,1410985.81349544,2839214.44081234,-42924405.5567799,952062.321030582,1410985.81349544,-1435957.28507156,-18961.6200252311,0.1979549060026439,-0.20145829013402128,-0.0026602292339522543,-0.25368491196756743,-0.9826098785557709,0.018096552153157742,128988.86355938508,0.03964181102708413,282559.4682646347,-0.18336173798086353,-1306968.421512175,-1.0795867675692699,-0.16181647910693714,-1153397.8168069252,-1.2233297071791094
12,case_0012_steps_0250_mesh_21x1,222,250,21,1,1.105,1386988.92514304,-15365.6345227162,-1059577.1812368,2491210.13069908,-3189065.26887028,706600.703500279,-1059577.1812368,-1386988.92514304,-15365.6345227162,-0.14865386973286887,-0.19458825147449713,-0.0021557287880025135,-0.01884750019244937,0.7639406213193274,0.018096552153157742,128988.86355938508,0.03964181102708413,282559.4682646347,-0.17649169932133937,-1258000.061583655,0.8422711680180152,-0.154946440447413,-1104429.4568784053,0.959388736544227
12,case_0012_steps_0250_mesh_21x1,223,250,21,1,1.11,1418922.50336498,-59913.5193865097,-1504107.17256758,7708539.57052632,2486682.66668941,60102.7972019583,-1504107.17256758,-1418922.50336498,-59913.5193865097,-0.21101941005764763,-0.19906838757139533,-0.008405594857869519,0.01469639160304548,1.06003475806507,0.018096552153157742,128988.86355938508,0.03964181102708413,282559.4682646347,-0.18097183541823758,-1289933.639805595,1.166034535539567,-0.1594265765443112,-1136363.0351003453,1.3236150121996544
12,case_0012_steps_0250_mesh_21x1,224,250,21,1,1.115,1447944.15115579,-42892.3103777675,-650876.388566691,7353178.84535987,-7017790.3793,399756.558758788,-650876.388566691,-1447944.15115579,-42892.3103777675,-0.09131500337262323,-0.2031399930443374,-0.006017596483151766,-0.04147541501127121,0.44951760608110675,0.018096552153157742,128988.86355938508,0.03964181102708413,282559.4682646347,-0.18504344089117966,-1318955.287596405,0.49347873630562106,-0.16349818201725327,-1165384.6828911554,0.5585077598170917
12,case_0012_steps_0250_mesh_21x1,225,250,21,1,1.12,1594368.54424471,28515.5932783975,-1144659.10554045,833205.561932525,-2376428.96398595,1977651.88243108,-1144659.10554045,-1594368.54424471,28515.5932783975,-0.16059047757609685,-0.2236826708609241,0.004000608321532954,-0.014044787917411964,0.7179388414757656,0.018096552153157742,128988.86355938508,0.03964181102708413,282559.4682646347,-0.20558611870776636,-1465379.6806853248,0.781134828486989,-0.18404085983383997,-1311809.0759800752,0.8725805656476766
12,case_0012_steps_0250_mesh_21x1,226,250,21,1,1.125,1676849.07524607,-50853.933575945,-496342.689591786,8663429.37081081,-8733325.15933441,1129298.9992447,-496342.689591786,-1676849.07524607,-50853.933575945,-0.06963462674357994,-0.2352543150300277,-0.007134576084753401,-0.05161429251010215,0.2959972348846899,0.018096552153157742,128988.86355938508,0.03964181102708413,282559.4682646347,-0.21715776287686994,-1547860.211686685,0.3206637691467805,-0.19561250400294355,-1394289.6069814353,0.3559824925227279
12,case_0012_steps_0250_mesh_21x1,227,250,21,1,1.13,1718495.7744541,12401.8546256548,3356811.17346161,642035.841142695,-63275199.8524724,2281303.75315981,3356811.17346161,-1718495.7744541,12401.8546256548,0.47094537305450046,-0.24109715791915828,0.001739923919290266,-0.37395890044583957,-1.953342698516637,0.018096552153157742,128988.86355938508,0.03964181102708413,282559.4682646347,-0.22300060576600053,-1589506.910894715,-2.111856922705734,-0.20145534689207414,-1435936.3061894653,-2.3377159272262973
12,case_0012_steps_0250_mesh_21x1,228,250,21,1,1.135,1684442.50292699,-10239.5120339796,3433207.48578488,3266866.04227002,-64912044.7975629,1689154.35632558,3433207.48578488,-1684442.50292699,-10239.5120339796,0.48166342895574105,-0.23631963847157997,-0.0014365570672733937,-0.3836327179492774,-2.038186212838449,0.018096552153157742,128988.86355938508,0.03964181102708413,282559.4682646347,-0.21822308631842222,-1555453.6393676049,-2.207206565912634,-0.19667782744449583,-1401883.0346623552,-2.4489970995417396
12,case_0012_steps_0250_mesh_21x1,229,250,21,1,1.14,1666359.5108078,-16523.5492615897,4554960.82694494,4315862.66161506,-81973245.0339562,1303613.85788447,4554960.82694494,-1666359.5108078,-16523.5492615897,0.6390403317449972,-0.23378267674527248,-0.002318178970775751,-0.48446507716052434,-2.7334802588529254,0.018096552153157742,128988.86355938508,0.03964181102708413,282559.4682646347,-0.21568612459211473,-1537370.647248415,-2.9628254156519804,-0.19414086571818834,-1383800.0425431654,-3.2916322350834553
12,case_0012_steps_0250_mesh_21x1,230,250,21,1,1.145,1600291.21943615,-8203.1123003035,474043.936076113,2703489.07340654,-23569429.9245926,1243653.75684989,474043.936076113,-1600291.21943615,-8203.1123003035,0.06650621282619548,-0.22451359531076054,-0.0011508594266535902,-0.13929625065248244,-0.2962235437642023,0.018096552153157742,128988.86355938508,0.03964181102708413,282559.4682646347,-0.2064170431576028,-1471302.355876765,-0.3221934187644423,-0.1848717842836764,-1317731.7511715153,-0.3597423646008904
12,case_0012_steps_0250_mesh_21x1,231,250,21,1,1.15,1466116.13394927,-96094.7791019025,913660.989561417,11731718.0379952,-25136302.266009,-611724.134672872,913660.989561417,-1466116.13394927,-96094.7791019025,0.1281824902681755,-0.20568943975837173,-0.013481661390583086,-0.14855652733752212,-0.6231845952750638,0.018096552153157742,128988.86355938508,0.03964181102708413,282559.4682646347,-0.18759288760521398,-1337127.270389885,-0.6833014401800421,-0.1660476287312876,-1183556.6656846353,-0.7719621848717353
12,case_0012_steps_0250_mesh_21x1,232,250,21,1,1.155,1462234.04300081,46284.7686162781,4297897.91515396,-3702944.79596415,-77762312.6755287,1844108.05934966,4297897.91515396,-1462234.04300081,46284.7686162781,0.6029755718773645,-0.20514480001681945,0.006493542977651678,-0.45957830259037935,-2.9392681258697646,0.018096552153157742,128988.86355938508,0.03964181102708413,282559.4682646347,-0.1870482478636617,-1333245.179441425,-3.2236365684476747,-0.1655029889897353,-1179674.5747361754,-3.6432911306197724
12,case_0012_steps_0250_mesh_21x1,233,250,21,1,1.16,1435281.41259421,100884.230180511,9054819.90657735,-16077025.0649143,-151307500.572222,3461789.55334942,9054819.90657735,-1435281.41259421,100884.230180511,1.2703501384163145,-0.20136346829283483,0.014153599640423804,-0.8942332331643434,-6.308741844716814,0.018096552153157742,128988.86355938508,0.03964181102708413,282559.4682646347,-0.18326691613967708,-1306292.5490348248,-6.931693756706833,-0.1617216572657507,-1152721.9443295752,-7.855163989129788
12,case_0012_steps_0250_mesh_21x1,234,250,21,1,1.165,1390197.57576998,31385.6813536172,4345746.72310978,-5874575.62525532,-86187248.5379375,2112887.24457219,4345746.72310978,-1390197.57576998,31385.6813536172,0.6096885424761037,-0.19503841059528781,0.004403268652852622,-0.5093700023207439,-3.1259921602890355,0.018096552153157742,128988.86355938508,0.03964181102708413,282559.4682646347,-0.17694185844213006,-1261208.712210595,-3.445699891727463,-0.15539659956820367,-1107638.1075053453,-3.923435546017279
12,case_0012_steps_0250_mesh_21x1,235,250,21,1,1.17,1397128.47284571,43785.9425744845,1150741.44556421,-7906774.5323965,-44105520.9481154,2675589.45099893,1150741.44556421,-1397128.47284571,43785.9425744845,0.16144380227728344,-0.19601078399976682,0.006142969024682724,-0.26066535002344543,-0.8236475513381728,0.018096552153157742,128988.86355938508,0.03964181102708413,282559.4682646347,-0.17791423184660907,-1268139.609286325,-0.907424890081161,-0.15636897297268268,-1114569.0045810754,-1.032454196047494
12,case_0012_steps_0250_mesh_21x1,236,250,21,1,1.175,1461919.69142172,-105067.24592192,3085290.39305163,10082965.4696384,-65332880.1759642,259805.539769684,3085290.39305163,-1461919.69142172,-105067.24592192,0.43285223983534366,-0.20510069791692914,-0.014740457764707044,-0.38611987145875004,-2.110437673940337,0.018096552153157742,128988.86355938508,0.03964181102708413,282559.4682646347,-0.1870041457637714,-1332930.827862335,-2.3146665442494205,-0.165458886889845,-1179360.2231570852,-2.616071266836921
12,case_0012_steps_0250_mesh_21x1,237,250,21,1,1.18,1596486.96020399,-40020.5597558877,3737268.27519668,7415356.14804528,-80863872.626591,1052650.09933761,3737268.27519668,-1596486.96020399,-40020.5597558877,0.5243217777579823,-0.223979875005773,-0.005614702904081003,-0.47790864293968427,-2.34093254023143,0.018096552153157742,128988.86355938508,0.03964181102708413,282559.4682646347,-0.20588332285261524,-1467498.096644605,-2.5466937802112612,-0.18433806397868885,-1313927.4919393554,-2.8443489447659522
12,case_0012_steps_0250_mesh_21x1,238,250,21,1,1.185,1655726.8953121,7552.99109401134,1216728.33921191,1237409.2888973,-47654304.0971121,1806053.00584138,1216728.33921191,-1655726.8953121,7552.99109401134,0.17070146398054134,-0.232290969046384,0.0010596503719267573,-0.2816387969254495,-0.7348605272142783,0.018096552153157742,128988.86355938508,0.03964181102708413,282559.4682646347,-0.21419441689322624,-1526738.031752715,-0.7969463744969334,-0.19264915801929985,-1373167.4270474652,-0.8860742799791539
12,case_0012_steps_0250_mesh_21x1,239,250,21,1,1.19,1627042.4444957,47941.5363866419,-2837299.33857505,-8235290.39258976,17182824.6329807,2680083.14772017,-2837299.33857505,-1627042.4444957,47941.5363866419,-0.3980602203771221,-0.22826667077861387,0.006725979976743898,0.10155116414147643,1.7438385508464516,0.018096552153157742,128988.86355938508,0.03964181102708413,282559.4682646347,-0.21017011862545612,-1498053.580936315,1.8939905586031696,-0.18862485975152973,-1344482.9762310653,2.1103274557843315
12,case_0012_steps_0250_mesh_21x1,240,250,21,1,1.195,1562859.10064263,24967.5695436012,3762694.64303256,-8594972.70813229,-75861285.1157266,3095218.41570633,3762694.64303256,-1562859.10064263,24967.5695436012,0.5278889817700987,-0.21926203892629587,0.0035028366939240125,-0.4483431555242567,-2.4075712528950195,0.018096552153157742,128988.86355938508,0.03964181102708413,282559.4682646347,-0.2011654867731381,-1433870.2370832448,-2.62415283176989,-0.17962022789921173,-1280299.6323779952,-2.938917225215342
12,case_0012_steps_0250_mesh_21x1,241,250,21,1,1.2,665605.827023173,-374000.229435273,-22633024.9407153,-9150070.70178016,268033282.492317,-2971566.92437309,-22633024.9407153,-665605.827023173,-374000.229435273,-3.175310681257443,-0.09338147673985107,-0.05247053482374788,1.584087159541377,34.003646034678326,0.018096552153157742,128988.86355938508,0.03964181102708413,282559.4682646347,-0.07528492458669334,-536616.9634637879,42.17724463017768,-0.05373966571276694,-383046.35875853826,59.08690795043565
12,case_0012_steps_0250_mesh_21x1,242,250,21,1,1.205,1511585.99542157,-1249089.52181194,11017223.3102856,59224903.1815443,-148772431.25012,-9319523.99937042,11017223.3102856,-1511585.99542157,-1249089.52181194,1.5456664297672413,-0.21206865496210522,-0.175241591031042,-0.8792508745395181,-7.288519041361573,0.018096552153157742,128988.86355938508,0.03964181102708413,282559.4682646347,-0.19397210280894747,-1382597.131862185,-7.968498600490211,-0.17242684393502108,-1229026.5271569353,-8.964186750119513
12,case_0012_steps_0250_mesh_21x1,243,250,21,1,1.21,1726722.50136077,1111488.5325446,-7709735.07497245,-41231038.8848545,104419767.109978,19776687.6230247,-7709735.07497245,-1726722.50136077,1111488.5325446,-1.0816408410873015,-0.24225133036791235,0.15593679672640734,0.6171248986064204,4.464953151937659,0.018096552153157742,128988.86355938508,0.03964181102708413,282559.4682646347,-0.2241547782147546,-1597733.637801385,4.825419514595493,-0.20260951934082821,-1444163.0330961354,5.3385489714714405
12,case_0012_steps_0250_mesh_21x1,244,250,21,1,1.215,1800435.55218104,560041.912533381,-5002662.69583353,-22345005.2284629,57079579.8273127,13480195.1040911,-5002662.69583353,-1800435.55218104,560041.912533381,-0.7018508720958591,-0.25259293685802026,0.0785713386291567,0.33734254431277527,2.7785847095572658,0.018096552153157742,128988.86355938508,0.03964181102708413,282559.4682646347,-0.2344963847048625,-1671446.6886216549,2.9930136150252786,-0.21295112583093612,-1517876.0839164052,3.2958307656615298
12,case_0012_steps_0250_mesh_21x1,245,250,21,1,1.22,1836886.5035633,-64607.0881025604,3128614.49680962,-1641918.02554896,-42560864.4622811,4971602.82748233,3128614.49680962,-1836886.5035633,-64607.0881025604,0.43893041497008567,-0.2577068399076242,-0.00906408124739676,-0.2515363699118708,-1.7032160074890583,0.018096552153157742,128988.86355938508,0.03964181102708413,282559.4682646347,-0.23961028775446647,-1707897.640003915,-1.8318512910425055,-0.21806502888054008,-1554327.0352986653,-2.0128418445790297
12,case_0012_steps_0250_mesh_21x1,246,250,21,1,1.225,1599356.87970178,-4940.16367195364,-442116.034549136,-7653875.98131156,5436969.33555241,4735211.24152429,-442116.034549136,-1599356.87970178,-4940.16367195364,-0.06202687314383741,-0.22438251168644432,-0.0006930825426916451,0.03213270095110544,0.276433634143978,0.018096552153157742,128988.86355938508,0.03964181102708413,282559.4682646347,-0.20628595953328657,-1470368.0161423949,0.30068393061830595,-0.18474070065936019,-1316797.4114371452,0.3357509900225374
12,case_0012_steps_0250_mesh_21x1,247,250,21,1,1.23,1649099.82768872,-11602.8691857608,-2366093.93623947,-4499275.96895813,41532956.3495535,4102136.38460645,-2366093.93623947,-1649099.82768872,-11602.8691857608,-0.3319522409522962,-0.23136122153516736,-0.0016278298881958783,0.245461392851487,1.4347790816009276,0.018096552153157742,128988.86355938508,0.03964181102708413,282559.4682646347,-0.2132646693820096,-1520110.964129335,1.5565271168178723,-0.19171941050808322,-1366540.3594240854,1.7314482663626827
12,case_0012_steps_0250_mesh_21x1,248,250,21,1,1.235,1792729.197601,107831.499665709,-2992141.02807969,-7493678.69414245,42332583.9359249,5542977.56340537,-2992141.02807969,-1792729.197601,107831.499665709,-0.4197838066797002,-0.25151177028502997,0.015128270019646471,0.2501872230924471,1.6690423919483894,0.018096552153157742,128988.86355938508,0.03964181102708413,282559.4682646347,-0.23341521813187222,-1663740.334041615,1.7984423211109384,-0.21186995925794583,-1510169.7293363654,1.9813276414927001
12,case_0012_steps_0250_mesh_21x1,249,250,21,1,1.24,1964099.59802046,9342.99401230451,9931448.33868013,-5036826.97856353,-142136163.962346,5026704.37426317,9931448.33868013,-1964099.59802046,9342.99401230451,1.3933371289419365,-0.2755542597149063,0.0013107796575978696,-0.8400302758881224,-5.05648916617551,0.018096552153157742,128988.86355938508,0.03964181102708413,282559.4682646347,-0.25745770756174857,-1835110.734461075,-5.411906841467386,-0.23591244868782218,-1681540.1297558253,-5.906161954114212
12,case_0012_steps_0250_mesh_21x1,250,250,21,1,1.245,1910818.52202041,-113223.717173329,1399645.34500269,8354000.68224287,-27524918.5098907,3096971.73008558,1399645.34500269,-1910818.52202041,-113223.717173329,0.19636388974079577,-0.2680791665634161,-0.015884773663876896,-0.16267334255472715,-0.7324847068798405,0.018096552153157742,128988.86355938508,0.03964181102708413,282559.4682646347,-0.24998261441025837,-1781829.658461025,-0.7855101851944538,-0.228437355536332,-1628259.0537557753,-0.8595962305716893
