case_index,case_tag,step_index,n_steps,mesh_span_stations,mesh_chord_stations,time_s,fx_reference_n,fy_reference_n,fz_reference_n,mx_reference_nm,my_reference_nm,mz_reference_nm,lift_n,drag_n,side_n,cl,cd,cy,cm,ld,neuralfoil_outer_profile_cd,neuralfoil_outer_profile_drag_n,neuralfoil_transition_outer_profile_cd,neuralfoil_transition_outer_profile_drag_n,cd_total_vlm_plus_outer_profile,drag_total_vlm_plus_outer_profile_n,ld_total_vlm_plus_outer_profile,cd_total_vlm_plus_transition_outer_profile,drag_total_vlm_plus_transition_outer_profile_n,ld_total_vlm_plus_transition_outer_profile
1,case_0001_steps_0020_mesh_21x21,1,20,21,21,0.0,-34183.2613243375,-3.15834768116474e-06,9147140.42049128,-3.99351119995117e-06,-193947896.879793,-0.000410236418247223,9147140.42049128,34183.2613243375,-3.15834768116474e-06,1.2833022875301843,0.004795756426182461,-4.431018457937564e-13,-1.1462396393856116,267.59121470890136,0.018096552153157742,128988.86355938508,0.03964181102708413,282559.4682646347,0.0228923085793402,163172.12488372257,56.058229473996164,0.044437567453266595,316742.72958897223,28.87876994796773
1,case_0001_steps_0020_mesh_21x21,2,20,21,21,0.005,-434009.020355709,-3.4745316952467e-06,1625266.75662054,-1.25765800476074e-05,-41820558.6812941,-0.000451914966106415,1625266.75662054,434009.020355709,-3.4745316952467e-06,0.22801754982852682,0.060889495845446076,-4.874610279970687e-13,-0.2471611338557688,3.7447764456335246,0.018096552153157742,128988.86355938508,0.03964181102708413,282559.4682646347,0.07898604799860381,562997.8839150941,2.8868079313520956,0.1005313068725302,716568.4886203437,2.268124795369906
1,case_0001_steps_0020_mesh_21x21,3,20,21,21,0.01,-465390.67667281,-3.93157824873924e-06,1772396.33206223,-9.17911529541016e-06,-46743494.0587248,-0.00050760805606842,1772396.33206223,465390.67667281,-3.93157824873924e-06,0.2486591615288012,0.06529219980394273,-5.515825851878636e-13,-0.2762558740541749,3.808405326753682,0.018096552153157742,128988.86355938508,0.03964181102708413,282559.4682646347,0.08338875195710047,594379.540232195,2.9819268869346365,0.10493401083102685,747950.1449374447,2.369671754272426
1,case_0001_steps_0020_mesh_21x21,4,20,21,21,0.015,-495398.946391917,-4.02587465941906e-06,1895465.03903331,-2.15768814086914e-05,-50833776.5728167,-0.000515811145305634,1895465.03903331,495398.946391917,-4.02587465941906e-06,0.26592514258071187,0.06950222385573099,-5.6481194365056e-13,-0.3004296033359305,3.826138615833432,0.018096552153157742,128988.86355938508,0.03964181102708413,282559.4682646347,0.08759877600888873,624387.8099513021,3.0357175601828983,0.10914403488281513,777958.4146565518,2.4364606170756673
1,case_0001_steps_0020_mesh_21x21,5,20,21,21,0.02,-524557.449183153,-4.50923107564449e-06,1998244.15454852,-2.75969505310059e-05,-54249304.5470301,-0.000574313104152679,1998244.15454852,524557.449183153,-4.50923107564449e-06,0.2803445860338292,0.07359302946412884,-6.326246551778606e-13,-0.3206155069546757,3.8093904827015788,0.018096552153157742,128988.86355938508,0.03964181102708413,282559.4682646347,0.09168958161728658,653546.312742538,3.057540247091441,0.11323484049121296,807116.9174477877,2.4757802882725306
1,case_0001_steps_0020_mesh_21x21,6,20,21,21,0.025,-553657.868608492,-4.47861384600401e-06,2080907.34683602,-2.08616256713867e-05,-57028567.7052329,-0.000562712550163269,2080907.34683602,553657.868608492,-4.47861384600401e-06,0.29194185675238665,0.0776756862398974,-6.28329196812813e-13,-0.3370410606805332,3.7584715486225515,0.018096552153157742,128988.86355938508,0.03964181102708413,282559.4682646347,0.09577223839305514,682646.732167877,3.0482931343239503,0.11731749726698154,836217.3368731267,2.488476685519546
1,case_0001_steps_0020_mesh_21x21,7,20,21,21,0.03,-583428.06889356,-5.04555646330118e-06,2146186.16262006,-2.56896018981934e-05,-59267870.7958487,-0.000629864633083344,2146186.16262006,583428.06889356,-5.04555646330118e-06,0.30110017834492003,0.08185231023054645,-7.078686730021084e-13,-0.3502754293349837,3.678578863526719,0.018096552153157742,128988.86355938508,0.03964181102708413,282559.4682646347,0.09994886238370419,712416.932452945,3.0125423257845085,0.1214941212576306,865987.5371581947,2.478310680616648
1,case_0001_steps_0020_mesh_21x21,8,20,21,21,0.035,-614078.782558923,-4.97978180646896e-06,2198351.67172132,-3.1888484954834e-05,-61104575.2686895,-0.00062541663646698,2198351.67172132,614078.782558923,-4.97978180646896e-06,0.3084187625234089,0.08615246625232102,-6.986407871608449e-13,-0.3611304244469535,3.5799179749552423,0.018096552153157742,128988.86355938508,0.03964181102708413,282559.4682646347,0.10424901840547876,743067.6461183081,2.958481213931508,0.12579427727940515,896638.2508235577,2.451771012113464
1,case_0001_steps_0020_mesh_21x21,9,20,21,21,0.04,-644709.184983419,-5.10166864842176e-06,2242672.63898645,-3.74913215637207e-05,-62701058.8729538,-0.000637270510196686,2242672.63898645,644709.184983419,-5.10166864842176e-06,0.3146367930840283,0.09044977269918265,-7.157409579144778e-13,-0.37056570485100526,3.478580251720981,0.018096552153157742,128988.86355938508,0.03964181102708413,282559.4682646347,0.10854632485234039,773698.0485428041,2.8986406818659263,0.13009158372626678,927268.6532480537,2.4185791584033116
1,case_0001_steps_0020_mesh_21x21,10,20,21,21,0.045,-673188.735369929,-5.65533991903067e-06,2285282.31793272,-2.60472297668457e-05,-64239977.8771746,-0.000704586505889893,2285282.31793272,673188.735369929,-5.65533991903067e-06,0.32061473766003795,0.09444532436656117,-7.9341852439421e-13,-0.37966077622233857,3.3947126531713536,0.018096552153157742,128988.86355938508,0.03964181102708413,282559.4682646347,0.1125418765197189,802177.5989293141,2.8488483360579275,0.1340871353936453,955748.2036345637,2.3910924543118597
1,case_0001_steps_0020_mesh_21x21,11,20,21,21,0.05,-696700.849921562,-5.2496325224638e-06,2332181.69852515,-4.60147857666016e-05,-65892649.4339679,-0.000661149621009827,2332181.69852515,696700.849921562,-5.2496325224638e-06,0.3271945079085832,0.09774396733056213,-7.364996179219929e-13,-0.3894281296185742,3.3474649826933875,0.018096552153157742,128988.86355938508,0.03964181102708413,282559.4682646347,0.11584051948371987,825689.7134809471,2.8245255577826276,0.13738577835764626,979260.3181861967,2.381574802137248
1,case_0001_steps_0020_mesh_21x21,12,20,21,21,0.055,-712904.272076997,-5.72763383388519e-06,2387805.32567871,-4.45246696472168e-05,-67776557.598892,-0.000720269978046417,2387805.32567871,712904.272076997,-5.72763383388519e-06,0.33499825035545555,0.10001723392121213,-8.035610325489428e-13,-0.4005621003928827,3.3494052696893024,0.018096552153157742,128988.86355938508,0.03964181102708413,282559.4682646347,0.11811378607436987,841893.135636382,2.8362332754664665,0.13965904494829626,995463.7403416317,2.3986863899826654
1,case_0001_steps_0020_mesh_21x21,13,20,21,21,0.06,-721190.793292954,-5.44264912605286e-06,2453856.91291581,-4.04119491577148e-05,-69926298.1486104,-0.000688731670379639,2453856.91291581,721190.793292954,-5.44264912605286e-06,0.3442649882757003,0.10117979524018814,-7.635789714172401e-13,-0.41326715093544714,3.402507264009168,0.018096552153157742,128988.86355938508,0.03964181102708413,282559.4682646347,0.11927634739334587,850179.656852339,2.8862804386555685,0.14082160626727228,1003750.2615575887,2.444688690898063
1,case_0001_steps_0020_mesh_21x21,14,20,21,21,0.065,-723112.433145895,-5.94649463891983e-06,2529418.97256665,-4.49419021606445e-05,-72303447.9878623,-0.000756621360778809,2529418.97256665,723112.433145895,-5.94649463891983e-06,0.3548660023131788,0.10144939259036809,-8.342662102154475e-13,-0.4273161992538131,3.4979608379328124,0.018096552153157742,128988.86355938508,0.03964181102708413,282559.4682646347,0.11954594474352583,852101.2967052801,2.9684486836798123,0.14109120361745223,1005671.9014105297,2.5151532711801448
1,case_0001_steps_0020_mesh_21x21,15,20,21,21,0.07,-721726.82724735,-6.07233960181475e-06,2611015.35704119,-5.03659248352051e-05,-74805747.8482616,-0.000769495964050293,2611015.35704119,721726.82724735,-6.07233960181475e-06,0.36631360473718816,0.10125499837124854,-8.51921687373688e-13,-0.4421048890811457,3.6177335502402537,0.018096552153157742,128988.86355938508,0.03964181102708413,282559.4682646347,0.11935155052440628,850715.6908067351,3.0691985410133436,0.14089680939833268,1004286.2955119847,2.599871539330421
1,case_0001_steps_0020_mesh_21x21,16,20,21,21,0.075,-720382.888860202,-6.0034217312932e-06,2693700.42446341,-5.26905059814453e-05,-77298139.5890872,-0.000764913856983185,2693700.42446341,720382.888860202,-6.0034217312932e-06,0.3779139444378684,0.10106644991487382,-8.422528229170008e-13,-0.456835021535133,3.739262087034595,0.018096552153157742,128988.86355938508,0.03964181102708413,282559.4682646347,0.11916300206803156,849371.7524195871,3.171403354055422,0.14070826094195796,1002942.3571248368,2.6857978480293894
1,case_0001_steps_0020_mesh_21x21,17,20,21,21,0.08,-721489.024544755,-6.40528742223978e-06,2771308.67586082,-5.06043434143066e-05,-79616526.8497279,-0.000817753374576569,2771308.67586082,721489.024544755,-6.40528742223978e-06,0.3888020298909356,0.10122163573132041,-8.986327555259227e-13,-0.4705367807206942,3.8410960965199155,0.018096552153157742,128988.86355938508,0.03964181102708413,282559.4682646347,0.11931818788447815,850477.8881041401,3.2585311324654644,0.14086344675840454,1004048.4928093897,2.7601342920266
1,case_0001_steps_0020_mesh_21x21,18,20,21,21,0.085,-726147.978937101,-6.06593675911427e-06,2838403.5379781,-5.86509704589844e-05,-81617721.6077677,-0.000765077769756317,2838403.5379781,726147.978937101,-6.06593675911427e-06,0.3982151345420615,0.10187526588832584,-8.510233976015297e-13,-0.48236391983743143,3.9088500144733764,0.018096552153157742,128988.86355938508,0.03964181102708413,282559.4682646347,0.11997181804148357,855136.842496486,3.319238976643395,0.14151707691540996,1008707.4472017357,2.813901638034041
1,case_0001_steps_0020_mesh_21x21,19,20,21,21,0.09,-734480.915631762,-6.55790790915489e-06,2891446.58417402,-4.78625297546387e-05,-83210053.1663357,-0.000828057527542114,2891446.58417402,734480.915631762,-6.55790790915489e-06,0.4056568331923089,0.10304433908831158,-9.200447171859156e-13,-0.49177466148938426,3.9367211899399037,0.018096552153157742,128988.86355938508,0.03964181102708413,282559.4682646347,0.12114089124146932,863469.7791911471,3.3486366910056478,0.1426861501153957,1017040.3838963967,2.843000759809125
1,case_0001_steps_0020_mesh_21x21,20,20,21,21,0.095,-746084.776962946,-6.64882827550173e-06,2929199.53968522,-6.63995742797852e-05,-84363313.2860223,-0.000830568373203278,2929199.53968522,746084.776962946,-6.64882827550173e-06,0.4109534015121758,0.10467230817000757,-9.32800431950565e-13,-0.4985904738027639,3.926094768491299,0.018096552153157742,128988.86355938508,0.03964181102708413,282559.4682646347,0.12276886032316531,875073.6405223311,3.347374899713334,0.1443141191970917,1028644.2452275808,2.8476312906773265
2,case_0002_steps_0030_mesh_21x21,1,30,21,21,0.0,-34183.2613243375,-3.15834768116474e-06,9147140.42049128,-3.99351119995117e-06,-193947896.879793,-0.000410236418247223,9147140.42049128,34183.2613243375,-3.15834768116474e-06,1.2833022875301843,0.004795756426182461,-4.431018457937564e-13,-1.1462396393856116,267.59121470890136,0.018096552153157742,128988.86355938508,0.03964181102708413,282559.4682646347,0.0228923085793402,163172.12488372257,56.058229473996164,0.044437567453266595,316742.72958897223,28.87876994796773
2,case_0002_steps_0030_mesh_21x21,2,30,21,21,0.005,-434009.020355709,-3.4745316952467e-06,1625266.75662054,-1.25765800476074e-05,-41820558.6812941,-0.000451914966106415,1625266.75662054,434009.020355709,-3.4745316952467e-06,0.22801754982852682,0.060889495845446076,-4.874610279970687e-13,-0.2471611338557688,3.7447764456335246,0.018096552153157742,128988.86355938508,0.03964181102708413,282559.4682646347,0.07898604799860381,562997.8839150941,2.8868079313520956,0.1005313068725302,716568.4886203437,2.268124795369906
2,case_0002_steps_0030_mesh_21x21,3,30,21,21,0.01,-465390.67667281,-3.93157824873924e-06,1772396.33206223,-9.17911529541016e-06,-46743494.0587248,-0.00050760805606842,1772396.33206223,465390.67667281,-3.93157824873924e-06,0.2486591615288012,0.06529219980394273,-5.515825851878636e-13,-0.2762558740541749,3.808405326753682,0.018096552153157742,128988.86355938508,0.03964181102708413,282559.4682646347,0.08338875195710047,594379.540232195,2.9819268869346365,0.10493401083102685,747950.1449374447,2.369671754272426
2,case_0002_steps_0030_mesh_21x21,4,30,21,21,0.015,-495398.946391917,-4.02587465941906e-06,1895465.03903331,-2.15768814086914e-05,-50833776.5728167,-0.000515811145305634,1895465.03903331,495398.946391917,-4.02587465941906e-06,0.26592514258071187,0.06950222385573099,-5.6481194365056e-13,-0.3004296033359305,3.826138615833432,0.018096552153157742,128988.86355938508,0.03964181102708413,282559.4682646347,0.08759877600888873,624387.8099513021,3.0357175601828983,0.10914403488281513,777958.4146565518,2.4364606170756673
2,case_0002_steps_0030_mesh_21x21,5,30,21,21,0.02,-524557.449183153,-4.50923107564449e-06,1998244.15454852,-2.75969505310059e-05,-54249304.5470301,-0.000574313104152679,1998244.15454852,524557.449183153,-4.50923107564449e-06,0.2803445860338292,0.07359302946412884,-6.326246551778606e-13,-0.3206155069546757,3.8093904827015788,0.018096552153157742,128988.86355938508,0.03964181102708413,282559.4682646347,0.09168958161728658,653546.312742538,3.057540247091441,0.11323484049121296,807116.9174477877,2.4757802882725306
2,case_0002_steps_0030_mesh_21x21,6,30,21,21,0.025,-553657.868608492,-4.47861384600401e-06,2080907.34683602,-2.08616256713867e-05,-57028567.7052329,-0.000562712550163269,2080907.34683602,553657.868608492,-4.47861384600401e-06,0.29194185675238665,0.0776756862398974,-6.28329196812813e-13,-0.3370410606805332,3.7584715486225515,0.018096552153157742,128988.86355938508,0.03964181102708413,282559.4682646347,0.09577223839305514,682646.732167877,3.0482931343239503,0.11731749726698154,836217.3368731267,2.488476685519546
2,case_0002_steps_0030_mesh_21x21,7,30,21,21,0.03,-583428.06889356,-5.04555646330118e-06,2146186.16262006,-2.56896018981934e-05,-59267870.7958487,-0.000629864633083344,2146186.16262006,583428.06889356,-5.04555646330118e-06,0.30110017834492003,0.08185231023054645,-7.078686730021084e-13,-0.3502754293349837,3.678578863526719,0.018096552153157742,128988.86355938508,0.03964181102708413,282559.4682646347,0.09994886238370419,712416.932452945,3.0125423257845085,0.1214941212576306,865987.5371581947,2.478310680616648
2,case_0002_steps_0030_mesh_21x21,8,30,21,21,0.035,-614078.782558923,-4.97978180646896e-06,2198351.67172132,-3.1888484954834e-05,-61104575.2686895,-0.00062541663646698,2198351.67172132,614078.782558923,-4.97978180646896e-06,0.3084187625234089,0.08615246625232102,-6.986407871608449e-13,-0.3611304244469535,3.5799179749552423,0.018096552153157742,128988.86355938508,0.03964181102708413,282559.4682646347,0.10424901840547876,743067.6461183081,2.958481213931508,0.12579427727940515,896638.2508235577,2.451771012113464
2,case_0002_steps_0030_mesh_21x21,9,30,21,21,0.04,-644709.184983419,-5.10166864842176e-06,2242672.63898645,-3.74913215637207e-05,-62701058.8729538,-0.000637270510196686,2242672.63898645,644709.184983419,-5.10166864842176e-06,0.3146367930840283,0.09044977269918265,-7.157409579144778e-13,-0.37056570485100526,3.478580251720981,0.018096552153157742,128988.86355938508,0.03964181102708413,282559.4682646347,0.10854632485234039,773698.0485428041,2.8986406818659263,0.13009158372626678,927268.6532480537,2.4185791584033116
2,case_0002_steps_0030_mesh_21x21,10,30,21,21,0.045,-673188.735369929,-5.65533991903067e-06,2285282.31793272,-2.60472297668457e-05,-64239977.8771746,-0.000704586505889893,2285282.31793272,673188.735369929,-5.65533991903067e-06,0.32061473766003795,0.09444532436656117,-7.9341852439421e-13,-0.37966077622233857,3.3947126531713536,0.018096552153157742,128988.86355938508,0.03964181102708413,282559.4682646347,0.1125418765197189,802177.5989293141,2.8488483360579275,0.1340871353936453,955748.2036345637,2.3910924543118597
2,case_0002_steps_0030_mesh_21x21,11,30,21,21,0.05,-696700.849921562,-5.2496325224638e-06,2332181.69852515,-4.60147857666016e-05,-65892649.4339679,-0.000661149621009827,2332181.69852515,696700.849921562,-5.2496325224638e-06,0.3271945079085832,0.09774396733056213,-7.364996179219929e-13,-0.3894281296185742,3.3474649826933875,0.018096552153157742,128988.86355938508,0.03964181102708413,282559.4682646347,0.11584051948371987,825689.7134809471,2.8245255577826276,0.13738577835764626,979260.3181861967,2.381574802137248
2,case_0002_steps_0030_mesh_21x21,12,30,21,21,0.055,-712904.272076997,-5.72763383388519e-06,2387805.32567871,-4.45246696472168e-05,-67776557.598892,-0.000720269978046417,2387805.32567871,712904.272076997,-5.72763383388519e-06,0.33499825035545555,0.10001723392121213,-8.035610325489428e-13,-0.4005621003928827,3.3494052696893024,0.018096552153157742,128988.86355938508,0.03964181102708413,282559.4682646347,0.11811378607436987,841893.135636382,2.8362332754664665,0.13965904494829626,995463.7403416317,2.3986863899826654
2,case_0002_steps_0030_mesh_21x21,13,30,21,21,0.06,-721190.793292954,-5.44264912605286e-06,2453856.91291581,-4.04119491577148e-05,-69926298.1486104,-0.000688731670379639,2453856.91291581,721190.793292954,-5.44264912605286e-06,0.3442649882757003,0.10117979524018814,-7.635789714172401e-13,-0.41326715093544714,3.402507264009168,0.018096552153157742,128988.86355938508,0.03964181102708413,282559.4682646347,0.11927634739334587,850179.656852339,2.8862804386555685,0.14082160626727228,1003750.2615575887,2.444688690898063
2,case_0002_steps_0030_mesh_21x21,14,30,21,21,0.065,-723112.433145895,-5.94649463891983e-06,2529418.97256665,-4.49419021606445e-05,-72303447.9878623,-0.000756621360778809,2529418.97256665,723112.433145895,-5.94649463891983e-06,0.3548660023131788,0.10144939259036809,-8.342662102154475e-13,-0.4273161992538131,3.4979608379328124,0.018096552153157742,128988.86355938508,0.03964181102708413,282559.4682646347,0.11954594474352583,852101.2967052801,2.9684486836798123,0.14109120361745223,1005671.9014105297,2.5151532711801448
2,case_0002_steps_0030_mesh_21x21,15,30,21,21,0.07,-721726.82724735,-6.07233960181475e-06,2611015.35704119,-5.03659248352051e-05,-74805747.8482616,-0.000769495964050293,2611015.35704119,721726.82724735,-6.07233960181475e-06,0.36631360473718816,0.10125499837124854,-8.51921687373688e-13,-0.4421048890811457,3.6177335502402537,0.018096552153157742,128988.86355938508,0.03964181102708413,282559.4682646347,0.11935155052440628,850715.6908067351,3.0691985410133436,0.14089680939833268,1004286.2955119847,2.599871539330421
2,case_0002_steps_0030_mesh_21x21,16,30,21,21,0.075,-720382.888860202,-6.0034217312932e-06,2693700.42446341,-5.26905059814453e-05,-77298139.5890872,-0.000764913856983185,2693700.42446341,720382.888860202,-6.0034217312932e-06,0.3779139444378684,0.10106644991487382,-8.422528229170008e-13,-0.456835021535133,3.739262087034595,0.018096552153157742,128988.86355938508,0.03964181102708413,282559.4682646347,0.11916300206803156,849371.7524195871,3.171403354055422,0.14070826094195796,1002942.3571248368,2.6857978480293894
2,case_0002_steps_0030_mesh_21x21,17,30,21,21,0.08,-721489.024544755,-6.40528742223978e-06,2771308.67586082,-5.06043434143066e-05,-79616526.8497279,-0.000817753374576569,2771308.67586082,721489.024544755,-6.40528742223978e-06,0.3888020298909356,0.10122163573132041,-8.986327555259227e-13,-0.4705367807206942,3.8410960965199155,0.018096552153157742,128988.86355938508,0.03964181102708413,282559.4682646347,0.11931818788447815,850477.8881041401,3.2585311324654644,0.14086344675840454,1004048.4928093897,2.7601342920266
2,case_0002_steps_0030_mesh_21x21,18,30,21,21,0.085,-726147.978937101,-6.06593675911427e-06,2838403.5379781,-5.86509704589844e-05,-81617721.6077677,-0.000765077769756317,2838403.5379781,726147.978937101,-6.06593675911427e-06,0.3982151345420615,0.10187526588832584,-8.510233976015297e-13,-0.48236391983743143,3.9088500144733764,0.018096552153157742,128988.86355938508,0.03964181102708413,282559.4682646347,0.11997181804148357,855136.842496486,3.319238976643395,0.14151707691540996,1008707.4472017357,2.813901638034041
2,case_0002_steps_0030_mesh_21x21,19,30,21,21,0.09,-734480.915631762,-6.55790790915489e-06,2891446.58417402,-4.78625297546387e-05,-83210053.1663357,-0.000828057527542114,2891446.58417402,734480.915631762,-6.55790790915489e-06,0.4056568331923089,0.10304433908831158,-9.200447171859156e-13,-0.49177466148938426,3.9367211899399037,0.018096552153157742,128988.86355938508,0.03964181102708413,282559.4682646347,0.12114089124146932,863469.7791911471,3.3486366910056478,0.1426861501153957,1017040.3838963967,2.843000759809125
2,case_0002_steps_0030_mesh_21x21,20,30,21,21,0.095,-746084.776962946,-6.64882827550173e-06,2929199.53968522,-6.63995742797852e-05,-84363313.2860223,-0.000830568373203278,2929199.53968522,746084.776962946,-6.64882827550173e-06,0.4109534015121758,0.10467230817000757,-9.32800431950565e-13,-0.4985904738027639,3.926094768491299,0.018096552153157742,128988.86355938508,0.03964181102708413,282559.4682646347,0.12276886032316531,875073.6405223311,3.347374899713334,0.1443141191970917,1028644.2452275808,2.8476312906773265
2,case_0002_steps_0030_mesh_21x21,21,30,21,21,0.1,-760456.199348334,-6.75336923450232e-06,2952725.4931393,-7.45654106140137e-05,-85110399.2084904,-0.000850789248943329,2952725.4931393,760456.199348334,-6.75336923450232e-06,0.41425398601138347,0.10668855350728428,-9.474670540487148e-13,-0.5030057807596146,3.882834403440476,0.018096552153157742,128988.86355938508,0.03964181102708413,282559.4682646347,0.12478510566044201,889445.062907719,3.319739033107263,0.1463303645343684,1043015.6676129687,2.8309502769952313
2,case_0002_steps_0030_mesh_21x21,22,30,21,21,0.105,-777136.982470943,-7.32194166630507e-06,2964578.22109366,-6.33001327514648e-05,-85526118.7917244,-0.000902026891708374,2964578.22109366,777136.982470943,-7.32194166630507e-06,0.41591686995085253,0.10902879167516946,-1.0272351858163783e-12,-0.5054626997200042,3.814743459599164,0.018096552153157742,128988.86355938508,0.03964181102708413,282559.4682646347,0.12712534382832721,906125.8460303281,3.2717069423427922,0.1486706027022536,1059696.4507355778,2.7975730399359433
2,case_0002_steps_0030_mesh_21x21,23,30,21,21,0.11,-795586.539716024,-6.97746872901917e-06,2968183.86913008,-6.03795051574707e-05,-85710343.6952506,-0.000866703689098358,2968183.86913008,795586.539716024,-6.97746872901917e-06,0.41642272600645663,0.11161718082501701,-9.789071960742579e-13,-0.5065514760892299,3.7308120750629357,0.018096552153157742,128988.86355938508,0.03964181102708413,282559.4682646347,0.12971373297817476,924575.403275409,3.210321038841143,0.15125899185210115,1078146.0079806587,2.753044436615238
2,case_0002_steps_0030_mesh_21x21,24,30,21,21,0.115,-814950.108052923,-7.33323395252228e-06,2967096.21043172,-7.49826431274414e-05,-85767647.0798665,-0.000909395515918732,2967096.21043172,814950.108052923,-7.33323395252228e-06,0.41627013242731675,0.11433380158289042,-1.028819442323639e-12,-0.5068901413285771,3.6408317283627336,0.018096552153157742,128988.86355938508,0.03964181102708413,282559.4682646347,0.13243035373604817,943938.971612308,3.1433136035942346,0.15397561260997455,1097509.5763175576,2.7034809303324105
2,case_0002_steps_0030_mesh_21x21,25,30,21,21,0.12,-833903.753963096,-6.60447403788567e-06,2965346.19422163,-6.65187835693359e-05,-85813981.572814,-0.000819794833660126,2965346.19422163,833903.753963096,-6.60447403788567e-06,0.41602461309533056,0.11699291208468982,-9.265777337107048e-13,-0.5071639799901028,3.5559813469227533,0.018096552153157742,128988.86355938508,0.03964181102708413,282559.4682646347,0.13508946423784757,962892.617522481,3.079622940563668,0.15663472311177395,1116463.2222277308,2.6560178026327974
2,case_0002_steps_0030_mesh_21x21,26,30,21,21,0.125,-850718.49299895,-7.28829763829708e-06,2966922.84856485,-6.41345977783203e-05,-85962555.6990381,-0.000907294452190399,2966922.84856485,850718.49299895,-7.28829763829708e-06,0.41624581054418197,0.11935194365925654,-1.0225150813772182e-12,-0.5080420588741996,3.487549492554069,0.018096552153157742,128988.86355938508,0.03964181102708413,282559.4682646347,0.13744849581241428,979707.356558335,3.0283766154288236,0.15899375468634067,1133277.9612635847,2.618001011205392
2,case_0002_steps_0030_mesh_21x21,27,30,21,21,0.13,-863799.436520089,-7.20587559044361e-06,2975075.56267487,-6.74724578857422e-05,-86300508.5025718,-0.000896424055099487,2975075.56267487,863799.436520089,-7.20587559044361e-06,0.41738959933346637,0.12118714066860008,-1.010951642128343e-12,-0.5100393731317082,3.444174002544258,0.018096552153157742,128988.86355938508,0.03964181102708413,282559.4682646347,0.13928369282175782,992788.3000794741,2.996686768404413,0.1608289516956842,1146358.9047847237,2.595239196256397
2,case_0002_steps_0030_mesh_21x21,28,30,21,21,0.135,-872291.897067752,-7.36897345632315e-06,2991683.415077,-7.74860382080078e-05,-86872299.7947432,-0.000925280153751373,2991683.415077,872291.897067752,-7.36897345632315e-06,0.4197196056522578,0.1223785943411775,-1.0338335325064141e-12,-0.513418681982624,3.4296815379504,0.018096552153157742,128988.86355938508,0.03964181102708413,282559.4682646347,0.14047514649433523,1001280.760627137,2.987856685874204,0.16202040536826162,1154851.3653323867,2.5905354618652074
2,case_0002_steps_0030_mesh_21x21,29,30,21,21,0.14,-876359.189546358,-7.36652873456478e-06,3016778.23537116,-7.62343406677246e-05,-87671355.0063757,-0.00091949850320816,3016778.23537116,876359.189546358,-7.36652873456478e-06,0.42324029504896926,0.12294921701688898,-1.0334905491388622e-12,-0.5181411294665402,3.4423992711627487,0.018096552153157742,128988.86355938508,0.03964181102708413,282559.4682646347,0.14104576917004671,1005348.053105743,3.000730171060324,0.1625910280439731,1158918.6578109926,2.603097478013996
2,case_0002_steps_0030_mesh_21x21,30,30,21,21,0.145,-877247.912630584,-7.47374724596739e-06,3048872.0547937,-7.48634338378906e-05,-88648843.6128135,-0.000942572951316833,3048872.0547937,877247.912630584,-7.47374724596739e-06,0.4277429122590716,0.123073900832217,-1.0485328196871873e-12,-0.5239181252771277,3.475496505487388,0.018096552153157742,128988.86355938508,0.03964181102708413,282559.4682646347,0.14117045298537476,1006236.776189969,3.0299747802281662,0.16271571185930114,1159807.3808952188,2.628774488777931
3,case_0003_steps_0040_mesh_21x21,1,40,21,21,0.0,-34183.2613243375,-3.15834768116474e-06,9147140.42049128,-3.99351119995117e-06,-193947896.879793,-0.000410236418247223,9147140.42049128,34183.2613243375,-3.15834768116474e-06,1.2833022875301843,0.004795756426182461,-4.431018457937564e-13,-1.1462396393856116,267.59121470890136,0.018096552153157742,128988.86355938508,0.03964181102708413,282559.4682646347,0.0228923085793402,163172.12488372257,56.058229473996164,0.044437567453266595,316742.72958897223,28.87876994796773
3,case_0003_steps_0040_mesh_21x21,2,40,21,21,0.005,-434009.020355709,-3.4745316952467e-06,1625266.75662054,-1.25765800476074e-05,-41820558.6812941,-0.000451914966106415,1625266.75662054,434009.020355709,-3.4745316952467e-06,0.22801754982852682,0.060889495845446076,-4.874610279970687e-13,-0.2471611338557688,3.7447764456335246,0.018096552153157742,128988.86355938508,0.03964181102708413,282559.4682646347,0.07898604799860381,562997.8839150941,2.8868079313520956,0.1005313068725302,716568.4886203437,2.268124795369906
3,case_0003_steps_0040_mesh_21x21,3,40,21,21,0.01,-465390.67667281,-3.93157824873924e-06,1772396.33206223,-9.17911529541016e-06,-46743494.0587248,-0.00050760805606842,1772396.33206223,465390.67667281,-3.93157824873924e-06,0.2486591615288012,0.06529219980394273,-5.515825851878636e-13,-0.2762558740541749,3.808405326753682,0.018096552153157742,128988.86355938508,0.03964181102708413,282559.4682646347,0.08338875195710047,594379.540232195,2.9819268869346365,0.10493401083102685,747950.1449374447,2.369671754272426
3,case_0003_steps_0040_mesh_21x21,4,40,21,21,0.015,-495398.946391917,-4.02587465941906e-06,1895465.03903331,-2.15768814086914e-05,-50833776.5728167,-0.000515811145305634,1895465.03903331,495398.946391917,-4.02587465941906e-06,0.26592514258071187,0.06950222385573099,-5.6481194365056e-13,-0.3004296033359305,3.826138615833432,0.018096552153157742,128988.86355938508,0.03964181102708413,282559.4682646347,0.08759877600888873,624387.8099513021,3.0357175601828983,0.10914403488281513,777958.4146565518,2.4364606170756673
3,case_0003_steps_0040_mesh_21x21,5,40,21,21,0.02,-524557.449183153,-4.50923107564449e-06,1998244.15454852,-2.75969505310059e-05,-54249304.5470301,-0.000574313104152679,1998244.15454852,524557.449183153,-4.50923107564449e-06,0.2803445860338292,0.07359302946412884,-6.326246551778606e-13,-0.3206155069546757,3.8093904827015788,0.018096552153157742,128988.86355938508,0.03964181102708413,282559.4682646347,0.09168958161728658,653546.312742538,3.057540247091441,0.11323484049121296,807116.9174477877,2.4757802882725306
3,case_0003_steps_0040_mesh_21x21,6,40,21,21,0.025,-553657.868608492,-4.47861384600401e-06,2080907.34683602,-2.08616256713867e-05,-57028567.7052329,-0.000562712550163269,2080907.34683602,553657.868608492,-4.47861384600401e-06,0.29194185675238665,0.0776756862398974,-6.28329196812813e-13,-0.3370410606805332,3.7584715486225515,0.018096552153157742,128988.86355938508,0.03964181102708413,282559.4682646347,0.09577223839305514,682646.732167877,3.0482931343239503,0.11731749726698154,836217.3368731267,2.488476685519546
3,case_0003_steps_0040_mesh_21x21,7,40,21,21,0.03,-583428.06889356,-5.04555646330118e-06,2146186.16262006,-2.56896018981934e-05,-59267870.7958487,-0.000629864633083344,2146186.16262006,583428.06889356,-5.04555646330118e-06,0.30110017834492003,0.08185231023054645,-7.078686730021084e-13,-0.3502754293349837,3.678578863526719,0.018096552153157742,128988.86355938508,0.03964181102708413,282559.4682646347,0.09994886238370419,712416.932452945,3.0125423257845085,0.1214941212576306,865987.5371581947,2.478310680616648
3,case_0003_steps_0040_mesh_21x21,8,40,21,21,0.035,-614078.782558923,-4.97978180646896e-06,2198351.67172132,-3.1888484954834e-05,-61104575.2686895,-0.00062541663646698,2198351.67172132,614078.782558923,-4.97978180646896e-06,0.3084187625234089,0.08615246625232102,-6.986407871608449e-13,-0.3611304244469535,3.5799179749552423,0.018096552153157742,128988.86355938508,0.03964181102708413,282559.4682646347,0.10424901840547876,743067.6461183081,2.958481213931508,0.12579427727940515,896638.2508235577,2.451771012113464
3,case_0003_steps_0040_mesh_21x21,9,40,21,21,0.04,-644709.184983419,-5.10166864842176e-06,2242672.63898645,-3.74913215637207e-05,-62701058.8729538,-0.000637270510196686,2242672.63898645,644709.184983419,-5.10166864842176e-06,0.3146367930840283,0.09044977269918265,-7.157409579144778e-13,-0.37056570485100526,3.478580251720981,0.018096552153157742,128988.86355938508,0.03964181102708413,282559.4682646347,0.10854632485234039,773698.0485428041,2.8986406818659263,0.13009158372626678,927268.6532480537,2.4185791584033116
3,case_0003_steps_0040_mesh_21x21,10,40,21,21,0.045,-673188.735369929,-5.65533991903067e-06,2285282.31793272,-2.60472297668457e-05,-64239977.8771746,-0.000704586505889893,2285282.31793272,673188.735369929,-5.65533991903067e-06,0.32061473766003795,0.09444532436656117,-7.9341852439421e-13,-0.37966077622233857,3.3947126531713536,0.018096552153157742,128988.86355938508,0.03964181102708413,282559.4682646347,0.1125418765197189,802177.5989293141,2.8488483360579275,0.1340871353936453,955748.2036345637,2.3910924543118597
3,case_0003_steps_0040_mesh_21x21,11,40,21,21,0.05,-696700.849921562,-5.2496325224638e-06,2332181.69852515,-4.60147857666016e-05,-65892649.4339679,-0.000661149621009827,2332181.69852515,696700.849921562,-5.2496325224638e-06,0.3271945079085832,0.09774396733056213,-7.364996179219929e-13,-0.3894281296185742,3.3474649826933875,0.018096552153157742,128988.86355938508,0.03964181102708413,282559.4682646347,0.11584051948371987,825689.7134809471,2.8245255577826276,0.13738577835764626,979260.3181861967,2.381574802137248
3,case_0003_steps_0040_mesh_21x21,12,40,21,21,0.055,-712904.272076997,-5.72763383388519e-06,2387805.32567871,-4.45246696472168e-05,-67776557.598892,-0.000720269978046417,2387805.32567871,712904.272076997,-5.72763383388519e-06,0.33499825035545555,0.10001723392121213,-8.035610325489428e-13,-0.4005621003928827,3.3494052696893024,0.018096552153157742,128988.86355938508,0.03964181102708413,282559.4682646347,0.11811378607436987,841893.135636382,2.8362332754664665,0.13965904494829626,995463.7403416317,2.3986863899826654
3,case_0003_steps_0040_mesh_21x21,13,40,21,21,0.06,-721190.793292954,-5.44264912605286e-06,2453856.91291581,-4.04119491577148e-05,-69926298.1486104,-0.000688731670379639,2453856.91291581,721190.793292954,-5.44264912605286e-06,0.3442649882757003,0.10117979524018814,-7.635789714172401e-13,-0.41326715093544714,3.402507264009168,0.018096552153157742,128988.86355938508,0.03964181102708413,282559.4682646347,0.11927634739334587,850179.656852339,2.8862804386555685,0.14082160626727228,1003750.2615575887,2.444688690898063
3,case_0003_steps_0040_mesh_21x21,14,40,21,21,0.065,-723112.433145895,-5.94649463891983e-06,2529418.97256665,-4.49419021606445e-05,-72303447.9878623,-0.000756621360778809,2529418.97256665,723112.433145895,-5.94649463891983e-06,0.3548660023131788,0.10144939259036809,-8.342662102154475e-13,-0.4273161992538131,3.4979608379328124,0.018096552153157742,128988.86355938508,0.03964181102708413,282559.4682646347,0.11954594474352583,852101.2967052801,2.9684486836798123,0.14109120361745223,1005671.9014105297,2.5151532711801448
3,case_0003_steps_0040_mesh_21x21,15,40,21,21,0.07,-721726.82724735,-6.07233960181475e-06,2611015.35704119,-5.03659248352051e-05,-74805747.8482616,-0.000769495964050293,2611015.35704119,721726.82724735,-6.07233960181475e-06,0.36631360473718816,0.10125499837124854,-8.51921687373688e-13,-0.4421048890811457,3.6177335502402537,0.018096552153157742,128988.86355938508,0.03964181102708413,282559.4682646347,0.11935155052440628,850715.6908067351,3.0691985410133436,0.14089680939833268,1004286.2955119847,2.599871539330421
3,case_0003_steps_0040_mesh_21x21,16,40,21,21,0.075,-720382.888860202,-6.0034217312932e-06,2693700.42446341,-5.26905059814453e-05,-77298139.5890872,-0.000764913856983185,2693700.42446341,720382.888860202,-6.0034217312932e-06,0.3779139444378684,0.10106644991487382,-8.422528229170008e-13,-0.456835021535133,3.739262087034595,0.018096552153157742,128988.86355938508,0.03964181102708413,282559.4682646347,0.11916300206803156,849371.7524195871,3.171403354055422,0.14070826094195796,1002942.3571248368,2.6857978480293894
3,case_0003_steps_0040_mesh_21x21,17,40,21,21,0.08,-721489.024544755,-6.40528742223978e-06,2771308.67586082,-5.06043434143066e-05,-79616526.8497279,-0.000817753374576569,2771308.67586082,721489.024544755,-6.40528742223978e-06,0.3888020298909356,0.10122163573132041,-8.986327555259227e-13,-0.4705367807206942,3.8410960965199155,0.018096552153157742,128988.86355938508,0.03964181102708413,282559.4682646347,0.11931818788447815,850477.8881041401,3.2585311324654644,0.14086344675840454,1004048.4928093897,2.7601342920266
3,case_0003_steps_0040_mesh_21x21,18,40,21,21,0.085,-726147.978937101,-6.06593675911427e-06,2838403.5379781,-5.86509704589844e-05,-81617721.6077677,-0.000765077769756317,2838403.5379781,726147.978937101,-6.06593675911427e-06,0.3982151345420615,0.10187526588832584,-8.510233976015297e-13,-0.48236391983743143,3.9088500144733764,0.018096552153157742,128988.86355938508,0.03964181102708413,282559.4682646347,0.11997181804148357,855136.842496486,3.319238976643395,0.14151707691540996,1008707.4472017357,2.813901638034041
3,case_0003_steps_0040_mesh_21x21,19,40,21,21,0.09,-734480.915631762,-6.55790790915489e-06,2891446.58417402,-4.78625297546387e-05,-83210053.1663357,-0.000828057527542114,2891446.58417402,734480.915631762,-6.55790790915489e-06,0.4056568331923089,0.10304433908831158,-9.200447171859156e-13,-0.49177466148938426,3.9367211899399037,0.018096552153157742,128988.86355938508,0.03964181102708413,282559.4682646347,0.12114089124146932,863469.7791911471,3.3486366910056478,0.1426861501153957,1017040.3838963967,2.843000759809125
3,case_0003_steps_0040_mesh_21x21,20,40,21,21,0.095,-746084.776962946,-6.64882827550173e-06,2929199.53968522,-6.63995742797852e-05,-84363313.2860223,-0.000830568373203278,2929199.53968522,746084.776962946,-6.64882827550173e-06,0.4109534015121758,0.10467230817000757,-9.32800431950565e-13,-0.4985904738027639,3.926094768491299,0.018096552153157742,128988.86355938508,0.03964181102708413,282559.4682646347,0.12276886032316531,875073.6405223311,3.347374899713334,0.1443141191970917,1028644.2452275808,2.8476312906773265
3,case_0003_steps_0040_mesh_21x21,21,40,21,21,0.1,-760456.199348334,-6.75336923450232e-06,2952725.4931393,-7.45654106140137e-05,-85110399.2084904,-0.000850789248943329,2952725.4931393,760456.199348334,-6.75336923450232e-06,0.41425398601138347,0.10668855350728428,-9.474670540487148e-13,-0.5030057807596146,3.882834403440476,0.018096552153157742,128988.86355938508,0.03964181102708413,282559.4682646347,0.12478510566044201,889445.062907719,3.319739033107263,0.1463303645343684,1043015.6676129687,2.8309502769952313
3,case_0003_steps_0040_mesh_21x21,22,40,21,21,0.105,-777136.982470943,-7.32194166630507e-06,2964578.22109366,-6.33001327514648e-05,-85526118.7917244,-0.000902026891708374,2964578.22109366,777136.982470943,-7.32194166630507e-06,0.41591686995085253,0.10902879167516946,-1.0272351858163783e-12,-0.5054626997200042,3.814743459599164,0.018096552153157742,128988.86355938508,0.03964181102708413,282559.4682646347,0.12712534382832721,906125.8460303281,3.2717069423427922,0.1486706027022536,1059696.4507355778,2.7975730399359433
3,case_0003_steps_0040_mesh_21x21,23,40,21,21,0.11,-795586.539716024,-6.97746872901917e-06,2968183.86913008,-6.03795051574707e-05,-85710343.6952506,-0.000866703689098358,2968183.86913008,795586.539716024,-6.97746872901917e-06,0.41642272600645663,0.11161718082501701,-9.789071960742579e-13,-0.5065514760892299,3.7308120750629357,0.018096552153157742,128988.86355938508,0.03964181102708413,282559.4682646347,0.12971373297817476,924575.403275409,3.210321038841143,0.15125899185210115,1078146.0079806587,2.753044436615238
3,case_0003_steps_0040_mesh_21x21,24,40,21,21,0.115,-814950.108052923,-7.33323395252228e-06,2967096.21043172,-7.49826431274414e-05,-85767647.0798665,-0.000909395515918732,2967096.21043172,814950.108052923,-7.33323395252228e-06,0.41627013242731675,0.11433380158289042,-1.028819442323639e-12,-0.5068901413285771,3.6408317283627336,0.018096552153157742,128988.86355938508,0.03964181102708413,282559.4682646347,0.13243035373604817,943938.971612308,3.1433136035942346,0.15397561260997455,1097509.5763175576,2.7034809303324105
3,case_0003_steps_0040_mesh_21x21,25,40,21,21,0.12,-833903.753963096,-6.60447403788567e-06,2965346.19422163,-6.65187835693359e-05,-85813981.572814,-0.000819794833660126,2965346.19422163,833903.753963096,-6.60447403788567e-06,0.41602461309533056,0.11699291208468982,-9.265777337107048e-13,-0.5071639799901028,3.5559813469227533,0.018096552153157742,128988.86355938508,0.03964181102708413,282559.4682646347,0.13508946423784757,962892.617522481,3.079622940563668,0.15663472311177395,1116463.2222277308,2.6560178026327974
3,case_0003_steps_0040_mesh_21x21,26,40,21,21,0.125,-850718.49299895,-7.28829763829708e-06,2966922.84856485,-6.41345977783203e-05,-85962555.6990381,-0.000907294452190399,2966922.84856485,850718.49299895,-7.28829763829708e-06,0.41624581054418197,0.11935194365925654,-1.0225150813772182e-12,-0.5080420588741996,3.487549492554069,0.018096552153157742,128988.86355938508,0.03964181102708413,282559.4682646347,0.13744849581241428,979707.356558335,3.0283766154288236,0.15899375468634067,1133277.9612635847,2.618001011205392
3,case_0003_steps_0040_mesh_21x21,27,40,21,21,0.13,-863799.436520089,-7.20587559044361e-06,2975075.56267487,-6.74724578857422e-05,-86300508.5025718,-0.000896424055099487,2975075.56267487,863799.436520089,-7.20587559044361e-06,0.41738959933346637,0.12118714066860008,-1.010951642128343e-12,-0.5100393731317082,3.444174002544258,0.018096552153157742,128988.86355938508,0.03964181102708413,282559.4682646347,0.13928369282175782,992788.3000794741,2.996686768404413,0.1608289516956842,1146358.9047847237,2.595239196256397
3,case_0003_steps_0040_mesh_21x21,28,40,21,21,0.135,-872291.897067752,-7.36897345632315e-06,2991683.415077,-7.74860382080078e-05,-86872299.7947432,-0.000925280153751373,2991683.415077,872291.897067752,-7.36897345632315e-06,0.4197196056522578,0.1223785943411775,-1.0338335325064141e-12,-0.513418681982624,3.4296815379504,0.018096552153157742,128988.86355938508,0.03964181102708413,282559.4682646347,0.14047514649433523,1001280.760627137,2.987856685874204,0.16202040536826162,1154851.3653323867,2.5905354618652074
3,case_0003_steps_0040_mesh_21x21,29,40,21,21,0.14,-876359.189546358,-7.36652873456478e-06,3016778.23537116,-7.62343406677246e-05,-87671355.0063757,-0.00091949850320816,3016778.23537116,876359.189546358,-7.36652873456478e-06,0.42324029504896926,0.12294921701688898,-1.0334905491388622e-12,-0.5181411294665402,3.4423992711627487,0.018096552153157742,128988.86355938508,0.03964181102708413,282559.4682646347,0.14104576917004671,1005348.053105743,3.000730171060324,0.1625910280439731,1158918.6578109926,2.603097478013996
3,case_0003_steps_0040_mesh_21x21,30,40,21,21,0.145,-877247.912630584,-7.47374724596739e-06,3048872.0547937,-7.48634338378906e-05,-88648843.6128135,-0.000942572951316833,3048872.0547937,877247.912630584,-7.47374724596739e-06,0.4277429122590716,0.123073900832217,-1.0485328196871873e-12,-0.5239181252771277,3.475496505487388,0.018096552153157742,128988.86355938508,0.03964181102708413,282559.4682646347,0.14117045298537476,1006236.776189969,3.0299747802281662,0.16271571185930114,1159807.3808952188,2.628774488777931
3,case_0003_steps_0040_mesh_21x21,31,40,21,21,0.15,-876806.727083718,-7.14766792953014e-06,3084916.77735332,-7.33733177185059e-05,-89717024.1089812,-0.000905714929103851,3084916.77735332,876806.727083718,-7.14766792953014e-06,0.4327998232484916,0.12301200450227219,-1.0027853714723576e-12,-0.5302311136952742,3.518354367117863,0.018096552153157742,128988.86355938508,0.03964181102708413,282559.4682646347,0.14110855665542993,1005795.5906431031,3.0671408843429426,0.16265381552935632,1159366.1953483527,2.6608648671409645
3,case_0003_steps_0040_mesh_21x21,32,40,21,21,0.155,-876815.108606115,-7.74371437728405e-06,3121174.93702301,-7.02738761901855e-05,-90773076.3441879,-0.000976912677288055,3121174.93702301,876815.108606115,-7.74371437728405e-06,0.43788667849578966,0.12301318039182571,-1.0864079829896463e-12,-0.5364724236178352,3.5596728505109643,0.018096552153157742,128988.86355938508,0.03964181102708413,282559.4682646347,0.14110973254498346,1005803.9721655,3.103164258044346,0.16265499141890985,1159374.5768707497,2.6921195265876245
3,case_0003_steps_0040_mesh_21x21,33,40,21,21,0.16,-878614.748216628,-7.88294710218906e-06,3153815.29292849,-5.26309013366699e-05,-91713647.2838824,-0.000986337661743164,3153815.29292849,878614.748216628,-7.88294710218906e-06,0.4424659722940423,0.12326566166168,-1.1059417023987624e-12,-0.542031234577256,3.5895314747788607,0.018096552153157742,128988.86355938508,0.03964181102708413,282559.4682646347,0.14136221381483774,1007603.611776013,3.1300158674198686,0.16290747268876413,1161174.2164812628,2.7160569431911608
3,case_0003_steps_0040_mesh_21x21,34,40,21,21,0.165,-882893.836973831,-8.11670906841755e-06,3179600.21265879,-4.20212745666504e-05,-92452457.7601058,-0.00101941078901291,3179600.21265879,882893.836973831,-8.11670906841755e-06,0.4460834795096907,0.12386599839406051,-1.1387374453531998e-12,-0.5463976333238508,3.601339231857197,0.018096552153157742,128988.86355938508,0.03964181102708413,282559.4682646347,0.14196255054721826,1011882.7005332161,3.142261658375309,0.16350780942114465,1165453.3052384658,2.728209013923733
3,case_0003_steps_0040_mesh_21x21,35,40,21,21,0.17,-889783.285280249,-7.27095175534487e-06,3196681.2125957,-2.0146369934082e-05,-92941975.7149251,-0.000901669263839722,3196681.2125957,889783.285280249,-7.27095175534487e-06,0.44847986628027464,0.12483255672431649,-1.020081532721735e-12,-0.5492907035402946,3.59265145286345,0.018096552153157742,128988.86355938508,0.03964181102708413,282559.4682646347,0.14292910887747423,1018772.148839634,3.137778370008123,0.16447436775140062,1172342.7535448838,2.726746254821554
3,case_0003_steps_0040_mesh_21x21,36,40,21,21,0.175,-899110.78794295,-7.53335189074278e-06,3204611.70355716,1.34706497192383e-05,-93172779.6380312,-0.000922635197639465,3204611.70355716,899110.78794295,-7.53335189074278e-06,0.4495924781703557,0.12614116301587108,-1.056895080838916e-12,-0.5506547637329859,3.5642011491029932,0.018096552153157742,128988.86355938508,0.03964181102708413,282559.4682646347,0.14423771516902884,1028099.6515023351,3.1170244040782866,0.16578297404295522,1181670.2562075849,2.711933965268737
3,case_0003_steps_0040_mesh_21x21,37,40,21,21,0.18,-910471.580750106,-7.24068377166986e-06,3204433.03296491,6.02602958679199e-05,-93177337.527725,-0.000869162380695343,3204433.03296491,910471.580750106,-7.24068377166986e-06,0.44956741149714324,0.12773503068679032,-1.0158350719806218e-12,-0.5506817010389482,3.5195310877522266,0.018096552153157742,128988.86355938508,0.03964181102708413,282559.4682646347,0.14583158283994807,1039460.4443094911,3.082784968401179,0.16737684171387446,1193031.0490147406,2.6859594606622155
3,case_0003_steps_0040_mesh_21x21,38,40,21,21,0.185,-923370.899801219,-7.18398950994015e-06,3198141.96197944,0.000123679637908936,-93013843.3169419,-0.000830970704555511,3198141.96197944,923370.899801219,-7.18398950994015e-06,0.4486848027893352,0.12954474660727533,-1.007881124361693e-12,-0.5497154438728507,3.46355073856879,0.018096552153157742,128988.86355938508,0.03964181102708413,282559.4682646347,0.14764129876043308,1052359.7633606042,3.039019614135092,0.16918655763435947,1205930.3680658536,2.6520121282863287
3,case_0003_steps_0040_mesh_21x21,39,40,21,21,0.19,-937054.60757981,-6.83299731463194e-06,3188262.55293899,0.000245869159698486,-92756325.293988,-0.000717818737030029,3188262.55293899,937054.60757981,-6.83299731463194e-06,0.4472987665377593,0.13146450870634863,-9.58638512306102e-13,-0.5481935023075398,3.4024298340237786,0.018096552153157742,128988.86355938508,0.03964181102708413,282559.4682646347,0.14956106085950638,1066043.4711391951,2.9907434727140623,0.17110631973343277,1219614.0758444448,2.6141569010110666
3,case_0003_steps_0040_mesh_21x21,40,40,21,21,0.195,-950543.643165251,-7.75931403040886e-06,3177743.61113549,0.00036543607711792,-92489071.5819157,-0.000709012150764465,3177743.61113549,950543.643165251,-7.75931403040886e-06,0.44582300674198877,0.133356959180225,-1.0885965435254504e-12,-0.5466140224396036,3.343080177311798,0.018096552153157742,128988.86355938508,0.03964181102708413,282559.4682646347,0.15145351133338275,1079532.506724636,2.9436293871103034,0.17299877020730914,1233103.1114298857,2.577029918812411
4,case_0004_steps_0050_mesh_21x21,1,50,21,21,0.0,-34183.2613243375,-3.15834768116474e-06,9147140.42049128,-3.99351119995117e-06,-193947896.879793,-0.000410236418247223,9147140.42049128,34183.2613243375,-3.15834768116474e-06,1.2833022875301843,0.004795756426182461,-4.431018457937564e-13,-1.1462396393856116,267.59121470890136,0.018096552153157742,128988.86355938508,0.03964181102708413,282559.4682646347,0.0228923085793402,163172.12488372257,56.058229473996164,0.044437567453266595,316742.72958897223,28.87876994796773
4,case_0004_steps_0050_mesh_21x21,2,50,21,21,0.005,-434009.020355709,-3.4745316952467e-06,1625266.75662054,-1.25765800476074e-05,-41820558.6812941,-0.000451914966106415,1625266.75662054,434009.020355709,-3.4745316952467e-06,0.22801754982852682,0.060889495845446076,-4.874610279970687e-13,-0.2471611338557688,3.7447764456335246,0.018096552153157742,128988.86355938508,0.03964181102708413,282559.4682646347,0.07898604799860381,562997.8839150941,2.8868079313520956,0.1005313068725302,716568.4886203437,2.268124795369906
4,case_0004_steps_0050_mesh_21x21,3,50,21,21,0.01,-465390.67667281,-3.93157824873924e-06,1772396.33206223,-9.17911529541016e-06,-46743494.0587248,-0.00050760805606842,1772396.33206223,465390.67667281,-3.93157824873924e-06,0.2486591615288012,0.06529219980394273,-5.515825851878636e-13,-0.2762558740541749,3.808405326753682,0.018096552153157742,128988.86355938508,0.03964181102708413,282559.4682646347,0.08338875195710047,594379.540232195,2.9819268869346365,0.10493401083102685,747950.1449374447,2.369671754272426
4,case_0004_steps_0050_mesh_21x21,4,50,21,21,0.015,-495398.946391917,-4.02587465941906e-06,1895465.03903331,-2.15768814086914e-05,-50833776.5728167,-0.000515811145305634,1895465.03903331,495398.946391917,-4.02587465941906e-06,0.26592514258071187,0.06950222385573099,-5.6481194365056e-13,-0.3004296033359305,3.826138615833432,0.018096552153157742,128988.86355938508,0.03964181102708413,282559.4682646347,0.08759877600888873,624387.8099513021,3.0357175601828983,0.10914403488281513,777958.4146565518,2.4364606170756673
4,case_0004_steps_0050_mesh_21x21,5,50,21,21,0.02,-524557.449183153,-4.50923107564449e-06,1998244.15454852,-2.75969505310059e-05,-54249304.5470301,-0.000574313104152679,1998244.15454852,524557.449183153,-4.50923107564449e-06,0.2803445860338292,0.07359302946412884,-6.326246551778606e-13,-0.3206155069546757,3.8093904827015788,0.018096552153157742,128988.86355938508,0.03964181102708413,282559.4682646347,0.09168958161728658,653546.312742538,3.057540247091441,0.11323484049121296,807116.9174477877,2.4757802882725306
4,case_0004_steps_0050_mesh_21x21,6,50,21,21,0.025,-553657.868608492,-4.47861384600401e-06,2080907.34683602,-2.08616256713867e-05,-57028567.7052329,-0.000562712550163269,2080907.34683602,553657.868608492,-4.47861384600401e-06,0.29194185675238665,0.0776756862398974,-6.28329196812813e-13,-0.3370410606805332,3.7584715486225515,0.018096552153157742,128988.86355938508,0.03964181102708413,282559.4682646347,0.09577223839305514,682646.732167877,3.0482931343239503,0.11731749726698154,836217.3368731267,2.488476685519546
4,case_0004_steps_0050_mesh_21x21,7,50,21,21,0.03,-583428.06889356,-5.04555646330118e-06,2146186.16262006,-2.56896018981934e-05,-59267870.7958487,-0.000629864633083344,2146186.16262006,583428.06889356,-5.04555646330118e-06,0.30110017834492003,0.08185231023054645,-7.078686730021084e-13,-0.3502754293349837,3.678578863526719,0.018096552153157742,128988.86355938508,0.03964181102708413,282559.4682646347,0.09994886238370419,712416.932452945,3.0125423257845085,0.1214941212576306,865987.5371581947,2.478310680616648
4,case_0004_steps_0050_mesh_21x21,8,50,21,21,0.035,-614078.782558923,-4.97978180646896e-06,2198351.67172132,-3.1888484954834e-05,-61104575.2686895,-0.00062541663646698,2198351.67172132,614078.782558923,-4.97978180646896e-06,0.3084187625234089,0.08615246625232102,-6.986407871608449e-13,-0.3611304244469535,3.5799179749552423,0.018096552153157742,128988.86355938508,0.03964181102708413,282559.4682646347,0.10424901840547876,743067.6461183081,2.958481213931508,0.12579427727940515,896638.2508235577,2.451771012113464
4,case_0004_steps_0050_mesh_21x21,9,50,21,21,0.04,-644709.184983419,-5.10166864842176e-06,2242672.63898645,-3.74913215637207e-05,-62701058.8729538,-0.000637270510196686,2242672.63898645,644709.184983419,-5.10166864842176e-06,0.3146367930840283,0.09044977269918265,-7.157409579144778e-13,-0.37056570485100526,3.478580251720981,0.018096552153157742,128988.86355938508,0.03964181102708413,282559.4682646347,0.10854632485234039,773698.0485428041,2.8986406818659263,0.13009158372626678,927268.6532480537,2.4185791584033116
4,case_0004_steps_0050_mesh_21x21,10,50,21,21,0.045,-673188.735369929,-5.65533991903067e-06,2285282.31793272,-2.60472297668457e-05,-64239977.8771746,-0.000704586505889893,2285282.31793272,673188.735369929,-5.65533991903067e-06,0.32061473766003795,0.09444532436656117,-7.9341852439421e-13,-0.37966077622233857,3.3947126531713536,0.018096552153157742,128988.86355938508,0.03964181102708413,282559.4682646347,0.1125418765197189,802177.5989293141,2.8488483360579275,0.1340871353936453,955748.2036345637,2.3910924543118597
4,case_0004_steps_0050_mesh_21x21,11,50,21,21,0.05,-696700.849921562,-5.2496325224638e-06,2332181.69852515,-4.60147857666016e-05,-65892649.4339679,-0.000661149621009827,2332181.69852515,696700.849921562,-5.2496325224638e-06,0.3271945079085832,0.09774396733056213,-7.364996179219929e-13,-0.3894281296185742,3.3474649826933875,0.018096552153157742,128988.86355938508,0.03964181102708413,282559.4682646347,0.11584051948371987,825689.7134809471,2.8245255577826276,0.13738577835764626,979260.3181861967,2.381574802137248
4,case_0004_steps_0050_mesh_21x21,12,50,21,21,0.055,-712904.272076997,-5.72763383388519e-06,2387805.32567871,-4.45246696472168e-05,-67776557.598892,-0.000720269978046417,2387805.32567871,712904.272076997,-5.72763383388519e-06,0.33499825035545555,0.10001723392121213,-8.035610325489428e-13,-0.4005621003928827,3.3494052696893024,0.018096552153157742,128988.86355938508,0.03964181102708413,282559.4682646347,0.11811378607436987,841893.135636382,2.8362332754664665,0.13965904494829626,995463.7403416317,2.3986863899826654
4,case_0004_steps_0050_mesh_21x21,13,50,21,21,0.06,-721190.793292954,-5.44264912605286e-06,2453856.91291581,-4.04119491577148e-05,-69926298.1486104,-0.000688731670379639,2453856.91291581,721190.793292954,-5.44264912605286e-06,0.3442649882757003,0.10117979524018814,-7.635789714172401e-13,-0.41326715093544714,3.402507264009168,0.018096552153157742,128988.86355938508,0.03964181102708413,282559.4682646347,0.11927634739334587,850179.656852339,2.8862804386555685,0.14082160626727228,1003750.2615575887,2.444688690898063
4,case_0004_steps_0050_mesh_21x21,14,50,21,21,0.065,-723112.433145895,-5.94649463891983e-06,2529418.97256665,-4.49419021606445e-05,-72303447.9878623,-0.000756621360778809,2529418.97256665,723112.433145895,-5.94649463891983e-06,0.3548660023131788,0.10144939259036809,-8.342662102154475e-13,-0.4273161992538131,3.4979608379328124,0.018096552153157742,128988.86355938508,0.03964181102708413,282559.4682646347,0.11954594474352583,852101.2967052801,2.9684486836798123,0.14109120361745223,1005671.9014105297,2.5151532711801448
4,case_0004_steps_0050_mesh_21x21,15,50,21,21,0.07,-721726.82724735,-6.07233960181475e-06,2611015.35704119,-5.03659248352051e-05,-74805747.8482616,-0.000769495964050293,2611015.35704119,721726.82724735,-6.07233960181475e-06,0.36631360473718816,0.10125499837124854,-8.51921687373688e-13,-0.4421048890811457,3.6177335502402537,0.018096552153157742,128988.86355938508,0.03964181102708413,282559.4682646347,0.11935155052440628,850715.6908067351,3.0691985410133436,0.14089680939833268,1004286.2955119847,2.599871539330421
4,case_0004_steps_0050_mesh_21x21,16,50,21,21,0.075,-720382.888860202,-6.0034217312932e-06,2693700.42446341,-5.26905059814453e-05,-77298139.5890872,-0.000764913856983185,2693700.42446341,720382.888860202,-6.0034217312932e-06,0.3779139444378684,0.10106644991487382,-8.422528229170008e-13,-0.456835021535133,3.739262087034595,0.018096552153157742,128988.86355938508,0.03964181102708413,282559.4682646347,0.11916300206803156,849371.7524195871,3.171403354055422,0.14070826094195796,1002942.3571248368,2.6857978480293894
4,case_0004_steps_0050_mesh_21x21,17,50,21,21,0.08,-721489.024544755,-6.40528742223978e-06,2771308.67586082,-5.06043434143066e-05,-79616526.8497279,-0.000817753374576569,2771308.67586082,721489.024544755,-6.40528742223978e-06,0.3888020298909356,0.10122163573132041,-8.986327555259227e-13,-0.4705367807206942,3.8410960965199155,0.018096552153157742,128988.86355938508,0.03964181102708413,282559.4682646347,0.11931818788447815,850477.8881041401,3.2585311324654644,0.14086344675840454,1004048.4928093897,2.7601342920266
4,case_0004_steps_0050_mesh_21x21,18,50,21,21,0.085,-726147.978937101,-6.06593675911427e-06,2838403.5379781,-5.86509704589844e-05,-81617721.6077677,-0.000765077769756317,2838403.5379781,726147.978937101,-6.06593675911427e-06,0.3982151345420615,0.10187526588832584,-8.510233976015297e-13,-0.48236391983743143,3.9088500144733764,0.018096552153157742,128988.86355938508,0.03964181102708413,282559.4682646347,0.11997181804148357,855136.842496486,3.319238976643395,0.14151707691540996,1008707.4472017357,2.813901638034041
4,case_0004_steps_0050_mesh_21x21,19,50,21,21,0.09,-734480.915631762,-6.55790790915489e-06,2891446.58417402,-4.78625297546387e-05,-83210053.1663357,-0.000828057527542114,2891446.58417402,734480.915631762,-6.55790790915489e-06,0.4056568331923089,0.10304433908831158,-9.200447171859156e-13,-0.49177466148938426,3.9367211899399037,0.018096552153157742,128988.86355938508,0.03964181102708413,282559.4682646347,0.12114089124146932,863469.7791911471,3.3486366910056478,0.1426861501153957,1017040.3838963967,2.843000759809125
4,case_0004_steps_0050_mesh_21x21,20,50,21,21,0.095,-746084.776962946,-6.64882827550173e-06,2929199.53968522,-6.63995742797852e-05,-84363313.2860223,-0.000830568373203278,2929199.53968522,746084.776962946,-6.64882827550173e-06,0.4109534015121758,0.10467230817000757,-9.32800431950565e-13,-0.4985904738027639,3.926094768491299,0.018096552153157742,128988.86355938508,0.03964181102708413,282559.4682646347,0.12276886032316531,875073.6405223311,3.347374899713334,0.1443141191970917,1028644.2452275808,2.8476312906773265
4,case_0004_steps_0050_mesh_21x21,21,50,21,21,0.1,-760456.199348334,-6.75336923450232e-06,2952725.4931393,-7.45654106140137e-05,-85110399.2084904,-0.000850789248943329,2952725.4931393,760456.199348334,-6.75336923450232e-06,0.41425398601138347,0.10668855350728428,-9.474670540487148e-13,-0.5030057807596146,3.882834403440476,0.018096552153157742,128988.86355938508,0.03964181102708413,282559.4682646347,0.12478510566044201,889445.062907719,3.319739033107263,0.1463303645343684,1043015.6676129687,2.8309502769952313
4,case_0004_steps_0050_mesh_21x21,22,50,21,21,0.105,-777136.982470943,-7.32194166630507e-06,2964578.22109366,-6.33001327514648e-05,-85526118.7917244,-0.000902026891708374,2964578.22109366,777136.982470943,-7.32194166630507e-06,0.41591686995085253,0.10902879167516946,-1.0272351858163783e-12,-0.5054626997200042,3.814743459599164,0.018096552153157742,128988.86355938508,0.03964181102708413,282559.4682646347,0.12712534382832721,906125.8460303281,3.2717069423427922,0.1486706027022536,1059696.4507355778,2.7975730399359433
4,case_0004_steps_0050_mesh_21x21,23,50,21,21,0.11,-795586.539716024,-6.97746872901917e-06,2968183.86913008,-6.03795051574707e-05,-85710343.6952506,-0.000866703689098358,2968183.86913008,795586.539716024,-6.97746872901917e-06,0.41642272600645663,0.11161718082501701,-9.789071960742579e-13,-0.5065514760892299,3.7308120750629357,0.018096552153157742,128988.86355938508,0.03964181102708413,282559.4682646347,0.12971373297817476,924575.403275409,3.210321038841143,0.15125899185210115,1078146.0079806587,2.753044436615238
4,case_0004_steps_0050_mesh_21x21,24,50,21,21,0.115,-814950.108052923,-7.33323395252228e-06,2967096.21043172,-7.49826431274414e-05,-85767647.0798665,-0.000909395515918732,2967096.21043172,814950.108052923,-7.33323395252228e-06,0.41627013242731675,0.11433380158289042,-1.028819442323639e-12,-0.5068901413285771,3.6408317283627336,0.018096552153157742,128988.86355938508,0.03964181102708413,282559.4682646347,0.13243035373604817,943938.971612308,3.1433136035942346,0.15397561260997455,1097509.5763175576,2.7034809303324105
4,case_0004_steps_0050_mesh_21x21,25,50,21,21,0.12,-833903.753963096,-6.60447403788567e-06,2965346.19422163,-6.65187835693359e-05,-85813981.572814,-0.000819794833660126,2965346.19422163,833903.753963096,-6.60447403788567e-06,0.41602461309533056,0.11699291208468982,-9.265777337107048e-13,-0.5071639799901028,3.5559813469227533,0.018096552153157742,128988.86355938508,0.03964181102708413,282559.4682646347,0.13508946423784757,962892.617522481,3.079622940563668,0.15663472311177395,1116463.2222277308,2.6560178026327974
4,case_0004_steps_0050_mesh_21x21,26,50,21,21,0.125,-850718.49299895,-7.28829763829708e-06,2966922.84856485,-6.41345977783203e-05,-85962555.6990381,-0.000907294452190399,2966922.84856485,850718.49299895,-7.28829763829708e-06,0.41624581054418197,0.11935194365925654,-1.0225150813772182e-12,-0.5080420588741996,3.487549492554069,0.018096552153157742,128988.86355938508,0.03964181102708413,282559.4682646347,0.13744849581241428,979707.356558335,3.0283766154288236,0.15899375468634067,1133277.9612635847,2.618001011205392
4,case_0004_steps_0050_mesh_21x21,27,50,21,21,0.13,-863799.436520089,-7.20587559044361e-06,2975075.56267487,-6.74724578857422e-05,-86300508.5025718,-0.000896424055099487,2975075.56267487,863799.436520089,-7.20587559044361e-06,0.41738959933346637,0.12118714066860008,-1.010951642128343e-12,-0.5100393731317082,3.444174002544258,0.018096552153157742,128988.86355938508,0.03964181102708413,282559.4682646347,0.13928369282175782,992788.3000794741,2.996686768404413,0.1608289516956842,1146358.9047847237,2.595239196256397
4,case_0004_steps_0050_mesh_21x21,28,50,21,21,0.135,-872291.897067752,-7.36897345632315e-06,2991683.415077,-7.74860382080078e-05,-86872299.7947432,-0.000925280153751373,2991683.415077,872291.897067752,-7.36897345632315e-06,0.4197196056522578,0.1223785943411775,-1.0338335325064141e-12,-0.513418681982624,3.4296815379504,0.018096552153157742,128988.86355938508,0.03964181102708413,282559.4682646347,0.14047514649433523,1001280.760627137,2.987856685874204,0.16202040536826162,1154851.3653323867,2.5905354618652074
4,case_0004_steps_0050_mesh_21x21,29,50,21,21,0.14,-876359.189546358,-7.36652873456478e-06,3016778.23537116,-7.62343406677246e-05,-87671355.0063757,-0.00091949850320816,3016778.23537116,876359.189546358,-7.36652873456478e-06,0.42324029504896926,0.12294921701688898,-1.0334905491388622e-12,-0.5181411294665402,3.4423992711627487,0.018096552153157742,128988.86355938508,0.03964181102708413,282559.4682646347,0.14104576917004671,1005348.053105743,3.000730171060324,0.1625910280439731,1158918.6578109926,2.603097478013996
4,case_0004_steps_0050_mesh_21x21,30,50,21,21,0.145,-877247.912630584,-7.47374724596739e-06,3048872.0547937,-7.48634338378906e-05,-88648843.6128135,-0.000942572951316833,3048872.0547937,877247.912630584,-7.47374724596739e-06,0.4277429122590716,0.123073900832217,-1.0485328196871873e-12,-0.5239181252771277,3.475496505487388,0.018096552153157742,128988.86355938508,0.03964181102708413,282559.4682646347,0.14117045298537476,1006236.776189969,3.0299747802281662,0.16271571185930114,1159807.3808952188,2.628774488777931
4,case_0004_steps_0050_mesh_21x21,31,50,21,21,0.15,-876806.727083718,-7.14766792953014e-06,3084916.77735332,-7.33733177185059e-05,-89717024.1089812,-0.000905714929103851,3084916.77735332,876806.727083718,-7.14766792953014e-06,0.4327998232484916,0.12301200450227219,-1.0027853714723576e-12,-0.5302311136952742,3.518354367117863,0.018096552153157742,128988.86355938508,0.03964181102708413,282559.4682646347,0.14110855665542993,1005795.5906431031,3.0671408843429426,0.16265381552935632,1159366.1953483527,2.6608648671409645
4,case_0004_steps_0050_mesh_21x21,32,50,21,21,0.155,-876815.108606115,-7.74371437728405e-06,3121174.93702301,-7.02738761901855e-05,-90773076.3441879,-0.000976912677288055,3121174.93702301,876815.108606115,-7.74371437728405e-06,0.43788667849578966,0.12301318039182571,-1.0864079829896463e-12,-0.5364724236178352,3.5596728505109643,0.018096552153157742,128988.86355938508,0.03964181102708413,282559.4682646347,0.14110973254498346,1005803.9721655,3.103164258044346,0.16265499141890985,1159374.5768707497,2.6921195265876245
4,case_0004_steps_0050_mesh_21x21,33,50,21,21,0.16,-878614.748216628,-7.88294710218906e-06,3153815.29292849,-5.26309013366699e-05,-91713647.2838824,-0.000986337661743164,3153815.29292849,878614.748216628,-7.88294710218906e-06,0.4424659722940423,0.12326566166168,-1.1059417023987624e-12,-0.542031234577256,3.5895314747788607,0.018096552153157742,128988.86355938508,0.03964181102708413,282559.4682646347,0.14136221381483774,1007603.611776013,3.1300158674198686,0.16290747268876413,1161174.2164812628,2.7160569431911608
4,case_0004_steps_0050_mesh_21x21,34,50,21,21,0.165,-882893.836973831,-8.11670906841755e-06,3179600.21265879,-4.20212745666504e-05,-92452457.7601058,-0.00101941078901291,3179600.21265879,882893.836973831,-8.11670906841755e-06,0.4460834795096907,0.12386599839406051,-1.1387374453531998e-12,-0.5463976333238508,3.601339231857197,0.018096552153157742,128988.86355938508,0.03964181102708413,282559.4682646347,0.14196255054721826,1011882.7005332161,3.142261658375309,0.16350780942114465,1165453.3052384658,2.728209013923733
4,case_0004_steps_0050_mesh_21x21,35,50,21,21,0.17,-889783.285280249,-7.27095175534487e-06,3196681.2125957,-2.0146369934082e-05,-92941975.7149251,-0.000901669263839722,3196681.2125957,889783.285280249,-7.27095175534487e-06,0.44847986628027464,0.12483255672431649,-1.020081532721735e-12,-0.5492907035402946,3.59265145286345,0.018096552153157742,128988.86355938508,0.03964181102708413,282559.4682646347,0.14292910887747423,1018772.148839634,3.137778370008123,0.16447436775140062,1172342.7535448838,2.726746254821554
4,case_0004_steps_0050_mesh_21x21,36,50,21,21,0.175,-899110.78794295,-7.53335189074278e-06,3204611.70355716,1.34706497192383e-05,-93172779.6380312,-0.000922635197639465,3204611.70355716,899110.78794295,-7.53335189074278e-06,0.4495924781703557,0.12614116301587108,-1.056895080838916e-12,-0.5506547637329859,3.5642011491029932,0.018096552153157742,128988.86355938508,0.03964181102708413,282559.4682646347,0.14423771516902884,1028099.6515023351,3.1170244040782866,0.16578297404295522,1181670.2562075849,2.711933965268737
4,case_0004_steps_0050_mesh_21x21,37,50,21,21,0.18,-910471.580750106,-7.24068377166986e-06,3204433.03296491,6.02602958679199e-05,-93177337.527725,-0.000869162380695343,3204433.03296491,910471.580750106,-7.24068377166986e-06,0.44956741149714324,0.12773503068679032,-1.0158350719806218e-12,-0.5506817010389482,3.5195310877522266,0.018096552153157742,128988.86355938508,0.03964181102708413,282559.4682646347,0.14583158283994807,1039460.4443094911,3.082784968401179,0.16737684171387446,1193031.0490147406,2.6859594606622155
4,case_0004_steps_0050_mesh_21x21,38,50,21,21,0.185,-923370.899801219,-7.18398950994015e-06,3198141.96197944,0.000123679637908936,-93013843.3169419,-0.000830970704555511,3198141.96197944,923370.899801219,-7.18398950994015e-06,0.4486848027893352,0.12954474660727533,-1.007881124361693e-12,-0.5497154438728507,3.46355073856879,0.018096552153157742,128988.86355938508,0.03964181102708413,282559.4682646347,0.14764129876043308,1052359.7633606042,3.039019614135092,0.16918655763435947,1205930.3680658536,2.6520121282863287
4,case_0004_steps_0050_mesh_21x21,39,50,21,21,0.19,-937054.60757981,-6.83299731463194e-06,3188262.55293899,0.000245869159698486,-92756325.293988,-0.000717818737030029,3188262.55293899,937054.60757981,-6.83299731463194e-06,0.4472987665377593,0.13146450870634863,-9.58638512306102e-13,-0.5481935023075398,3.4024298340237786,0.018096552153157742,128988.86355938508,0.03964181102708413,282559.4682646347,0.14956106085950638,1066043.4711391951,2.9907434727140623,0.17110631973343277,1219614.0758444448,2.6141569010110666
4,case_0004_steps_0050_mesh_21x21,40,50,21,21,0.195,-950543.643165251,-7.75931403040886e-06,3177743.61113549,0.00036543607711792,-92489071.5819157,-0.000709012150764465,3177743.61113549,950543.643165251,-7.75931403040886e-06,0.44582300674198877,0.133356959180225,-1.0885965435254504e-12,-0.5466140224396036,3.343080177311798,0.018096552153157742,128988.86355938508,0.03964181102708413,282559.4682646347,0.15145351133338275,1079532.506724636,2.9436293871103034,0.17299877020730914,1233103.1114298857,2.577029918812411
4,case_0004_steps_0050_mesh_21x21,41,50,21,21,0.2,-962706.600249804,-8.3948252722621e-06,3169496.88979983,0.0005531907081604,-92293827.6455633,-0.000543802976608276,3169496.88979983,962706.600249804,-8.3948252722621e-06,0.44466602916559034,0.13506336685871342,-1.1777558865474972e-12,-0.5454601231563568,3.2922770956150154,0.018096552153157742,128988.86355938508,0.03964181102708413,282559.4682646347,0.15315991901187118,1091695.4638091892,2.903279343802245,0.17470517788579756,1245266.0685144388,2.5452366927342163
4,case_0004_steps_0050_mesh_21x21,42,50,21,21,0.205,-972477.826877779,-1.00898323580623e-05,3165908.46850486,0.000809788703918457,-92234798.5283077,-0.000424176454544067,3165908.46850486,972477.826877779,-1.00898323580623e-05,0.4441625899436297,0.1364342256087951,-1.4155576880497901e-12,-0.5451112587697621,3.255507098469559,0.018096552153157742,128988.86355938508,0.03964181102708413,282559.4682646347,0.15453077776195284,1101466.6904371642,2.8742661906991795,0.17607603663587923,1255037.2951424136,2.5225612663132955
4,case_0004_steps_0050_mesh_21x21,43,50,21,21,0.21,-979210.501339645,-1.21364137157798e-05,3168445.97764443,0.00114864110946655,-92348781.1950556,-0.000301286578178406,3168445.97764443,979210.501339645,-1.21364137157798e-05,0.44451859095965696,0.13737878928016428,-1.7026837643142277e-12,-0.5457849007784212,3.235714867548623,0.018096552153157742,128988.86355938508,0.03964181102708413,282559.4682646347,0.15547534143332203,1108199.3648990302,2.859093839972659,0.17702060030724842,1261769.9696042798,2.5111122106021653
4,case_0004_steps_0050_mesh_21x21,44,50,21,21,0.215,-982919.036414937,-1.34890433400869e-05,3177496.76654816,0.00163006782531738,-92641120.5542734,-3.27229499816895e-05,3177496.76654816,982919.036414937,-1.34890433400869e-05,0.4457883755666681,0.13789907992037867,-1.892451561818004e-12,-0.547512637799956,3.2327146477268824,0.018096552153157742,128988.86355938508,0.03964181102708413,282559.4682646347,0.15599563207353642,1111907.8999743222,2.85769780628552,0.1775408909474628,1265478.5046795718,2.510905364886245
4,case_0004_steps_0050_mesh_21x21,45,50,21,21,0.22,-984247.289402957,-1.46215315908194e-05,3192150.832546,0.00226163864135742,-93081612.1857351,0.000301435589790344,3192150.832546,984247.289402957,-1.46215315908194e-05,0.4478442745200195,0.1380854277864425,-2.051334523700863e-12,-0.5501159605321019,3.243240664124515,0.018096552153157742,128988.86355938508,0.03964181102708413,282559.4682646347,0.15618197993960026,1113236.1529623421,2.867451640024111,0.17772723881352664,1266806.7576675918,2.519840388618779
4,case_0004_steps_0050_mesh_21x21,46,50,21,21,0.225,-984307.883800455,-1.40861375257373e-05,3210491.01488107,0.00313925743103027,-93613804.1635514,0.000894390046596527,3210491.01488107,984307.883800455,-1.40861375257373e-05,0.4504173188663806,0.1380939289054093,-1.976221166207107e-12,-0.5532612358898138,3.2616735756349184,0.018096552153157742,128988.86355938508,0.03964181102708413,282559.4682646347,0.15619048105856706,1113296.7473598402,2.8837693296910114,0.17773573993249345,1266867.3520650896,2.5341966620638905
4,case_0004_steps_0050_mesh_21x21,47,50,21,21,0.23,-984301.873371955,-1.16601586341858e-05,3229947.88664584,0.0043371319770813,-94166168.1929486,0.00169172137975693,3229947.88664584,984301.873371955,-1.16601586341858e-05,0.4531470296717352,0.13809308566956854,-1.6358673378069553e-12,-0.5565257288595841,3.2814606717966535,0.018096552153157742,128988.86355938508,0.03964181102708413,282559.4682646347,0.1561896378227263,1113290.73693134,2.90126179936503,0.17773489669665268,1266861.3416365897,2.5495670129717944
4,case_0004_steps_0050_mesh_21x21,48,50,21,21,0.235,-985265.353351084,-7.82508868724108e-06,3247833.13157447,0.00595492124557495,-94665272.7801394,0.00288531929254532,3247833.13157447,985265.353351084,-7.82508868724108e-06,0.4556562483646648,0.1382282575379741,-1.0978244293667141e-12,-0.5594754564474623,3.296404486900855,0.018096552153157742,128988.86355938508,0.03964181102708413,282559.4682646347,0.15632480969113186,1114254.216910469,2.91480443356979,0.17787006856505824,1267824.8216157188,2.5617365082310224
4,case_0004_steps_0050_mesh_21x21,49,50,21,21,0.24,-987844.947434154,-1.38790346682072e-06,3261829.37179711,0.00823056697845459,-95048570.9671311,0.00445232540369034,3261829.37179711,987844.947434154,-1.38790346682072e-06,0.4576198573472381,0.1385901628805757,-1.9471655752131143e-13,-0.5617407636908135,3.3019649290806656,0.018096552153157742,128988.86355938508,0.03964181102708413,282559.4682646347,0.15668671503373346,1116833.8109935392,2.9206040681158956,0.17823197390765985,1270404.4156987886,2.567551979109687
4,case_0004_steps_0050_mesh_21x21,50,50,21,21,0.245,-992336.151658097,7.75873195379972e-06,3270369.49391919,0.0112403035163879,-95275129.7634573,0.00670768320560455,3270369.49391919,992336.151658097,7.75873195379972e-06,0.4588179977223985,0.13922025845027308,1.0885148808188898e-12,-0.5630797350185693,3.295626676962964,0.018096552153157742,128988.86355938508,0.03964181102708413,282559.4682646347,0.15731681060343083,1121325.015217482,2.916522372672564,0.17886206947735722,1274895.6199227318,2.565205686499573
5,case_0005_steps_0060_mesh_21x21,1,60,21,21,0.0,-34183.2613243375,-3.15834768116474e-06,9147140.42049128,-3.99351119995117e-06,-193947896.879793,-0.000410236418247223,9147140.42049128,34183.2613243375,-3.15834768116474e-06,1.2833022875301843,0.004795756426182461,-4.431018457937564e-13,-1.1462396393856116,267.59121470890136,0.018096552153157742,128988.86355938508,0.03964181102708413,282559.4682646347,0.0228923085793402,163172.12488372257,56.058229473996164,0.044437567453266595,316742.72958897223,28.87876994796773
5,case_0005_steps_0060_mesh_21x21,2,60,21,21,0.005,-434009.020355709,-3.4745316952467e-06,1625266.75662054,-1.25765800476074e-05,-41820558.6812941,-0.000451914966106415,1625266.75662054,434009.020355709,-3.4745316952467e-06,0.22801754982852682,0.060889495845446076,-4.874610279970687e-13,-0.2471611338557688,3.7447764456335246,0.018096552153157742,128988.86355938508,0.03964181102708413,282559.4682646347,0.07898604799860381,562997.8839150941,2.8868079313520956,0.1005313068725302,716568.4886203437,2.268124795369906
5,case_0005_steps_0060_mesh_21x21,3,60,21,21,0.01,-465390.67667281,-3.93157824873924e-06,1772396.33206223,-9.17911529541016e-06,-46743494.0587248,-0.00050760805606842,1772396.33206223,465390.67667281,-3.93157824873924e-06,0.2486591615288012,0.06529219980394273,-5.515825851878636e-13,-0.2762558740541749,3.808405326753682,0.018096552153157742,128988.86355938508,0.03964181102708413,282559.4682646347,0.08338875195710047,594379.540232195,2.9819268869346365,0.10493401083102685,747950.1449374447,2.369671754272426
5,case_0005_steps_0060_mesh_21x21,4,60,21,21,0.015,-495398.946391917,-4.02587465941906e-06,1895465.03903331,-2.15768814086914e-05,-50833776.5728167,-0.000515811145305634,1895465.03903331,495398.946391917,-4.02587465941906e-06,0.26592514258071187,0.06950222385573099,-5.6481194365056e-13,-0.3004296033359305,3.826138615833432,0.018096552153157742,128988.86355938508,0.03964181102708413,282559.4682646347,0.08759877600888873,624387.8099513021,3.0357175601828983,0.10914403488281513,777958.4146565518,2.4364606170756673
5,case_0005_steps_0060_mesh_21x21,5,60,21,21,0.02,-524557.449183153,-4.50923107564449e-06,1998244.15454852,-2.75969505310059e-05,-54249304.5470301,-0.000574313104152679,1998244.15454852,524557.449183153,-4.50923107564449e-06,0.2803445860338292,0.07359302946412884,-6.326246551778606e-13,-0.3206155069546757,3.8093904827015788,0.018096552153157742,128988.86355938508,0.03964181102708413,282559.4682646347,0.09168958161728658,653546.312742538,3.057540247091441,0.11323484049121296,807116.9174477877,2.4757802882725306
5,case_0005_steps_0060_mesh_21x21,6,60,21,21,0.025,-553657.868608492,-4.47861384600401e-06,2080907.34683602,-2.08616256713867e-05,-57028567.7052329,-0.000562712550163269,2080907.34683602,553657.868608492,-4.47861384600401e-06,0.29194185675238665,0.0776756862398974,-6.28329196812813e-13,-0.3370410606805332,3.7584715486225515,0.018096552153157742,128988.86355938508,0.03964181102708413,282559.4682646347,0.09577223839305514,682646.732167877,3.0482931343239503,0.11731749726698154,836217.3368731267,2.488476685519546
5,case_0005_steps_0060_mesh_21x21,7,60,21,21,0.03,-583428.06889356,-5.04555646330118e-06,2146186.16262006,-2.56896018981934e-05,-59267870.7958487,-0.000629864633083344,2146186.16262006,583428.06889356,-5.04555646330118e-06,0.30110017834492003,0.08185231023054645,-7.078686730021084e-13,-0.3502754293349837,3.678578863526719,0.018096552153157742,128988.86355938508,0.03964181102708413,282559.4682646347,0.09994886238370419,712416.932452945,3.0125423257845085,0.1214941212576306,865987.5371581947,2.478310680616648
5,case_0005_steps_0060_mesh_21x21,8,60,21,21,0.035,-614078.782558923,-4.97978180646896e-06,2198351.67172132,-3.1888484954834e-05,-61104575.2686895,-0.00062541663646698,2198351.67172132,614078.782558923,-4.97978180646896e-06,0.3084187625234089,0.08615246625232102,-6.986407871608449e-13,-0.3611304244469535,3.5799179749552423,0.018096552153157742,128988.86355938508,0.03964181102708413,282559.4682646347,0.10424901840547876,743067.6461183081,2.958481213931508,0.12579427727940515,896638.2508235577,2.451771012113464
5,case_0005_steps_0060_mesh_21x21,9,60,21,21,0.04,-644709.184983419,-5.10166864842176e-06,2242672.63898645,-3.74913215637207e-05,-62701058.8729538,-0.000637270510196686,2242672.63898645,644709.184983419,-5.10166864842176e-06,0.3146367930840283,0.09044977269918265,-7.157409579144778e-13,-0.37056570485100526,3.478580251720981,0.018096552153157742,128988.86355938508,0.03964181102708413,282559.4682646347,0.10854632485234039,773698.0485428041,2.8986406818659263,0.13009158372626678,927268.6532480537,2.4185791584033116
5,case_0005_steps_0060_mesh_21x21,10,60,21,21,0.045,-673188.735369929,-5.65533991903067e-06,2285282.31793272,-2.60472297668457e-05,-64239977.8771746,-0.000704586505889893,2285282.31793272,673188.735369929,-5.65533991903067e-06,0.32061473766003795,0.09444532436656117,-7.9341852439421e-13,-0.37966077622233857,3.3947126531713536,0.018096552153157742,128988.86355938508,0.03964181102708413,282559.4682646347,0.1125418765197189,802177.5989293141,2.8488483360579275,0.1340871353936453,955748.2036345637,2.3910924543118597
5,case_0005_steps_0060_mesh_21x21,11,60,21,21,0.05,-696700.849921562,-5.2496325224638e-06,2332181.69852515,-4.60147857666016e-05,-65892649.4339679,-0.000661149621009827,2332181.69852515,696700.849921562,-5.2496325224638e-06,0.3271945079085832,0.09774396733056213,-7.364996179219929e-13,-0.3894281296185742,3.3474649826933875,0.018096552153157742,128988.86355938508,0.03964181102708413,282559.4682646347,0.11584051948371987,825689.7134809471,2.8245255577826276,0.13738577835764626,979260.3181861967,2.381574802137248
5,case_0005_steps_0060_mesh_21x21,12,60,21,21,0.055,-712904.272076997,-5.72763383388519e-06,2387805.32567871,-4.45246696472168e-05,-67776557.598892,-0.000720269978046417,2387805.32567871,712904.272076997,-5.72763383388519e-06,0.33499825035545555,0.10001723392121213,-8.035610325489428e-13,-0.4005621003928827,3.3494052696893024,0.018096552153157742,128988.86355938508,0.03964181102708413,282559.4682646347,0.11811378607436987,841893.135636382,2.8362332754664665,0.13965904494829626,995463.7403416317,2.3986863899826654
5,case_0005_steps_0060_mesh_21x21,13,60,21,21,0.06,-721190.793292954,-5.44264912605286e-06,2453856.91291581,-4.04119491577148e-05,-69926298.1486104,-0.000688731670379639,2453856.91291581,721190.793292954,-5.44264912605286e-06,0.3442649882757003,0.10117979524018814,-7.635789714172401e-13,-0.41326715093544714,3.402507264009168,0.018096552153157742,128988.86355938508,0.03964181102708413,282559.4682646347,0.11927634739334587,850179.656852339,2.8862804386555685,0.14082160626727228,1003750.2615575887,2.444688690898063
5,case_0005_steps_0060_mesh_21x21,14,60,21,21,0.065,-723112.433145895,-5.94649463891983e-06,2529418.97256665,-4.49419021606445e-05,-72303447.9878623,-0.000756621360778809,2529418.97256665,723112.433145895,-5.94649463891983e-06,0.3548660023131788,0.10144939259036809,-8.342662102154475e-13,-0.4273161992538131,3.4979608379328124,0.018096552153157742,128988.86355938508,0.03964181102708413,282559.4682646347,0.11954594474352583,852101.2967052801,2.9684486836798123,0.14109120361745223,1005671.9014105297,2.5151532711801448
5,case_0005_steps_0060_mesh_21x21,15,60,21,21,0.07,-721726.82724735,-6.07233960181475e-06,2611015.35704119,-5.03659248352051e-05,-74805747.8482616,-0.000769495964050293,2611015.35704119,721726.82724735,-6.07233960181475e-06,0.36631360473718816,0.10125499837124854,-8.51921687373688e-13,-0.4421048890811457,3.6177335502402537,0.018096552153157742,128988.86355938508,0.03964181102708413,282559.4682646347,0.11935155052440628,850715.6908067351,3.0691985410133436,0.14089680939833268,1004286.2955119847,2.599871539330421
5,case_0005_steps_0060_mesh_21x21,16,60,21,21,0.075,-720382.888860202,-6.0034217312932e-06,2693700.42446341,-5.26905059814453e-05,-77298139.5890872,-0.000764913856983185,2693700.42446341,720382.888860202,-6.0034217312932e-06,0.3779139444378684,0.10106644991487382,-8.422528229170008e-13,-0.456835021535133,3.739262087034595,0.018096552153157742,128988.86355938508,0.03964181102708413,282559.4682646347,0.11916300206803156,849371.7524195871,3.171403354055422,0.14070826094195796,1002942.3571248368,2.6857978480293894
5,case_0005_steps_0060_mesh_21x21,17,60,21,21,0.08,-721489.024544755,-6.40528742223978e-06,2771308.67586082,-5.06043434143066e-05,-79616526.8497279,-0.000817753374576569,2771308.67586082,721489.024544755,-6.40528742223978e-06,0.3888020298909356,0.10122163573132041,-8.986327555259227e-13,-0.4705367807206942,3.8410960965199155,0.018096552153157742,128988.86355938508,0.03964181102708413,282559.4682646347,0.11931818788447815,850477.8881041401,3.2585311324654644,0.14086344675840454,1004048.4928093897,2.7601342920266
5,case_0005_steps_0060_mesh_21x21,18,60,21,21,0.085,-726147.978937101,-6.06593675911427e-06,2838403.5379781,-5.86509704589844e-05,-81617721.6077677,-0.000765077769756317,2838403.5379781,726147.978937101,-6.06593675911427e-06,0.3982151345420615,0.10187526588832584,-8.510233976015297e-13,-0.48236391983743143,3.9088500144733764,0.018096552153157742,128988.86355938508,0.03964181102708413,282559.4682646347,0.11997181804148357,855136.842496486,3.319238976643395,0.14151707691540996,1008707.4472017357,2.813901638034041
5,case_0005_steps_0060_mesh_21x21,19,60,21,21,0.09,-734480.915631762,-6.55790790915489e-06,2891446.58417402,-4.78625297546387e-05,-83210053.1663357,-0.000828057527542114,2891446.58417402,734480.915631762,-6.55790790915489e-06,0.4056568331923089,0.10304433908831158,-9.200447171859156e-13,-0.49177466148938426,3.9367211899399037,0.018096552153157742,128988.86355938508,0.03964181102708413,282559.4682646347,0.12114089124146932,863469.7791911471,3.3486366910056478,0.1426861501153957,1017040.3838963967,2.843000759809125
5,case_0005_steps_0060_mesh_21x21,20,60,21,21,0.095,-746084.776962946,-6.64882827550173e-06,2929199.53968522,-6.63995742797852e-05,-84363313.2860223,-0.000830568373203278,2929199.53968522,746084.776962946,-6.64882827550173e-06,0.4109534015121758,0.10467230817000757,-9.32800431950565e-13,-0.4985904738027639,3.926094768491299,0.018096552153157742,128988.86355938508,0.03964181102708413,282559.4682646347,0.12276886032316531,875073.6405223311,3.347374899713334,0.1443141191970917,1028644.2452275808,2.8476312906773265
5,case_0005_steps_0060_mesh_21x21,21,60,21,21,0.1,-760456.199348334,-6.75336923450232e-06,2952725.4931393,-7.45654106140137e-05,-85110399.2084904,-0.000850789248943329,2952725.4931393,760456.199348334,-6.75336923450232e-06,0.41425398601138347,0.10668855350728428,-9.474670540487148e-13,-0.5030057807596146,3.882834403440476,0.018096552153157742,128988.86355938508,0.03964181102708413,282559.4682646347,0.12478510566044201,889445.062907719,3.319739033107263,0.1463303645343684,1043015.6676129687,2.8309502769952313
5,case_0005_steps_0060_mesh_21x21,22,60,21,21,0.105,-777136.982470943,-7.32194166630507e-06,2964578.22109366,-6.33001327514648e-05,-85526118.7917244,-0.000902026891708374,2964578.22109366,777136.982470943,-7.32194166630507e-06,0.41591686995085253,0.10902879167516946,-1.0272351858163783e-12,-0.5054626997200042,3.814743459599164,0.018096552153157742,128988.86355938508,0.03964181102708413,282559.4682646347,0.12712534382832721,906125.8460303281,3.2717069423427922,0.1486706027022536,1059696.4507355778,2.7975730399359433
5,case_0005_steps_0060_mesh_21x21,23,60,21,21,0.11,-795586.539716024,-6.97746872901917e-06,2968183.86913008,-6.03795051574707e-05,-85710343.6952506,-0.000866703689098358,2968183.86913008,795586.539716024,-6.97746872901917e-06,0.41642272600645663,0.11161718082501701,-9.789071960742579e-13,-0.5065514760892299,3.7308120750629357,0.018096552153157742,128988.86355938508,0.03964181102708413,282559.4682646347,0.12971373297817476,924575.403275409,3.210321038841143,0.15125899185210115,1078146.0079806587,2.753044436615238
5,case_0005_steps_0060_mesh_21x21,24,60,21,21,0.115,-814950.108052923,-7.33323395252228e-06,2967096.21043172,-7.49826431274414e-05,-85767647.0798665,-0.000909395515918732,2967096.21043172,814950.108052923,-7.33323395252228e-06,0.41627013242731675,0.11433380158289042,-1.028819442323639e-12,-0.5068901413285771,3.6408317283627336,0.018096552153157742,128988.86355938508,0.03964181102708413,282559.4682646347,0.13243035373604817,943938.971612308,3.1433136035942346,0.15397561260997455,1097509.5763175576,2.7034809303324105
5,case_0005_steps_0060_mesh_21x21,25,60,21,21,0.12,-833903.753963096,-6.60447403788567e-06,2965346.19422163,-6.65187835693359e-05,-85813981.572814,-0.000819794833660126,2965346.19422163,833903.753963096,-6.60447403788567e-06,0.41602461309533056,0.11699291208468982,-9.265777337107048e-13,-0.5071639799901028,3.5559813469227533,0.018096552153157742,128988.86355938508,0.03964181102708413,282559.4682646347,0.13508946423784757,962892.617522481,3.079622940563668,0.15663472311177395,1116463.2222277308,2.6560178026327974
5,case_0005_steps_0060_mesh_21x21,26,60,21,21,0.125,-850718.49299895,-7.28829763829708e-06,2966922.84856485,-6.41345977783203e-05,-85962555.6990381,-0.000907294452190399,2966922.84856485,850718.49299895,-7.28829763829708e-06,0.41624581054418197,0.11935194365925654,-1.0225150813772182e-12,-0.5080420588741996,3.487549492554069,0.018096552153157742,128988.86355938508,0.03964181102708413,282559.4682646347,0.13744849581241428,979707.356558335,3.0283766154288236,0.15899375468634067,1133277.9612635847,2.618001011205392
5,case_0005_steps_0060_mesh_21x21,27,60,21,21,0.13,-863799.436520089,-7.20587559044361e-06,2975075.56267487,-6.74724578857422e-05,-86300508.5025718,-0.000896424055099487,2975075.56267487,863799.436520089,-7.20587559044361e-06,0.41738959933346637,0.12118714066860008,-1.010951642128343e-12,-0.5100393731317082,3.444174002544258,0.018096552153157742,128988.86355938508,0.03964181102708413,282559.4682646347,0.13928369282175782,992788.3000794741,2.996686768404413,0.1608289516956842,1146358.9047847237,2.595239196256397
5,case_0005_steps_0060_mesh_21x21,28,60,21,21,0.135,-872291.897067752,-7.36897345632315e-06,2991683.415077,-7.74860382080078e-05,-86872299.7947432,-0.000925280153751373,2991683.415077,872291.897067752,-7.36897345632315e-06,0.4197196056522578,0.1223785943411775,-1.0338335325064141e-12,-0.513418681982624,3.4296815379504,0.018096552153157742,128988.86355938508,0.03964181102708413,282559.4682646347,0.14047514649433523,1001280.760627137,2.987856685874204,0.16202040536826162,1154851.3653323867,2.5905354618652074
5,case_0005_steps_0060_mesh_21x21,29,60,21,21,0.14,-876359.189546358,-7.36652873456478e-06,3016778.23537116,-7.62343406677246e-05,-87671355.0063757,-0.00091949850320816,3016778.23537116,876359.189546358,-7.36652873456478e-06,0.42324029504896926,0.12294921701688898,-1.0334905491388622e-12,-0.5181411294665402,3.4423992711627487,0.018096552153157742,128988.86355938508,0.03964181102708413,282559.4682646347,0.14104576917004671,1005348.053105743,3.000730171060324,0.1625910280439731,1158918.6578109926,2.603097478013996
5,case_0005_steps_0060_mesh_21x21,30,60,21,21,0.145,-877247.912630584,-7.47374724596739e-06,3048872.0547937,-7.48634338378906e-05,-88648843.6128135,-0.000942572951316833,3048872.0547937,877247.912630584,-7.47374724596739e-06,0.4277429122590716,0.123073900832217,-1.0485328196871873e-12,-0.5239181252771277,3.475496505487388,0.018096552153157742,128988.86355938508,0.03964181102708413,282559.4682646347,0.14117045298537476,1006236.776189969,3.0299747802281662,0.16271571185930114,1159807.3808952188,2.628774488777931
5,case_0005_steps_0060_mesh_21x21,31,60,21,21,0.15,-876806.727083718,-7.14766792953014e-06,3084916.77735332,-7.33733177185059e-05,-89717024.1089812,-0.000905714929103851,3084916.77735332,876806.727083718,-7.14766792953014e-06,0.4327998232484916,0.12301200450227219,-1.0027853714723576e-12,-0.5302311136952742,3.518354367117863,0.018096552153157742,128988.86355938508,0.03964181102708413,282559.4682646347,0.14110855665542993,1005795.5906431031,3.0671408843429426,0.16265381552935632,1159366.1953483527,2.6608648671409645
5,case_0005_steps_0060_mesh_21x21,32,60,21,21,0.155,-876815.108606115,-7.74371437728405e-06,3121174.93702301,-7.02738761901855e-05,-90773076.3441879,-0.000976912677288055,3121174.93702301,876815.108606115,-7.74371437728405e-06,0.43788667849578966,0.12301318039182571,-1.0864079829896463e-12,-0.5364724236178352,3.5596728505109643,0.018096552153157742,128988.86355938508,0.03964181102708413,282559.4682646347,0.14110973254498346,1005803.9721655,3.103164258044346,0.16265499141890985,1159374.5768707497,2.6921195265876245
5,case_0005_steps_0060_mesh_21x21,33,60,21,21,0.16,-878614.748216628,-7.88294710218906e-06,3153815.29292849,-5.26309013366699e-05,-91713647.2838824,-0.000986337661743164,3153815.29292849,878614.748216628,-7.88294710218906e-06,0.4424659722940423,0.12326566166168,-1.1059417023987624e-12,-0.542031234577256,3.5895314747788607,0.018096552153157742,128988.86355938508,0.03964181102708413,282559.4682646347,0.14136221381483774,1007603.611776013,3.1300158674198686,0.16290747268876413,1161174.2164812628,2.7160569431911608
5,case_0005_steps_0060_mesh_21x21,34,60,21,21,0.165,-882893.836973831,-8.11670906841755e-06,3179600.21265879,-4.20212745666504e-05,-92452457.7601058,-0.00101941078901291,3179600.21265879,882893.836973831,-8.11670906841755e-06,0.4460834795096907,0.12386599839406051,-1.1387374453531998e-12,-0.5463976333238508,3.601339231857197,0.018096552153157742,128988.86355938508,0.03964181102708413,282559.4682646347,0.14196255054721826,1011882.7005332161,3.142261658375309,0.16350780942114465,1165453.3052384658,2.728209013923733
5,case_0005_steps_0060_mesh_21x21,35,60,21,21,0.17,-889783.285280249,-7.27095175534487e-06,3196681.2125957,-2.0146369934082e-05,-92941975.7149251,-0.000901669263839722,3196681.2125957,889783.285280249,-7.27095175534487e-06,0.44847986628027464,0.12483255672431649,-1.020081532721735e-12,-0.5492907035402946,3.59265145286345,0.018096552153157742,128988.86355938508,0.03964181102708413,282559.4682646347,0.14292910887747423,1018772.148839634,3.137778370008123,0.16447436775140062,1172342.7535448838,2.726746254821554
5,case_0005_steps_0060_mesh_21x21,36,60,21,21,0.175,-899110.78794295,-7.53335189074278e-06,3204611.70355716,1.34706497192383e-05,-93172779.6380312,-0.000922635197639465,3204611.70355716,899110.78794295,-7.53335189074278e-06,0.4495924781703557,0.12614116301587108,-1.056895080838916e-12,-0.5506547637329859,3.5642011491029932,0.018096552153157742,128988.86355938508,0.03964181102708413,282559.4682646347,0.14423771516902884,1028099.6515023351,3.1170244040782866,0.16578297404295522,1181670.2562075849,2.711933965268737
5,case_0005_steps_0060_mesh_21x21,37,60,21,21,0.18,-910471.580750106,-7.24068377166986e-06,3204433.03296491,6.02602958679199e-05,-93177337.527725,-0.000869162380695343,3204433.03296491,910471.580750106,-7.24068377166986e-06,0.44956741149714324,0.12773503068679032,-1.0158350719806218e-12,-0.5506817010389482,3.5195310877522266,0.018096552153157742,128988.86355938508,0.03964181102708413,282559.4682646347,0.14583158283994807,1039460.4443094911,3.082784968401179,0.16737684171387446,1193031.0490147406,2.6859594606622155
5,case_0005_steps_0060_mesh_21x21,38,60,21,21,0.185,-923370.899801219,-7.18398950994015e-06,3198141.96197944,0.000123679637908936,-93013843.3169419,-0.000830970704555511,3198141.96197944,923370.899801219,-7.18398950994015e-06,0.4486848027893352,0.12954474660727533,-1.007881124361693e-12,-0.5497154438728507,3.46355073856879,0.018096552153157742,128988.86355938508,0.03964181102708413,282559.4682646347,0.14764129876043308,1052359.7633606042,3.039019614135092,0.16918655763435947,1205930.3680658536,2.6520121282863287
5,case_0005_steps_0060_mesh_21x21,39,60,21,21,0.19,-937054.60757981,-6.83299731463194e-06,3188262.55293899,0.000245869159698486,-92756325.293988,-0.000717818737030029,3188262.55293899,937054.60757981,-6.83299731463194e-06,0.4472987665377593,0.13146450870634863,-9.58638512306102e-13,-0.5481935023075398,3.4024298340237786,0.018096552153157742,128988.86355938508,0.03964181102708413,282559.4682646347,0.14956106085950638,1066043.4711391951,2.9907434727140623,0.17110631973343277,1219614.0758444448,2.6141569010110666
5,case_0005_steps_0060_mesh_21x21,40,60,21,21,0.195,-950543.643165251,-7.75931403040886e-06,3177743.61113549,0.00036543607711792,-92489071.5819157,-0.000709012150764465,3177743.61113549,950543.643165251,-7.75931403040886e-06,0.44582300674198877,0.133356959180225,-1.0885965435254504e-12,-0.5466140224396036,3.343080177311798,0.018096552153157742,128988.86355938508,0.03964181102708413,282559.4682646347,0.15145351133338275,1079532.506724636,2.9436293871103034,0.17299877020730914,1233103.1114298857,2.577029918812411
5,case_0005_steps_0060_mesh_21x21,41,60,21,21,0.2,-962706.600249804,-8.3948252722621e-06,3169496.88979983,0.0005531907081604,-92293827.6455633,-0.000543802976608276,3169496.88979983,962706.600249804,-8.3948252722621e-06,0.44466602916559034,0.13506336685871342,-1.1777558865474972e-12,-0.5454601231563568,3.2922770956150154,0.018096552153157742,128988.86355938508,0.03964181102708413,282559.4682646347,0.15315991901187118,1091695.4638091892,2.903279343802245,0.17470517788579756,1245266.0685144388,2.5452366927342163
5,case_0005_steps_0060_mesh_21x21,42,60,21,21,0.205,-972477.826877779,-1.00898323580623e-05,3165908.46850486,0.000809788703918457,-92234798.5283077,-0.000424176454544067,3165908.46850486,972477.826877779,-1.00898323580623e-05,0.4441625899436297,0.1364342256087951,-1.4155576880497901e-12,-0.5451112587697621,3.255507098469559,0.018096552153157742,128988.86355938508,0.03964181102708413,282559.4682646347,0.15453077776195284,1101466.6904371642,2.8742661906991795,0.17607603663587923,1255037.2951424136,2.5225612663132955
5,case_0005_steps_0060_mesh_21x21,43,60,21,21,0.21,-979210.501339645,-1.21364137157798e-05,3168445.97764443,0.00114864110946655,-92348781.1950556,-0.000301286578178406,3168445.97764443,979210.501339645,-1.21364137157798e-05,0.44451859095965696,0.13737878928016428,-1.7026837643142277e-12,-0.5457849007784212,3.235714867548623,0.018096552153157742,128988.86355938508,0.03964181102708413,282559.4682646347,0.15547534143332203,1108199.3648990302,2.859093839972659,0.17702060030724842,1261769.9696042798,2.5111122106021653
5,case_0005_steps_0060_mesh_21x21,44,60,21,21,0.215,-982919.036414937,-1.34890433400869e-05,3177496.76654816,0.00163006782531738,-92641120.5542734,-3.27229499816895e-05,3177496.76654816,982919.036414937,-1.34890433400869e-05,0.4457883755666681,0.13789907992037867,-1.892451561818004e-12,-0.547512637799956,3.2327146477268824,0.018096552153157742,128988.86355938508,0.03964181102708413,282559.4682646347,0.15599563207353642,1111907.8999743222,2.85769780628552,0.1775408909474628,1265478.5046795718,2.510905364886245
5,case_0005_steps_0060_mesh_21x21,45,60,21,21,0.22,-984247.289402957,-1.46215315908194e-05,3192150.832546,0.00226163864135742,-93081612.1857351,0.000301435589790344,3192150.832546,984247.289402957,-1.46215315908194e-05,0.4478442745200195,0.1380854277864425,-2.051334523700863e-12,-0.5501159605321019,3.243240664124515,0.018096552153157742,128988.86355938508,0.03964181102708413,282559.4682646347,0.15618197993960026,1113236.1529623421,2.867451640024111,0.17772723881352664,1266806.7576675918,2.519840388618779
5,case_0005_steps_0060_mesh_21x21,46,60,21,21,0.225,-984307.883800455,-1.40861375257373e-05,3210491.01488107,0.00313925743103027,-93613804.1635514,0.000894390046596527,3210491.01488107,984307.883800455,-1.40861375257373e-05,0.4504173188663806,0.1380939289054093,-1.976221166207107e-12,-0.5532612358898138,3.2616735756349184,0.018096552153157742,128988.86355938508,0.03964181102708413,282559.4682646347,0.15619048105856706,1113296.7473598402,2.8837693296910114,0.17773573993249345,1266867.3520650896,2.5341966620638905
5,case_0005_steps_0060_mesh_21x21,47,60,21,21,0.23,-984301.873371955,-1.16601586341858e-05,3229947.88664584,0.0043371319770813,-94166168.1929486,0.00169172137975693,3229947.88664584,984301.873371955,-1.16601586341858e-05,0.4531470296717352,0.13809308566956854,-1.6358673378069553e-12,-0.5565257288595841,3.2814606717966535,0.018096552153157742,128988.86355938508,0.03964181102708413,282559.4682646347,0.1561896378227263,1113290.73693134,2.90126179936503,0.17773489669665268,1266861.3416365897,2.5495670129717944
5,case_0005_steps_0060_mesh_21x21,48,60,21,21,0.235,-985265.353351084,-7.82508868724108e-06,3247833.13157447,0.00595492124557495,-94665272.7801394,0.00288531929254532,3247833.13157447,985265.353351084,-7.82508868724108e-06,0.4556562483646648,0.1382282575379741,-1.0978244293667141e-12,-0.5594754564474623,3.296404486900855,0.018096552153157742,128988.86355938508,0.03964181102708413,282559.4682646347,0.15632480969113186,1114254.216910469,2.91480443356979,0.17787006856505824,1267824.8216157188,2.5617365082310224
5,case_0005_steps_0060_mesh_21x21,49,60,21,21,0.24,-987844.947434154,-1.38790346682072e-06,3261829.37179711,0.00823056697845459,-95048570.9671311,0.00445232540369034,3261829.37179711,987844.947434154,-1.38790346682072e-06,0.4576198573472381,0.1385901628805757,-1.9471655752131143e-13,-0.5617407636908135,3.3019649290806656,0.018096552153157742,128988.86355938508,0.03964181102708413,282559.4682646347,0.15668671503373346,1116833.8109935392,2.9206040681158956,0.17823197390765985,1270404.4156987886,2.567551979109687
5,case_0005_steps_0060_mesh_21x21,50,60,21,21,0.245,-992336.151658097,7.75873195379972e-06,3270369.49391919,0.0112403035163879,-95275129.7634573,0.00670768320560455,3270369.49391919,992336.151658097,7.75873195379972e-06,0.4588179977223985,0.13922025845027308,1.0885148808188898e-12,-0.5630797350185693,3.295626676962964,0.018096552153157742,128988.86355938508,0.03964181102708413,282559.4682646347,0.15731681060343083,1121325.015217482,2.916522372672564,0.17886206947735722,1274895.6199227318,2.565205686499573
5,case_0005_steps_0060_mesh_21x21,51,60,21,21,0.25,-998711.950516981,1.66806858032942e-05,3272814.98541852,0.0152000784873962,-95330044.8205767,0.00960827618837357,3272814.98541852,998711.950516981,1.66806858032942e-05,0.45916108908111375,0.14011475409419136,2.3402245144269916e-12,-0.5634042851492077,3.2770359699053913,0.018096552153157742,128988.86355938508,0.03964181102708413,282559.4682646347,0.1582113062473491,1127700.8140763661,2.9022014922451675,0.1797565651212755,1281271.4187816158,2.5543494824310518
5,case_0005_steps_0060_mesh_21x21,52,60,21,21,0.255,-1006709.06040357,3.82188009098172e-05,3269560.80508859,0.021049439907074,-95226718.667496,0.014451265335083,3269560.80508859,1006709.06040357,3.82188009098172e-05,0.458704542349626,0.141236712317124,5.36192431509594e-12,-0.5627936235521926,3.247771311184869,0.018096552153157742,128988.86355938508,0.03964181102708413,282559.4682646347,0.15933326447028176,1135697.9239629551,2.8789000456033573,0.18087852334420815,1289268.5286682048,2.535981242376247
5,case_0005_steps_0060_mesh_21x21,53,60,21,21,0.26,-1015925.69316778,8.44947062432766e-05,3261800.55193848,0.0298975706100464,-95000676.6714941,0.0230263248085976,3261800.55193848,1015925.69316778,8.44947062432766e-05,0.45761581405186863,0.14252976406509324,1.1854223814393356e-11,-0.5614577065345216,3.210668431632819,0.018096552153157742,128988.86355938508,0.03964181102708413,282559.4682646347,0.160626316218251,1144914.5567271651,2.8489467032916522,0.18217157509217738,1298485.1614324148,2.512004487090363
5,case_0005_steps_0060_mesh_21x21,54,60,21,21,0.265,-1025776.82589725,0.000170759740285575,3251315.84046447,0.0436027646064758,-94705622.9228323,0.0379480123519897,3251315.84046447,1025776.82589725,0.000170759740285575,0.4561448566159743,0.1439118332785681,2.3956816584517794e-11,-0.5597139273654436,3.1696132710158804,0.018096552153157742,128988.86355938508,0.03964181102708413,282559.4682646347,0.16200838543172585,1154765.6894566352,2.815563252484881,0.18355364430565224,1308336.2941618846,2.485076547194046
5,case_0005_steps_0060_mesh_21x21,55,60,21,21,0.27,-1035523.88249086,0.000294046360068023,3240117.90480364,0.0635896325111389,-94398309.856907,0.0617012828588486,3240117.90480364,1035523.88249086,0.000294046360068023,0.4545738370635723,0.14527930108252185,4.125336981488595e-11,-0.5578976951529179,3.1289649225760265,0.018096552153157742,128988.86355938508,0.03964181102708413,282559.4682646347,0.1633758532356796,1164512.7460502451,2.782380799002297,0.184921112109606,1318083.3507554946,2.458204105944044
5,case_0005_steps_0060_mesh_21x21,56,60,21,21,0.275,-1044354.20681085,0.000513353385031223,3230566.60122286,0.0948677659034729,-94143213.6066388,0.102252669632435,3230566.60122286,1044354.20681085,0.000513353385031223,0.4532338325189113,0.14651815550899278,7.202115011223904e-11,-0.5563900663586894,3.093362941571384,0.018096552153157742,128988.86355938508,0.03964181102708413,282559.4682646347,0.16461470766215053,1173343.070370235,2.753300959286777,0.18615996653607692,1326913.6750754847,2.434647152942396
5,case_0005_steps_0060_mesh_21x21,57,60,21,21,0.28,-1051563.39900334,0.000898978556506336,3224287.51942219,0.145269691944122,-93984697.3141142,0.172873541712761,3224287.51942219,1051563.39900334,0.000898978556506336,0.45235290583931886,0.14752957245533613,1.2612261154543448e-10,-0.555453228883763,3.066184618519562,0.018096552153157742,128988.86355938508,0.03964181102708413,282559.4682646347,0.16562612460849388,1180552.262562725,2.731168811131627,0.18717138348242027,1334122.8672679747,2.4167845395116467
5,case_0005_steps_0060_mesh_21x21,58,60,21,21,0.285,-1056684.65400089,0.00169199809897691,3222303.52335384,0.231268405914307,-93948861.2509626,0.30352994799614,3222303.52335384,1056684.65400089,0.00169199809897691,0.4520745601951151,0.14824806128914242,2.3737965430699834e-10,-0.5552414363520329,3.0494466926848416,0.018096552153157742,128988.86355938508,0.03964181102708413,282559.4682646347,0.16634461344230017,1185673.517560275,2.717698823183871,0.18788987231622656,1339244.1222655247,2.4060613519086043
5,case_0005_steps_0060_mesh_21x21,59,60,21,21,0.29,-1059681.41141837,0.00259535596705973,3225006.9445177,0.353112399578094,-94042398.06975,0.488302230834961,3225006.9445177,1059681.41141837,0.00259535596705973,0.4524538379151736,0.14866849275430394,3.641166633915063e-10,-0.5557942426013454,3.043374083726796,0.018096552153157742,128988.86355938508,0.03964181102708413,282559.4682646347,0.1667650449074617,1188670.274977755,2.713121554737333,0.18831030378138808,1342240.8796830047,2.4027035633718334
5,case_0005_steps_0060_mesh_21x21,60,60,21,21,0.295,-1060959.8079249,0.00256206351332366,3231906.77470728,0.471141040325165,-94249026.0217029,0.640977583825588,3231906.77470728,1060959.8079249,0.00256206351332366,0.45342185277652,0.14884784598228382,3.5944588322710856e-10,-0.5570154218610528,3.046210375328422,0.018096552153157742,128988.86355938508,0.03964181102708413,282559.4682646347,0.16694439813544157,1189948.671484285,2.716005195985432,0.18848965700936796,1343519.2761895347,2.4055529622720084
6,case_0006_steps_0080_mesh_21x21,1,80,21,21,0.0,-34183.2613243375,-3.15834768116474e-06,9147140.42049128,-3.99351119995117e-06,-193947896.879793,-0.000410236418247223,9147140.42049128,34183.2613243375,-3.15834768116474e-06,1.2833022875301843,0.004795756426182461,-4.431018457937564e-13,-1.1462396393856116,267.59121470890136,0.018096552153157742,128988.86355938508,0.03964181102708413,282559.4682646347,0.0228923085793402,163172.12488372257,56.058229473996164,0.044437567453266595,316742.72958897223,28.87876994796773
6,case_0006_steps_0080_mesh_21x21,2,80,21,21,0.005,-434009.020355709,-3.4745316952467e-06,1625266.75662054,-1.25765800476074e-05,-41820558.6812941,-0.000451914966106415,1625266.75662054,434009.020355709,-3.4745316952467e-06,0.22801754982852682,0.060889495845446076,-4.874610279970687e-13,-0.2471611338557688,3.7447764456335246,0.018096552153157742,128988.86355938508,0.03964181102708413,282559.4682646347,0.07898604799860381,562997.8839150941,2.8868079313520956,0.1005313068725302,716568.4886203437,2.268124795369906
6,case_0006_steps_0080_mesh_21x21,3,80,21,21,0.01,-465390.67667281,-3.93157824873924e-06,1772396.33206223,-9.17911529541016e-06,-46743494.0587248,-0.00050760805606842,1772396.33206223,465390.67667281,-3.93157824873924e-06,0.2486591615288012,0.06529219980394273,-5.515825851878636e-13,-0.2762558740541749,3.808405326753682,0.018096552153157742,128988.86355938508,0.03964181102708413,282559.4682646347,0.08338875195710047,594379.540232195,2.9819268869346365,0.10493401083102685,747950.1449374447,2.369671754272426
6,case_0006_steps_0080_mesh_21x21,4,80,21,21,0.015,-495398.946391917,-4.02587465941906e-06,1895465.03903331,-2.15768814086914e-05,-50833776.5728167,-0.000515811145305634,1895465.03903331,495398.946391917,-4.02587465941906e-06,0.26592514258071187,0.06950222385573099,-5.6481194365056e-13,-0.3004296033359305,3.826138615833432,0.018096552153157742,128988.86355938508,0.03964181102708413,282559.4682646347,0.08759877600888873,624387.8099513021,3.0357175601828983,0.10914403488281513,777958.4146565518,2.4364606170756673
6,case_0006_steps_0080_mesh_21x21,5,80,21,21,0.02,-524557.449183153,-4.50923107564449e-06,1998244.15454852,-2.75969505310059e-05,-54249304.5470301,-0.000574313104152679,1998244.15454852,524557.449183153,-4.50923107564449e-06,0.2803445860338292,0.07359302946412884,-6.326246551778606e-13,-0.3206155069546757,3.8093904827015788,0.018096552153157742,128988.86355938508,0.03964181102708413,282559.4682646347,0.09168958161728658,653546.312742538,3.057540247091441,0.11323484049121296,807116.9174477877,2.4757802882725306
6,case_0006_steps_0080_mesh_21x21,6,80,21,21,0.025,-553657.868608492,-4.47861384600401e-06,2080907.34683602,-2.08616256713867e-05,-57028567.7052329,-0.000562712550163269,2080907.34683602,553657.868608492,-4.47861384600401e-06,0.29194185675238665,0.0776756862398974,-6.28329196812813e-13,-0.3370410606805332,3.7584715486225515,0.018096552153157742,128988.86355938508,0.03964181102708413,282559.4682646347,0.09577223839305514,682646.732167877,3.0482931343239503,0.11731749726698154,836217.3368731267,2.488476685519546
6,case_0006_steps_0080_mesh_21x21,7,80,21,21,0.03,-583428.06889356,-5.04555646330118e-06,2146186.16262006,-2.56896018981934e-05,-59267870.7958487,-0.000629864633083344,2146186.16262006,583428.06889356,-5.04555646330118e-06,0.30110017834492003,0.08185231023054645,-7.078686730021084e-13,-0.3502754293349837,3.678578863526719,0.018096552153157742,128988.86355938508,0.03964181102708413,282559.4682646347,0.09994886238370419,712416.932452945,3.0125423257845085,0.1214941212576306,865987.5371581947,2.478310680616648
6,case_0006_steps_0080_mesh_21x21,8,80,21,21,0.035,-614078.782558923,-4.97978180646896e-06,2198351.67172132,-3.1888484954834e-05,-61104575.2686895,-0.00062541663646698,2198351.67172132,614078.782558923,-4.97978180646896e-06,0.3084187625234089,0.08615246625232102,-6.986407871608449e-13,-0.3611304244469535,3.5799179749552423,0.018096552153157742,128988.86355938508,0.03964181102708413,282559.4682646347,0.10424901840547876,743067.6461183081,2.958481213931508,0.12579427727940515,896638.2508235577,2.451771012113464
6,case_0006_steps_0080_mesh_21x21,9,80,21,21,0.04,-644709.184983419,-5.10166864842176e-06,2242672.63898645,-3.74913215637207e-05,-62701058.8729538,-0.000637270510196686,2242672.63898645,644709.184983419,-5.10166864842176e-06,0.3146367930840283,0.09044977269918265,-7.157409579144778e-13,-0.37056570485100526,3.478580251720981,0.018096552153157742,128988.86355938508,0.03964181102708413,282559.4682646347,0.10854632485234039,773698.0485428041,2.8986406818659263,0.13009158372626678,927268.6532480537,2.4185791584033116
6,case_0006_steps_0080_mesh_21x21,10,80,21,21,0.045,-673188.735369929,-5.65533991903067e-06,2285282.31793272,-2.60472297668457e-05,-64239977.8771746,-0.000704586505889893,2285282.31793272,673188.735369929,-5.65533991903067e-06,0.32061473766003795,0.09444532436656117,-7.9341852439421e-13,-0.37966077622233857,3.3947126531713536,0.018096552153157742,128988.86355938508,0.03964181102708413,282559.4682646347,0.1125418765197189,802177.5989293141,2.8488483360579275,0.1340871353936453,955748.2036345637,2.3910924543118597
6,case_0006_steps_0080_mesh_21x21,11,80,21,21,0.05,-696700.849921562,-5.2496325224638e-06,2332181.69852515,-4.60147857666016e-05,-65892649.4339679,-0.000661149621009827,2332181.69852515,696700.849921562,-5.2496325224638e-06,0.3271945079085832,0.09774396733056213,-7.364996179219929e-13,-0.3894281296185742,3.3474649826933875,0.018096552153157742,128988.86355938508,0.03964181102708413,282559.4682646347,0.11584051948371987,825689.7134809471,2.8245255577826276,0.13738577835764626,979260.3181861967,2.381574802137248
6,case_0006_steps_0080_mesh_21x21,12,80,21,21,0.055,-712904.272076997,-5.72763383388519e-06,2387805.32567871,-4.45246696472168e-05,-67776557.598892,-0.000720269978046417,2387805.32567871,712904.272076997,-5.72763383388519e-06,0.33499825035545555,0.10001723392121213,-8.035610325489428e-13,-0.4005621003928827,3.3494052696893024,0.018096552153157742,128988.86355938508,0.03964181102708413,282559.4682646347,0.11811378607436987,841893.135636382,2.8362332754664665,0.13965904494829626,995463.7403416317,2.3986863899826654
6,case_0006_steps_0080_mesh_21x21,13,80,21,21,0.06,-721190.793292954,-5.44264912605286e-06,2453856.91291581,-4.04119491577148e-05,-69926298.1486104,-0.000688731670379639,2453856.91291581,721190.793292954,-5.44264912605286e-06,0.3442649882757003,0.10117979524018814,-7.635789714172401e-13,-0.41326715093544714,3.402507264009168,0.018096552153157742,128988.86355938508,0.03964181102708413,282559.4682646347,0.11927634739334587,850179.656852339,2.8862804386555685,0.14082160626727228,1003750.2615575887,2.444688690898063
6,case_0006_steps_0080_mesh_21x21,14,80,21,21,0.065,-723112.433145895,-5.94649463891983e-06,2529418.97256665,-4.49419021606445e-05,-72303447.9878623,-0.000756621360778809,2529418.97256665,723112.433145895,-5.94649463891983e-06,0.3548660023131788,0.10144939259036809,-8.342662102154475e-13,-0.4273161992538131,3.4979608379328124,0.018096552153157742,128988.86355938508,0.03964181102708413,282559.4682646347,0.11954594474352583,852101.2967052801,2.9684486836798123,0.14109120361745223,1005671.9014105297,2.5151532711801448
6,case_0006_steps_0080_mesh_21x21,15,80,21,21,0.07,-721726.82724735,-6.07233960181475e-06,2611015.35704119,-5.03659248352051e-05,-74805747.8482616,-0.000769495964050293,2611015.35704119,721726.82724735,-6.07233960181475e-06,0.36631360473718816,0.10125499837124854,-8.51921687373688e-13,-0.4421048890811457,3.6177335502402537,0.018096552153157742,128988.86355938508,0.03964181102708413,282559.4682646347,0.11935155052440628,850715.6908067351,3.0691985410133436,0.14089680939833268,1004286.2955119847,2.599871539330421
6,case_0006_steps_0080_mesh_21x21,16,80,21,21,0.075,-720382.888860202,-6.0034217312932e-06,2693700.42446341,-5.26905059814453e-05,-77298139.5890872,-0.000764913856983185,2693700.42446341,720382.888860202,-6.0034217312932e-06,0.3779139444378684,0.10106644991487382,-8.422528229170008e-13,-0.456835021535133,3.739262087034595,0.018096552153157742,128988.86355938508,0.03964181102708413,282559.4682646347,0.11916300206803156,849371.7524195871,3.171403354055422,0.14070826094195796,1002942.3571248368,2.6857978480293894
6,case_0006_steps_0080_mesh_21x21,17,80,21,21,0.08,-721489.024544755,-6.40528742223978e-06,2771308.67586082,-5.06043434143066e-05,-79616526.8497279,-0.000817753374576569,2771308.67586082,721489.024544755,-6.40528742223978e-06,0.3888020298909356,0.10122163573132041,-8.986327555259227e-13,-0.4705367807206942,3.8410960965199155,0.018096552153157742,128988.86355938508,0.03964181102708413,282559.4682646347,0.11931818788447815,850477.8881041401,3.2585311324654644,0.14086344675840454,1004048.4928093897,2.7601342920266
6,case_0006_steps_0080_mesh_21x21,18,80,21,21,0.085,-726147.978937101,-6.06593675911427e-06,2838403.5379781,-5.86509704589844e-05,-81617721.6077677,-0.000765077769756317,2838403.5379781,726147.978937101,-6.06593675911427e-06,0.3982151345420615,0.10187526588832584,-8.510233976015297e-13,-0.48236391983743143,3.9088500144733764,0.018096552153157742,128988.86355938508,0.03964181102708413,282559.4682646347,0.11997181804148357,855136.842496486,3.319238976643395,0.14151707691540996,1008707.4472017357,2.813901638034041
6,case_0006_steps_0080_mesh_21x21,19,80,21,21,0.09,-734480.915631762,-6.55790790915489e-06,2891446.58417402,-4.78625297546387e-05,-83210053.1663357,-0.000828057527542114,2891446.58417402,734480.915631762,-6.55790790915489e-06,0.4056568331923089,0.10304433908831158,-9.200447171859156e-13,-0.49177466148938426,3.9367211899399037,0.018096552153157742,128988.86355938508,0.03964181102708413,282559.4682646347,0.12114089124146932,863469.7791911471,3.3486366910056478,0.1426861501153957,1017040.3838963967,2.843000759809125
6,case_0006_steps_0080_mesh_21x21,20,80,21,21,0.095,-746084.776962946,-6.64882827550173e-06,2929199.53968522,-6.63995742797852e-05,-84363313.2860223,-0.000830568373203278,2929199.53968522,746084.776962946,-6.64882827550173e-06,0.4109534015121758,0.10467230817000757,-9.32800431950565e-13,-0.4985904738027639,3.926094768491299,0.018096552153157742,128988.86355938508,0.03964181102708413,282559.4682646347,0.12276886032316531,875073.6405223311,3.347374899713334,0.1443141191970917,1028644.2452275808,2.8476312906773265
6,case_0006_steps_0080_mesh_21x21,21,80,21,21,0.1,-760456.199348334,-6.75336923450232e-06,2952725.4931393,-7.45654106140137e-05,-85110399.2084904,-0.000850789248943329,2952725.4931393,760456.199348334,-6.75336923450232e-06,0.41425398601138347,0.10668855350728428,-9.474670540487148e-13,-0.5030057807596146,3.882834403440476,0.018096552153157742,128988.86355938508,0.03964181102708413,282559.4682646347,0.12478510566044201,889445.062907719,3.319739033107263,0.1463303645343684,1043015.6676129687,2.8309502769952313
6,case_0006_steps_0080_mesh_21x21,22,80,21,21,0.105,-777136.982470943,-7.32194166630507e-06,2964578.22109366,-6.33001327514648e-05,-85526118.7917244,-0.000902026891708374,2964578.22109366,777136.982470943,-7.32194166630507e-06,0.41591686995085253,0.10902879167516946,-1.0272351858163783e-12,-0.5054626997200042,3.814743459599164,0.018096552153157742,128988.86355938508,0.03964181102708413,282559.4682646347,0.12712534382832721,906125.8460303281,3.2717069423427922,0.1486706027022536,1059696.4507355778,2.7975730399359433
6,case_0006_steps_0080_mesh_21x21,23,80,21,21,0.11,-795586.539716024,-6.97746872901917e-06,2968183.86913008,-6.03795051574707e-05,-85710343.6952506,-0.000866703689098358,2968183.86913008,795586.539716024,-6.97746872901917e-06,0.41642272600645663,0.11161718082501701,-9.789071960742579e-13,-0.5065514760892299,3.7308120750629357,0.018096552153157742,128988.86355938508,0.03964181102708413,282559.4682646347,0.12971373297817476,924575.403275409,3.210321038841143,0.15125899185210115,1078146.0079806587,2.753044436615238
6,case_0006_steps_0080_mesh_21x21,24,80,21,21,0.115,-814950.108052923,-7.33323395252228e-06,2967096.21043172,-7.49826431274414e-05,-85767647.0798665,-0.000909395515918732,2967096.21043172,814950.108052923,-7.33323395252228e-06,0.41627013242731675,0.11433380158289042,-1.028819442323639e-12,-0.5068901413285771,3.6408317283627336,0.018096552153157742,128988.86355938508,0.03964181102708413,282559.4682646347,0.13243035373604817,943938.971612308,3.1433136035942346,0.15397561260997455,1097509.5763175576,2.7034809303324105
6,case_0006_steps_0080_mesh_21x21,25,80,21,21,0.12,-833903.753963096,-6.60447403788567e-06,2965346.19422163,-6.65187835693359e-05,-85813981.572814,-0.000819794833660126,2965346.19422163,833903.753963096,-6.60447403788567e-06,0.41602461309533056,0.11699291208468982,-9.265777337107048e-13,-0.5071639799901028,3.5559813469227533,0.018096552153157742,128988.86355938508,0.03964181102708413,282559.4682646347,0.13508946423784757,962892.617522481,3.079622940563668,0.15663472311177395,1116463.2222277308,2.6560178026327974
6,case_0006_steps_0080_mesh_21x21,26,80,21,21,0.125,-850718.49299895,-7.28829763829708e-06,2966922.84856485,-6.41345977783203e-05,-85962555.6990381,-0.000907294452190399,2966922.84856485,850718.49299895,-7.28829763829708e-06,0.41624581054418197,0.11935194365925654,-1.0225150813772182e-12,-0.5080420588741996,3.487549492554069,0.018096552153157742,128988.86355938508,0.03964181102708413,282559.4682646347,0.13744849581241428,979707.356558335,3.0283766154288236,0.15899375468634067,1133277.9612635847,2.618001011205392
6,case_0006_steps_0080_mesh_21x21,27,80,21,21,0.13,-863799.436520089,-7.20587559044361e-06,2975075.56267487,-6.74724578857422e-05,-86300508.5025718,-0.000896424055099487,2975075.56267487,863799.436520089,-7.20587559044361e-06,0.41738959933346637,0.12118714066860008,-1.010951642128343e-12,-0.5100393731317082,3.444174002544258,0.018096552153157742,128988.86355938508,0.03964181102708413,282559.4682646347,0.13928369282175782,992788.3000794741,2.996686768404413,0.1608289516956842,1146358.9047847237,2.595239196256397
6,case_0006_steps_0080_mesh_21x21,28,80,21,21,0.135,-872291.897067752,-7.36897345632315e-06,2991683.415077,-7.74860382080078e-05,-86872299.7947432,-0.000925280153751373,2991683.415077,872291.897067752,-7.36897345632315e-06,0.4197196056522578,0.1223785943411775,-1.0338335325064141e-12,-0.513418681982624,3.4296815379504,0.018096552153157742,128988.86355938508,0.03964181102708413,282559.4682646347,0.14047514649433523,1001280.760627137,2.987856685874204,0.16202040536826162,1154851.3653323867,2.5905354618652074
6,case_0006_steps_0080_mesh_21x21,29,80,21,21,0.14,-876359.189546358,-7.36652873456478e-06,3016778.23537116,-7.62343406677246e-05,-87671355.0063757,-0.00091949850320816,3016778.23537116,876359.189546358,-7.36652873456478e-06,0.42324029504896926,0.12294921701688898,-1.0334905491388622e-12,-0.5181411294665402,3.4423992711627487,0.018096552153157742,128988.86355938508,0.03964181102708413,282559.4682646347,0.14104576917004671,1005348.053105743,3.000730171060324,0.1625910280439731,1158918.6578109926,2.603097478013996
6,case_0006_steps_0080_mesh_21x21,30,80,21,21,0.145,-877247.912630584,-7.47374724596739e-06,3048872.0547937,-7.48634338378906e-05,-88648843.6128135,-0.000942572951316833,3048872.0547937,877247.912630584,-7.47374724596739e-06,0.4277429122590716,0.123073900832217,-1.0485328196871873e-12,-0.5239181252771277,3.475496505487388,0.018096552153157742,128988.86355938508,0.03964181102708413,282559.4682646347,0.14117045298537476,1006236.776189969,3.0299747802281662,0.16271571185930114,1159807.3808952188,2.628774488777931
6,case_0006_steps_0080_mesh_21x21,31,80,21,21,0.15,-876806.727083718,-7.14766792953014e-06,3084916.77735332,-7.33733177185059e-05,-89717024.1089812,-0.000905714929103851,3084916.77735332,876806.727083718,-7.14766792953014e-06,0.4327998232484916,0.12301200450227219,-1.0027853714723576e-12,-0.5302311136952742,3.518354367117863,0.018096552153157742,128988.86355938508,0.03964181102708413,282559.4682646347,0.14110855665542993,1005795.5906431031,3.0671408843429426,0.16265381552935632,1159366.1953483527,2.6608648671409645
6,case_0006_steps_0080_mesh_21x21,32,80,21,21,0.155,-876815.108606115,-7.74371437728405e-06,3121174.93702301,-7.02738761901855e-05,-90773076.3441879,-0.000976912677288055,3121174.93702301,876815.108606115,-7.74371437728405e-06,0.43788667849578966,0.12301318039182571,-1.0864079829896463e-12,-0.5364724236178352,3.5596728505109643,0.018096552153157742,128988.86355938508,0.03964181102708413,282559.4682646347,0.14110973254498346,1005803.9721655,3.103164258044346,0.16265499141890985,1159374.5768707497,2.6921195265876245
6,case_0006_steps_0080_mesh_21x21,33,80,21,21,0.16,-878614.748216628,-7.88294710218906e-06,3153815.29292849,-5.26309013366699e-05,-91713647.2838824,-0.000986337661743164,3153815.29292849,878614.748216628,-7.88294710218906e-06,0.4424659722940423,0.12326566166168,-1.1059417023987624e-12,-0.542031234577256,3.5895314747788607,0.018096552153157742,128988.86355938508,0.03964181102708413,282559.4682646347,0.14136221381483774,1007603.611776013,3.1300158674198686,0.16290747268876413,1161174.2164812628,2.7160569431911608
6,case_0006_steps_0080_mesh_21x21,34,80,21,21,0.165,-882893.836973831,-8.11670906841755e-06,3179600.21265879,-4.20212745666504e-05,-92452457.7601058,-0.00101941078901291,3179600.21265879,882893.836973831,-8.11670906841755e-06,0.4460834795096907,0.12386599839406051,-1.1387374453531998e-12,-0.5463976333238508,3.601339231857197,0.018096552153157742,128988.86355938508,0.03964181102708413,282559.4682646347,0.14196255054721826,1011882.7005332161,3.142261658375309,0.16350780942114465,1165453.3052384658,2.728209013923733
6,case_0006_steps_0080_mesh_21x21,35,80,21,21,0.17,-889783.285280249,-7.27095175534487e-06,3196681.2125957,-2.0146369934082e-05,-92941975.7149251,-0.000901669263839722,3196681.2125957,889783.285280249,-7.27095175534487e-06,0.44847986628027464,0.12483255672431649,-1.020081532721735e-12,-0.5492907035402946,3.59265145286345,0.018096552153157742,128988.86355938508,0.03964181102708413,282559.4682646347,0.14292910887747423,1018772.148839634,3.137778370008123,0.16447436775140062,1172342.7535448838,2.726746254821554
6,case_0006_steps_0080_mesh_21x21,36,80,21,21,0.175,-899110.78794295,-7.53335189074278e-06,3204611.70355716,1.34706497192383e-05,-93172779.6380312,-0.000922635197639465,3204611.70355716,899110.78794295,-7.53335189074278e-06,0.4495924781703557,0.12614116301587108,-1.056895080838916e-12,-0.5506547637329859,3.5642011491029932,0.018096552153157742,128988.86355938508,0.03964181102708413,282559.4682646347,0.14423771516902884,1028099.6515023351,3.1170244040782866,0.16578297404295522,1181670.2562075849,2.711933965268737
6,case_0006_steps_0080_mesh_21x21,37,80,21,21,0.18,-910471.580750106,-7.24068377166986e-06,3204433.03296491,6.02602958679199e-05,-93177337.527725,-0.000869162380695343,3204433.03296491,910471.580750106,-7.24068377166986e-06,0.44956741149714324,0.12773503068679032,-1.0158350719806218e-12,-0.5506817010389482,3.5195310877522266,0.018096552153157742,128988.86355938508,0.03964181102708413,282559.4682646347,0.14583158283994807,1039460.4443094911,3.082784968401179,0.16737684171387446,1193031.0490147406,2.6859594606622155
6,case_0006_steps_0080_mesh_21x21,38,80,21,21,0.185,-923370.899801219,-7.18398950994015e-06,3198141.96197944,0.000123679637908936,-93013843.3169419,-0.000830970704555511,3198141.96197944,923370.899801219,-7.18398950994015e-06,0.4486848027893352,0.12954474660727533,-1.007881124361693e-12,-0.5497154438728507,3.46355073856879,0.018096552153157742,128988.86355938508,0.03964181102708413,282559.4682646347,0.14764129876043308,1052359.7633606042,3.039019614135092,0.16918655763435947,1205930.3680658536,2.6520121282863287
6,case_0006_steps_0080_mesh_21x21,39,80,21,21,0.19,-937054.60757981,-6.83299731463194e-06,3188262.55293899,0.000245869159698486,-92756325.293988,-0.000717818737030029,3188262.55293899,937054.60757981,-6.83299731463194e-06,0.4472987665377593,0.13146450870634863,-9.58638512306102e-13,-0.5481935023075398,3.4024298340237786,0.018096552153157742,128988.86355938508,0.03964181102708413,282559.4682646347,0.14956106085950638,1066043.4711391951,2.9907434727140623,0.17110631973343277,1219614.0758444448,2.6141569010110666
6,case_0006_steps_0080_mesh_21x21,40,80,21,21,0.195,-950543.643165251,-7.75931403040886e-06,3177743.61113549,0.00036543607711792,-92489071.5819157,-0.000709012150764465,3177743.61113549,950543.643165251,-7.75931403040886e-06,0.44582300674198877,0.133356959180225,-1.0885965435254504e-12,-0.5466140224396036,3.343080177311798,0.018096552153157742,128988.86355938508,0.03964181102708413,282559.4682646347,0.15145351133338275,1079532.506724636,2.9436293871103034,0.17299877020730914,1233103.1114298857,2.577029918812411
6,case_0006_steps_0080_mesh_21x21,41,80,21,21,0.2,-962706.600249804,-8.3948252722621e-06,3169496.88979983,0.0005531907081604,-92293827.6455633,-0.000543802976608276,3169496.88979983,962706.600249804,-8.3948252722621e-06,0.44466602916559034,0.13506336685871342,-1.1777558865474972e-12,-0.5454601231563568,3.2922770956150154,0.018096552153157742,128988.86355938508,0.03964181102708413,282559.4682646347,0.15315991901187118,1091695.4638091892,2.903279343802245,0.17470517788579756,1245266.0685144388,2.5452366927342163
6,case_0006_steps_0080_mesh_21x21,42,80,21,21,0.205,-972477.826877779,-1.00898323580623e-05,3165908.46850486,0.000809788703918457,-92234798.5283077,-0.000424176454544067,3165908.46850486,972477.826877779,-1.00898323580623e-05,0.4441625899436297,0.1364342256087951,-1.4155576880497901e-12,-0.5451112587697621,3.255507098469559,0.018096552153157742,128988.86355938508,0.03964181102708413,282559.4682646347,0.15453077776195284,1101466.6904371642,2.8742661906991795,0.17607603663587923,1255037.2951424136,2.5225612663132955
6,case_0006_steps_0080_mesh_21x21,43,80,21,21,0.21,-979210.501339645,-1.21364137157798e-05,3168445.97764443,0.00114864110946655,-92348781.1950556,-0.000301286578178406,3168445.97764443,979210.501339645,-1.21364137157798e-05,0.44451859095965696,0.13737878928016428,-1.7026837643142277e-12,-0.5457849007784212,3.235714867548623,0.018096552153157742,128988.86355938508,0.03964181102708413,282559.4682646347,0.15547534143332203,1108199.3648990302,2.859093839972659,0.17702060030724842,1261769.9696042798,2.5111122106021653
6,case_0006_steps_0080_mesh_21x21,44,80,21,21,0.215,-982919.036414937,-1.34890433400869e-05,3177496.76654816,0.00163006782531738,-92641120.5542734,-3.27229499816895e-05,3177496.76654816,982919.036414937,-1.34890433400869e-05,0.4457883755666681,0.13789907992037867,-1.892451561818004e-12,-0.547512637799956,3.2327146477268824,0.018096552153157742,128988.86355938508,0.03964181102708413,282559.4682646347,0.15599563207353642,1111907.8999743222,2.85769780628552,0.1775408909474628,1265478.5046795718,2.510905364886245
6,case_0006_steps_0080_mesh_21x21,45,80,21,21,0.22,-984247.289402957,-1.46215315908194e-05,3192150.832546,0.00226163864135742,-93081612.1857351,0.000301435589790344,3192150.832546,984247.289402957,-1.46215315908194e-05,0.4478442745200195,0.1380854277864425,-2.051334523700863e-12,-0.5501159605321019,3.243240664124515,0.018096552153157742,128988.86355938508,0.03964181102708413,282559.4682646347,0.15618197993960026,1113236.1529623421,2.867451640024111,0.17772723881352664,1266806.7576675918,2.519840388618779
6,case_0006_steps_0080_mesh_21x21,46,80,21,21,0.225,-984307.883800455,-1.40861375257373e-05,3210491.01488107,0.00313925743103027,-93613804.1635514,0.000894390046596527,3210491.01488107,984307.883800455,-1.40861375257373e-05,0.4504173188663806,0.1380939289054093,-1.976221166207107e-12,-0.5532612358898138,3.2616735756349184,0.018096552153157742,128988.86355938508,0.03964181102708413,282559.4682646347,0.15619048105856706,1113296.7473598402,2.8837693296910114,0.17773573993249345,1266867.3520650896,2.5341966620638905
6,case_0006_steps_0080_mesh_21x21,47,80,21,21,0.23,-984301.873371955,-1.16601586341858e-05,3229947.88664584,0.0043371319770813,-94166168.1929486,0.00169172137975693,3229947.88664584,984301.873371955,-1.16601586341858e-05,0.4531470296717352,0.13809308566956854,-1.6358673378069553e-12,-0.5565257288595841,3.2814606717966535,0.018096552153157742,128988.86355938508,0.03964181102708413,282559.4682646347,0.1561896378227263,1113290.73693134,2.90126179936503,0.17773489669665268,1266861.3416365897,2.5495670129717944
6,case_0006_steps_0080_mesh_21x21,48,80,21,21,0.235,-985265.353351084,-7.82508868724108e-06,3247833.13157447,0.00595492124557495,-94665272.7801394,0.00288531929254532,3247833.13157447,985265.353351084,-7.82508868724108e-06,0.4556562483646648,0.1382282575379741,-1.0978244293667141e-12,-0.5594754564474623,3.296404486900855,0.018096552153157742,128988.86355938508,0.03964181102708413,282559.4682646347,0.15632480969113186,1114254.216910469,2.91480443356979,0.17787006856505824,1267824.8216157188,2.5617365082310224
6,case_0006_steps_0080_mesh_21x21,49,80,21,21,0.24,-987844.947434154,-1.38790346682072e-06,3261829.37179711,0.00823056697845459,-95048570.9671311,0.00445232540369034,3261829.37179711,987844.947434154,-1.38790346682072e-06,0.4576198573472381,0.1385901628805757,-1.9471655752131143e-13,-0.5617407636908135,3.3019649290806656,0.018096552153157742,128988.86355938508,0.03964181102708413,282559.4682646347,0.15668671503373346,1116833.8109935392,2.9206040681158956,0.17823197390765985,1270404.4156987886,2.567551979109687
6,case_0006_steps_0080_mesh_21x21,50,80,21,21,0.245,-992336.151658097,7.75873195379972e-06,3270369.49391919,0.0112403035163879,-95275129.7634573,0.00670768320560455,3270369.49391919,992336.151658097,7.75873195379972e-06,0.4588179977223985,0.13922025845027308,1.0885148808188898e-12,-0.5630797350185693,3.295626676962964,0.018096552153157742,128988.86355938508,0.03964181102708413,282559.4682646347,0.15731681060343083,1121325.015217482,2.916522372672564,0.17886206947735722,1274895.6199227318,2.565205686499573
6,case_0006_steps_0080_mesh_21x21,51,80,21,21,0.25,-998711.950516981,1.66806858032942e-05,3272814.98541852,0.0152000784873962,-95330044.8205767,0.00960827618837357,3272814.98541852,998711.950516981,1.66806858032942e-05,0.45916108908111375,0.14011475409419136,2.3402245144269916e-12,-0.5634042851492077,3.2770359699053913,0.018096552153157742,128988.86355938508,0.03964181102708413,282559.4682646347,0.1582113062473491,1127700.8140763661,2.9022014922451675,0.1797565651212755,1281271.4187816158,2.5543494824310518
6,case_0006_steps_0080_mesh_21x21,52,80,21,21,0.255,-1006709.06040357,3.82188009098172e-05,3269560.80508859,0.021049439907074,-95226718.667496,0.014451265335083,3269560.80508859,1006709.06040357,3.82188009098172e-05,0.458704542349626,0.141236712317124,5.36192431509594e-12,-0.5627936235521926,3.247771311184869,0.018096552153157742,128988.86355938508,0.03964181102708413,282559.4682646347,0.15933326447028176,1135697.9239629551,2.8789000456033573,0.18087852334420815,1289268.5286682048,2.535981242376247
6,case_0006_steps_0080_mesh_21x21,53,80,21,21,0.26,-1015925.69316778,8.44947062432766e-05,3261800.55193848,0.0298975706100464,-95000676.6714941,0.0230263248085976,3261800.55193848,1015925.69316778,8.44947062432766e-05,0.45761581405186863,0.14252976406509324,1.1854223814393356e-11,-0.5614577065345216,3.210668431632819,0.018096552153157742,128988.86355938508,0.03964181102708413,282559.4682646347,0.160626316218251,1144914.5567271651,2.8489467032916522,0.18217157509217738,1298485.1614324148,2.512004487090363
6,case_0006_steps_0080_mesh_21x21,54,80,21,21,0.265,-1025776.82589725,0.000170759740285575,3251315.84046447,0.0436027646064758,-94705622.9228323,0.0379480123519897,3251315.84046447,1025776.82589725,0.000170759740285575,0.4561448566159743,0.1439118332785681,2.3956816584517794e-11,-0.5597139273654436,3.1696132710158804,0.018096552153157742,128988.86355938508,0.03964181102708413,282559.4682646347,0.16200838543172585,1154765.6894566352,2.815563252484881,0.18355364430565224,1308336.2941618846,2.485076547194046
6,case_0006_steps_0080_mesh_21x21,55,80,21,21,0.27,-1035523.88249086,0.000294046360068023,3240117.90480364,0.0635896325111389,-94398309.856907,0.0617012828588486,3240117.90480364,1035523.88249086,0.000294046360068023,0.4545738370635723,0.14527930108252185,4.125336981488595e-11,-0.5578976951529179,3.1289649225760265,0.018096552153157742,128988.86355938508,0.03964181102708413,282559.4682646347,0.1633758532356796,1164512.7460502451,2.782380799002297,0.184921112109606,1318083.3507554946,2.458204105944044
6,case_0006_steps_0080_mesh_21x21,56,80,21,21,0.275,-1044354.20681085,0.000513353385031223,3230566.60122286,0.0948677659034729,-94143213.6066388,0.102252669632435,3230566.60122286,1044354.20681085,0.000513353385031223,0.4532338325189113,0.14651815550899278,7.202115011223904e-11,-0.5563900663586894,3.093362941571384,0.018096552153157742,128988.86355938508,0.03964181102708413,282559.4682646347,0.16461470766215053,1173343.070370235,2.753300959286777,0.18615996653607692,1326913.6750754847,2.434647152942396
6,case_0006_steps_0080_mesh_21x21,57,80,21,21,0.28,-1051563.39900334,0.000898978556506336,3224287.51942219,0.145269691944122,-93984697.3141142,0.172873541712761,3224287.51942219,1051563.39900334,0.000898978556506336,0.45235290583931886,0.14752957245533613,1.2612261154543448e-10,-0.555453228883763,3.066184618519562,0.018096552153157742,128988.86355938508,0.03964181102708413,282559.4682646347,0.16562612460849388,1180552.262562725,2.731168811131627,0.18717138348242027,1334122.8672679747,2.4167845395116467
6,case_0006_steps_0080_mesh_21x21,58,80,21,21,0.285,-1056684.65400089,0.00169199809897691,3222303.52335384,0.231268405914307,-93948861.2509626,0.30352994799614,3222303.52335384,1056684.65400089,0.00169199809897691,0.4520745601951151,0.14824806128914242,2.3737965430699834e-10,-0.5552414363520329,3.0494466926848416,0.018096552153157742,128988.86355938508,0.03964181102708413,282559.4682646347,0.16634461344230017,1185673.517560275,2.717698823183871,0.18788987231622656,1339244.1222655247,2.4060613519086043
6,case_0006_steps_0080_mesh_21x21,59,80,21,21,0.29,-1059681.41141837,0.00259535596705973,3225006.9445177,0.353112399578094,-94042398.06975,0.488302230834961,3225006.9445177,1059681.41141837,0.00259535596705973,0.4524538379151736,0.14866849275430394,3.641166633915063e-10,-0.5557942426013454,3.043374083726796,0.018096552153157742,128988.86355938508,0.03964181102708413,282559.4682646347,0.1667650449074617,1188670.274977755,2.713121554737333,0.18831030378138808,1342240.8796830047,2.4027035633718334
6,case_0006_steps_0080_mesh_21x21,60,80,21,21,0.295,-1060959.8079249,0.00256206351332366,3231906.77470728,0.471141040325165,-94249026.0217029,0.640977583825588,3231906.77470728,1060959.8079249,0.00256206351332366,0.45342185277652,0.14884784598228382,3.5944588322710856e-10,-0.5570154218610528,3.046210375328422,0.018096552153157742,128988.86355938508,0.03964181102708413,282559.4682646347,0.16694439813544157,1189948.671484285,2.716005195985432,0.18848965700936796,1343519.2761895347,2.4055529622720084
6,case_0006_steps_0080_mesh_21x21,61,80,21,21,0.3,-1061229.26934302,-0.000167170539498329,3241868.25792245,0.492882966995239,-94532785.7221355,0.580500654876232,3241868.25792245,1061229.26934302,-0.000167170539498329,0.4548194036623229,0.1488856501963199,-2.3453268003328465e-11,-0.5586924527643454,3.0548236385615413,0.018096552153157742,128988.86355938508,0.03964181102708413,282559.4682646347,0.16698220234947767,1190218.132902405,2.723759761596806,0.18852746122340405,1343788.7376076546,2.4124835751294835
6,case_0006_steps_0080_mesh_21x21,62,80,21,21,0.305,-1061314.40770289,-0.00367984711192548,3253110.11360421,0.426579058170319,-94844812.2446032,0.40569768846035,3253110.11360421,1061314.40770289,-0.00367984711192548,0.4563965849943344,0.148897594721817,-5.162658491517592e-10,-0.5605365416889797,3.065170971008718,0.018096552153157742,128988.86355938508,0.03964181102708413,282559.4682646347,0.16699414687497474,1190303.271262275,2.7330094709009747,0.18853940574890113,1343873.8759675247,2.420695998173286
6,case_0006_steps_0080_mesh_21x21,63,80,21,21,0.31,-1061954.13706103,-0.00576107681263238,3263573.51861263,0.35322642326355,-95129152.5630679,0.29635975509882,3263573.51861263,1061954.13706103,-0.00576107681263238,0.4578645532298039,0.14898734584741052,-8.082529306892566e-10,-0.5622170040675006,3.0731774609820786,0.018096552153157742,128988.86355938508,0.03964181102708413,282559.4682646347,0.16708389800056828,1190943.000620415,2.740327217098123,0.18862915687449466,1344513.6053256646,2.4273265110040563
6,case_0006_steps_0080_mesh_21x21,64,80,21,21,0.315,-1063674.44053641,-0.00736857042647898,3271477.09378469,0.375126004219055,-95336710.011963,0.218086332082748,3271477.09378469,1063674.44053641,-0.00736857042647898,0.4589733889567869,0.14922869661756552,-1.0337769892483914e-09,-0.5634436766904102,3.0756375908918963,0.018096552153157742,128988.86355938508,0.03964181102708413,282559.4682646347,0.16732524877072327,1192663.3040957951,2.743001384003279,0.18887050764464966,1346233.9088010448,2.4300955966101503
6,case_0006_steps_0080_mesh_21x21,65,80,21,21,0.32,-1066744.15501532,-0.0123601377708837,3275672.41389453,0.641513347625732,-95438192.6498203,-0.16777965426445,3275672.41389453,1066744.15501532,-0.0123601377708837,0.45956197332811877,0.14965936362733667,-1.7340712338940316e-09,-0.5640434430405117,3.070719814581488,0.018096552153157742,128988.86355938508,0.03964181102708413,282559.4682646347,0.16775591578049442,1195733.018574705,2.7394680610217486,0.1893011746544208,1349303.6232799548,2.427676289738155
6,case_0006_steps_0080_mesh_21x21,66,80,21,21,0.325,-1071207.87077886,-0.00356097857002169,3275522.27172011,0.521197497844696,-95417620.8402944,0.43400726467371,3275522.27172011,1071207.87077886,-0.00356097857002169,0.4595409090624542,0.15028560269079336,-4.995891321967221e-10,-0.5639218628433977,3.057783984856762,0.018096552153157742,128988.86355938508,0.03964181102708413,282559.4682646347,0.1683821548439511,1200196.7343382451,2.7291544611026968,0.1899274137178775,1353767.3390434948,2.419560715679869
6,case_0006_steps_0080_mesh_21x21,67,80,21,21,0.33,-1076893.81108496,0.000105343060567975,3271098.14889422,0.717862844467163,-95279845.8724795,0.74217750877142,3271098.14889422,1076893.81108496,0.000105343060567975,0.4589202247084609,0.1510833143106163,1.477915330778888e-11,-0.5631076074069369,3.037530827295424,0.018096552153157742,128988.86355938508,0.03964181102708413,282559.4682646347,0.16917986646377406,1205882.674644345,2.712617253464543,0.19072512533770045,1359453.2793495946,2.4061865152579696
6,case_0006_steps_0080_mesh_21x21,68,80,21,21,0.335,-1083510.18821447,0.0384518635692075,3263673.16954199,21.2276687026024,-95060316.5294471,6.20646894723177,3263673.16954199,1083510.18821447,0.0384518635692075,0.4578785338029364,0.15201156199406082,5.39462194847472e-09,-0.5618101804224722,3.0121296551167998,0.018096552153157742,128988.86355938508,0.03964181102708413,282559.4682646347,0.17010811414721858,1212499.051773855,2.691691317009543,0.19165337302114496,1366069.6564791047,2.3890971840731394
6,case_0006_steps_0080_mesh_21x21,69,80,21,21,0.34,-1090607.56841246,-0.0018107914365828,3254703.10946971,0.972751200199127,-94800350.8338248,0.494881294667721,3254703.10946971,1090607.56841246,-0.0018107914365828,0.4566200750845972,0.15300729222502438,-2.5404582044034785e-10,-0.5602737730161707,2.9843026985475722,0.018096552153157742,128988.86355938508,0.03964181102708413,282559.4682646347,0.17110384437818213,1219596.431971845,2.66867221332183,0.19264910325210852,1373167.0366770946,2.370216457675619
6,case_0006_steps_0080_mesh_21x21,70,80,21,21,0.345,-1097664.12761445,0.132924750912935,3245149.73466907,38.1950079202652,-94530695.1325229,23.7584830373526,3245149.73466907,1097664.12761445,0.132924750912935,0.45527977995719,0.15399729545551152,1.8648739286194066e-08,-0.5586800972981496,2.956414127991724,0.018096552153157742,128988.86355938508,0.03964181102708413,282559.4682646347,0.17209384760866928,1226652.991173835,2.645531994801278,0.19363910648259566,1380223.5958790847,2.3511768269706956
6,case_0006_steps_0080_mesh_21x21,71,80,21,21,0.35,-1104066.71902559,-0.0107207512483001,3236704.30076157,1.84100651741028,-94296489.9802021,-0.575261607766151,3236704.30076157,1104066.71902559,-0.0107207512483001,0.4540949239088013,0.15489554997291577,-1.5040727449821607e-09,-0.5572959357080662,2.9316202046359754,0.018096552153157742,128988.86355938508,0.03964181102708413,282559.4682646347,0.17299210212607352,1233055.582584975,2.62494598497835,0.1945373609999999,1386626.1872902247,2.3342298958645866
6,case_0006_steps_0080_mesh_21x21,72,80,21,21,0.355,-1109328.75301479,-0.00141965073999017,3230593.68701101,-0.350938200950623,-94131908.8426086,-0.18196576833725,3230593.68701101,1109328.75301479,-0.00141965073999017,0.45323763253206234,0.1556337894603379,-1.9917055586487382e-10,-0.5563232547621019,2.9122058526215255,0.018096552153157742,128988.86355938508,0.03964181102708413,282559.4682646347,0.17373034161349565,1238317.616574175,2.60885708462139,0.19527560048742204,1391888.2212794246,2.3210151775272916
6,case_0006_steps_0080_mesh_21x21,73,80,21,21,0.36,-1113145.64670855,0.0129257115768269,3227599.53254254,-5.05451261997223,-94056069.5688631,0.706872351467609,3227599.53254254,1113145.64670855,0.0129257115768269,0.45281756624883374,0.1561692823229476,1.8134186720625908e-09,-0.5558750416946346,2.8995303014355756,0.018096552153157742,128988.86355938508,0.03964181102708413,282559.4682646347,0.17426583447610536,1242134.510267935,2.598429965403932,0.19581109335003175,1395705.1149731847,2.3125225363987805
6,case_0006_steps_0080_mesh_21x21,74,80,21,21,0.365,-1115482.3983893,-0.000103785656392574,3228140.86556815,-0.655980348587036,-94078903.1071596,-0.595158517360687,3228140.86556815,1115482.3983893,-0.000103785656392574,0.4528935128155361,0.1564971179786219,-1.4560656570117303e-11,-0.5560099887970469,2.893941554101993,0.018096552153157742,128988.86355938508,0.03964181102708413,282559.4682646347,0.17459367013177965,1244471.2619486852,2.593985867149144,0.19613892900570604,1398041.8666539348,2.309044487554842
6,case_0006_steps_0080_mesh_21x21,75,80,21,21,0.37,-1116606.73520708,0.000483328942209482,3231791.59244687,-0.78007036447525,-94185515.8403202,-0.890920072793961,3231791.59244687,1116606.73520708,0.000483328942209482,0.4534056932281287,0.15665485733145604,6.78088570475514e-11,-0.5566400742105931,2.8942970613978245,0.018096552153157742,128988.86355938508,0.03964181102708413,282559.4682646347,0.1747514094846138,1245595.598766465,2.594575314530149,0.19629666835854018,1399166.2034717146,2.3097982101253662
6,case_0006_steps_0080_mesh_21x21,76,80,21,21,0.375,-1116937.31404414,0.000489711645059288,3237637.20085488,-0.598735272884369,-94349281.8785179,-1.13641653954983,3237637.20085488,1116937.31404414,0.000489711645059288,0.4542258055580104,0.1567012360419936,6.870432129006289e-11,-0.5576079378873191,2.898674043874706,0.018096552153157742,128988.86355938508,0.03964181102708413,282559.4682646347,0.17479778819515135,1245926.177603525,2.5985786791014442,0.19634304706907774,1399496.7823087748,2.3134295425200566
6,case_0006_steps_0080_mesh_21x21,77,80,21,21,0.38,-1117073.18724843,0.0038844981463626,3244500.80058809,-0.797171533107758,-94536497.7354416,-1.0395330414176,3244500.80058809,1117073.18724843,0.0038844981463626,0.4551887374507567,0.1567202984359073,5.449774604931831e-10,-0.558714390907846,2.9044657392412496,0.018096552153157742,128988.86355938508,0.03964181102708413,282559.4682646347,0.17481685058906504,1246062.050807815,2.603803557362732,0.19636210946299143,1399632.6555130647,2.3181088179160483
6,case_0006_steps_0080_mesh_21x21,78,80,21,21,0.385,-1117533.24097658,0.00198380835354328,3250973.86245349,-1.17143428325653,-94708333.7257423,-1.34116395562887,3250973.86245349,1117533.24097658,0.00198380835354328,0.4560968786530699,0.15678484188605474,2.7831930866836376e-10,-0.559729948316431,2.909062337700629,0.018096552153157742,128988.86355938508,0.03964181102708413,282559.4682646347,0.1748813940392125,1246522.104535965,2.6080354697470125,0.19642665291313888,1400092.7092412147,2.3219704245266493
6,case_0006_steps_0080_mesh_21x21,79,80,21,21,0.39,-1118730.48375478,-0.00278381502721459,3255827.60682555,-1.03345823287964,-94831524.9329596,-2.0391478985548,3255827.60682555,1118730.48375478,-0.00278381502721459,0.4567778369601926,0.15695280961425875,-3.905566142269316e-10,-0.560458013158628,2.910287736057804,0.018096552153157742,128988.86355938508,0.03964181102708413,282559.4682646347,0.1750493617674165,1247719.347314165,2.6094230355841077,0.1965946206413429,1401289.9520194146,2.3234503338395744
6,case_0006_steps_0080_mesh_21x21,80,80,21,21,0.395,-1120891.87252497,-0.0075912456959486,3258126.90827315,-1.16951543092728,-94881048.0224528,-2.61184952408075,3258126.90827315,1120891.87252497,-0.0075912456959486,0.45710041851812044,0.1572560426494501,-1.0650173189635238e-09,-0.5607506965501737,2.906727212620207,0.018096552153157742,128988.86355938508,0.03964181102708413,282559.4682646347,0.17535259480260784,1249880.736084355,2.6067502396110678,0.19689785367653423,1403451.3407896047,2.32151041762522
7,case_0007_steps_0100_mesh_21x21,1,100,21,21,0.0,-34183.2613243375,-3.15834768116474e-06,9147140.42049128,-3.99351119995117e-06,-193947896.879793,-0.000410236418247223,9147140.42049128,34183.2613243375,-3.15834768116474e-06,1.2833022875301843,0.004795756426182461,-4.431018457937564e-13,-1.1462396393856116,267.59121470890136,0.018096552153157742,128988.86355938508,0.03964181102708413,282559.4682646347,0.0228923085793402,163172.12488372257,56.058229473996164,0.044437567453266595,316742.72958897223,28.87876994796773
7,case_0007_steps_0100_mesh_21x21,2,100,21,21,0.005,-434009.020355709,-3.4745316952467e-06,1625266.75662054,-1.25765800476074e-05,-41820558.6812941,-0.000451914966106415,1625266.75662054,434009.020355709,-3.4745316952467e-06,0.22801754982852682,0.060889495845446076,-4.874610279970687e-13,-0.2471611338557688,3.7447764456335246,0.018096552153157742,128988.86355938508,0.03964181102708413,282559.4682646347,0.07898604799860381,562997.8839150941,2.8868079313520956,0.1005313068725302,716568.4886203437,2.268124795369906
7,case_0007_steps_0100_mesh_21x21,3,100,21,21,0.01,-465390.67667281,-3.93157824873924e-06,1772396.33206223,-9.17911529541016e-06,-46743494.0587248,-0.00050760805606842,1772396.33206223,465390.67667281,-3.93157824873924e-06,0.2486591615288012,0.06529219980394273,-5.515825851878636e-13,-0.2762558740541749,3.808405326753682,0.018096552153157742,128988.86355938508,0.03964181102708413,282559.4682646347,0.08338875195710047,594379.540232195,2.9819268869346365,0.10493401083102685,747950.1449374447,2.369671754272426
7,case_0007_steps_0100_mesh_21x21,4,100,21,21,0.015,-495398.946391917,-4.02587465941906e-06,1895465.03903331,-2.15768814086914e-05,-50833776.5728167,-0.000515811145305634,1895465.03903331,495398.946391917,-4.02587465941906e-06,0.26592514258071187,0.06950222385573099,-5.6481194365056e-13,-0.3004296033359305,3.826138615833432,0.018096552153157742,128988.86355938508,0.03964181102708413,282559.4682646347,0.08759877600888873,624387.8099513021,3.0357175601828983,0.10914403488281513,777958.4146565518,2.4364606170756673
7,case_0007_steps_0100_mesh_21x21,5,100,21,21,0.02,-524557.449183153,-4.50923107564449e-06,1998244.15454852,-2.75969505310059e-05,-54249304.5470301,-0.000574313104152679,1998244.15454852,524557.449183153,-4.50923107564449e-06,0.2803445860338292,0.07359302946412884,-6.326246551778606e-13,-0.3206155069546757,3.8093904827015788,0.018096552153157742,128988.86355938508,0.03964181102708413,282559.4682646347,0.09168958161728658,653546.312742538,3.057540247091441,0.11323484049121296,807116.9174477877,2.4757802882725306
7,case_0007_steps_0100_mesh_21x21,6,100,21,21,0.025,-553657.868608492,-4.47861384600401e-06,2080907.34683602,-2.08616256713867e-05,-57028567.7052329,-0.000562712550163269,2080907.34683602,553657.868608492,-4.47861384600401e-06,0.29194185675238665,0.0776756862398974,-6.28329196812813e-13,-0.3370410606805332,3.7584715486225515,0.018096552153157742,128988.86355938508,0.03964181102708413,282559.4682646347,0.09577223839305514,682646.732167877,3.0482931343239503,0.11731749726698154,836217.3368731267,2.488476685519546
7,case_0007_steps_0100_mesh_21x21,7,100,21,21,0.03,-583428.06889356,-5.04555646330118e-06,2146186.16262006,-2.56896018981934e-05,-59267870.7958487,-0.000629864633083344,2146186.16262006,583428.06889356,-5.04555646330118e-06,0.30110017834492003,0.08185231023054645,-7.078686730021084e-13,-0.3502754293349837,3.678578863526719,0.018096552153157742,128988.86355938508,0.03964181102708413,282559.4682646347,0.09994886238370419,712416.932452945,3.0125423257845085,0.1214941212576306,865987.5371581947,2.478310680616648
7,case_0007_steps_0100_mesh_21x21,8,100,21,21,0.035,-614078.782558923,-4.97978180646896e-06,2198351.67172132,-3.1888484954834e-05,-61104575.2686895,-0.00062541663646698,2198351.67172132,614078.782558923,-4.97978180646896e-06,0.3084187625234089,0.08615246625232102,-6.986407871608449e-13,-0.3611304244469535,3.5799179749552423,0.018096552153157742,128988.86355938508,0.03964181102708413,282559.4682646347,0.10424901840547876,743067.6461183081,2.958481213931508,0.12579427727940515,896638.2508235577,2.451771012113464
7,case_0007_steps_0100_mesh_21x21,9,100,21,21,0.04,-644709.184983419,-5.10166864842176e-06,2242672.63898645,-3.74913215637207e-05,-62701058.8729538,-0.000637270510196686,2242672.63898645,644709.184983419,-5.10166864842176e-06,0.3146367930840283,0.09044977269918265,-7.157409579144778e-13,-0.37056570485100526,3.478580251720981,0.018096552153157742,128988.86355938508,0.03964181102708413,282559.4682646347,0.10854632485234039,773698.0485428041,2.8986406818659263,0.13009158372626678,927268.6532480537,2.4185791584033116
7,case_0007_steps_0100_mesh_21x21,10,100,21,21,0.045,-673188.735369929,-5.65533991903067e-06,2285282.31793272,-2.60472297668457e-05,-64239977.8771746,-0.000704586505889893,2285282.31793272,673188.735369929,-5.65533991903067e-06,0.32061473766003795,0.09444532436656117,-7.9341852439421e-13,-0.37966077622233857,3.3947126531713536,0.018096552153157742,128988.86355938508,0.03964181102708413,282559.4682646347,0.1125418765197189,802177.5989293141,2.8488483360579275,0.1340871353936453,955748.2036345637,2.3910924543118597
7,case_0007_steps_0100_mesh_21x21,11,100,21,21,0.05,-696700.849921562,-5.2496325224638e-06,2332181.69852515,-4.60147857666016e-05,-65892649.4339679,-0.000661149621009827,2332181.69852515,696700.849921562,-5.2496325224638e-06,0.3271945079085832,0.09774396733056213,-7.364996179219929e-13,-0.3894281296185742,3.3474649826933875,0.018096552153157742,128988.86355938508,0.03964181102708413,282559.4682646347,0.11584051948371987,825689.7134809471,2.8245255577826276,0.13738577835764626,979260.3181861967,2.381574802137248
7,case_0007_steps_0100_mesh_21x21,12,100,21,21,0.055,-712904.272076997,-5.72763383388519e-06,2387805.32567871,-4.45246696472168e-05,-67776557.598892,-0.000720269978046417,2387805.32567871,712904.272076997,-5.72763383388519e-06,0.33499825035545555,0.10001723392121213,-8.035610325489428e-13,-0.4005621003928827,3.3494052696893024,0.018096552153157742,128988.86355938508,0.03964181102708413,282559.4682646347,0.11811378607436987,841893.135636382,2.8362332754664665,0.13965904494829626,995463.7403416317,2.3986863899826654
7,case_0007_steps_0100_mesh_21x21,13,100,21,21,0.06,-721190.793292954,-5.44264912605286e-06,2453856.91291581,-4.04119491577148e-05,-69926298.1486104,-0.000688731670379639,2453856.91291581,721190.793292954,-5.44264912605286e-06,0.3442649882757003,0.10117979524018814,-7.635789714172401e-13,-0.41326715093544714,3.402507264009168,0.018096552153157742,128988.86355938508,0.03964181102708413,282559.4682646347,0.11927634739334587,850179.656852339,2.8862804386555685,0.14082160626727228,1003750.2615575887,2.444688690898063
7,case_0007_steps_0100_mesh_21x21,14,100,21,21,0.065,-723112.433145895,-5.94649463891983e-06,2529418.97256665,-4.49419021606445e-05,-72303447.9878623,-0.000756621360778809,2529418.97256665,723112.433145895,-5.94649463891983e-06,0.3548660023131788,0.10144939259036809,-8.342662102154475e-13,-0.4273161992538131,3.4979608379328124,0.018096552153157742,128988.86355938508,0.03964181102708413,282559.4682646347,0.11954594474352583,852101.2967052801,2.9684486836798123,0.14109120361745223,1005671.9014105297,2.5151532711801448
7,case_0007_steps_0100_mesh_21x21,15,100,21,21,0.07,-721726.82724735,-6.07233960181475e-06,2611015.35704119,-5.03659248352051e-05,-74805747.8482616,-0.000769495964050293,2611015.35704119,721726.82724735,-6.07233960181475e-06,0.36631360473718816,0.10125499837124854,-8.51921687373688e-13,-0.4421048890811457,3.6177335502402537,0.018096552153157742,128988.86355938508,0.03964181102708413,282559.4682646347,0.11935155052440628,850715.6908067351,3.0691985410133436,0.14089680939833268,1004286.2955119847,2.599871539330421
7,case_0007_steps_0100_mesh_21x21,16,100,21,21,0.075,-720382.888860202,-6.0034217312932e-06,2693700.42446341,-5.26905059814453e-05,-77298139.5890872,-0.000764913856983185,2693700.42446341,720382.888860202,-6.0034217312932e-06,0.3779139444378684,0.10106644991487382,-8.422528229170008e-13,-0.456835021535133,3.739262087034595,0.018096552153157742,128988.86355938508,0.03964181102708413,282559.4682646347,0.11916300206803156,849371.7524195871,3.171403354055422,0.14070826094195796,1002942.3571248368,2.6857978480293894
7,case_0007_steps_0100_mesh_21x21,17,100,21,21,0.08,-721489.024544755,-6.40528742223978e-06,2771308.67586082,-5.06043434143066e-05,-79616526.8497279,-0.000817753374576569,2771308.67586082,721489.024544755,-6.40528742223978e-06,0.3888020298909356,0.10122163573132041,-8.986327555259227e-13,-0.4705367807206942,3.8410960965199155,0.018096552153157742,128988.86355938508,0.03964181102708413,282559.4682646347,0.11931818788447815,850477.8881041401,3.2585311324654644,0.14086344675840454,1004048.4928093897,2.7601342920266
7,case_0007_steps_0100_mesh_21x21,18,100,21,21,0.085,-726147.978937101,-6.06593675911427e-06,2838403.5379781,-5.86509704589844e-05,-81617721.6077677,-0.000765077769756317,2838403.5379781,726147.978937101,-6.06593675911427e-06,0.3982151345420615,0.10187526588832584,-8.510233976015297e-13,-0.48236391983743143,3.9088500144733764,0.018096552153157742,128988.86355938508,0.03964181102708413,282559.4682646347,0.11997181804148357,855136.842496486,3.319238976643395,0.14151707691540996,1008707.4472017357,2.813901638034041
7,case_0007_steps_0100_mesh_21x21,19,100,21,21,0.09,-734480.915631762,-6.55790790915489e-06,2891446.58417402,-4.78625297546387e-05,-83210053.1663357,-0.000828057527542114,2891446.58417402,734480.915631762,-6.55790790915489e-06,0.4056568331923089,0.10304433908831158,-9.200447171859156e-13,-0.49177466148938426,3.9367211899399037,0.018096552153157742,128988.86355938508,0.03964181102708413,282559.4682646347,0.12114089124146932,863469.7791911471,3.3486366910056478,0.1426861501153957,1017040.3838963967,2.843000759809125
7,case_0007_steps_0100_mesh_21x21,20,100,21,21,0.095,-746084.776962946,-6.64882827550173e-06,2929199.53968522,-6.63995742797852e-05,-84363313.2860223,-0.000830568373203278,2929199.53968522,746084.776962946,-6.64882827550173e-06,0.4109534015121758,0.10467230817000757,-9.32800431950565e-13,-0.4985904738027639,3.926094768491299,0.018096552153157742,128988.86355938508,0.03964181102708413,282559.4682646347,0.12276886032316531,875073.6405223311,3.347374899713334,0.1443141191970917,1028644.2452275808,2.8476312906773265
7,case_0007_steps_0100_mesh_21x21,21,100,21,21,0.1,-760456.199348334,-6.75336923450232e-06,2952725.4931393,-7.45654106140137e-05,-85110399.2084904,-0.000850789248943329,2952725.4931393,760456.199348334,-6.75336923450232e-06,0.41425398601138347,0.10668855350728428,-9.474670540487148e-13,-0.5030057807596146,3.882834403440476,0.018096552153157742,128988.86355938508,0.03964181102708413,282559.4682646347,0.12478510566044201,889445.062907719,3.319739033107263,0.1463303645343684,1043015.6676129687,2.8309502769952313
7,case_0007_steps_0100_mesh_21x21,22,100,21,21,0.105,-777136.982470943,-7.32194166630507e-06,2964578.22109366,-6.33001327514648e-05,-85526118.7917244,-0.000902026891708374,2964578.22109366,777136.982470943,-7.32194166630507e-06,0.41591686995085253,0.10902879167516946,-1.0272351858163783e-12,-0.5054626997200042,3.814743459599164,0.018096552153157742,128988.86355938508,0.03964181102708413,282559.4682646347,0.12712534382832721,906125.8460303281,3.2717069423427922,0.1486706027022536,1059696.4507355778,2.7975730399359433
7,case_0007_steps_0100_mesh_21x21,23,100,21,21,0.11,-795586.539716024,-6.97746872901917e-06,2968183.86913008,-6.03795051574707e-05,-85710343.6952506,-0.000866703689098358,2968183.86913008,795586.539716024,-6.97746872901917e-06,0.41642272600645663,0.11161718082501701,-9.789071960742579e-13,-0.5065514760892299,3.7308120750629357,0.018096552153157742,128988.86355938508,0.03964181102708413,282559.4682646347,0.12971373297817476,924575.403275409,3.210321038841143,0.15125899185210115,1078146.0079806587,2.753044436615238
7,case_0007_steps_0100_mesh_21x21,24,100,21,21,0.115,-814950.108052923,-7.33323395252228e-06,2967096.21043172,-7.49826431274414e-05,-85767647.0798665,-0.000909395515918732,2967096.21043172,814950.108052923,-7.33323395252228e-06,0.41627013242731675,0.11433380158289042,-1.028819442323639e-12,-0.5068901413285771,3.6408317283627336,0.018096552153157742,128988.86355938508,0.03964181102708413,282559.4682646347,0.13243035373604817,943938.971612308,3.1433136035942346,0.15397561260997455,1097509.5763175576,2.7034809303324105
7,case_0007_steps_0100_mesh_21x21,25,100,21,21,0.12,-833903.753963096,-6.60447403788567e-06,2965346.19422163,-6.65187835693359e-05,-85813981.572814,-0.000819794833660126,2965346.19422163,833903.753963096,-6.60447403788567e-06,0.41602461309533056,0.11699291208468982,-9.265777337107048e-13,-0.5071639799901028,3.5559813469227533,0.018096552153157742,128988.86355938508,0.03964181102708413,282559.4682646347,0.13508946423784757,962892.617522481,3.079622940563668,0.15663472311177395,1116463.2222277308,2.6560178026327974
7,case_0007_steps_0100_mesh_21x21,26,100,21,21,0.125,-850718.49299895,-7.28829763829708e-06,2966922.84856485,-6.41345977783203e-05,-85962555.6990381,-0.000907294452190399,2966922.84856485,850718.49299895,-7.28829763829708e-06,0.41624581054418197,0.11935194365925654,-1.0225150813772182e-12,-0.5080420588741996,3.487549492554069,0.018096552153157742,128988.86355938508,0.03964181102708413,282559.4682646347,0.13744849581241428,979707.356558335,3.0283766154288236,0.15899375468634067,1133277.9612635847,2.618001011205392
7,case_0007_steps_0100_mesh_21x21,27,100,21,21,0.13,-863799.436520089,-7.20587559044361e-06,2975075.56267487,-6.74724578857422e-05,-86300508.5025718,-0.000896424055099487,2975075.56267487,863799.436520089,-7.20587559044361e-06,0.41738959933346637,0.12118714066860008,-1.010951642128343e-12,-0.5100393731317082,3.444174002544258,0.018096552153157742,128988.86355938508,0.03964181102708413,282559.4682646347,0.13928369282175782,992788.3000794741,2.996686768404413,0.1608289516956842,1146358.9047847237,2.595239196256397
7,case_0007_steps_0100_mesh_21x21,28,100,21,21,0.135,-872291.897067752,-7.36897345632315e-06,2991683.415077,-7.74860382080078e-05,-86872299.7947432,-0.000925280153751373,2991683.415077,872291.897067752,-7.36897345632315e-06,0.4197196056522578,0.1223785943411775,-1.0338335325064141e-12,-0.513418681982624,3.4296815379504,0.018096552153157742,128988.86355938508,0.03964181102708413,282559.4682646347,0.14047514649433523,1001280.760627137,2.987856685874204,0.16202040536826162,1154851.3653323867,2.5905354618652074
7,case_0007_steps_0100_mesh_21x21,29,100,21,21,0.14,-876359.189546358,-7.36652873456478e-06,3016778.23537116,-7.62343406677246e-05,-87671355.0063757,-0.00091949850320816,3016778.23537116,876359.189546358,-7.36652873456478e-06,0.42324029504896926,0.12294921701688898,-1.0334905491388622e-12,-0.5181411294665402,3.4423992711627487,0.018096552153157742,128988.86355938508,0.03964181102708413,282559.4682646347,0.14104576917004671,1005348.053105743,3.000730171060324,0.1625910280439731,1158918.6578109926,2.603097478013996
7,case_0007_steps_0100_mesh_21x21,30,100,21,21,0.145,-877247.912630584,-7.47374724596739e-06,3048872.0547937,-7.48634338378906e-05,-88648843.6128135,-0.000942572951316833,3048872.0547937,877247.912630584,-7.47374724596739e-06,0.4277429122590716,0.123073900832217,-1.0485328196871873e-12,-0.5239181252771277,3.475496505487388,0.018096552153157742,128988.86355938508,0.03964181102708413,282559.4682646347,0.14117045298537476,1006236.776189969,3.0299747802281662,0.16271571185930114,1159807.3808952188,2.628774488777931
7,case_0007_steps_0100_mesh_21x21,31,100,21,21,0.15,-876806.727083718,-7.14766792953014e-06,3084916.77735332,-7.33733177185059e-05,-89717024.1089812,-0.000905714929103851,3084916.77735332,876806.727083718,-7.14766792953014e-06,0.4327998232484916,0.12301200450227219,-1.0027853714723576e-12,-0.5302311136952742,3.518354367117863,0.018096552153157742,128988.86355938508,0.03964181102708413,282559.4682646347,0.14110855665542993,1005795.5906431031,3.0671408843429426,0.16265381552935632,1159366.1953483527,2.6608648671409645
7,case_0007_steps_0100_mesh_21x21,32,100,21,21,0.155,-876815.108606115,-7.74371437728405e-06,3121174.93702301,-7.02738761901855e-05,-90773076.3441879,-0.000976912677288055,3121174.93702301,876815.108606115,-7.74371437728405e-06,0.43788667849578966,0.12301318039182571,-1.0864079829896463e-12,-0.5364724236178352,3.5596728505109643,0.018096552153157742,128988.86355938508,0.03964181102708413,282559.4682646347,0.14110973254498346,1005803.9721655,3.103164258044346,0.16265499141890985,1159374.5768707497,2.6921195265876245
7,case_0007_steps_0100_mesh_21x21,33,100,21,21,0.16,-878614.748216628,-7.88294710218906e-06,3153815.29292849,-5.26309013366699e-05,-91713647.2838824,-0.000986337661743164,3153815.29292849,878614.748216628,-7.88294710218906e-06,0.4424659722940423,0.12326566166168,-1.1059417023987624e-12,-0.542031234577256,3.5895314747788607,0.018096552153157742,128988.86355938508,0.03964181102708413,282559.4682646347,0.14136221381483774,1007603.611776013,3.1300158674198686,0.16290747268876413,1161174.2164812628,2.7160569431911608
7,case_0007_steps_0100_mesh_21x21,34,100,21,21,0.165,-882893.836973831,-8.11670906841755e-06,3179600.21265879,-4.20212745666504e-05,-92452457.7601058,-0.00101941078901291,3179600.21265879,882893.836973831,-8.11670906841755e-06,0.4460834795096907,0.12386599839406051,-1.1387374453531998e-12,-0.5463976333238508,3.601339231857197,0.018096552153157742,128988.86355938508,0.03964181102708413,282559.4682646347,0.14196255054721826,1011882.7005332161,3.142261658375309,0.16350780942114465,1165453.3052384658,2.728209013923733
7,case_0007_steps_0100_mesh_21x21,35,100,21,21,0.17,-889783.285280249,-7.27095175534487e-06,3196681.2125957,-2.0146369934082e-05,-92941975.7149251,-0.000901669263839722,3196681.2125957,889783.285280249,-7.27095175534487e-06,0.44847986628027464,0.12483255672431649,-1.020081532721735e-12,-0.5492907035402946,3.59265145286345,0.018096552153157742,128988.86355938508,0.03964181102708413,282559.4682646347,0.14292910887747423,1018772.148839634,3.137778370008123,0.16447436775140062,1172342.7535448838,2.726746254821554
7,case_0007_steps_0100_mesh_21x21,36,100,21,21,0.175,-899110.78794295,-7.53335189074278e-06,3204611.70355716,1.34706497192383e-05,-93172779.6380312,-0.000922635197639465,3204611.70355716,899110.78794295,-7.53335189074278e-06,0.4495924781703557,0.12614116301587108,-1.056895080838916e-12,-0.5506547637329859,3.5642011491029932,0.018096552153157742,128988.86355938508,0.03964181102708413,282559.4682646347,0.14423771516902884,1028099.6515023351,3.1170244040782866,0.16578297404295522,1181670.2562075849,2.711933965268737
7,case_0007_steps_0100_mesh_21x21,37,100,21,21,0.18,-910471.580750106,-7.24068377166986e-06,3204433.03296491,6.02602958679199e-05,-93177337.527725,-0.000869162380695343,3204433.03296491,910471.580750106,-7.24068377166986e-06,0.44956741149714324,0.12773503068679032,-1.0158350719806218e-12,-0.5506817010389482,3.5195310877522266,0.018096552153157742,128988.86355938508,0.03964181102708413,282559.4682646347,0.14583158283994807,1039460.4443094911,3.082784968401179,0.16737684171387446,1193031.0490147406,2.6859594606622155
7,case_0007_steps_0100_mesh_21x21,38,100,21,21,0.185,-923370.899801219,-7.18398950994015e-06,3198141.96197944,0.000123679637908936,-93013843.3169419,-0.000830970704555511,3198141.96197944,923370.899801219,-7.18398950994015e-06,0.4486848027893352,0.12954474660727533,-1.007881124361693e-12,-0.5497154438728507,3.46355073856879,0.018096552153157742,128988.86355938508,0.03964181102708413,282559.4682646347,0.14764129876043308,1052359.7633606042,3.039019614135092,0.16918655763435947,1205930.3680658536,2.6520121282863287
7,case_0007_steps_0100_mesh_21x21,39,100,21,21,0.19,-937054.60757981,-6.83299731463194e-06,3188262.55293899,0.000245869159698486,-92756325.293988,-0.000717818737030029,3188262.55293899,937054.60757981,-6.83299731463194e-06,0.4472987665377593,0.13146450870634863,-9.58638512306102e-13,-0.5481935023075398,3.4024298340237786,0.018096552153157742,128988.86355938508,0.03964181102708413,282559.4682646347,0.14956106085950638,1066043.4711391951,2.9907434727140623,0.17110631973343277,1219614.0758444448,2.6141569010110666
7,case_0007_steps_0100_mesh_21x21,40,100,21,21,0.195,-950543.643165251,-7.75931403040886e-06,3177743.61113549,0.00036543607711792,-92489071.5819157,-0.000709012150764465,3177743.61113549,950543.643165251,-7.75931403040886e-06,0.44582300674198877,0.133356959180225,-1.0885965435254504e-12,-0.5466140224396036,3.343080177311798,0.018096552153157742,128988.86355938508,0.03964181102708413,282559.4682646347,0.15145351133338275,1079532.506724636,2.9436293871103034,0.17299877020730914,1233103.1114298857,2.577029918812411
7,case_0007_steps_0100_mesh_21x21,41,100,21,21,0.2,-962706.600249804,-8.3948252722621e-06,3169496.88979983,0.0005531907081604,-92293827.6455633,-0.000543802976608276,3169496.88979983,962706.600249804,-8.3948252722621e-06,0.44466602916559034,0.13506336685871342,-1.1777558865474972e-12,-0.5454601231563568,3.2922770956150154,0.018096552153157742,128988.86355938508,0.03964181102708413,282559.4682646347,0.15315991901187118,1091695.4638091892,2.903279343802245,0.17470517788579756,1245266.0685144388,2.5452366927342163
7,case_0007_steps_0100_mesh_21x21,42,100,21,21,0.205,-972477.826877779,-1.00898323580623e-05,3165908.46850486,0.000809788703918457,-92234798.5283077,-0.000424176454544067,3165908.46850486,972477.826877779,-1.00898323580623e-05,0.4441625899436297,0.1364342256087951,-1.4155576880497901e-12,-0.5451112587697621,3.255507098469559,0.018096552153157742,128988.86355938508,0.03964181102708413,282559.4682646347,0.15453077776195284,1101466.6904371642,2.8742661906991795,0.17607603663587923,1255037.2951424136,2.5225612663132955
7,case_0007_steps_0100_mesh_21x21,43,100,21,21,0.21,-979210.501339645,-1.21364137157798e-05,3168445.97764443,0.00114864110946655,-92348781.1950556,-0.000301286578178406,3168445.97764443,979210.501339645,-1.21364137157798e-05,0.44451859095965696,0.13737878928016428,-1.7026837643142277e-12,-0.5457849007784212,3.235714867548623,0.018096552153157742,128988.86355938508,0.03964181102708413,282559.4682646347,0.15547534143332203,1108199.3648990302,2.859093839972659,0.17702060030724842,1261769.9696042798,2.5111122106021653
7,case_0007_steps_0100_mesh_21x21,44,100,21,21,0.215,-982919.036414937,-1.34890433400869e-05,3177496.76654816,0.00163006782531738,-92641120.5542734,-3.27229499816895e-05,3177496.76654816,982919.036414937,-1.34890433400869e-05,0.4457883755666681,0.13789907992037867,-1.892451561818004e-12,-0.547512637799956,3.2327146477268824,0.018096552153157742,128988.86355938508,0.03964181102708413,282559.4682646347,0.15599563207353642,1111907.8999743222,2.85769780628552,0.1775408909474628,1265478.5046795718,2.510905364886245
7,case_0007_steps_0100_mesh_21x21,45,100,21,21,0.22,-984247.289402957,-1.46215315908194e-05,3192150.832546,0.00226163864135742,-93081612.1857351,0.000301435589790344,3192150.832546,984247.289402957,-1.46215315908194e-05,0.4478442745200195,0.1380854277864425,-2.051334523700863e-12,-0.5501159605321019,3.243240664124515,0.018096552153157742,128988.86355938508,0.03964181102708413,282559.4682646347,0.15618197993960026,1113236.1529623421,2.867451640024111,0.17772723881352664,1266806.7576675918,2.519840388618779
7,case_0007_steps_0100_mesh_21x21,46,100,21,21,0.225,-984307.883800455,-1.40861375257373e-05,3210491.01488107,0.00313925743103027,-93613804.1635514,0.000894390046596527,3210491.01488107,984307.883800455,-1.40861375257373e-05,0.4504173188663806,0.1380939289054093,-1.976221166207107e-12,-0.5532612358898138,3.2616735756349184,0.018096552153157742,128988.86355938508,0.03964181102708413,282559.4682646347,0.15619048105856706,1113296.7473598402,2.8837693296910114,0.17773573993249345,1266867.3520650896,2.5341966620638905
7,case_0007_steps_0100_mesh_21x21,47,100,21,21,0.23,-984301.873371955,-1.16601586341858e-05,3229947.88664584,0.0043371319770813,-94166168.1929486,0.00169172137975693,3229947.88664584,984301.873371955,-1.16601586341858e-05,0.4531470296717352,0.13809308566956854,-1.6358673378069553e-12,-0.5565257288595841,3.2814606717966535,0.018096552153157742,128988.86355938508,0.03964181102708413,282559.4682646347,0.1561896378227263,1113290.73693134,2.90126179936503,0.17773489669665268,1266861.3416365897,2.5495670129717944
7,case_0007_steps_0100_mesh_21x21,48,100,21,21,0.235,-985265.353351084,-7.82508868724108e-06,3247833.13157447,0.00595492124557495,-94665272.7801394,0.00288531929254532,3247833.13157447,985265.353351084,-7.82508868724108e-06,0.4556562483646648,0.1382282575379741,-1.0978244293667141e-12,-0.5594754564474623,3.296404486900855,0.018096552153157742,128988.86355938508,0.03964181102708413,282559.4682646347,0.15632480969113186,1114254.216910469,2.91480443356979,0.17787006856505824,1267824.8216157188,2.5617365082310224
7,case_0007_steps_0100_mesh_21x21,49,100,21,21,0.24,-987844.947434154,-1.38790346682072e-06,3261829.37179711,0.00823056697845459,-95048570.9671311,0.00445232540369034,3261829.37179711,987844.947434154,-1.38790346682072e-06,0.4576198573472381,0.1385901628805757,-1.9471655752131143e-13,-0.5617407636908135,3.3019649290806656,0.018096552153157742,128988.86355938508,0.03964181102708413,282559.4682646347,0.15668671503373346,1116833.8109935392,2.9206040681158956,0.17823197390765985,1270404.4156987886,2.567551979109687
7,case_0007_steps_0100_mesh_21x21,50,100,21,21,0.245,-992336.151658097,7.75873195379972e-06,3270369.49391919,0.0112403035163879,-95275129.7634573,0.00670768320560455,3270369.49391919,992336.151658097,7.75873195379972e-06,0.4588179977223985,0.13922025845027308,1.0885148808188898e-12,-0.5630797350185693,3.295626676962964,0.018096552153157742,128988.86355938508,0.03964181102708413,282559.4682646347,0.15731681060343083,1121325.015217482,2.916522372672564,0.17886206947735722,1274895.6199227318,2.565205686499573
7,case_0007_steps_0100_mesh_21x21,51,100,21,21,0.25,-998711.950516981,1.66806858032942e-05,3272814.98541852,0.0152000784873962,-95330044.8205767,0.00960827618837357,3272814.98541852,998711.950516981,1.66806858032942e-05,0.45916108908111375,0.14011475409419136,2.3402245144269916e-12,-0.5634042851492077,3.2770359699053913,0.018096552153157742,128988.86355938508,0.03964181102708413,282559.4682646347,0.1582113062473491,1127700.8140763661,2.9022014922451675,0.1797565651212755,1281271.4187816158,2.5543494824310518
7,case_0007_steps_0100_mesh_21x21,52,100,21,21,0.255,-1006709.06040357,3.82188009098172e-05,3269560.80508859,0.021049439907074,-95226718.667496,0.014451265335083,3269560.80508859,1006709.06040357,3.82188009098172e-05,0.458704542349626,0.141236712317124,5.36192431509594e-12,-0.5627936235521926,3.247771311184869,0.018096552153157742,128988.86355938508,0.03964181102708413,282559.4682646347,0.15933326447028176,1135697.9239629551,2.8789000456033573,0.18087852334420815,1289268.5286682048,2.535981242376247
7,case_0007_steps_0100_mesh_21x21,53,100,21,21,0.26,-1015925.69316778,8.44947062432766e-05,3261800.55193848,0.0298975706100464,-95000676.6714941,0.0230263248085976,3261800.55193848,1015925.69316778,8.44947062432766e-05,0.45761581405186863,0.14252976406509324,1.1854223814393356e-11,-0.5614577065345216,3.210668431632819,0.018096552153157742,128988.86355938508,0.03964181102708413,282559.4682646347,0.160626316218251,1144914.5567271651,2.8489467032916522,0.18217157509217738,1298485.1614324148,2.512004487090363
7,case_0007_steps_0100_mesh_21x21,54,100,21,21,0.265,-1025776.82589725,0.000170759740285575,3251315.84046447,0.0436027646064758,-94705622.9228323,0.0379480123519897,3251315.84046447,1025776.82589725,0.000170759740285575,0.4561448566159743,0.1439118332785681,2.3956816584517794e-11,-0.5597139273654436,3.1696132710158804,0.018096552153157742,128988.86355938508,0.03964181102708413,282559.4682646347,0.16200838543172585,1154765.6894566352,2.815563252484881,0.18355364430565224,1308336.2941618846,2.485076547194046
7,case_0007_steps_0100_mesh_21x21,55,100,21,21,0.27,-1035523.88249086,0.000294046360068023,3240117.90480364,0.0635896325111389,-94398309.856907,0.0617012828588486,3240117.90480364,1035523.88249086,0.000294046360068023,0.4545738370635723,0.14527930108252185,4.125336981488595e-11,-0.5578976951529179,3.1289649225760265,0.018096552153157742,128988.86355938508,0.03964181102708413,282559.4682646347,0.1633758532356796,1164512.7460502451,2.782380799002297,0.184921112109606,1318083.3507554946,2.458204105944044
7,case_0007_steps_0100_mesh_21x21,56,100,21,21,0.275,-1044354.20681085,0.000513353385031223,3230566.60122286,0.0948677659034729,-94143213.6066388,0.102252669632435,3230566.60122286,1044354.20681085,0.000513353385031223,0.4532338325189113,0.14651815550899278,7.202115011223904e-11,-0.5563900663586894,3.093362941571384,0.018096552153157742,128988.86355938508,0.03964181102708413,282559.4682646347,0.16461470766215053,1173343.070370235,2.753300959286777,0.18615996653607692,1326913.6750754847,2.434647152942396
7,case_0007_steps_0100_mesh_21x21,57,100,21,21,0.28,-1051563.39900334,0.000898978556506336,3224287.51942219,0.145269691944122,-93984697.3141142,0.172873541712761,3224287.51942219,1051563.39900334,0.000898978556506336,0.45235290583931886,0.14752957245533613,1.2612261154543448e-10,-0.555453228883763,3.066184618519562,0.018096552153157742,128988.86355938508,0.03964181102708413,282559.4682646347,0.16562612460849388,1180552.262562725,2.731168811131627,0.18717138348242027,1334122.8672679747,2.4167845395116467
7,case_0007_steps_0100_mesh_21x21,58,100,21,21,0.285,-1056684.65400089,0.00169199809897691,3222303.52335384,0.231268405914307,-93948861.2509626,0.30352994799614,3222303.52335384,1056684.65400089,0.00169199809897691,0.4520745601951151,0.14824806128914242,2.3737965430699834e-10,-0.5552414363520329,3.0494466926848416,0.018096552153157742,128988.86355938508,0.03964181102708413,282559.4682646347,0.16634461344230017,1185673.517560275,2.717698823183871,0.18788987231622656,1339244.1222655247,2.4060613519086043
7,case_0007_steps_0100_mesh_21x21,59,100,21,21,0.29,-1059681.41141837,0.00259535596705973,3225006.9445177,0.353112399578094,-94042398.06975,0.488302230834961,3225006.9445177,1059681.41141837,0.00259535596705973,0.4524538379151736,0.14866849275430394,3.641166633915063e-10,-0.5557942426013454,3.043374083726796,0.018096552153157742,128988.86355938508,0.03964181102708413,282559.4682646347,0.1667650449074617,1188670.274977755,2.713121554737333,0.18831030378138808,1342240.8796830047,2.4027035633718334
7,case_0007_steps_0100_mesh_21x21,60,100,21,21,0.295,-1060959.8079249,0.00256206351332366,3231906.77470728,0.471141040325165,-94249026.0217029,0.640977583825588,3231906.77470728,1060959.8079249,0.00256206351332366,0.45342185277652,0.14884784598228382,3.5944588322710856e-10,-0.5570154218610528,3.046210375328422,0.018096552153157742,128988.86355938508,0.03964181102708413,282559.4682646347,0.16694439813544157,1189948.671484285,2.716005195985432,0.18848965700936796,1343519.2761895347,2.4055529622720084
7,case_0007_steps_0100_mesh_21x21,61,100,21,21,0.3,-1061229.26934302,-0.000167170539498329,3241868.25792245,0.492882966995239,-94532785.7221355,0.580500654876232,3241868.25792245,1061229.26934302,-0.000167170539498329,0.4548194036623229,0.1488856501963199,-2.3453268003328465e-11,-0.5586924527643454,3.0548236385615413,0.018096552153157742,128988.86355938508,0.03964181102708413,282559.4682646347,0.16698220234947767,1190218.132902405,2.723759761596806,0.18852746122340405,1343788.7376076546,2.4124835751294835
7,case_0007_steps_0100_mesh_21x21,62,100,21,21,0.305,-1061314.40770289,-0.00367984711192548,3253110.11360421,0.426579058170319,-94844812.2446032,0.40569768846035,3253110.11360421,1061314.40770289,-0.00367984711192548,0.4563965849943344,0.148897594721817,-5.162658491517592e-10,-0.5605365416889797,3.065170971008718,0.018096552153157742,128988.86355938508,0.03964181102708413,282559.4682646347,0.16699414687497474,1190303.271262275,2.7330094709009747,0.18853940574890113,1343873.8759675247,2.420695998173286
7,case_0007_steps_0100_mesh_21x21,63,100,21,21,0.31,-1061954.13706103,-0.00576107681263238,3263573.51861263,0.35322642326355,-95129152.5630679,0.29635975509882,3263573.51861263,1061954.13706103,-0.00576107681263238,0.4578645532298039,0.14898734584741052,-8.082529306892566e-10,-0.5622170040675006,3.0731774609820786,0.018096552153157742,128988.86355938508,0.03964181102708413,282559.4682646347,0.16708389800056828,1190943.000620415,2.740327217098123,0.18862915687449466,1344513.6053256646,2.4273265110040563
7,case_0007_steps_0100_mesh_21x21,64,100,21,21,0.315,-1063674.44053641,-0.00736857042647898,3271477.09378469,0.375126004219055,-95336710.011963,0.218086332082748,3271477.09378469,1063674.44053641,-0.00736857042647898,0.4589733889567869,0.14922869661756552,-1.0337769892483914e-09,-0.5634436766904102,3.0756375908918963,0.018096552153157742,128988.86355938508,0.03964181102708413,282559.4682646347,0.16732524877072327,1192663.3040957951,2.743001384003279,0.18887050764464966,1346233.9088010448,2.4300955966101503
7,case_0007_steps_0100_mesh_21x21,65,100,21,21,0.32,-1066744.15501532,-0.0123601377708837,3275672.41389453,0.641513347625732,-95438192.6498203,-0.16777965426445,3275672.41389453,1066744.15501532,-0.0123601377708837,0.45956197332811877,0.14965936362733667,-1.7340712338940316e-09,-0.5640434430405117,3.070719814581488,0.018096552153157742,128988.86355938508,0.03964181102708413,282559.4682646347,0.16775591578049442,1195733.018574705,2.7394680610217486,0.1893011746544208,1349303.6232799548,2.427676289738155
7,case_0007_steps_0100_mesh_21x21,66,100,21,21,0.325,-1071207.87077886,-0.00356097857002169,3275522.27172011,0.521197497844696,-95417620.8402944,0.43400726467371,3275522.27172011,1071207.87077886,-0.00356097857002169,0.4595409090624542,0.15028560269079336,-4.995891321967221e-10,-0.5639218628433977,3.057783984856762,0.018096552153157742,128988.86355938508,0.03964181102708413,282559.4682646347,0.1683821548439511,1200196.7343382451,2.7291544611026968,0.1899274137178775,1353767.3390434948,2.419560715679869
7,case_0007_steps_0100_mesh_21x21,67,100,21,21,0.33,-1076893.81108496,0.000105343060567975,3271098.14889422,0.717862844467163,-95279845.8724795,0.74217750877142,3271098.14889422,1076893.81108496,0.000105343060567975,0.4589202247084609,0.1510833143106163,1.477915330778888e-11,-0.5631076074069369,3.037530827295424,0.018096552153157742,128988.86355938508,0.03964181102708413,282559.4682646347,0.16917986646377406,1205882.674644345,2.712617253464543,0.19072512533770045,1359453.2793495946,2.4061865152579696
7,case_0007_steps_0100_mesh_21x21,68,100,21,21,0.335,-1083510.18821447,0.0384518635692075,3263673.16954199,21.2276687026024,-95060316.5294471,6.20646894723177,3263673.16954199,1083510.18821447,0.0384518635692075,0.4578785338029364,0.15201156199406082,5.39462194847472e-09,-0.5618101804224722,3.0121296551167998,0.018096552153157742,128988.86355938508,0.03964181102708413,282559.4682646347,0.17010811414721858,1212499.051773855,2.691691317009543,0.19165337302114496,1366069.6564791047,2.3890971840731394
7,case_0007_steps_0100_mesh_21x21,69,100,21,21,0.34,-1090607.56841246,-0.0018107914365828,3254703.10946971,0.972751200199127,-94800350.8338248,0.494881294667721,3254703.10946971,1090607.56841246,-0.0018107914365828,0.4566200750845972,0.15300729222502438,-2.5404582044034785e-10,-0.5602737730161707,2.9843026985475722,0.018096552153157742,128988.86355938508,0.03964181102708413,282559.4682646347,0.17110384437818213,1219596.431971845,2.66867221332183,0.19264910325210852,1373167.0366770946,2.370216457675619
7,case_0007_steps_0100_mesh_21x21,70,100,21,21,0.345,-1097664.12761445,0.132924750912935,3245149.73466907,38.1950079202652,-94530695.1325229,23.7584830373526,3245149.73466907,1097664.12761445,0.132924750912935,0.45527977995719,0.15399729545551152,1.8648739286194066e-08,-0.5586800972981496,2.956414127991724,0.018096552153157742,128988.86355938508,0.03964181102708413,282559.4682646347,0.17209384760866928,1226652.991173835,2.645531994801278,0.19363910648259566,1380223.5958790847,2.3511768269706956
7,case_0007_steps_0100_mesh_21x21,71,100,21,21,0.35,-1104066.71902559,-0.0107207512483001,3236704.30076157,1.84100651741028,-94296489.9802021,-0.575261607766151,3236704.30076157,1104066.71902559,-0.0107207512483001,0.4540949239088013,0.15489554997291577,-1.5040727449821607e-09,-0.5572959357080662,2.9316202046359754,0.018096552153157742,128988.86355938508,0.03964181102708413,282559.4682646347,0.17299210212607352,1233055.582584975,2.62494598497835,0.1945373609999999,1386626.1872902247,2.3342298958645866
7,case_0007_steps_0100_mesh_21x21,72,100,21,21,0.355,-1109328.75301479,-0.00141965073999017,3230593.68701101,-0.350938200950623,-94131908.8426086,-0.18196576833725,3230593.68701101,1109328.75301479,-0.00141965073999017,0.45323763253206234,0.1556337894603379,-1.9917055586487382e-10,-0.5563232547621019,2.9122058526215255,0.018096552153157742,128988.86355938508,0.03964181102708413,282559.4682646347,0.17373034161349565,1238317.616574175,2.60885708462139,0.19527560048742204,1391888.2212794246,2.3210151775272916
7,case_0007_steps_0100_mesh_21x21,73,100,21,21,0.36,-1113145.64670855,0.0129257115768269,3227599.53254254,-5.05451261997223,-94056069.5688631,0.706872351467609,3227599.53254254,1113145.64670855,0.0129257115768269,0.45281756624883374,0.1561692823229476,1.8134186720625908e-09,-0.5558750416946346,2.8995303014355756,0.018096552153157742,128988.86355938508,0.03964181102708413,282559.4682646347,0.17426583447610536,1242134.510267935,2.598429965403932,0.19581109335003175,1395705.1149731847,2.3125225363987805
7,case_0007_steps_0100_mesh_21x21,74,100,21,21,0.365,-1115482.3983893,-0.000103785656392574,3228140.86556815,-0.655980348587036,-94078903.1071596,-0.595158517360687,3228140.86556815,1115482.3983893,-0.000103785656392574,0.4528935128155361,0.1564971179786219,-1.4560656570117303e-11,-0.5560099887970469,2.893941554101993,0.018096552153157742,128988.86355938508,0.03964181102708413,282559.4682646347,0.17459367013177965,1244471.2619486852,2.593985867149144,0.19613892900570604,1398041.8666539348,2.309044487554842
7,case_0007_steps_0100_mesh_21x21,75,100,21,21,0.37,-1116606.73520708,0.000483328942209482,3231791.59244687,-0.78007036447525,-94185515.8403202,-0.890920072793961,3231791.59244687,1116606.73520708,0.000483328942209482,0.4534056932281287,0.15665485733145604,6.78088570475514e-11,-0.5566400742105931,2.8942970613978245,0.018096552153157742,128988.86355938508,0.03964181102708413,282559.4682646347,0.1747514094846138,1245595.598766465,2.594575314530149,0.19629666835854018,1399166.2034717146,2.3097982101253662
7,case_0007_steps_0100_mesh_21x21,76,100,21,21,0.375,-1116937.31404414,0.000489711645059288,3237637.20085488,-0.598735272884369,-94349281.8785179,-1.13641653954983,3237637.20085488,1116937.31404414,0.000489711645059288,0.4542258055580104,0.1567012360419936,6.870432129006289e-11,-0.5576079378873191,2.898674043874706,0.018096552153157742,128988.86355938508,0.03964181102708413,282559.4682646347,0.17479778819515135,1245926.177603525,2.5985786791014442,0.19634304706907774,1399496.7823087748,2.3134295425200566
7,case_0007_steps_0100_mesh_21x21,77,100,21,21,0.38,-1117073.18724843,0.0038844981463626,3244500.80058809,-0.797171533107758,-94536497.7354416,-1.0395330414176,3244500.80058809,1117073.18724843,0.0038844981463626,0.4551887374507567,0.1567202984359073,5.449774604931831e-10,-0.558714390907846,2.9044657392412496,0.018096552153157742,128988.86355938508,0.03964181102708413,282559.4682646347,0.17481685058906504,1246062.050807815,2.603803557362732,0.19636210946299143,1399632.6555130647,2.3181088179160483
7,case_0007_steps_0100_mesh_21x21,78,100,21,21,0.385,-1117533.24097658,0.00198380835354328,3250973.86245349,-1.17143428325653,-94708333.7257423,-1.34116395562887,3250973.86245349,1117533.24097658,0.00198380835354328,0.4560968786530699,0.15678484188605474,2.7831930866836376e-10,-0.559729948316431,2.909062337700629,0.018096552153157742,128988.86355938508,0.03964181102708413,282559.4682646347,0.1748813940392125,1246522.104535965,2.6080354697470125,0.19642665291313888,1400092.7092412147,2.3219704245266493
7,case_0007_steps_0100_mesh_21x21,79,100,21,21,0.39,-1118730.48375478,-0.00278381502721459,3255827.60682555,-1.03345823287964,-94831524.9329596,-2.0391478985548,3255827.60682555,1118730.48375478,-0.00278381502721459,0.4567778369601926,0.15695280961425875,-3.905566142269316e-10,-0.560458013158628,2.910287736057804,0.018096552153157742,128988.86355938508,0.03964181102708413,282559.4682646347,0.1750493617674165,1247719.347314165,2.6094230355841077,0.1965946206413429,1401289.9520194146,2.3234503338395744
7,case_0007_steps_0100_mesh_21x21,80,100,21,21,0.395,-1120891.87252497,-0.0075912456959486,3258126.90827315,-1.16951543092728,-94881048.0224528,-2.61184952408075,3258126.90827315,1120891.87252497,-0.0075912456959486,0.45710041851812044,0.1572560426494501,-1.0650173189635238e-09,-0.5607506965501737,2.906727212620207,0.018096552153157742,128988.86355938508,0.03964181102708413,282559.4682646347,0.17535259480260784,1249880.736084355,2.6067502396110678,0.19689785367653423,1403451.3407896047,2.32151041762522
7,case_0007_steps_0100_mesh_21x21,81,100,21,21,0.4,-1124069.95731356,-0.0097396852215752,3257492.84750488,-1.75607472658157,-94848018.4265206,-2.93805316835642,3257492.84750488,1124069.95731356,-0.0097396852215752,0.45701146266995923,0.15770191352184054,-1.3664336339115786e-09,-0.5605554903492329,2.897944942225869,0.018096552153157742,128988.86355938508,0.03964181102708413,282559.4682646347,0.1757984656749983,1253058.820872945,2.5996328290762465,0.19734372454892468,1406629.4255781947,2.315814519638595
7,case_0007_steps_0100_mesh_21x21,82,100,21,21,0.405,-1128179.6008606,-0.0100772869773209,3254169.19738489,-1.59264582395554,-94740548.7122717,-3.31439907103777,3254169.19738489,1128179.6008606,-0.0100772869773209,0.4565451696422084,0.15827847786024685,-1.4137976280678411e-09,-0.5599203401440112,2.8844425080036364,0.018096552153157742,128988.86355938508,0.03964181102708413,282559.4682646347,0.1763750300134046,1257168.464419985,2.588490953665668,0.197920288887331,1410739.0691252346,2.3067123244858614
7,case_0007_steps_0100_mesh_21x21,83,100,21,21,0.41,-1132979.45728232,-0.0542500021401793,3248379.87075356,-0.947298049926758,-94567042.6625907,-3.46758199483156,3248379.87075356,1132979.45728232,-0.0542500021401793,0.4557329533901651,0.1589518759325024,-7.611029091567213e-09,-0.5588949126193145,2.867112770557602,0.018096552153157742,128988.86355938508,0.03964181102708413,282559.4682646347,0.17704842808566015,1261968.320841705,2.5740581733358905,0.19859368695958654,1415538.9255469546,2.294800808461278
7,case_0007_steps_0100_mesh_21x21,84,100,21,21,0.415,-1138129.00944287,-0.0148793658008799,3241131.71394773,-1.212366938591,-94356410.2739487,-3.05581348389387,3241131.71394773,1138129.00944287,-0.0148793658008799,0.4547160698854075,0.1596743347298535,-2.087507493215242e-09,-0.5576500669825011,2.8477718141410957,0.018096552153157742,128988.86355938508,0.03964181102708413,282559.4682646347,0.17777088688301126,1267117.873002255,2.55787703970139,0.19931614575693765,1420688.4777075048,2.28138100984516
7,case_0007_steps_0100_mesh_21x21,85,100,21,21,0.42,-1143237.06937226,0.0151437125168741,3233774.37492612,-2.38852208852768,-94145866.8645514,-3.47885766625404,3233774.37492612,1143237.06937226,0.0151437125168741,0.4536838686112895,0.16039097235548158,2.1245941377557037e-09,-0.5564057472164963,2.828612246366148,0.018096552153157742,128988.86355938508,0.03964181102708413,282559.4682646347,0.17848752450863933,1272225.932931645,2.5418239726291336,0.20003278338256572,1425796.5376368947,2.268047571700346
7,case_0007_steps_0100_mesh_21x21,86,100,21,21,0.425,-1147859.87112656,0.0178584944223985,3226409.99606597,-3.87848806381226,-93942264.7342774,-2.44848700612783,3226409.99606597,1147859.87112656,0.0178584944223985,0.452650679679774,0.16103953046144462,2.5054657183100448e-09,-0.555202450680994,2.810804765654391,0.018096552153157742,128988.86355938508,0.03964181102708413,282559.4682646347,0.17913608261460237,1276848.734685945,2.5268537364056214,0.20068134148852876,1430419.3393911947,2.2555693335628226
7,case_0007_steps_0100_mesh_21x21,87,100,21,21,0.43,-1151657.56082471,-0.108808133518323,3221227.53887468,-8.563725233078,-93799681.6638504,-15.1980243697762,3221227.53887468,1151657.56082471,-0.108808133518323,0.4519236044559466,0.16157232909062583,-1.5265287316804312e-08,-0.5543597791704592,2.7970358971706286,0.018096552153157742,128988.86355938508,0.03964181102708413,282559.4682646347,0.17966888124378358,1280646.424384095,2.5153137333935667,0.20121414011770997,1434217.0290893447,2.245983329956692
7,case_0007_steps_0100_mesh_21x21,88,100,21,21,0.435,-1154436.68408231,0.0259561829734594,3218359.21113865,-6.08003455400467,-93722917.3307634,-8.8184100985527,3218359.21113865,1154436.68408231,0.0259561829734594,0.45152119109222605,0.161962227470869,3.6415346714009944e-09,-0.5539060989661833,2.787817864343944,0.018096552153157742,128988.86355938508,0.03964181102708413,282559.4682646347,0.18005877962402675,1283425.547641695,2.50763218563976,0.20160403849795314,1436996.1523469447,2.239643582818458
7,case_0007_steps_0100_mesh_21x21,89,100,21,21,0.44,-1156155.89059832,-0.270515882293694,3217909.1870381,-16.840372800827,-93714078.431626,-34.0766804665327,3217909.1870381,1156155.89059832,-0.270515882293694,0.45145805475331235,0.1622034243426028,-3.795215057408055e-08,-0.5538538607273428,2.7832831309390347,0.018096552153157742,128988.86355938508,0.03964181102708413,282559.4682646347,0.18029997649576054,1285144.754157705,2.5039274187810427,0.20184523536968693,1438715.3588629547,2.236654503765969
7,case_0007_steps_0100_mesh_21x21,90,100,21,21,0.445,-1156990.11085897,-0.11854145838879,3219726.56262589,-18.4005520939827,-93766540.0993156,-33.3540848195553,3219726.56262589,1156990.11085897,-0.11854145838879,0.45171302430028554,0.16232046165913924,-1.6630828622321287e-08,-0.5541639112307074,2.7828470895360615,0.018096552153157742,128988.86355938508,0.03964181102708413,282559.4682646347,0.180417013812297,1285978.9744183552,2.503716333373307,0.20196227268622338,1439549.5791236048,2.236620821761522
7,case_0007_steps_0100_mesh_21x21,91,100,21,21,0.45,-1157258.4105567,0.0879458968993276,3223228.94406295,-16.9071657657623,-93862843.5424654,-29.8864844962955,3223228.94406295,1157258.4105567,0.0879458968993276,0.45220439252066547,0.162358102889077,1.2338410200522452e-08,-0.5547330683379693,2.78522835924987,0.018096552153157742,128988.86355938508,0.03964181102708413,282559.4682646347,0.18045465504223476,1286247.2741160851,2.505917026162771,0.20199991391616115,1439817.8788213348,2.2386365605499727
7,case_0007_steps_0100_mesh_21x21,92,100,21,21,0.455,-1157342.86915354,-0.0679116677492857,3227488.19964392,-19.3177089095116,-93977147.9614011,-4.74986047297716,3227488.19964392,1157342.86915354,-0.0679116677492857,0.45280194674843155,0.162369952046906,-9.527698774298187e-09,-0.5554086119146148,2.78870530563207,0.018096552153157742,128988.86355938508,0.03964181102708413,282559.4682646347,0.18046650420006374,1286331.7327129252,2.509063655638051,0.20201176307399013,1439902.3374181748,2.241463268565135
7,case_0007_steps_0100_mesh_21x21,93,100,21,21,0.46,-1157621.93662119,0.140429965220392,3231544.65055024,-10.1792077422142,-94082689.0274073,-16.6552173346281,3231544.65055024,1157621.93662119,0.140429965220392,0.4533710484007548,0.16240910394609495,1.970168679179785e-08,-0.5560323637334565,2.791537157616686,0.018096552153157742,128988.86355938508,0.03964181102708413,282559.4682646347,0.1805056560992527,1286610.800180575,2.5116722555855233,0.2020509149731791,1440181.4048858248,2.2438455597240763
7,case_0007_steps_0100_mesh_21x21,94,100,21,21,0.465,-1158391.28591085,0.341231118305586,3234508.32489469,-0.447435617446899,-94154996.1497709,-0.819732837378979,3234508.32489469,1158391.28591085,0.341231118305586,0.4537868384609147,0.16251704015981247,4.7873177251882864e-08,-0.5564597016484144,2.7922415890338614,0.018096552153157742,128988.86355938508,0.03964181102708413,282559.4682646347,0.18061359231297022,1287380.149470235,2.5124733562388006,0.2021588511868966,1440950.7541754846,2.2447042798110632
7,case_0007_steps_0100_mesh_21x21,95,100,21,21,0.47,-1159855.26470874,0.213984139496461,3235695.96615616,1.68391460180283,-94176576.5502362,-4.5301087424159,3235695.96615616,1159855.26470874,0.213984139496461,0.4539534591398971,0.16272242974102183,3.0021003623801125e-08,-0.5565872426573404,2.7897411553058737,0.018096552153157742,128988.86355938508,0.03964181102708413,282559.4682646347,0.18081898189417958,1288844.128268125,2.5105409530818155,0.20236424076810597,1442414.7329733747,2.243249387425584
7,case_0007_steps_0100_mesh_21x21,96,100,21,21,0.475,-1162056.59445906,0.185151880956255,3234815.37611151,-0.43431156873703,-94139704.5734972,-3.12389420717955,3234815.37611151,1162056.59445906,0.185151880956255,0.45382991635311054,0.16303126631445694,2.5975968603192924e-08,-0.5563693278358823,2.7836986524888867,0.018096552153157742,128988.86355938508,0.03964181102708413,282559.4682646347,0.1811278184676147,1291045.4580184452,2.505578216491657,0.20267307734154108,1444616.0627236948,2.2392215202235493
7,case_0007_steps_0100_mesh_21x21,97,100,21,21,0.48,-1164931.0515339,-0.601018945220858,3231973.92684854,-40.8697350025177,-94048217.7598743,-71.7159580662847,3231973.92684854,1164931.0515339,-0.601018945220858,0.45343127391717486,0.16343453959659499,-8.432023034467428e-08,-0.5558286371970936,2.774390744064125,0.018096552153157742,128988.86355938508,0.03964181102708413,282559.4682646347,0.18153109174975274,1293919.915093285,2.497816046532935,0.20307635062367912,1447490.5197985347,2.2328118095712117
7,case_0007_steps_0100_mesh_21x21,98,100,21,21,0.485,-1168313.7413028,-1.01290861947928,3227429.71511827,-62.1637855768204,-93911185.570528,-121.910306230187,3227429.71511827,1168313.7413028,-1.01290861947928,0.45279374163490954,0.16390911561914184,-1.4210648231931121e-07,-0.5550187716103692,2.762468334506899,0.018096552153157742,128988.86355938508,0.03964181102708413,282559.4682646347,0.1820056677722996,1297302.604862185,2.487800227196126,0.20355092664622598,1450873.2095674346,2.2244739883786955
7,case_0007_steps_0100_mesh_21x21,99,100,21,21,0.49,-1171957.44204104,-1.06851206463762,3221862.83326151,-111.433610796928,-93748112.4856883,-137.581618271768,3221862.83326151,1171957.44204104,-1.06851206463762,0.45201273337519304,0.16442031029611257,-1.4990739332384835e-07,-0.5540550033150315,2.74912954829693,0.018096552153157742,128988.86355938508,0.03964181102708413,282559.4682646347,0.18251686244927032,1300946.305600425,2.4765532746369,0.2040621213231967,1454516.9103056747,2.21507416684789
7,case_0007_steps_0100_mesh_21x21,100,100,21,21,0.495,-1175580.73710393,-0.500425613194238,3216036.9891442,-66.506316781044,-93580893.039567,-128.529013872147,3216036.9891442,1175580.73710393,-0.500425613194238,0.45119539388559804,0.16492864214944097,-7.020744239502658e-08,-0.5530667298627077,2.735700652144897,0.018096552153157742,128988.86355938508,0.03964181102708413,282559.4682646347,0.18302519430259873,1304569.600663315,2.4652092057863295,0.2045704531765251,1458140.2053685647,2.2055745924180887
8,case_0008_steps_0120_mesh_21x21,1,120,21,21,0.0,-34183.2613243375,-3.15834768116474e-06,9147140.42049128,-3.99351119995117e-06,-193947896.879793,-0.000410236418247223,9147140.42049128,34183.2613243375,-3.15834768116474e-06,1.2833022875301843,0.004795756426182461,-4.431018457937564e-13,-1.1462396393856116,267.59121470890136,0.018096552153157742,128988.86355938508,0.03964181102708413,282559.4682646347,0.0228923085793402,163172.12488372257,56.058229473996164,0.044437567453266595,316742.72958897223,28.87876994796773
8,case_0008_steps_0120_mesh_21x21,2,120,21,21,0.005,-434009.020355709,-3.4745316952467e-06,1625266.75662054,-1.25765800476074e-05,-41820558.6812941,-0.000451914966106415,1625266.75662054,434009.020355709,-3.4745316952467e-06,0.22801754982852682,0.060889495845446076,-4.874610279970687e-13,-0.2471611338557688,3.7447764456335246,0.018096552153157742,128988.86355938508,0.03964181102708413,282559.4682646347,0.07898604799860381,562997.8839150941,2.8868079313520956,0.1005313068725302,716568.4886203437,2.268124795369906
8,case_0008_steps_0120_mesh_21x21,3,120,21,21,0.01,-465390.67667281,-3.93157824873924e-06,1772396.33206223,-9.17911529541016e-06,-46743494.0587248,-0.00050760805606842,1772396.33206223,465390.67667281,-3.93157824873924e-06,0.2486591615288012,0.06529219980394273,-5.515825851878636e-13,-0.2762558740541749,3.808405326753682,0.018096552153157742,128988.86355938508,0.03964181102708413,282559.4682646347,0.08338875195710047,594379.540232195,2.9819268869346365,0.10493401083102685,747950.1449374447,2.369671754272426
8,case_0008_steps_0120_mesh_21x21,4,120,21,21,0.015,-495398.946391917,-4.02587465941906e-06,1895465.03903331,-2.15768814086914e-05,-50833776.5728167,-0.000515811145305634,1895465.03903331,495398.946391917,-4.02587465941906e-06,0.26592514258071187,0.06950222385573099,-5.6481194365056e-13,-0.3004296033359305,3.826138615833432,0.018096552153157742,128988.86355938508,0.03964181102708413,282559.4682646347,0.08759877600888873,624387.8099513021,3.0357175601828983,0.10914403488281513,777958.4146565518,2.4364606170756673
8,case_0008_steps_0120_mesh_21x21,5,120,21,21,0.02,-524557.449183153,-4.50923107564449e-06,1998244.15454852,-2.75969505310059e-05,-54249304.5470301,-0.000574313104152679,1998244.15454852,524557.449183153,-4.50923107564449e-06,0.2803445860338292,0.07359302946412884,-6.326246551778606e-13,-0.3206155069546757,3.8093904827015788,0.018096552153157742,128988.86355938508,0.03964181102708413,282559.4682646347,0.09168958161728658,653546.312742538,3.057540247091441,0.11323484049121296,807116.9174477877,2.4757802882725306
8,case_0008_steps_0120_mesh_21x21,6,120,21,21,0.025,-553657.868608492,-4.47861384600401e-06,2080907.34683602,-2.08616256713867e-05,-57028567.7052329,-0.000562712550163269,2080907.34683602,553657.868608492,-4.47861384600401e-06,0.29194185675238665,0.0776756862398974,-6.28329196812813e-13,-0.3370410606805332,3.7584715486225515,0.018096552153157742,128988.86355938508,0.03964181102708413,282559.4682646347,0.09577223839305514,682646.732167877,3.0482931343239503,0.11731749726698154,836217.3368731267,2.488476685519546
8,case_0008_steps_0120_mesh_21x21,7,120,21,21,0.03,-583428.06889356,-5.04555646330118e-06,2146186.16262006,-2.56896018981934e-05,-59267870.7958487,-0.000629864633083344,2146186.16262006,583428.06889356,-5.04555646330118e-06,0.30110017834492003,0.08185231023054645,-7.078686730021084e-13,-0.3502754293349837,3.678578863526719,0.018096552153157742,128988.86355938508,0.03964181102708413,282559.4682646347,0.09994886238370419,712416.932452945,3.0125423257845085,0.1214941212576306,865987.5371581947,2.478310680616648
8,case_0008_steps_0120_mesh_21x21,8,120,21,21,0.035,-614078.782558923,-4.97978180646896e-06,2198351.67172132,-3.1888484954834e-05,-61104575.2686895,-0.00062541663646698,2198351.67172132,614078.782558923,-4.97978180646896e-06,0.3084187625234089,0.08615246625232102,-6.986407871608449e-13,-0.3611304244469535,3.5799179749552423,0.018096552153157742,128988.86355938508,0.03964181102708413,282559.4682646347,0.10424901840547876,743067.6461183081,2.958481213931508,0.12579427727940515,896638.2508235577,2.451771012113464
8,case_0008_steps_0120_mesh_21x21,9,120,21,21,0.04,-644709.184983419,-5.10166864842176e-06,2242672.63898645,-3.74913215637207e-05,-62701058.8729538,-0.000637270510196686,2242672.63898645,644709.184983419,-5.10166864842176e-06,0.3146367930840283,0.09044977269918265,-7.157409579144778e-13,-0.37056570485100526,3.478580251720981,0.018096552153157742,128988.86355938508,0.03964181102708413,282559.4682646347,0.10854632485234039,773698.0485428041,2.8986406818659263,0.13009158372626678,927268.6532480537,2.4185791584033116
8,case_0008_steps_0120_mesh_21x21,10,120,21,21,0.045,-673188.735369929,-5.65533991903067e-06,2285282.31793272,-2.60472297668457e-05,-64239977.8771746,-0.000704586505889893,2285282.31793272,673188.735369929,-5.65533991903067e-06,0.32061473766003795,0.09444532436656117,-7.9341852439421e-13,-0.37966077622233857,3.3947126531713536,0.018096552153157742,128988.86355938508,0.03964181102708413,282559.4682646347,0.1125418765197189,802177.5989293141,2.8488483360579275,0.1340871353936453,955748.2036345637,2.3910924543118597
8,case_0008_steps_0120_mesh_21x21,11,120,21,21,0.05,-696700.849921562,-5.2496325224638e-06,2332181.69852515,-4.60147857666016e-05,-65892649.4339679,-0.000661149621009827,2332181.69852515,696700.849921562,-5.2496325224638e-06,0.3271945079085832,0.09774396733056213,-7.364996179219929e-13,-0.3894281296185742,3.3474649826933875,0.018096552153157742,128988.86355938508,0.03964181102708413,282559.4682646347,0.11584051948371987,825689.7134809471,2.8245255577826276,0.13738577835764626,979260.3181861967,2.381574802137248
8,case_0008_steps_0120_mesh_21x21,12,120,21,21,0.055,-712904.272076997,-5.72763383388519e-06,2387805.32567871,-4.45246696472168e-05,-67776557.598892,-0.000720269978046417,2387805.32567871,712904.272076997,-5.72763383388519e-06,0.33499825035545555,0.10001723392121213,-8.035610325489428e-13,-0.4005621003928827,3.3494052696893024,0.018096552153157742,128988.86355938508,0.03964181102708413,282559.4682646347,0.11811378607436987,841893.135636382,2.8362332754664665,0.13965904494829626,995463.7403416317,2.3986863899826654
8,case_0008_steps_0120_mesh_21x21,13,120,21,21,0.06,-721190.793292954,-5.44264912605286e-06,2453856.91291581,-4.04119491577148e-05,-69926298.1486104,-0.000688731670379639,2453856.91291581,721190.793292954,-5.44264912605286e-06,0.3442649882757003,0.10117979524018814,-7.635789714172401e-13,-0.41326715093544714,3.402507264009168,0.018096552153157742,128988.86355938508,0.03964181102708413,282559.4682646347,0.11927634739334587,850179.656852339,2.8862804386555685,0.14082160626727228,1003750.2615575887,2.444688690898063
8,case_0008_steps_0120_mesh_21x21,14,120,21,21,0.065,-723112.433145895,-5.94649463891983e-06,2529418.97256665,-4.49419021606445e-05,-72303447.9878623,-0.000756621360778809,2529418.97256665,723112.433145895,-5.94649463891983e-06,0.3548660023131788,0.10144939259036809,-8.342662102154475e-13,-0.4273161992538131,3.4979608379328124,0.018096552153157742,128988.86355938508,0.03964181102708413,282559.4682646347,0.11954594474352583,852101.2967052801,2.9684486836798123,0.14109120361745223,1005671.9014105297,2.5151532711801448
8,case_0008_steps_0120_mesh_21x21,15,120,21,21,0.07,-721726.82724735,-6.07233960181475e-06,2611015.35704119,-5.03659248352051e-05,-74805747.8482616,-0.000769495964050293,2611015.35704119,721726.82724735,-6.07233960181475e-06,0.36631360473718816,0.10125499837124854,-8.51921687373688e-13,-0.4421048890811457,3.6177335502402537,0.018096552153157742,128988.86355938508,0.03964181102708413,282559.4682646347,0.11935155052440628,850715.6908067351,3.0691985410133436,0.14089680939833268,1004286.2955119847,2.599871539330421
8,case_0008_steps_0120_mesh_21x21,16,120,21,21,0.075,-720382.888860202,-6.0034217312932e-06,2693700.42446341,-5.26905059814453e-05,-77298139.5890872,-0.000764913856983185,2693700.42446341,720382.888860202,-6.0034217312932e-06,0.3779139444378684,0.10106644991487382,-8.422528229170008e-13,-0.456835021535133,3.739262087034595,0.018096552153157742,128988.86355938508,0.03964181102708413,282559.4682646347,0.11916300206803156,849371.7524195871,3.171403354055422,0.14070826094195796,1002942.3571248368,2.6857978480293894
8,case_0008_steps_0120_mesh_21x21,17,120,21,21,0.08,-721489.024544755,-6.40528742223978e-06,2771308.67586082,-5.06043434143066e-05,-79616526.8497279,-0.000817753374576569,2771308.67586082,721489.024544755,-6.40528742223978e-06,0.3888020298909356,0.10122163573132041,-8.986327555259227e-13,-0.4705367807206942,3.8410960965199155,0.018096552153157742,128988.86355938508,0.03964181102708413,282559.4682646347,0.11931818788447815,850477.8881041401,3.2585311324654644,0.14086344675840454,1004048.4928093897,2.7601342920266
8,case_0008_steps_0120_mesh_21x21,18,120,21,21,0.085,-726147.978937101,-6.06593675911427e-06,2838403.5379781,-5.86509704589844e-05,-81617721.6077677,-0.000765077769756317,2838403.5379781,726147.978937101,-6.06593675911427e-06,0.3982151345420615,0.10187526588832584,-8.510233976015297e-13,-0.48236391983743143,3.9088500144733764,0.018096552153157742,128988.86355938508,0.03964181102708413,282559.4682646347,0.11997181804148357,855136.842496486,3.319238976643395,0.14151707691540996,1008707.4472017357,2.813901638034041
8,case_0008_steps_0120_mesh_21x21,19,120,21,21,0.09,-734480.915631762,-6.55790790915489e-06,2891446.58417402,-4.78625297546387e-05,-83210053.1663357,-0.000828057527542114,2891446.58417402,734480.915631762,-6.55790790915489e-06,0.4056568331923089,0.10304433908831158,-9.200447171859156e-13,-0.49177466148938426,3.9367211899399037,0.018096552153157742,128988.86355938508,0.03964181102708413,282559.4682646347,0.12114089124146932,863469.7791911471,3.3486366910056478,0.1426861501153957,1017040.3838963967,2.843000759809125
8,case_0008_steps_0120_mesh_21x21,20,120,21,21,0.095,-746084.776962946,-6.64882827550173e-06,2929199.53968522,-6.63995742797852e-05,-84363313.2860223,-0.000830568373203278,2929199.53968522,746084.776962946,-6.64882827550173e-06,0.4109534015121758,0.10467230817000757,-9.32800431950565e-13,-0.4985904738027639,3.926094768491299,0.018096552153157742,128988.86355938508,0.03964181102708413,282559.4682646347,0.12276886032316531,875073.6405223311,3.347374899713334,0.1443141191970917,1028644.2452275808,2.8476312906773265
8,case_0008_steps_0120_mesh_21x21,21,120,21,21,0.1,-760456.199348334,-6.75336923450232e-06,2952725.4931393,-7.45654106140137e-05,-85110399.2084904,-0.000850789248943329,2952725.4931393,760456.199348334,-6.75336923450232e-06,0.41425398601138347,0.10668855350728428,-9.474670540487148e-13,-0.5030057807596146,3.882834403440476,0.018096552153157742,128988.86355938508,0.03964181102708413,282559.4682646347,0.12478510566044201,889445.062907719,3.319739033107263,0.1463303645343684,1043015.6676129687,2.8309502769952313
8,case_0008_steps_0120_mesh_21x21,22,120,21,21,0.105,-777136.982470943,-7.32194166630507e-06,2964578.22109366,-6.33001327514648e-05,-85526118.7917244,-0.000902026891708374,2964578.22109366,777136.982470943,-7.32194166630507e-06,0.41591686995085253,0.10902879167516946,-1.0272351858163783e-12,-0.5054626997200042,3.814743459599164,0.018096552153157742,128988.86355938508,0.03964181102708413,282559.4682646347,0.12712534382832721,906125.8460303281,3.2717069423427922,0.1486706027022536,1059696.4507355778,2.7975730399359433
8,case_0008_steps_0120_mesh_21x21,23,120,21,21,0.11,-795586.539716024,-6.97746872901917e-06,2968183.86913008,-6.03795051574707e-05,-85710343.6952506,-0.000866703689098358,2968183.86913008,795586.539716024,-6.97746872901917e-06,0.41642272600645663,0.11161718082501701,-9.789071960742579e-13,-0.5065514760892299,3.7308120750629357,0.018096552153157742,128988.86355938508,0.03964181102708413,282559.4682646347,0.12971373297817476,924575.403275409,3.210321038841143,0.15125899185210115,1078146.0079806587,2.753044436615238
8,case_0008_steps_0120_mesh_21x21,24,120,21,21,0.115,-814950.108052923,-7.33323395252228e-06,2967096.21043172,-7.49826431274414e-05,-85767647.0798665,-0.000909395515918732,2967096.21043172,814950.108052923,-7.33323395252228e-06,0.41627013242731675,0.11433380158289042,-1.028819442323639e-12,-0.5068901413285771,3.6408317283627336,0.018096552153157742,128988.86355938508,0.03964181102708413,282559.4682646347,0.13243035373604817,943938.971612308,3.1433136035942346,0.15397561260997455,1097509.5763175576,2.7034809303324105
8,case_0008_steps_0120_mesh_21x21,25,120,21,21,0.12,-833903.753963096,-6.60447403788567e-06,2965346.19422163,-6.65187835693359e-05,-85813981.572814,-0.000819794833660126,2965346.19422163,833903.753963096,-6.60447403788567e-06,0.41602461309533056,0.11699291208468982,-9.265777337107048e-13,-0.5071639799901028,3.5559813469227533,0.018096552153157742,128988.86355938508,0.03964181102708413,282559.4682646347,0.13508946423784757,962892.617522481,3.079622940563668,0.15663472311177395,1116463.2222277308,2.6560178026327974
8,case_0008_steps_0120_mesh_21x21,26,120,21,21,0.125,-850718.49299895,-7.28829763829708e-06,2966922.84856485,-6.41345977783203e-05,-85962555.6990381,-0.000907294452190399,2966922.84856485,850718.49299895,-7.28829763829708e-06,0.41624581054418197,0.11935194365925654,-1.0225150813772182e-12,-0.5080420588741996,3.487549492554069,0.018096552153157742,128988.86355938508,0.03964181102708413,282559.4682646347,0.13744849581241428,979707.356558335,3.0283766154288236,0.15899375468634067,1133277.9612635847,2.618001011205392
8,case_0008_steps_0120_mesh_21x21,27,120,21,21,0.13,-863799.436520089,-7.20587559044361e-06,2975075.56267487,-6.74724578857422e-05,-86300508.5025718,-0.000896424055099487,2975075.56267487,863799.436520089,-7.20587559044361e-06,0.41738959933346637,0.12118714066860008,-1.010951642128343e-12,-0.5100393731317082,3.444174002544258,0.018096552153157742,128988.86355938508,0.03964181102708413,282559.4682646347,0.13928369282175782,992788.3000794741,2.996686768404413,0.1608289516956842,1146358.9047847237,2.595239196256397
8,case_0008_steps_0120_mesh_21x21,28,120,21,21,0.135,-872291.897067752,-7.36897345632315e-06,2991683.415077,-7.74860382080078e-05,-86872299.7947432,-0.000925280153751373,2991683.415077,872291.897067752,-7.36897345632315e-06,0.4197196056522578,0.1223785943411775,-1.0338335325064141e-12,-0.513418681982624,3.4296815379504,0.018096552153157742,128988.86355938508,0.03964181102708413,282559.4682646347,0.14047514649433523,1001280.760627137,2.987856685874204,0.16202040536826162,1154851.3653323867,2.5905354618652074
8,case_0008_steps_0120_mesh_21x21,29,120,21,21,0.14,-876359.189546358,-7.36652873456478e-06,3016778.23537116,-7.62343406677246e-05,-87671355.0063757,-0.00091949850320816,3016778.23537116,876359.189546358,-7.36652873456478e-06,0.42324029504896926,0.12294921701688898,-1.0334905491388622e-12,-0.5181411294665402,3.4423992711627487,0.018096552153157742,128988.86355938508,0.03964181102708413,282559.4682646347,0.14104576917004671,1005348.053105743,3.000730171060324,0.1625910280439731,1158918.6578109926,2.603097478013996
8,case_0008_steps_0120_mesh_21x21,30,120,21,21,0.145,-877247.912630584,-7.47374724596739e-06,3048872.0547937,-7.48634338378906e-05,-88648843.6128135,-0.000942572951316833,3048872.0547937,877247.912630584,-7.47374724596739e-06,0.4277429122590716,0.123073900832217,-1.0485328196871873e-12,-0.5239181252771277,3.475496505487388,0.018096552153157742,128988.86355938508,0.03964181102708413,282559.4682646347,0.14117045298537476,1006236.776189969,3.0299747802281662,0.16271571185930114,1159807.3808952188,2.628774488777931
8,case_0008_steps_0120_mesh_21x21,31,120,21,21,0.15,-876806.727083718,-7.14766792953014e-06,3084916.77735332,-7.33733177185059e-05,-89717024.1089812,-0.000905714929103851,3084916.77735332,876806.727083718,-7.14766792953014e-06,0.4327998232484916,0.12301200450227219,-1.0027853714723576e-12,-0.5302311136952742,3.518354367117863,0.018096552153157742,128988.86355938508,0.03964181102708413,282559.4682646347,0.14110855665542993,1005795.5906431031,3.0671408843429426,0.16265381552935632,1159366.1953483527,2.6608648671409645
8,case_0008_steps_0120_mesh_21x21,32,120,21,21,0.155,-876815.108606115,-7.74371437728405e-06,3121174.93702301,-7.02738761901855e-05,-90773076.3441879,-0.000976912677288055,3121174.93702301,876815.108606115,-7.74371437728405e-06,0.43788667849578966,0.12301318039182571,-1.0864079829896463e-12,-0.5364724236178352,3.5596728505109643,0.018096552153157742,128988.86355938508,0.03964181102708413,282559.4682646347,0.14110973254498346,1005803.9721655,3.103164258044346,0.16265499141890985,1159374.5768707497,2.6921195265876245
8,case_0008_steps_0120_mesh_21x21,33,120,21,21,0.16,-878614.748216628,-7.88294710218906e-06,3153815.29292849,-5.26309013366699e-05,-91713647.2838824,-0.000986337661743164,3153815.29292849,878614.748216628,-7.88294710218906e-06,0.4424659722940423,0.12326566166168,-1.1059417023987624e-12,-0.542031234577256,3.5895314747788607,0.018096552153157742,128988.86355938508,0.03964181102708413,282559.4682646347,0.14136221381483774,1007603.611776013,3.1300158674198686,0.16290747268876413,1161174.2164812628,2.7160569431911608
8,case_0008_steps_0120_mesh_21x21,34,120,21,21,0.165,-882893.836973831,-8.11670906841755e-06,3179600.21265879,-4.20212745666504e-05,-92452457.7601058,-0.00101941078901291,3179600.21265879,882893.836973831,-8.11670906841755e-06,0.4460834795096907,0.12386599839406051,-1.1387374453531998e-12,-0.5463976333238508,3.601339231857197,0.018096552153157742,128988.86355938508,0.03964181102708413,282559.4682646347,0.14196255054721826,1011882.7005332161,3.142261658375309,0.16350780942114465,1165453.3052384658,2.728209013923733
8,case_0008_steps_0120_mesh_21x21,35,120,21,21,0.17,-889783.285280249,-7.27095175534487e-06,3196681.2125957,-2.0146369934082e-05,-92941975.7149251,-0.000901669263839722,3196681.2125957,889783.285280249,-7.27095175534487e-06,0.44847986628027464,0.12483255672431649,-1.020081532721735e-12,-0.5492907035402946,3.59265145286345,0.018096552153157742,128988.86355938508,0.03964181102708413,282559.4682646347,0.14292910887747423,1018772.148839634,3.137778370008123,0.16447436775140062,1172342.7535448838,2.726746254821554
8,case_0008_steps_0120_mesh_21x21,36,120,21,21,0.175,-899110.78794295,-7.53335189074278e-06,3204611.70355716,1.34706497192383e-05,-93172779.6380312,-0.000922635197639465,3204611.70355716,899110.78794295,-7.53335189074278e-06,0.4495924781703557,0.12614116301587108,-1.056895080838916e-12,-0.5506547637329859,3.5642011491029932,0.018096552153157742,128988.86355938508,0.03964181102708413,282559.4682646347,0.14423771516902884,1028099.6515023351,3.1170244040782866,0.16578297404295522,1181670.2562075849,2.711933965268737
8,case_0008_steps_0120_mesh_21x21,37,120,21,21,0.18,-910471.580750106,-7.24068377166986e-06,3204433.03296491,6.02602958679199e-05,-93177337.527725,-0.000869162380695343,3204433.03296491,910471.580750106,-7.24068377166986e-06,0.44956741149714324,0.12773503068679032,-1.0158350719806218e-12,-0.5506817010389482,3.5195310877522266,0.018096552153157742,128988.86355938508,0.03964181102708413,282559.4682646347,0.14583158283994807,1039460.4443094911,3.082784968401179,0.16737684171387446,1193031.0490147406,2.6859594606622155
8,case_0008_steps_0120_mesh_21x21,38,120,21,21,0.185,-923370.899801219,-7.18398950994015e-06,3198141.96197944,0.000123679637908936,-93013843.3169419,-0.000830970704555511,3198141.96197944,923370.899801219,-7.18398950994015e-06,0.4486848027893352,0.12954474660727533,-1.007881124361693e-12,-0.5497154438728507,3.46355073856879,0.018096552153157742,128988.86355938508,0.03964181102708413,282559.4682646347,0.14764129876043308,1052359.7633606042,3.039019614135092,0.16918655763435947,1205930.3680658536,2.6520121282863287
8,case_0008_steps_0120_mesh_21x21,39,120,21,21,0.19,-937054.60757981,-6.83299731463194e-06,3188262.55293899,0.000245869159698486,-92756325.293988,-0.000717818737030029,3188262.55293899,937054.60757981,-6.83299731463194e-06,0.4472987665377593,0.13146450870634863,-9.58638512306102e-13,-0.5481935023075398,3.4024298340237786,0.018096552153157742,128988.86355938508,0.03964181102708413,282559.4682646347,0.14956106085950638,1066043.4711391951,2.9907434727140623,0.17110631973343277,1219614.0758444448,2.6141569010110666
8,case_0008_steps_0120_mesh_21x21,40,120,21,21,0.195,-950543.643165251,-7.75931403040886e-06,3177743.61113549,0.00036543607711792,-92489071.5819157,-0.000709012150764465,3177743.61113549,950543.643165251,-7.75931403040886e-06,0.44582300674198877,0.133356959180225,-1.0885965435254504e-12,-0.5466140224396036,3.343080177311798,0.018096552153157742,128988.86355938508,0.03964181102708413,282559.4682646347,0.15145351133338275,1079532.506724636,2.9436293871103034,0.17299877020730914,1233103.1114298857,2.577029918812411
8,case_0008_steps_0120_mesh_21x21,41,120,21,21,0.2,-962706.600249804,-8.3948252722621e-06,3169496.88979983,0.0005531907081604,-92293827.6455633,-0.000543802976608276,3169496.88979983,962706.600249804,-8.3948252722621e-06,0.44466602916559034,0.13506336685871342,-1.1777558865474972e-12,-0.5454601231563568,3.2922770956150154,0.018096552153157742,128988.86355938508,0.03964181102708413,282559.4682646347,0.15315991901187118,1091695.4638091892,2.903279343802245,0.17470517788579756,1245266.0685144388,2.5452366927342163
8,case_0008_steps_0120_mesh_21x21,42,120,21,21,0.205,-972477.826877779,-1.00898323580623e-05,3165908.46850486,0.000809788703918457,-92234798.5283077,-0.000424176454544067,3165908.46850486,972477.826877779,-1.00898323580623e-05,0.4441625899436297,0.1364342256087951,-1.4155576880497901e-12,-0.5451112587697621,3.255507098469559,0.018096552153157742,128988.86355938508,0.03964181102708413,282559.4682646347,0.15453077776195284,1101466.6904371642,2.8742661906991795,0.17607603663587923,1255037.2951424136,2.5225612663132955
8,case_0008_steps_0120_mesh_21x21,43,120,21,21,0.21,-979210.501339645,-1.21364137157798e-05,3168445.97764443,0.00114864110946655,-92348781.1950556,-0.000301286578178406,3168445.97764443,979210.501339645,-1.21364137157798e-05,0.44451859095965696,0.13737878928016428,-1.7026837643142277e-12,-0.5457849007784212,3.235714867548623,0.018096552153157742,128988.86355938508,0.03964181102708413,282559.4682646347,0.15547534143332203,1108199.3648990302,2.859093839972659,0.17702060030724842,1261769.9696042798,2.5111122106021653
8,case_0008_steps_0120_mesh_21x21,44,120,21,21,0.215,-982919.036414937,-1.34890433400869e-05,3177496.76654816,0.00163006782531738,-92641120.5542734,-3.27229499816895e-05,3177496.76654816,982919.036414937,-1.34890433400869e-05,0.4457883755666681,0.13789907992037867,-1.892451561818004e-12,-0.547512637799956,3.2327146477268824,0.018096552153157742,128988.86355938508,0.03964181102708413,282559.4682646347,0.15599563207353642,1111907.8999743222,2.85769780628552,0.1775408909474628,1265478.5046795718,2.510905364886245
8,case_0008_steps_0120_mesh_21x21,45,120,21,21,0.22,-984247.289402957,-1.46215315908194e-05,3192150.832546,0.00226163864135742,-93081612.1857351,0.000301435589790344,3192150.832546,984247.289402957,-1.46215315908194e-05,0.4478442745200195,0.1380854277864425,-2.051334523700863e-12,-0.5501159605321019,3.243240664124515,0.018096552153157742,128988.86355938508,0.03964181102708413,282559.4682646347,0.15618197993960026,1113236.1529623421,2.867451640024111,0.17772723881352664,1266806.7576675918,2.519840388618779
8,case_0008_steps_0120_mesh_21x21,46,120,21,21,0.225,-984307.883800455,-1.40861375257373e-05,3210491.01488107,0.00313925743103027,-93613804.1635514,0.000894390046596527,3210491.01488107,984307.883800455,-1.40861375257373e-05,0.4504173188663806,0.1380939289054093,-1.976221166207107e-12,-0.5532612358898138,3.2616735756349184,0.018096552153157742,128988.86355938508,0.03964181102708413,282559.4682646347,0.15619048105856706,1113296.7473598402,2.8837693296910114,0.17773573993249345,1266867.3520650896,2.5341966620638905
8,case_0008_steps_0120_mesh_21x21,47,120,21,21,0.23,-984301.873371955,-1.16601586341858e-05,3229947.88664584,0.0043371319770813,-94166168.1929486,0.00169172137975693,3229947.88664584,984301.873371955,-1.16601586341858e-05,0.4531470296717352,0.13809308566956854,-1.6358673378069553e-12,-0.5565257288595841,3.2814606717966535,0.018096552153157742,128988.86355938508,0.03964181102708413,282559.4682646347,0.1561896378227263,1113290.73693134,2.90126179936503,0.17773489669665268,1266861.3416365897,2.5495670129717944
8,case_0008_steps_0120_mesh_21x21,48,120,21,21,0.235,-985265.353351084,-7.82508868724108e-06,3247833.13157447,0.00595492124557495,-94665272.7801394,0.00288531929254532,3247833.13157447,985265.353351084,-7.82508868724108e-06,0.4556562483646648,0.1382282575379741,-1.0978244293667141e-12,-0.5594754564474623,3.296404486900855,0.018096552153157742,128988.86355938508,0.03964181102708413,282559.4682646347,0.15632480969113186,1114254.216910469,2.91480443356979,0.17787006856505824,1267824.8216157188,2.5617365082310224
8,case_0008_steps_0120_mesh_21x21,49,120,21,21,0.24,-987844.947434154,-1.38790346682072e-06,3261829.37179711,0.00823056697845459,-95048570.9671311,0.00445232540369034,3261829.37179711,987844.947434154,-1.38790346682072e-06,0.4576198573472381,0.1385901628805757,-1.9471655752131143e-13,-0.5617407636908135,3.3019649290806656,0.018096552153157742,128988.86355938508,0.03964181102708413,282559.4682646347,0.15668671503373346,1116833.8109935392,2.9206040681158956,0.17823197390765985,1270404.4156987886,2.567551979109687
8,case_0008_steps_0120_mesh_21x21,50,120,21,21,0.245,-992336.151658097,7.75873195379972e-06,3270369.49391919,0.0112403035163879,-95275129.7634573,0.00670768320560455,3270369.49391919,992336.151658097,7.75873195379972e-06,0.4588179977223985,0.13922025845027308,1.0885148808188898e-12,-0.5630797350185693,3.295626676962964,0.018096552153157742,128988.86355938508,0.03964181102708413,282559.4682646347,0.15731681060343083,1121325.015217482,2.916522372672564,0.17886206947735722,1274895.6199227318,2.565205686499573
8,case_0008_steps_0120_mesh_21x21,51,120,21,21,0.25,-998711.950516981,1.66806858032942e-05,3272814.98541852,0.0152000784873962,-95330044.8205767,0.00960827618837357,3272814.98541852,998711.950516981,1.66806858032942e-05,0.45916108908111375,0.14011475409419136,2.3402245144269916e-12,-0.5634042851492077,3.2770359699053913,0.018096552153157742,128988.86355938508,0.03964181102708413,282559.4682646347,0.1582113062473491,1127700.8140763661,2.9022014922451675,0.1797565651212755,1281271.4187816158,2.5543494824310518
8,case_0008_steps_0120_mesh_21x21,52,120,21,21,0.255,-1006709.06040357,3.82188009098172e-05,3269560.80508859,0.021049439907074,-95226718.667496,0.014451265335083,3269560.80508859,1006709.06040357,3.82188009098172e-05,0.458704542349626,0.141236712317124,5.36192431509594e-12,-0.5627936235521926,3.247771311184869,0.018096552153157742,128988.86355938508,0.03964181102708413,282559.4682646347,0.15933326447028176,1135697.9239629551,2.8789000456033573,0.18087852334420815,1289268.5286682048,2.535981242376247
8,case_0008_steps_0120_mesh_21x21,53,120,21,21,0.26,-1015925.69316778,8.44947062432766e-05,3261800.55193848,0.0298975706100464,-95000676.6714941,0.0230263248085976,3261800.55193848,1015925.69316778,8.44947062432766e-05,0.45761581405186863,0.14252976406509324,1.1854223814393356e-11,-0.5614577065345216,3.210668431632819,0.018096552153157742,128988.86355938508,0.03964181102708413,282559.4682646347,0.160626316218251,1144914.5567271651,2.8489467032916522,0.18217157509217738,1298485.1614324148,2.512004487090363
8,case_0008_steps_0120_mesh_21x21,54,120,21,21,0.265,-1025776.82589725,0.000170759740285575,3251315.84046447,0.0436027646064758,-94705622.9228323,0.0379480123519897,3251315.84046447,1025776.82589725,0.000170759740285575,0.4561448566159743,0.1439118332785681,2.3956816584517794e-11,-0.5597139273654436,3.1696132710158804,0.018096552153157742,128988.86355938508,0.03964181102708413,282559.4682646347,0.16200838543172585,1154765.6894566352,2.815563252484881,0.18355364430565224,1308336.2941618846,2.485076547194046
8,case_0008_steps_0120_mesh_21x21,55,120,21,21,0.27,-1035523.88249086,0.000294046360068023,3240117.90480364,0.0635896325111389,-94398309.856907,0.0617012828588486,3240117.90480364,1035523.88249086,0.000294046360068023,0.4545738370635723,0.14527930108252185,4.125336981488595e-11,-0.5578976951529179,3.1289649225760265,0.018096552153157742,128988.86355938508,0.03964181102708413,282559.4682646347,0.1633758532356796,1164512.7460502451,2.782380799002297,0.184921112109606,1318083.3507554946,2.458204105944044
8,case_0008_steps_0120_mesh_21x21,56,120,21,21,0.275,-1044354.20681085,0.000513353385031223,3230566.60122286,0.0948677659034729,-94143213.6066388,0.102252669632435,3230566.60122286,1044354.20681085,0.000513353385031223,0.4532338325189113,0.14651815550899278,7.202115011223904e-11,-0.5563900663586894,3.093362941571384,0.018096552153157742,128988.86355938508,0.03964181102708413,282559.4682646347,0.16461470766215053,1173343.070370235,2.753300959286777,0.18615996653607692,1326913.6750754847,2.434647152942396
8,case_0008_steps_0120_mesh_21x21,57,120,21,21,0.28,-1051563.39900334,0.000898978556506336,3224287.51942219,0.145269691944122,-93984697.3141142,0.172873541712761,3224287.51942219,1051563.39900334,0.000898978556506336,0.45235290583931886,0.14752957245533613,1.2612261154543448e-10,-0.555453228883763,3.066184618519562,0.018096552153157742,128988.86355938508,0.03964181102708413,282559.4682646347,0.16562612460849388,1180552.262562725,2.731168811131627,0.18717138348242027,1334122.8672679747,2.4167845395116467
8,case_0008_steps_0120_mesh_21x21,58,120,21,21,0.285,-1056684.65400089,0.00169199809897691,3222303.52335384,0.231268405914307,-93948861.2509626,0.30352994799614,3222303.52335384,1056684.65400089,0.00169199809897691,0.4520745601951151,0.14824806128914242,2.3737965430699834e-10,-0.5552414363520329,3.0494466926848416,0.018096552153157742,128988.86355938508,0.03964181102708413,282559.4682646347,0.16634461344230017,1185673.517560275,2.717698823183871,0.18788987231622656,1339244.1222655247,2.4060613519086043
8,case_0008_steps_0120_mesh_21x21,59,120,21,21,0.29,-1059681.41141837,0.00259535596705973,3225006.9445177,0.353112399578094,-94042398.06975,0.488302230834961,3225006.9445177,1059681.41141837,0.00259535596705973,0.4524538379151736,0.14866849275430394,3.641166633915063e-10,-0.5557942426013454,3.043374083726796,0.018096552153157742,128988.86355938508,0.03964181102708413,282559.4682646347,0.1667650449074617,1188670.274977755,2.713121554737333,0.18831030378138808,1342240.8796830047,2.4027035633718334
8,case_0008_steps_0120_mesh_21x21,60,120,21,21,0.295,-1060959.8079249,0.00256206351332366,3231906.77470728,0.471141040325165,-94249026.0217029,0.640977583825588,3231906.77470728,1060959.8079249,0.00256206351332366,0.45342185277652,0.14884784598228382,3.5944588322710856e-10,-0.5570154218610528,3.046210375328422,0.018096552153157742,128988.86355938508,0.03964181102708413,282559.4682646347,0.16694439813544157,1189948.671484285,2.716005195985432,0.18848965700936796,1343519.2761895347,2.4055529622720084
8,case_0008_steps_0120_mesh_21x21,61,120,21,21,0.3,-1061229.26934302,-0.000167170539498329,3241868.25792245,0.492882966995239,-94532785.7221355,0.580500654876232,3241868.25792245,1061229.26934302,-0.000167170539498329,0.4548194036623229,0.1488856501963199,-2.3453268003328465e-11,-0.5586924527643454,3.0548236385615413,0.018096552153157742,128988.86355938508,0.03964181102708413,282559.4682646347,0.16698220234947767,1190218.132902405,2.723759761596806,0.18852746122340405,1343788.7376076546,2.4124835751294835
8,case_0008_steps_0120_mesh_21x21,62,120,21,21,0.305,-1061314.40770289,-0.00367984711192548,3253110.11360421,0.426579058170319,-94844812.2446032,0.40569768846035,3253110.11360421,1061314.40770289,-0.00367984711192548,0.4563965849943344,0.148897594721817,-5.162658491517592e-10,-0.5605365416889797,3.065170971008718,0.018096552153157742,128988.86355938508,0.03964181102708413,282559.4682646347,0.16699414687497474,1190303.271262275,2.7330094709009747,0.18853940574890113,1343873.8759675247,2.420695998173286
8,case_0008_steps_0120_mesh_21x21,63,120,21,21,0.31,-1061954.13706103,-0.00576107681263238,3263573.51861263,0.35322642326355,-95129152.5630679,0.29635975509882,3263573.51861263,1061954.13706103,-0.00576107681263238,0.4578645532298039,0.14898734584741052,-8.082529306892566e-10,-0.5622170040675006,3.0731774609820786,0.018096552153157742,128988.86355938508,0.03964181102708413,282559.4682646347,0.16708389800056828,1190943.000620415,2.740327217098123,0.18862915687449466,1344513.6053256646,2.4273265110040563
8,case_0008_steps_0120_mesh_21x21,64,120,21,21,0.315,-1063674.44053641,-0.00736857042647898,3271477.09378469,0.375126004219055,-95336710.011963,0.218086332082748,3271477.09378469,1063674.44053641,-0.00736857042647898,0.4589733889567869,0.14922869661756552,-1.0337769892483914e-09,-0.5634436766904102,3.0756375908918963,0.018096552153157742,128988.86355938508,0.03964181102708413,282559.4682646347,0.16732524877072327,1192663.3040957951,2.743001384003279,0.18887050764464966,1346233.9088010448,2.4300955966101503
8,case_0008_steps_0120_mesh_21x21,65,120,21,21,0.32,-1066744.15501532,-0.0123601377708837,3275672.41389453,0.641513347625732,-95438192.6498203,-0.16777965426445,3275672.41389453,1066744.15501532,-0.0123601377708837,0.45956197332811877,0.14965936362733667,-1.7340712338940316e-09,-0.5640434430405117,3.070719814581488,0.018096552153157742,128988.86355938508,0.03964181102708413,282559.4682646347,0.16775591578049442,1195733.018574705,2.7394680610217486,0.1893011746544208,1349303.6232799548,2.427676289738155
8,case_0008_steps_0120_mesh_21x21,66,120,21,21,0.325,-1071207.87077886,-0.00356097857002169,3275522.27172011,0.521197497844696,-95417620.8402944,0.43400726467371,3275522.27172011,1071207.87077886,-0.00356097857002169,0.4595409090624542,0.15028560269079336,-4.995891321967221e-10,-0.5639218628433977,3.057783984856762,0.018096552153157742,128988.86355938508,0.03964181102708413,282559.4682646347,0.1683821548439511,1200196.7343382451,2.7291544611026968,0.1899274137178775,1353767.3390434948,2.419560715679869
8,case_0008_steps_0120_mesh_21x21,67,120,21,21,0.33,-1076893.81108496,0.000105343060567975,3271098.14889422,0.717862844467163,-95279845.8724795,0.74217750877142,3271098.14889422,1076893.81108496,0.000105343060567975,0.4589202247084609,0.1510833143106163,1.477915330778888e-11,-0.5631076074069369,3.037530827295424,0.018096552153157742,128988.86355938508,0.03964181102708413,282559.4682646347,0.16917986646377406,1205882.674644345,2.712617253464543,0.19072512533770045,1359453.2793495946,2.4061865152579696
8,case_0008_steps_0120_mesh_21x21,68,120,21,21,0.335,-1083510.18821447,0.0384518635692075,3263673.16954199,21.2276687026024,-95060316.5294471,6.20646894723177,3263673.16954199,1083510.18821447,0.0384518635692075,0.4578785338029364,0.15201156199406082,5.39462194847472e-09,-0.5618101804224722,3.0121296551167998,0.018096552153157742,128988.86355938508,0.03964181102708413,282559.4682646347,0.17010811414721858,1212499.051773855,2.691691317009543,0.19165337302114496,1366069.6564791047,2.3890971840731394
8,case_0008_steps_0120_mesh_21x21,69,120,21,21,0.34,-1090607.56841246,-0.0018107914365828,3254703.10946971,0.972751200199127,-94800350.8338248,0.494881294667721,3254703.10946971,1090607.56841246,-0.0018107914365828,0.4566200750845972,0.15300729222502438,-2.5404582044034785e-10,-0.5602737730161707,2.9843026985475722,0.018096552153157742,128988.86355938508,0.03964181102708413,282559.4682646347,0.17110384437818213,1219596.431971845,2.66867221332183,0.19264910325210852,1373167.0366770946,2.370216457675619
8,case_0008_steps_0120_mesh_21x21,70,120,21,21,0.345,-1097664.12761445,0.132924750912935,3245149.73466907,38.1950079202652,-94530695.1325229,23.7584830373526,3245149.73466907,1097664.12761445,0.132924750912935,0.45527977995719,0.15399729545551152,1.8648739286194066e-08,-0.5586800972981496,2.956414127991724,0.018096552153157742,128988.86355938508,0.03964181102708413,282559.4682646347,0.17209384760866928,1226652.991173835,2.645531994801278,0.19363910648259566,1380223.5958790847,2.3511768269706956
8,case_0008_steps_0120_mesh_21x21,71,120,21,21,0.35,-1104066.71902559,-0.0107207512483001,3236704.30076157,1.84100651741028,-94296489.9802021,-0.575261607766151,3236704.30076157,1104066.71902559,-0.0107207512483001,0.4540949239088013,0.15489554997291577,-1.5040727449821607e-09,-0.5572959357080662,2.9316202046359754,0.018096552153157742,128988.86355938508,0.03964181102708413,282559.4682646347,0.17299210212607352,1233055.582584975,2.62494598497835,0.1945373609999999,1386626.1872902247,2.3342298958645866
8,case_0008_steps_0120_mesh_21x21,72,120,21,21,0.355,-1109328.75301479,-0.00141965073999017,3230593.68701101,-0.350938200950623,-94131908.8426086,-0.18196576833725,3230593.68701101,1109328.75301479,-0.00141965073999017,0.45323763253206234,0.1556337894603379,-1.9917055586487382e-10,-0.5563232547621019,2.9122058526215255,0.018096552153157742,128988.86355938508,0.03964181102708413,282559.4682646347,0.17373034161349565,1238317.616574175,2.60885708462139,0.19527560048742204,1391888.2212794246,2.3210151775272916
8,case_0008_steps_0120_mesh_21x21,73,120,21,21,0.36,-1113145.64670855,0.0129257115768269,3227599.53254254,-5.05451261997223,-94056069.5688631,0.706872351467609,3227599.53254254,1113145.64670855,0.0129257115768269,0.45281756624883374,0.1561692823229476,1.8134186720625908e-09,-0.5558750416946346,2.8995303014355756,0.018096552153157742,128988.86355938508,0.03964181102708413,282559.4682646347,0.17426583447610536,1242134.510267935,2.598429965403932,0.19581109335003175,1395705.1149731847,2.3125225363987805
8,case_0008_steps_0120_mesh_21x21,74,120,21,21,0.365,-1115482.3983893,-0.000103785656392574,3228140.86556815,-0.655980348587036,-94078903.1071596,-0.595158517360687,3228140.86556815,1115482.3983893,-0.000103785656392574,0.4528935128155361,0.1564971179786219,-1.4560656570117303e-11,-0.5560099887970469,2.893941554101993,0.018096552153157742,128988.86355938508,0.03964181102708413,282559.4682646347,0.17459367013177965,1244471.2619486852,2.593985867149144,0.19613892900570604,1398041.8666539348,2.309044487554842
8,case_0008_steps_0120_mesh_21x21,75,120,21,21,0.37,-1116606.73520708,0.000483328942209482,3231791.59244687,-0.78007036447525,-94185515.8403202,-0.890920072793961,3231791.59244687,1116606.73520708,0.000483328942209482,0.4534056932281287,0.15665485733145604,6.78088570475514e-11,-0.5566400742105931,2.8942970613978245,0.018096552153157742,128988.86355938508,0.03964181102708413,282559.4682646347,0.1747514094846138,1245595.598766465,2.594575314530149,0.19629666835854018,1399166.2034717146,2.3097982101253662
8,case_0008_steps_0120_mesh_21x21,76,120,21,21,0.375,-1116937.31404414,0.000489711645059288,3237637.20085488,-0.598735272884369,-94349281.8785179,-1.13641653954983,3237637.20085488,1116937.31404414,0.000489711645059288,0.4542258055580104,0.1567012360419936,6.870432129006289e-11,-0.5576079378873191,2.898674043874706,0.018096552153157742,128988.86355938508,0.03964181102708413,282559.4682646347,0.17479778819515135,1245926.177603525,2.5985786791014442,0.19634304706907774,1399496.7823087748,2.3134295425200566
8,case_0008_steps_0120_mesh_21x21,77,120,21,21,0.38,-1117073.18724843,0.0038844981463626,3244500.80058809,-0.797171533107758,-94536497.7354416,-1.0395330414176,3244500.80058809,1117073.18724843,0.0038844981463626,0.4551887374507567,0.1567202984359073,5.449774604931831e-10,-0.558714390907846,2.9044657392412496,0.018096552153157742,128988.86355938508,0.03964181102708413,282559.4682646347,0.17481685058906504,1246062.050807815,2.603803557362732,0.19636210946299143,1399632.6555130647,2.3181088179160483
8,case_0008_steps_0120_mesh_21x21,78,120,21,21,0.385,-1117533.24097658,0.00198380835354328,3250973.86245349,-1.17143428325653,-94708333.7257423,-1.34116395562887,3250973.86245349,1117533.24097658,0.00198380835354328,0.4560968786530699,0.15678484188605474,2.7831930866836376e-10,-0.559729948316431,2.909062337700629,0.018096552153157742,128988.86355938508,0.03964181102708413,282559.4682646347,0.1748813940392125,1246522.104535965,2.6080354697470125,0.19642665291313888,1400092.7092412147,2.3219704245266493
8,case_0008_steps_0120_mesh_21x21,79,120,21,21,0.39,-1118730.48375478,-0.00278381502721459,3255827.60682555,-1.03345823287964,-94831524.9329596,-2.0391478985548,3255827.60682555,1118730.48375478,-0.00278381502721459,0.4567778369601926,0.15695280961425875,-3.905566142269316e-10,-0.560458013158628,2.910287736057804,0.018096552153157742,128988.86355938508,0.03964181102708413,282559.4682646347,0.1750493617674165,1247719.347314165,2.6094230355841077,0.1965946206413429,1401289.9520194146,2.3234503338395744
8,case_0008_steps_0120_mesh_21x21,80,120,21,21,0.395,-1120891.87252497,-0.0075912456959486,3258126.90827315,-1.16951543092728,-94881048.0224528,-2.61184952408075,3258126.90827315,1120891.87252497,-0.0075912456959486,0.45710041851812044,0.1572560426494501,-1.0650173189635238e-09,-0.5607506965501737,2.906727212620207,0.018096552153157742,128988.86355938508,0.03964181102708413,282559.4682646347,0.17535259480260784,1249880.736084355,2.6067502396110678,0.19689785367653423,1403451.3407896047,2.32151041762522
8,case_0008_steps_0120_mesh_21x21,81,120,21,21,0.4,-1124069.95731356,-0.0097396852215752,3257492.84750488,-1.75607472658157,-94848018.4265206,-2.93805316835642,3257492.84750488,1124069.95731356,-0.0097396852215752,0.45701146266995923,0.15770191352184054,-1.3664336339115786e-09,-0.5605554903492329,2.897944942225869,0.018096552153157742,128988.86355938508,0.03964181102708413,282559.4682646347,0.1757984656749983,1253058.820872945,2.5996328290762465,0.19734372454892468,1406629.4255781947,2.315814519638595
8,case_0008_steps_0120_mesh_21x21,82,120,21,21,0.405,-1128179.6008606,-0.0100772869773209,3254169.19738489,-1.59264582395554,-94740548.7122717,-3.31439907103777,3254169.19738489,1128179.6008606,-0.0100772869773209,0.4565451696422084,0.15827847786024685,-1.4137976280678411e-09,-0.5599203401440112,2.8844425080036364,0.018096552153157742,128988.86355938508,0.03964181102708413,282559.4682646347,0.1763750300134046,1257168.464419985,2.588490953665668,0.197920288887331,1410739.0691252346,2.3067123244858614
8,case_0008_steps_0120_mesh_21x21,83,120,21,21,0.41,-1132979.45728232,-0.0542500021401793,3248379.87075356,-0.947298049926758,-94567042.6625907,-3.46758199483156,3248379.87075356,1132979.45728232,-0.0542500021401793,0.4557329533901651,0.1589518759325024,-7.611029091567213e-09,-0.5588949126193145,2.867112770557602,0.018096552153157742,128988.86355938508,0.03964181102708413,282559.4682646347,0.17704842808566015,1261968.320841705,2.5740581733358905,0.19859368695958654,1415538.9255469546,2.294800808461278
8,case_0008_steps_0120_mesh_21x21,84,120,21,21,0.415,-1138129.00944287,-0.0148793658008799,3241131.71394773,-1.212366938591,-94356410.2739487,-3.05581348389387,3241131.71394773,1138129.00944287,-0.0148793658008799,0.4547160698854075,0.1596743347298535,-2.087507493215242e-09,-0.5576500669825011,2.8477718141410957,0.018096552153157742,128988.86355938508,0.03964181102708413,282559.4682646347,0.17777088688301126,1267117.873002255,2.55787703970139,0.19931614575693765,1420688.4777075048,2.28138100984516
8,case_0008_steps_0120_mesh_21x21,85,120,21,21,0.42,-1143237.06937226,0.0151437125168741,3233774.37492612,-2.38852208852768,-94145866.8645514,-3.47885766625404,3233774.37492612,1143237.06937226,0.0151437125168741,0.4536838686112895,0.16039097235548158,2.1245941377557037e-09,-0.5564057472164963,2.828612246366148,0.018096552153157742,128988.86355938508,0.03964181102708413,282559.4682646347,0.17848752450863933,1272225.932931645,2.5418239726291336,0.20003278338256572,1425796.5376368947,2.268047571700346
8,case_0008_steps_0120_mesh_21x21,86,120,21,21,0.425,-1147859.87112656,0.0178584944223985,3226409.99606597,-3.87848806381226,-93942264.7342774,-2.44848700612783,3226409.99606597,1147859.87112656,0.0178584944223985,0.452650679679774,0.16103953046144462,2.5054657183100448e-09,-0.555202450680994,2.810804765654391,0.018096552153157742,128988.86355938508,0.03964181102708413,282559.4682646347,0.17913608261460237,1276848.734685945,2.5268537364056214,0.20068134148852876,1430419.3393911947,2.2555693335628226
8,case_0008_steps_0120_mesh_21x21,87,120,21,21,0.43,-1151657.56082471,-0.108808133518323,3221227.53887468,-8.563725233078,-93799681.6638504,-15.1980243697762,3221227.53887468,1151657.56082471,-0.108808133518323,0.4519236044559466,0.16157232909062583,-1.5265287316804312e-08,-0.5543597791704592,2.7970358971706286,0.018096552153157742,128988.86355938508,0.03964181102708413,282559.4682646347,0.17966888124378358,1280646.424384095,2.5153137333935667,0.20121414011770997,1434217.0290893447,2.245983329956692
8,case_0008_steps_0120_mesh_21x21,88,120,21,21,0.435,-1154436.68408231,0.0259561829734594,3218359.21113865,-6.08003455400467,-93722917.3307634,-8.8184100985527,3218359.21113865,1154436.68408231,0.0259561829734594,0.45152119109222605,0.161962227470869,3.6415346714009944e-09,-0.5539060989661833,2.787817864343944,0.018096552153157742,128988.86355938508,0.03964181102708413,282559.4682646347,0.18005877962402675,1283425.547641695,2.50763218563976,0.20160403849795314,1436996.1523469447,2.239643582818458
8,case_0008_steps_0120_mesh_21x21,89,120,21,21,0.44,-1156155.89059832,-0.270515882293694,3217909.1870381,-16.840372800827,-93714078.431626,-34.0766804665327,3217909.1870381,1156155.89059832,-0.270515882293694,0.45145805475331235,0.1622034243426028,-3.795215057408055e-08,-0.5538538607273428,2.7832831309390347,0.018096552153157742,128988.86355938508,0.03964181102708413,282559.4682646347,0.18029997649576054,1285144.754157705,2.5039274187810427,0.20184523536968693,1438715.3588629547,2.236654503765969
8,case_0008_steps_0120_mesh_21x21,90,120,21,21,0.445,-1156990.11085897,-0.11854145838879,3219726.56262589,-18.4005520939827,-93766540.0993156,-33.3540848195553,3219726.56262589,1156990.11085897,-0.11854145838879,0.45171302430028554,0.16232046165913924,-1.6630828622321287e-08,-0.5541639112307074,2.7828470895360615,0.018096552153157742,128988.86355938508,0.03964181102708413,282559.4682646347,0.180417013812297,1285978.9744183552,2.503716333373307,0.20196227268622338,1439549.5791236048,2.236620821761522
8,case_0008_steps_0120_mesh_21x21,91,120,21,21,0.45,-1157258.4105567,0.0879458968993276,3223228.94406295,-16.9071657657623,-93862843.5424654,-29.8864844962955,3223228.94406295,1157258.4105567,0.0879458968993276,0.45220439252066547,0.162358102889077,1.2338410200522452e-08,-0.5547330683379693,2.78522835924987,0.018096552153157742,128988.86355938508,0.03964181102708413,282559.4682646347,0.18045465504223476,1286247.2741160851,2.505917026162771,0.20199991391616115,1439817.8788213348,2.2386365605499727
8,case_0008_steps_0120_mesh_21x21,92,120,21,21,0.455,-1157342.86915354,-0.0679116677492857,3227488.19964392,-19.3177089095116,-93977147.9614011,-4.74986047297716,3227488.19964392,1157342.86915354,-0.0679116677492857,0.45280194674843155,0.162369952046906,-9.527698774298187e-09,-0.5554086119146148,2.78870530563207,0.018096552153157742,128988.86355938508,0.03964181102708413,282559.4682646347,0.18046650420006374,1286331.7327129252,2.509063655638051,0.20201176307399013,1439902.3374181748,2.241463268565135
8,case_0008_steps_0120_mesh_21x21,93,120,21,21,0.46,-1157621.93662119,0.140429965220392,3231544.65055024,-10.1792077422142,-94082689.0274073,-16.6552173346281,3231544.65055024,1157621.93662119,0.140429965220392,0.4533710484007548,0.16240910394609495,1.970168679179785e-08,-0.5560323637334565,2.791537157616686,0.018096552153157742,128988.86355938508,0.03964181102708413,282559.4682646347,0.1805056560992527,1286610.800180575,2.5116722555855233,0.2020509149731791,1440181.4048858248,2.2438455597240763
8,case_0008_steps_0120_mesh_21x21,94,120,21,21,0.465,-1158391.28591085,0.341231118305586,3234508.32489469,-0.447435617446899,-94154996.1497709,-0.819732837378979,3234508.32489469,1158391.28591085,0.341231118305586,0.4537868384609147,0.16251704015981247,4.7873177251882864e-08,-0.5564597016484144,2.7922415890338614,0.018096552153157742,128988.86355938508,0.03964181102708413,282559.4682646347,0.18061359231297022,1287380.149470235,2.5124733562388006,0.2021588511868966,1440950.7541754846,2.2447042798110632
8,case_0008_steps_0120_mesh_21x21,95,120,21,21,0.47,-1159855.26470874,0.213984139496461,3235695.96615616,1.68391460180283,-94176576.5502362,-4.5301087424159,3235695.96615616,1159855.26470874,0.213984139496461,0.4539534591398971,0.16272242974102183,3.0021003623801125e-08,-0.5565872426573404,2.7897411553058737,0.018096552153157742,128988.86355938508,0.03964181102708413,282559.4682646347,0.18081898189417958,1288844.128268125,2.5105409530818155,0.20236424076810597,1442414.7329733747,2.243249387425584
8,case_0008_steps_0120_mesh_21x21,96,120,21,21,0.475,-1162056.59445906,0.185151880956255,3234815.37611151,-0.43431156873703,-94139704.5734972,-3.12389420717955,3234815.37611151,1162056.59445906,0.185151880956255,0.45382991635311054,0.16303126631445694,2.5975968603192924e-08,-0.5563693278358823,2.7836986524888867,0.018096552153157742,128988.86355938508,0.03964181102708413,282559.4682646347,0.1811278184676147,1291045.4580184452,2.505578216491657,0.20267307734154108,1444616.0627236948,2.2392215202235493
8,case_0008_steps_0120_mesh_21x21,97,120,21,21,0.48,-1164931.0515339,-0.601018945220858,3231973.92684854,-40.8697350025177,-94048217.7598743,-71.7159580662847,3231973.92684854,1164931.0515339,-0.601018945220858,0.45343127391717486,0.16343453959659499,-8.432023034467428e-08,-0.5558286371970936,2.774390744064125,0.018096552153157742,128988.86355938508,0.03964181102708413,282559.4682646347,0.18153109174975274,1293919.915093285,2.497816046532935,0.20307635062367912,1447490.5197985347,2.2328118095712117
8,case_0008_steps_0120_mesh_21x21,98,120,21,21,0.485,-1168313.7413028,-1.01290861947928,3227429.71511827,-62.1637855768204,-93911185.570528,-121.910306230187,3227429.71511827,1168313.7413028,-1.01290861947928,0.45279374163490954,0.16390911561914184,-1.4210648231931121e-07,-0.5550187716103692,2.762468334506899,0.018096552153157742,128988.86355938508,0.03964181102708413,282559.4682646347,0.1820056677722996,1297302.604862185,2.487800227196126,0.20355092664622598,1450873.2095674346,2.2244739883786955
8,case_0008_steps_0120_mesh_21x21,99,120,21,21,0.49,-1171957.44204104,-1.06851206463762,3221862.83326151,-111.433610796928,-93748112.4856883,-137.581618271768,3221862.83326151,1171957.44204104,-1.06851206463762,0.45201273337519304,0.16442031029611257,-1.4990739332384835e-07,-0.5540550033150315,2.74912954829693,0.018096552153157742,128988.86355938508,0.03964181102708413,282559.4682646347,0.18251686244927032,1300946.305600425,2.4765532746369,0.2040621213231967,1454516.9103056747,2.21507416684789
8,case_0008_steps_0120_mesh_21x21,100,120,21,21,0.495,-1175580.73710393,-0.500425613194238,3216036.9891442,-66.506316781044,-93580893.039567,-128.529013872147,3216036.9891442,1175580.73710393,-0.500425613194238,0.45119539388559804,0.16492864214944097,-7.020744239502658e-08,-0.5530667298627077,2.735700652144897,0.018096552153157742,128988.86355938508,0.03964181102708413,282559.4682646347,0.18302519430259873,1304569.600663315,2.4652092057863295,0.2045704531765251,1458140.2053685647,2.2055745924180887
8,case_0008_steps_0120_mesh_21x21,101,120,21,21,0.5,-1178880.21030666,-0.307148828986101,3210802.0052175,-79.8973077833652,-93432637.347779,-141.740301825106,3210802.0052175,1178880.21030666,-0.307148828986101,0.4504609493991804,0.16539154326542502,-4.3091586739728954e-08,-0.5521905329385551,2.72360327804831,0.018096552153157742,128988.86355938508,0.03964181102708413,282559.4682646347,0.18348809541858277,1307869.073866045,2.4549873296769746,0.20503335429250916,1461439.6785712948,2.1970130223618836
8,case_0008_steps_0120_mesh_21x21,102,120,21,21,0.505,-1181609.40716715,-0.696242897538468,3206818.95374672,-116.585762888193,-93321284.4302403,-205.649819493294,3206818.95374672,1181609.40716715,-0.696242897538468,0.44990214535454676,0.16577443719874005,-9.767971868958928e-08,-0.5515324328503485,2.7139416242757495,0.018096552153157742,128988.86355938508,0.03964181102708413,282559.4682646347,0.1838709893518978,1310598.270726535,2.4468359415498147,0.2054162482258242,1464168.8754317847,2.190197461205441
8,case_0008_steps_0120_mesh_21x21,103,120,21,21,0.51,-1183617.82734061,-0.767891981115099,3204429.64160674,-176.424484819174,-93255659.6588898,-303.732201896608,3204429.64160674,1183617.82734061,-0.767891981115099,0.4495669357049834,0.16605620943404426,-1.0773175994254225e-07,-0.5511445878906571,2.7073178247125207,0.018096552153157742,128988.86355938508,0.03964181102708413,282559.4682646347,0.184152761587202,1312606.6908999952,2.4412717562864223,0.2056980204611284,1466177.2956052448,2.185567633063051
8,case_0008_steps_0120_mesh_21x21,104,120,21,21,0.515,-1184883.71129834,1.18163667747285,3203834.34390896,-237.497537106276,-93240419.0517758,-184.653703853488,3203834.34390896,1184883.71129834,1.18163667747285,0.4494834181396893,0.16623380720821457,1.6577826309886597e-07,-0.551054515307848,2.7039230207649227,0.018096552153157742,128988.86355938508,0.03964181102708413,282559.4682646347,0.18433035936137232,1313872.574857725,2.4384665645798207,0.2058756182352987,1467443.1795629747,2.1832765919175876
8,case_0008_steps_0120_mesh_21x21,105,120,21,21,0.52,-1185512.24925927,0.995589882368222,3204879.99212499,-197.486598014832,-93269914.1949305,-270.006558537483,3204879.99212499,1185512.24925927,0.995589882368222,0.449630117838819,0.16632198823157068,1.3967674210214278e-07,-0.5512288327549416,2.703371470119738,0.018096552153157742,128988.86355938508,0.03964181102708413,282559.4682646347,0.18441854038472844,1314501.112818655,2.4380960661591518,0.20596379925865482,1468071.7175239048,2.1830541068732257
8,case_0008_steps_0120_mesh_21x21,106,120,21,21,0.525,-1185715.17567283,0.234392590471543,3207101.89337071,-119.383351027966,-93330304.2340297,-429.760436136276,3207101.89337071,1185715.17567283,0.234392590471543,0.44994184049969677,0.16635045788643008,3.28842166737068e-08,-0.5515857402427421,2.704782699226946,0.018096552153157742,128988.86355938508,0.03964181102708413,282559.4682646347,0.18444701003958783,1314704.0392322151,2.4394097817206464,0.20599226891351421,1468274.6439374648,2.184265666245002
8,case_0008_steps_0120_mesh_21x21,107,120,21,21,0.53,-1185767.14293947,3.87093495490262,3209990.10442974,-248.596599638462,-93407132.3192294,-12.0016837380826,3209990.10442974,1185767.14293947,3.87093495490262,0.45034704340339554,0.16635774865809094,5.430746062866586e-07,-0.552039797224492,2.707099891866038,0.018096552153157742,128988.86355938508,0.03964181102708413,282559.4682646347,0.1844543008112487,1314756.006498855,2.441510127021835,0.20599955968517508,1468326.6112041047,2.186155368932107
8,case_0008_steps_0120_mesh_21x21,108,120,21,21,0.535,-1185951.28993104,2.4328806019621,3212839.89050953,-259.834519326687,-93480162.8849505,-239.843840733171,3212839.89050953,1185951.28993104,2.4328806019621,0.4507468554568952,0.16638358364527386,3.41322107047974e-07,-0.5524714107179252,2.7090825043044964,0.018096552153157742,128988.86355938508,0.03964181102708413,282559.4682646347,0.18448013579843162,1314940.153490425,2.4433354491314687,0.206025394672358,1468510.7581956747,2.187821827370929
8,case_0008_steps_0120_mesh_21x21,109,120,21,21,0.54,-1186477.60719743,3.44124752888456,3214916.57341819,-288.472102373838,-93530136.7599207,-118.343785755336,3214916.57341819,1186477.60719743,3.44124752888456,0.4510382046441437,0.16645742356910534,4.827914105136219e-07,-0.5527667582692318,2.7096310574391036,0.018096552153157742,128988.86355938508,0.03964181102708413,282559.4682646347,0.1845539757222631,1315466.470756815,2.4439365387766836,0.20609923459618948,1469037.0754620647,2.1884516239367096
8,case_0008_steps_0120_mesh_21x21,110,120,21,21,0.545,-1187495.56024468,5.06045019626617,3215788.54866369,-424.79920950532,-93545300.4214472,109.383561145514,3215788.54866369,1187495.56024468,5.06045019626617,0.45116053881370705,0.16660023776174718,7.099581961432442e-07,-0.5528563761006161,2.7080425867033022,0.018096552153157742,128988.86355938508,0.03964181102708413,282559.4682646347,0.18469678991490493,1316484.423804065,2.4427091506114946,0.20624204878883132,1470055.0285093146,2.1875293688322732
8,case_0008_steps_0120_mesh_21x21,111,120,21,21,0.55,-1189058.07059969,-0.77751498966245,3215234.00829408,-191.372443050146,-93520345.4284675,-392.08332118392,3215234.00829408,1189058.07059969,-0.77751498966245,0.4510827393165817,0.16681945087324399,-1.0908182436858665e-07,-0.5527088911182363,2.7040176487532754,0.018096552153157742,128988.86355938508,0.03964181102708413,282559.4682646347,0.18491600302640174,1318046.9341590751,2.4393926536048776,0.20646126190032812,1471617.5388643248,2.184829905449032
8,case_0008_steps_0120_mesh_21x21,112,120,21,21,0.555,-1191109.78039766,-5.43290583853377,3213187.63076799,-219.37238624692,-93454267.5780067,-798.103038109839,3213187.63076799,1191109.78039766,-5.43290583853377,0.4507956418369696,0.1671072964464009,-7.62212032397336e-07,-0.5523183684433216,2.697641882929754,0.018096552153157742,128988.86355938508,0.03964181102708413,282559.4682646347,0.18520384859955866,1320098.6439570452,2.434051156310819,0.20674910747348504,1473669.2486622948,2.180399457805557
8,case_0008_steps_0120_mesh_21x21,113,120,21,21,0.56,-1193540.79489086,-2.13557638425846,3209914.77411402,-107.263288974762,-93355495.2218903,-394.133778635412,3209914.77411402,1193540.79489086,-2.13557638425846,0.4503364749019798,0.1674483567468587,-2.996116745923015e-07,-0.5517346199640777,2.689405161394204,0.018096552153157742,128988.86355938508,0.03964181102708413,282559.4682646347,0.18554490890001646,1322529.6584502452,2.42710229869282,0.20709016777394285,1476100.2631554948,2.1745912891121018
8,case_0008_steps_0120_mesh_21x21,114,120,21,21,0.565,-1196156.23149772,-2.85286800510949,3205816.6216043,-221.6452691257,-93235788.3014541,-497.183153878897,3205816.6216043,1196156.23149772,-2.85286800510949,0.44976152270395847,0.16781529063288,-4.0024443363492714e-07,-0.5510271473927314,2.680098583435262,0.018096552153157742,128988.86355938508,0.03964181102708413,282559.4682646347,0.18591184278603776,1325145.095057105,2.419219324406246,0.20745710165996414,1478715.6997623546,2.167973615292993
8,case_0008_steps_0120_mesh_21x21,115,120,21,21,0.57,-1198746.80297106,-1.83039499266306,3201495.95053266,-122.431171923876,-93111916.9881371,-449.184627242386,3201495.95053266,1198746.80297106,-1.83039499266306,0.44915535216158,0.16817873605351663,-2.567961103894523e-07,-0.550295063096944,2.670702389026476,0.018096552153157742,128988.86355938508,0.03964181102708413,282559.4682646347,0.18627528820667438,1327735.666530445,2.4112449723510156,0.20782054708060077,1481306.2712356946,2.161265372799641
8,case_0008_steps_0120_mesh_21x21,116,120,21,21,0.575,-1201114.17611073,-1.15306507679634,3197537.32571059,-203.480620473623,-93000204.6233569,-395.226948779076,3197537.32571059,1201114.17611073,-1.15306507679634,0.44859997506490223,0.1685108677609047,-1.617697971935623e-07,-0.5496348386615125,2.662142691600212,0.018096552153157742,128988.86355938508,0.03964181102708413,282559.4682646347,0.18660741991406246,1330103.039670115,2.403977158418964,0.20815267878798885,1483673.6443753648,2.155148699872452
8,case_0008_steps_0120_mesh_21x21,117,120,21,21,0.58,-1203055.58756063,0.356589609989896,3194434.24658104,-22.522459924221,-92913806.5143123,-334.445898722857,3194434.24658104,1203055.58756063,0.356589609989896,0.44816462714606875,0.1687832389764064,5.002790393207411e-08,-0.5491242224653686,2.6552673705279233,0.018096552153157742,128988.86355938508,0.03964181102708413,282559.4682646347,0.18687979112956415,1332044.451120015,2.398143878678435,0.20842505000349054,1485615.0558252647,2.15024358702835
8,case_0008_steps_0120_mesh_21x21,118,120,21,21,0.585,-1204485.34722339,1.57278378756018,3192514.04517072,-110.18705162406,-92861005.3718859,-307.08127835393,3192514.04517072,1204485.34722339,1.57278378756018,0.4478952316028603,0.16898382776825743,2.2065442745853935e-07,-0.5488121656530615,2.6505212807529657,0.018096552153157742,128988.86355938508,0.03964181102708413,282559.4682646347,0.18708037992141519,1333474.210782775,2.3941325744100093,0.20862563879534157,1487044.8154880246,2.1468848900313655
8,case_0008_steps_0120_mesh_21x21,119,120,21,21,0.59,-1205382.36942703,1.32685209513875,3191890.51895183,16.2058648169041,-92844231.3942559,-433.986402586102,3191890.51895183,1205382.36942703,1.32685209513875,0.44780775370416703,0.16910967591237447,1.8615132715042795e-07,-0.5487130307906629,2.6480315291728322,0.018096552153157742,128988.86355938508,0.03964181102708413,282559.4682646347,0.18720622806553222,1334371.232986415,2.3920558537582965,0.2087514869394586,1487941.8376916647,2.145171563899033
8,case_0008_steps_0120_mesh_21x21,120,120,21,21,0.595,-1205828.49628613,3.01810292643495,3192469.73190331,-149.767119526863,-92860406.8301936,-242.416215520352,3192469.73190331,1205828.49628613,3.01810292643495,0.4478890146525544,0.16917226548600003,4.234261431932291e-07,-0.5488086282483018,2.6475321670833787,0.018096552153157742,128988.86355938508,0.03964181102708413,282559.4682646347,0.1872688176391578,1334817.359845515,2.391690300066812,0.20881407651308417,1488387.9645507648,2.144917728400795
9,case_0009_steps_0160_mesh_21x21,1,160,21,21,0.0,-34183.2613243375,-3.15834768116474e-06,9147140.42049128,-3.99351119995117e-06,-193947896.879793,-0.000410236418247223,9147140.42049128,34183.2613243375,-3.15834768116474e-06,1.2833022875301843,0.004795756426182461,-4.431018457937564e-13,-1.1462396393856116,267.59121470890136,0.018096552153157742,128988.86355938508,0.03964181102708413,282559.4682646347,0.0228923085793402,163172.12488372257,56.058229473996164,0.044437567453266595,316742.72958897223,28.87876994796773
9,case_0009_steps_0160_mesh_21x21,2,160,21,21,0.005,-434009.020355709,-3.4745316952467e-06,1625266.75662054,-1.25765800476074e-05,-41820558.6812941,-0.000451914966106415,1625266.75662054,434009.020355709,-3.4745316952467e-06,0.22801754982852682,0.060889495845446076,-4.874610279970687e-13,-0.2471611338557688,3.7447764456335246,0.018096552153157742,128988.86355938508,0.03964181102708413,282559.4682646347,0.07898604799860381,562997.8839150941,2.8868079313520956,0.1005313068725302,716568.4886203437,2.268124795369906
9,case_0009_steps_0160_mesh_21x21,3,160,21,21,0.01,-465390.67667281,-3.93157824873924e-06,1772396.33206223,-9.17911529541016e-06,-46743494.0587248,-0.00050760805606842,1772396.33206223,465390.67667281,-3.93157824873924e-06,0.2486591615288012,0.06529219980394273,-5.515825851878636e-13,-0.2762558740541749,3.808405326753682,0.018096552153157742,128988.86355938508,0.03964181102708413,282559.4682646347,0.08338875195710047,594379.540232195,2.9819268869346365,0.10493401083102685,747950.1449374447,2.369671754272426
9,case_0009_steps_0160_mesh_21x21,4,160,21,21,0.015,-495398.946391917,-4.02587465941906e-06,1895465.03903331,-2.15768814086914e-05,-50833776.5728167,-0.000515811145305634,1895465.03903331,495398.946391917,-4.02587465941906e-06,0.26592514258071187,0.06950222385573099,-5.6481194365056e-13,-0.3004296033359305,3.826138615833432,0.018096552153157742,128988.86355938508,0.03964181102708413,282559.4682646347,0.08759877600888873,624387.8099513021,3.0357175601828983,0.10914403488281513,777958.4146565518,2.4364606170756673
9,case_0009_steps_0160_mesh_21x21,5,160,21,21,0.02,-524557.449183153,-4.50923107564449e-06,1998244.15454852,-2.75969505310059e-05,-54249304.5470301,-0.000574313104152679,1998244.15454852,524557.449183153,-4.50923107564449e-06,0.2803445860338292,0.07359302946412884,-6.326246551778606e-13,-0.3206155069546757,3.8093904827015788,0.018096552153157742,128988.86355938508,0.03964181102708413,282559.4682646347,0.09168958161728658,653546.312742538,3.057540247091441,0.11323484049121296,807116.9174477877,2.4757802882725306
9,case_0009_steps_0160_mesh_21x21,6,160,21,21,0.025,-553657.868608492,-4.47861384600401e-06,2080907.34683602,-2.08616256713867e-05,-57028567.7052329,-0.000562712550163269,2080907.34683602,553657.868608492,-4.47861384600401e-06,0.29194185675238665,0.0776756862398974,-6.28329196812813e-13,-0.3370410606805332,3.7584715486225515,0.018096552153157742,128988.86355938508,0.03964181102708413,282559.4682646347,0.09577223839305514,682646.732167877,3.0482931343239503,0.11731749726698154,836217.3368731267,2.488476685519546
9,case_0009_steps_0160_mesh_21x21,7,160,21,21,0.03,-583428.06889356,-5.04555646330118e-06,2146186.16262006,-2.56896018981934e-05,-59267870.7958487,-0.000629864633083344,2146186.16262006,583428.06889356,-5.04555646330118e-06,0.30110017834492003,0.08185231023054645,-7.078686730021084e-13,-0.3502754293349837,3.678578863526719,0.018096552153157742,128988.86355938508,0.03964181102708413,282559.4682646347,0.09994886238370419,712416.932452945,3.0125423257845085,0.1214941212576306,865987.5371581947,2.478310680616648
9,case_0009_steps_0160_mesh_21x21,8,160,21,21,0.035,-614078.782558923,-4.97978180646896e-06,2198351.67172132,-3.1888484954834e-05,-61104575.2686895,-0.00062541663646698,2198351.67172132,614078.782558923,-4.97978180646896e-06,0.3084187625234089,0.08615246625232102,-6.986407871608449e-13,-0.3611304244469535,3.5799179749552423,0.018096552153157742,128988.86355938508,0.03964181102708413,282559.4682646347,0.10424901840547876,743067.6461183081,2.958481213931508,0.12579427727940515,896638.2508235577,2.451771012113464
9,case_0009_steps_0160_mesh_21x21,9,160,21,21,0.04,-644709.184983419,-5.10166864842176e-06,2242672.63898645,-3.74913215637207e-05,-62701058.8729538,-0.000637270510196686,2242672.63898645,644709.184983419,-5.10166864842176e-06,0.3146367930840283,0.09044977269918265,-7.157409579144778e-13,-0.37056570485100526,3.478580251720981,0.018096552153157742,128988.86355938508,0.03964181102708413,282559.4682646347,0.10854632485234039,773698.0485428041,2.8986406818659263,0.13009158372626678,927268.6532480537,2.4185791584033116
9,case_0009_steps_0160_mesh_21x21,10,160,21,21,0.045,-673188.735369929,-5.65533991903067e-06,2285282.31793272,-2.60472297668457e-05,-64239977.8771746,-0.000704586505889893,2285282.31793272,673188.735369929,-5.65533991903067e-06,0.32061473766003795,0.09444532436656117,-7.9341852439421e-13,-0.37966077622233857,3.3947126531713536,0.018096552153157742,128988.86355938508,0.03964181102708413,282559.4682646347,0.1125418765197189,802177.5989293141,2.8488483360579275,0.1340871353936453,955748.2036345637,2.3910924543118597
9,case_0009_steps_0160_mesh_21x21,11,160,21,21,0.05,-696700.849921562,-5.2496325224638e-06,2332181.69852515,-4.60147857666016e-05,-65892649.4339679,-0.000661149621009827,2332181.69852515,696700.849921562,-5.2496325224638e-06,0.3271945079085832,0.09774396733056213,-7.364996179219929e-13,-0.3894281296185742,3.3474649826933875,0.018096552153157742,128988.86355938508,0.03964181102708413,282559.4682646347,0.11584051948371987,825689.7134809471,2.8245255577826276,0.13738577835764626,979260.3181861967,2.381574802137248
9,case_0009_steps_0160_mesh_21x21,12,160,21,21,0.055,-712904.272076997,-5.72763383388519e-06,2387805.32567871,-4.45246696472168e-05,-67776557.598892,-0.000720269978046417,2387805.32567871,712904.272076997,-5.72763383388519e-06,0.33499825035545555,0.10001723392121213,-8.035610325489428e-13,-0.4005621003928827,3.3494052696893024,0.018096552153157742,128988.86355938508,0.03964181102708413,282559.4682646347,0.11811378607436987,841893.135636382,2.8362332754664665,0.13965904494829626,995463.7403416317,2.3986863899826654
9,case_0009_steps_0160_mesh_21x21,13,160,21,21,0.06,-721190.793292954,-5.44264912605286e-06,2453856.91291581,-4.04119491577148e-05,-69926298.1486104,-0.000688731670379639,2453856.91291581,721190.793292954,-5.44264912605286e-06,0.3442649882757003,0.10117979524018814,-7.635789714172401e-13,-0.41326715093544714,3.402507264009168,0.018096552153157742,128988.86355938508,0.03964181102708413,282559.4682646347,0.11927634739334587,850179.656852339,2.8862804386555685,0.14082160626727228,1003750.2615575887,2.444688690898063
9,case_0009_steps_0160_mesh_21x21,14,160,21,21,0.065,-723112.433145895,-5.94649463891983e-06,2529418.97256665,-4.49419021606445e-05,-72303447.9878623,-0.000756621360778809,2529418.97256665,723112.433145895,-5.94649463891983e-06,0.3548660023131788,0.10144939259036809,-8.342662102154475e-13,-0.4273161992538131,3.4979608379328124,0.018096552153157742,128988.86355938508,0.03964181102708413,282559.4682646347,0.11954594474352583,852101.2967052801,2.9684486836798123,0.14109120361745223,1005671.9014105297,2.5151532711801448
9,case_0009_steps_0160_mesh_21x21,15,160,21,21,0.07,-721726.82724735,-6.07233960181475e-06,2611015.35704119,-5.03659248352051e-05,-74805747.8482616,-0.000769495964050293,2611015.35704119,721726.82724735,-6.07233960181475e-06,0.36631360473718816,0.10125499837124854,-8.51921687373688e-13,-0.4421048890811457,3.6177335502402537,0.018096552153157742,128988.86355938508,0.03964181102708413,282559.4682646347,0.11935155052440628,850715.6908067351,3.0691985410133436,0.14089680939833268,1004286.2955119847,2.599871539330421
9,case_0009_steps_0160_mesh_21x21,16,160,21,21,0.075,-720382.888860202,-6.0034217312932e-06,2693700.42446341,-5.26905059814453e-05,-77298139.5890872,-0.000764913856983185,2693700.42446341,720382.888860202,-6.0034217312932e-06,0.3779139444378684,0.10106644991487382,-8.422528229170008e-13,-0.456835021535133,3.739262087034595,0.018096552153157742,128988.86355938508,0.03964181102708413,282559.4682646347,0.11916300206803156,849371.7524195871,3.171403354055422,0.14070826094195796,1002942.3571248368,2.6857978480293894
9,case_0009_steps_0160_mesh_21x21,17,160,21,21,0.08,-721489.024544755,-6.40528742223978e-06,2771308.67586082,-5.06043434143066e-05,-79616526.8497279,-0.000817753374576569,2771308.67586082,721489.024544755,-6.40528742223978e-06,0.3888020298909356,0.10122163573132041,-8.986327555259227e-13,-0.4705367807206942,3.8410960965199155,0.018096552153157742,128988.86355938508,0.03964181102708413,282559.4682646347,0.11931818788447815,850477.8881041401,3.2585311324654644,0.14086344675840454,1004048.4928093897,2.7601342920266
9,case_0009_steps_0160_mesh_21x21,18,160,21,21,0.085,-726147.978937101,-6.06593675911427e-06,2838403.5379781,-5.86509704589844e-05,-81617721.6077677,-0.000765077769756317,2838403.5379781,726147.978937101,-6.06593675911427e-06,0.3982151345420615,0.10187526588832584,-8.510233976015297e-13,-0.48236391983743143,3.9088500144733764,0.018096552153157742,128988.86355938508,0.03964181102708413,282559.4682646347,0.11997181804148357,855136.842496486,3.319238976643395,0.14151707691540996,1008707.4472017357,2.813901638034041
9,case_0009_steps_0160_mesh_21x21,19,160,21,21,0.09,-734480.915631762,-6.55790790915489e-06,2891446.58417402,-4.78625297546387e-05,-83210053.1663357,-0.000828057527542114,2891446.58417402,734480.915631762,-6.55790790915489e-06,0.4056568331923089,0.10304433908831158,-9.200447171859156e-13,-0.49177466148938426,3.9367211899399037,0.018096552153157742,128988.86355938508,0.03964181102708413,282559.4682646347,0.12114089124146932,863469.7791911471,3.3486366910056478,0.1426861501153957,1017040.3838963967,2.843000759809125
9,case_0009_steps_0160_mesh_21x21,20,160,21,21,0.095,-746084.776962946,-6.64882827550173e-06,2929199.53968522,-6.63995742797852e-05,-84363313.2860223,-0.000830568373203278,2929199.53968522,746084.776962946,-6.64882827550173e-06,0.4109534015121758,0.10467230817000757,-9.32800431950565e-13,-0.4985904738027639,3.926094768491299,0.018096552153157742,128988.86355938508,0.03964181102708413,282559.4682646347,0.12276886032316531,875073.6405223311,3.347374899713334,0.1443141191970917,1028644.2452275808,2.8476312906773265
9,case_0009_steps_0160_mesh_21x21,21,160,21,21,0.1,-760456.199348334,-6.75336923450232e-06,2952725.4931393,-7.45654106140137e-05,-85110399.2084904,-0.000850789248943329,2952725.4931393,760456.199348334,-6.75336923450232e-06,0.41425398601138347,0.10668855350728428,-9.474670540487148e-13,-0.5030057807596146,3.882834403440476,0.018096552153157742,128988.86355938508,0.03964181102708413,282559.4682646347,0.12478510566044201,889445.062907719,3.319739033107263,0.1463303645343684,1043015.6676129687,2.8309502769952313
9,case_0009_steps_0160_mesh_21x21,22,160,21,21,0.105,-777136.982470943,-7.32194166630507e-06,2964578.22109366,-6.33001327514648e-05,-85526118.7917244,-0.000902026891708374,2964578.22109366,777136.982470943,-7.32194166630507e-06,0.41591686995085253,0.10902879167516946,-1.0272351858163783e-12,-0.5054626997200042,3.814743459599164,0.018096552153157742,128988.86355938508,0.03964181102708413,282559.4682646347,0.12712534382832721,906125.8460303281,3.2717069423427922,0.1486706027022536,1059696.4507355778,2.7975730399359433
9,case_0009_steps_0160_mesh_21x21,23,160,21,21,0.11,-795586.539716024,-6.97746872901917e-06,2968183.86913008,-6.03795051574707e-05,-85710343.6952506,-0.000866703689098358,2968183.86913008,795586.539716024,-6.97746872901917e-06,0.41642272600645663,0.11161718082501701,-9.789071960742579e-13,-0.5065514760892299,3.7308120750629357,0.018096552153157742,128988.86355938508,0.03964181102708413,282559.4682646347,0.12971373297817476,924575.403275409,3.210321038841143,0.15125899185210115,1078146.0079806587,2.753044436615238
9,case_0009_steps_0160_mesh_21x21,24,160,21,21,0.115,-814950.108052923,-7.33323395252228e-06,2967096.21043172,-7.49826431274414e-05,-85767647.0798665,-0.000909395515918732,2967096.21043172,814950.108052923,-7.33323395252228e-06,0.41627013242731675,0.11433380158289042,-1.028819442323639e-12,-0.5068901413285771,3.6408317283627336,0.018096552153157742,128988.86355938508,0.03964181102708413,282559.4682646347,0.13243035373604817,943938.971612308,3.1433136035942346,0.15397561260997455,1097509.5763175576,2.7034809303324105
9,case_0009_steps_0160_mesh_21x21,25,160,21,21,0.12,-833903.753963096,-6.60447403788567e-06,2965346.19422163,-6.65187835693359e-05,-85813981.572814,-0.000819794833660126,2965346.19422163,833903.753963096,-6.60447403788567e-06,0.41602461309533056,0.11699291208468982,-9.265777337107048e-13,-0.5071639799901028,3.5559813469227533,0.018096552153157742,128988.86355938508,0.03964181102708413,282559.4682646347,0.13508946423784757,962892.617522481,3.079622940563668,0.15663472311177395,1116463.2222277308,2.6560178026327974
9,case_0009_steps_0160_mesh_21x21,26,160,21,21,0.125,-850718.49299895,-7.28829763829708e-06,2966922.84856485,-6.41345977783203e-05,-85962555.6990381,-0.000907294452190399,2966922.84856485,850718.49299895,-7.28829763829708e-06,0.41624581054418197,0.11935194365925654,-1.0225150813772182e-12,-0.5080420588741996,3.487549492554069,0.018096552153157742,128988.86355938508,0.03964181102708413,282559.4682646347,0.13744849581241428,979707.356558335,3.0283766154288236,0.15899375468634067,1133277.9612635847,2.618001011205392
9,case_0009_steps_0160_mesh_21x21,27,160,21,21,0.13,-863799.436520089,-7.20587559044361e-06,2975075.56267487,-6.74724578857422e-05,-86300508.5025718,-0.000896424055099487,2975075.56267487,863799.436520089,-7.20587559044361e-06,0.41738959933346637,0.12118714066860008,-1.010951642128343e-12,-0.5100393731317082,3.444174002544258,0.018096552153157742,128988.86355938508,0.03964181102708413,282559.4682646347,0.13928369282175782,992788.3000794741,2.996686768404413,0.1608289516956842,1146358.9047847237,2.595239196256397
9,case_0009_steps_0160_mesh_21x21,28,160,21,21,0.135,-872291.897067752,-7.36897345632315e-06,2991683.415077,-7.74860382080078e-05,-86872299.7947432,-0.000925280153751373,2991683.415077,872291.897067752,-7.36897345632315e-06,0.4197196056522578,0.1223785943411775,-1.0338335325064141e-12,-0.513418681982624,3.4296815379504,0.018096552153157742,128988.86355938508,0.03964181102708413,282559.4682646347,0.14047514649433523,1001280.760627137,2.987856685874204,0.16202040536826162,1154851.3653323867,2.5905354618652074
9,case_0009_steps_0160_mesh_21x21,29,160,21,21,0.14,-876359.189546358,-7.36652873456478e-06,3016778.23537116,-7.62343406677246e-05,-87671355.0063757,-0.00091949850320816,3016778.23537116,876359.189546358,-7.36652873456478e-06,0.42324029504896926,0.12294921701688898,-1.0334905491388622e-12,-0.5181411294665402,3.4423992711627487,0.018096552153157742,128988.86355938508,0.03964181102708413,282559.4682646347,0.14104576917004671,1005348.053105743,3.000730171060324,0.1625910280439731,1158918.6578109926,2.603097478013996
9,case_0009_steps_0160_mesh_21x21,30,160,21,21,0.145,-877247.912630584,-7.47374724596739e-06,3048872.0547937,-7.48634338378906e-05,-88648843.6128135,-0.000942572951316833,3048872.0547937,877247.912630584,-7.47374724596739e-06,0.4277429122590716,0.123073900832217,-1.0485328196871873e-12,-0.5239181252771277,3.475496505487388,0.018096552153157742,128988.86355938508,0.03964181102708413,282559.4682646347,0.14117045298537476,1006236.776189969,3.0299747802281662,0.16271571185930114,1159807.3808952188,2.628774488777931
9,case_0009_steps_0160_mesh_21x21,31,160,21,21,0.15,-876806.727083718,-7.14766792953014e-06,3084916.77735332,-7.33733177185059e-05,-89717024.1089812,-0.000905714929103851,3084916.77735332,876806.727083718,-7.14766792953014e-06,0.4327998232484916,0.12301200450227219,-1.0027853714723576e-12,-0.5302311136952742,3.518354367117863,0.018096552153157742,128988.86355938508,0.03964181102708413,282559.4682646347,0.14110855665542993,1005795.5906431031,3.0671408843429426,0.16265381552935632,1159366.1953483527,2.6608648671409645
9,case_0009_steps_0160_mesh_21x21,32,160,21,21,0.155,-876815.108606115,-7.74371437728405e-06,3121174.93702301,-7.02738761901855e-05,-90773076.3441879,-0.000976912677288055,3121174.93702301,876815.108606115,-7.74371437728405e-06,0.43788667849578966,0.12301318039182571,-1.0864079829896463e-12,-0.5364724236178352,3.5596728505109643,0.018096552153157742,128988.86355938508,0.03964181102708413,282559.4682646347,0.14110973254498346,1005803.9721655,3.103164258044346,0.16265499141890985,1159374.5768707497,2.6921195265876245
9,case_0009_steps_0160_mesh_21x21,33,160,21,21,0.16,-878614.748216628,-7.88294710218906e-06,3153815.29292849,-5.26309013366699e-05,-91713647.2838824,-0.000986337661743164,3153815.29292849,878614.748216628,-7.88294710218906e-06,0.4424659722940423,0.12326566166168,-1.1059417023987624e-12,-0.542031234577256,3.5895314747788607,0.018096552153157742,128988.86355938508,0.03964181102708413,282559.4682646347,0.14136221381483774,1007603.611776013,3.1300158674198686,0.16290747268876413,1161174.2164812628,2.7160569431911608
9,case_0009_steps_0160_mesh_21x21,34,160,21,21,0.165,-882893.836973831,-8.11670906841755e-06,3179600.21265879,-4.20212745666504e-05,-92452457.7601058,-0.00101941078901291,3179600.21265879,882893.836973831,-8.11670906841755e-06,0.4460834795096907,0.12386599839406051,-1.1387374453531998e-12,-0.5463976333238508,3.601339231857197,0.018096552153157742,128988.86355938508,0.03964181102708413,282559.4682646347,0.14196255054721826,1011882.7005332161,3.142261658375309,0.16350780942114465,1165453.3052384658,2.728209013923733
9,case_0009_steps_0160_mesh_21x21,35,160,21,21,0.17,-889783.285280249,-7.27095175534487e-06,3196681.2125957,-2.0146369934082e-05,-92941975.7149251,-0.000901669263839722,3196681.2125957,889783.285280249,-7.27095175534487e-06,0.44847986628027464,0.12483255672431649,-1.020081532721735e-12,-0.5492907035402946,3.59265145286345,0.018096552153157742,128988.86355938508,0.03964181102708413,282559.4682646347,0.14292910887747423,1018772.148839634,3.137778370008123,0.16447436775140062,1172342.7535448838,2.726746254821554
9,case_0009_steps_0160_mesh_21x21,36,160,21,21,0.175,-899110.78794295,-7.53335189074278e-06,3204611.70355716,1.34706497192383e-05,-93172779.6380312,-0.000922635197639465,3204611.70355716,899110.78794295,-7.53335189074278e-06,0.4495924781703557,0.12614116301587108,-1.056895080838916e-12,-0.5506547637329859,3.5642011491029932,0.018096552153157742,128988.86355938508,0.03964181102708413,282559.4682646347,0.14423771516902884,1028099.6515023351,3.1170244040782866,0.16578297404295522,1181670.2562075849,2.711933965268737
9,case_0009_steps_0160_mesh_21x21,37,160,21,21,0.18,-910471.580750106,-7.24068377166986e-06,3204433.03296491,6.02602958679199e-05,-93177337.527725,-0.000869162380695343,3204433.03296491,910471.580750106,-7.24068377166986e-06,0.44956741149714324,0.12773503068679032,-1.0158350719806218e-12,-0.5506817010389482,3.5195310877522266,0.018096552153157742,128988.86355938508,0.03964181102708413,282559.4682646347,0.14583158283994807,1039460.4443094911,3.082784968401179,0.16737684171387446,1193031.0490147406,2.6859594606622155
9,case_0009_steps_0160_mesh_21x21,38,160,21,21,0.185,-923370.899801219,-7.18398950994015e-06,3198141.96197944,0.000123679637908936,-93013843.3169419,-0.000830970704555511,3198141.96197944,923370.899801219,-7.18398950994015e-06,0.4486848027893352,0.12954474660727533,-1.007881124361693e-12,-0.5497154438728507,3.46355073856879,0.018096552153157742,128988.86355938508,0.03964181102708413,282559.4682646347,0.14764129876043308,1052359.7633606042,3.039019614135092,0.16918655763435947,1205930.3680658536,2.6520121282863287
9,case_0009_steps_0160_mesh_21x21,39,160,21,21,0.19,-937054.60757981,-6.83299731463194e-06,3188262.55293899,0.000245869159698486,-92756325.293988,-0.000717818737030029,3188262.55293899,937054.60757981,-6.83299731463194e-06,0.4472987665377593,0.13146450870634863,-9.58638512306102e-13,-0.5481935023075398,3.4024298340237786,0.018096552153157742,128988.86355938508,0.03964181102708413,282559.4682646347,0.14956106085950638,1066043.4711391951,2.9907434727140623,0.17110631973343277,1219614.0758444448,2.6141569010110666
9,case_0009_steps_0160_mesh_21x21,40,160,21,21,0.195,-950543.643165251,-7.75931403040886e-06,3177743.61113549,0.00036543607711792,-92489071.5819157,-0.000709012150764465,3177743.61113549,950543.643165251,-7.75931403040886e-06,0.44582300674198877,0.133356959180225,-1.0885965435254504e-12,-0.5466140224396036,3.343080177311798,0.018096552153157742,128988.86355938508,0.03964181102708413,282559.4682646347,0.15145351133338275,1079532.506724636,2.9436293871103034,0.17299877020730914,1233103.1114298857,2.577029918812411
9,case_0009_steps_0160_mesh_21x21,41,160,21,21,0.2,-962706.600249804,-8.3948252722621e-06,3169496.88979983,0.0005531907081604,-92293827.6455633,-0.000543802976608276,3169496.88979983,962706.600249804,-8.3948252722621e-06,0.44466602916559034,0.13506336685871342,-1.1777558865474972e-12,-0.5454601231563568,3.2922770956150154,0.018096552153157742,128988.86355938508,0.03964181102708413,282559.4682646347,0.15315991901187118,1091695.4638091892,2.903279343802245,0.17470517788579756,1245266.0685144388,2.5452366927342163
9,case_0009_steps_0160_mesh_21x21,42,160,21,21,0.205,-972477.826877779,-1.00898323580623e-05,3165908.46850486,0.000809788703918457,-92234798.5283077,-0.000424176454544067,3165908.46850486,972477.826877779,-1.00898323580623e-05,0.4441625899436297,0.1364342256087951,-1.4155576880497901e-12,-0.5451112587697621,3.255507098469559,0.018096552153157742,128988.86355938508,0.03964181102708413,282559.4682646347,0.15453077776195284,1101466.6904371642,2.8742661906991795,0.17607603663587923,1255037.2951424136,2.5225612663132955
9,case_0009_steps_0160_mesh_21x21,43,160,21,21,0.21,-979210.501339645,-1.21364137157798e-05,3168445.97764443,0.00114864110946655,-92348781.1950556,-0.000301286578178406,3168445.97764443,979210.501339645,-1.21364137157798e-05,0.44451859095965696,0.13737878928016428,-1.7026837643142277e-12,-0.5457849007784212,3.235714867548623,0.018096552153157742,128988.86355938508,0.03964181102708413,282559.4682646347,0.15547534143332203,1108199.3648990302,2.859093839972659,0.17702060030724842,1261769.9696042798,2.5111122106021653
9,case_0009_steps_0160_mesh_21x21,44,160,21,21,0.215,-982919.036414937,-1.34890433400869e-05,3177496.76654816,0.00163006782531738,-92641120.5542734,-3.27229499816895e-05,3177496.76654816,982919.036414937,-1.34890433400869e-05,0.4457883755666681,0.13789907992037867,-1.892451561818004e-12,-0.547512637799956,3.2327146477268824,0.018096552153157742,128988.86355938508,0.03964181102708413,282559.4682646347,0.15599563207353642,1111907.8999743222,2.85769780628552,0.1775408909474628,1265478.5046795718,2.510905364886245
9,case_0009_steps_0160_mesh_21x21,45,160,21,21,0.22,-984247.289402957,-1.46215315908194e-05,3192150.832546,0.00226163864135742,-93081612.1857351,0.000301435589790344,3192150.832546,984247.289402957,-1.46215315908194e-05,0.4478442745200195,0.1380854277864425,-2.051334523700863e-12,-0.5501159605321019,3.243240664124515,0.018096552153157742,128988.86355938508,0.03964181102708413,282559.4682646347,0.15618197993960026,1113236.1529623421,2.867451640024111,0.17772723881352664,1266806.7576675918,2.519840388618779
9,case_0009_steps_0160_mesh_21x21,46,160,21,21,0.225,-984307.883800455,-1.40861375257373e-05,3210491.01488107,0.00313925743103027,-93613804.1635514,0.000894390046596527,3210491.01488107,984307.883800455,-1.40861375257373e-05,0.4504173188663806,0.1380939289054093,-1.976221166207107e-12,-0.5532612358898138,3.2616735756349184,0.018096552153157742,128988.86355938508,0.03964181102708413,282559.4682646347,0.15619048105856706,1113296.7473598402,2.8837693296910114,0.17773573993249345,1266867.3520650896,2.5341966620638905
9,case_0009_steps_0160_mesh_21x21,47,160,21,21,0.23,-984301.873371955,-1.16601586341858e-05,3229947.88664584,0.0043371319770813,-94166168.1929486,0.00169172137975693,3229947.88664584,984301.873371955,-1.16601586341858e-05,0.4531470296717352,0.13809308566956854,-1.6358673378069553e-12,-0.5565257288595841,3.2814606717966535,0.018096552153157742,128988.86355938508,0.03964181102708413,282559.4682646347,0.1561896378227263,1113290.73693134,2.90126179936503,0.17773489669665268,1266861.3416365897,2.5495670129717944
9,case_0009_steps_0160_mesh_21x21,48,160,21,21,0.235,-985265.353351084,-7.82508868724108e-06,3247833.13157447,0.00595492124557495,-94665272.7801394,0.00288531929254532,3247833.13157447,985265.353351084,-7.82508868724108e-06,0.4556562483646648,0.1382282575379741,-1.0978244293667141e-12,-0.5594754564474623,3.296404486900855,0.018096552153157742,128988.86355938508,0.03964181102708413,282559.4682646347,0.15632480969113186,1114254.216910469,2.91480443356979,0.17787006856505824,1267824.8216157188,2.5617365082310224
9,case_0009_steps_0160_mesh_21x21,49,160,21,21,0.24,-987844.947434154,-1.38790346682072e-06,3261829.37179711,0.00823056697845459,-95048570.9671311,0.00445232540369034,3261829.37179711,987844.947434154,-1.38790346682072e-06,0.4576198573472381,0.1385901628805757,-1.9471655752131143e-13,-0.5617407636908135,3.3019649290806656,0.018096552153157742,128988.86355938508,0.03964181102708413,282559.4682646347,0.15668671503373346,1116833.8109935392,2.9206040681158956,0.17823197390765985,1270404.4156987886,2.567551979109687
9,case_0009_steps_0160_mesh_21x21,50,160,21,21,0.245,-992336.151658097,7.75873195379972e-06,3270369.49391919,0.0112403035163879,-95275129.7634573,0.00670768320560455,3270369.49391919,992336.151658097,7.75873195379972e-06,0.4588179977223985,0.13922025845027308,1.0885148808188898e-12,-0.5630797350185693,3.295626676962964,0.018096552153157742,128988.86355938508,0.03964181102708413,282559.4682646347,0.15731681060343083,1121325.015217482,2.916522372672564,0.17886206947735722,1274895.6199227318,2.565205686499573
9,case_0009_steps_0160_mesh_21x21,51,160,21,21,0.25,-998711.950516981,1.66806858032942e-05,3272814.98541852,0.0152000784873962,-95330044.8205767,0.00960827618837357,3272814.98541852,998711.950516981,1.66806858032942e-05,0.45916108908111375,0.14011475409419136,2.3402245144269916e-12,-0.5634042851492077,3.2770359699053913,0.018096552153157742,128988.86355938508,0.03964181102708413,282559.4682646347,0.1582113062473491,1127700.8140763661,2.9022014922451675,0.1797565651212755,1281271.4187816158,2.5543494824310518
9,case_0009_steps_0160_mesh_21x21,52,160,21,21,0.255,-1006709.06040357,3.82188009098172e-05,3269560.80508859,0.021049439907074,-95226718.667496,0.014451265335083,3269560.80508859,1006709.06040357,3.82188009098172e-05,0.458704542349626,0.141236712317124,5.36192431509594e-12,-0.5627936235521926,3.247771311184869,0.018096552153157742,128988.86355938508,0.03964181102708413,282559.4682646347,0.15933326447028176,1135697.9239629551,2.8789000456033573,0.18087852334420815,1289268.5286682048,2.535981242376247
9,case_0009_steps_0160_mesh_21x21,53,160,21,21,0.26,-1015925.69316778,8.44947062432766e-05,3261800.55193848,0.0298975706100464,-95000676.6714941,0.0230263248085976,3261800.55193848,1015925.69316778,8.44947062432766e-05,0.45761581405186863,0.14252976406509324,1.1854223814393356e-11,-0.5614577065345216,3.210668431632819,0.018096552153157742,128988.86355938508,0.03964181102708413,282559.4682646347,0.160626316218251,1144914.5567271651,2.8489467032916522,0.18217157509217738,1298485.1614324148,2.512004487090363
9,case_0009_steps_0160_mesh_21x21,54,160,21,21,0.265,-1025776.82589725,0.000170759740285575,3251315.84046447,0.0436027646064758,-94705622.9228323,0.0379480123519897,3251315.84046447,1025776.82589725,0.000170759740285575,0.4561448566159743,0.1439118332785681,2.3956816584517794e-11,-0.5597139273654436,3.1696132710158804,0.018096552153157742,128988.86355938508,0.03964181102708413,282559.4682646347,0.16200838543172585,1154765.6894566352,2.815563252484881,0.18355364430565224,1308336.2941618846,2.485076547194046
9,case_0009_steps_0160_mesh_21x21,55,160,21,21,0.27,-1035523.88249086,0.000294046360068023,3240117.90480364,0.0635896325111389,-94398309.856907,0.0617012828588486,3240117.90480364,1035523.88249086,0.000294046360068023,0.4545738370635723,0.14527930108252185,4.125336981488595e-11,-0.5578976951529179,3.1289649225760265,0.018096552153157742,128988.86355938508,0.03964181102708413,282559.4682646347,0.1633758532356796,1164512.7460502451,2.782380799002297,0.184921112109606,1318083.3507554946,2.458204105944044
9,case_0009_steps_0160_mesh_21x21,56,160,21,21,0.275,-1044354.20681085,0.000513353385031223,3230566.60122286,0.0948677659034729,-94143213.6066388,0.102252669632435,3230566.60122286,1044354.20681085,0.000513353385031223,0.4532338325189113,0.14651815550899278,7.202115011223904e-11,-0.5563900663586894,3.093362941571384,0.018096552153157742,128988.86355938508,0.03964181102708413,282559.4682646347,0.16461470766215053,1173343.070370235,2.753300959286777,0.18615996653607692,1326913.6750754847,2.434647152942396
9,case_0009_steps_0160_mesh_21x21,57,160,21,21,0.28,-1051563.39900334,0.000898978556506336,3224287.51942219,0.145269691944122,-93984697.3141142,0.172873541712761,3224287.51942219,1051563.39900334,0.000898978556506336,0.45235290583931886,0.14752957245533613,1.2612261154543448e-10,-0.555453228883763,3.066184618519562,0.018096552153157742,128988.86355938508,0.03964181102708413,282559.4682646347,0.16562612460849388,1180552.262562725,2.731168811131627,0.18717138348242027,1334122.8672679747,2.4167845395116467
9,case_0009_steps_0160_mesh_21x21,58,160,21,21,0.285,-1056684.65400089,0.00169199809897691,3222303.52335384,0.231268405914307,-93948861.2509626,0.30352994799614,3222303.52335384,1056684.65400089,0.00169199809897691,0.4520745601951151,0.14824806128914242,2.3737965430699834e-10,-0.5552414363520329,3.0494466926848416,0.018096552153157742,128988.86355938508,0.03964181102708413,282559.4682646347,0.16634461344230017,1185673.517560275,2.717698823183871,0.18788987231622656,1339244.1222655247,2.4060613519086043
9,case_0009_steps_0160_mesh_21x21,59,160,21,21,0.29,-1059681.41141837,0.00259535596705973,3225006.9445177,0.353112399578094,-94042398.06975,0.488302230834961,3225006.9445177,1059681.41141837,0.00259535596705973,0.4524538379151736,0.14866849275430394,3.641166633915063e-10,-0.5557942426013454,3.043374083726796,0.018096552153157742,128988.86355938508,0.03964181102708413,282559.4682646347,0.1667650449074617,1188670.274977755,2.713121554737333,0.18831030378138808,1342240.8796830047,2.4027035633718334
9,case_0009_steps_0160_mesh_21x21,60,160,21,21,0.295,-1060959.8079249,0.00256206351332366,3231906.77470728,0.471141040325165,-94249026.0217029,0.640977583825588,3231906.77470728,1060959.8079249,0.00256206351332366,0.45342185277652,0.14884784598228382,3.5944588322710856e-10,-0.5570154218610528,3.046210375328422,0.018096552153157742,128988.86355938508,0.03964181102708413,282559.4682646347,0.16694439813544157,1189948.671484285,2.716005195985432,0.18848965700936796,1343519.2761895347,2.4055529622720084
9,case_0009_steps_0160_mesh_21x21,61,160,21,21,0.3,-1061229.26934302,-0.000167170539498329,3241868.25792245,0.492882966995239,-94532785.7221355,0.580500654876232,3241868.25792245,1061229.26934302,-0.000167170539498329,0.4548194036623229,0.1488856501963199,-2.3453268003328465e-11,-0.5586924527643454,3.0548236385615413,0.018096552153157742,128988.86355938508,0.03964181102708413,282559.4682646347,0.16698220234947767,1190218.132902405,2.723759761596806,0.18852746122340405,1343788.7376076546,2.4124835751294835
9,case_0009_steps_0160_mesh_21x21,62,160,21,21,0.305,-1061314.40770289,-0.00367984711192548,3253110.11360421,0.426579058170319,-94844812.2446032,0.40569768846035,3253110.11360421,1061314.40770289,-0.00367984711192548,0.4563965849943344,0.148897594721817,-5.162658491517592e-10,-0.5605365416889797,3.065170971008718,0.018096552153157742,128988.86355938508,0.03964181102708413,282559.4682646347,0.16699414687497474,1190303.271262275,2.7330094709009747,0.18853940574890113,1343873.8759675247,2.420695998173286
9,case_0009_steps_0160_mesh_21x21,63,160,21,21,0.31,-1061954.13706103,-0.00576107681263238,3263573.51861263,0.35322642326355,-95129152.5630679,0.29635975509882,3263573.51861263,1061954.13706103,-0.00576107681263238,0.4578645532298039,0.14898734584741052,-8.082529306892566e-10,-0.5622170040675006,3.0731774609820786,0.018096552153157742,128988.86355938508,0.03964181102708413,282559.4682646347,0.16708389800056828,1190943.000620415,2.740327217098123,0.18862915687449466,1344513.6053256646,2.4273265110040563
9,case_0009_steps_0160_mesh_21x21,64,160,21,21,0.315,-1063674.44053641,-0.00736857042647898,3271477.09378469,0.375126004219055,-95336710.011963,0.218086332082748,3271477.09378469,1063674.44053641,-0.00736857042647898,0.4589733889567869,0.14922869661756552,-1.0337769892483914e-09,-0.5634436766904102,3.0756375908918963,0.018096552153157742,128988.86355938508,0.03964181102708413,282559.4682646347,0.16732524877072327,1192663.3040957951,2.743001384003279,0.18887050764464966,1346233.9088010448,2.4300955966101503
9,case_0009_steps_0160_mesh_21x21,65,160,21,21,0.32,-1066744.15501532,-0.0123601377708837,3275672.41389453,0.641513347625732,-95438192.6498203,-0.16777965426445,3275672.41389453,1066744.15501532,-0.0123601377708837,0.45956197332811877,0.14965936362733667,-1.7340712338940316e-09,-0.5640434430405117,3.070719814581488,0.018096552153157742,128988.86355938508,0.03964181102708413,282559.4682646347,0.16775591578049442,1195733.018574705,2.7394680610217486,0.1893011746544208,1349303.6232799548,2.427676289738155
9,case_0009_steps_0160_mesh_21x21,66,160,21,21,0.325,-1071207.87077886,-0.00356097857002169,3275522.27172011,0.521197497844696,-95417620.8402944,0.43400726467371,3275522.27172011,1071207.87077886,-0.00356097857002169,0.4595409090624542,0.15028560269079336,-4.995891321967221e-10,-0.5639218628433977,3.057783984856762,0.018096552153157742,128988.86355938508,0.03964181102708413,282559.4682646347,0.1683821548439511,1200196.7343382451,2.7291544611026968,0.1899274137178775,1353767.3390434948,2.419560715679869
9,case_0009_steps_0160_mesh_21x21,67,160,21,21,0.33,-1076893.81108496,0.000105343060567975,3271098.14889422,0.717862844467163,-95279845.8724795,0.74217750877142,3271098.14889422,1076893.81108496,0.000105343060567975,0.4589202247084609,0.1510833143106163,1.477915330778888e-11,-0.5631076074069369,3.037530827295424,0.018096552153157742,128988.86355938508,0.03964181102708413,282559.4682646347,0.16917986646377406,1205882.674644345,2.712617253464543,0.19072512533770045,1359453.2793495946,2.4061865152579696
9,case_0009_steps_0160_mesh_21x21,68,160,21,21,0.335,-1083510.18821447,0.0384518635692075,3263673.16954199,21.2276687026024,-95060316.5294471,6.20646894723177,3263673.16954199,1083510.18821447,0.0384518635692075,0.4578785338029364,0.15201156199406082,5.39462194847472e-09,-0.5618101804224722,3.0121296551167998,0.018096552153157742,128988.86355938508,0.03964181102708413,282559.4682646347,0.17010811414721858,1212499.051773855,2.691691317009543,0.19165337302114496,1366069.6564791047,2.3890971840731394
9,case_0009_steps_0160_mesh_21x21,69,160,21,21,0.34,-1090607.56841246,-0.0018107914365828,3254703.10946971,0.972751200199127,-94800350.8338248,0.494881294667721,3254703.10946971,1090607.56841246,-0.0018107914365828,0.4566200750845972,0.15300729222502438,-2.5404582044034785e-10,-0.5602737730161707,2.9843026985475722,0.018096552153157742,128988.86355938508,0.03964181102708413,282559.4682646347,0.17110384437818213,1219596.431971845,2.66867221332183,0.19264910325210852,1373167.0366770946,2.370216457675619
9,case_0009_steps_0160_mesh_21x21,70,160,21,21,0.345,-1097664.12761445,0.132924750912935,3245149.73466907,38.1950079202652,-94530695.1325229,23.7584830373526,3245149.73466907,1097664.12761445,0.132924750912935,0.45527977995719,0.15399729545551152,1.8648739286194066e-08,-0.5586800972981496,2.956414127991724,0.018096552153157742,128988.86355938508,0.03964181102708413,282559.4682646347,0.17209384760866928,1226652.991173835,2.645531994801278,0.19363910648259566,1380223.5958790847,2.3511768269706956
9,case_0009_steps_0160_mesh_21x21,71,160,21,21,0.35,-1104066.71902559,-0.0107207512483001,3236704.30076157,1.84100651741028,-94296489.9802021,-0.575261607766151,3236704.30076157,1104066.71902559,-0.0107207512483001,0.4540949239088013,0.15489554997291577,-1.5040727449821607e-09,-0.5572959357080662,2.9316202046359754,0.018096552153157742,128988.86355938508,0.03964181102708413,282559.4682646347,0.17299210212607352,1233055.582584975,2.62494598497835,0.1945373609999999,1386626.1872902247,2.3342298958645866
9,case_0009_steps_0160_mesh_21x21,72,160,21,21,0.355,-1109328.75301479,-0.00141965073999017,3230593.68701101,-0.350938200950623,-94131908.8426086,-0.18196576833725,3230593.68701101,1109328.75301479,-0.00141965073999017,0.45323763253206234,0.1556337894603379,-1.9917055586487382e-10,-0.5563232547621019,2.9122058526215255,0.018096552153157742,128988.86355938508,0.03964181102708413,282559.4682646347,0.17373034161349565,1238317.616574175,2.60885708462139,0.19527560048742204,1391888.2212794246,2.3210151775272916
9,case_0009_steps_0160_mesh_21x21,73,160,21,21,0.36,-1113145.64670855,0.0129257115768269,3227599.53254254,-5.05451261997223,-94056069.5688631,0.706872351467609,3227599.53254254,1113145.64670855,0.0129257115768269,0.45281756624883374,0.1561692823229476,1.8134186720625908e-09,-0.5558750416946346,2.8995303014355756,0.018096552153157742,128988.86355938508,0.03964181102708413,282559.4682646347,0.17426583447610536,1242134.510267935,2.598429965403932,0.19581109335003175,1395705.1149731847,2.3125225363987805
9,case_0009_steps_0160_mesh_21x21,74,160,21,21,0.365,-1115482.3983893,-0.000103785656392574,3228140.86556815,-0.655980348587036,-94078903.1071596,-0.595158517360687,3228140.86556815,1115482.3983893,-0.000103785656392574,0.4528935128155361,0.1564971179786219,-1.4560656570117303e-11,-0.5560099887970469,2.893941554101993,0.018096552153157742,128988.86355938508,0.03964181102708413,282559.4682646347,0.17459367013177965,1244471.2619486852,2.593985867149144,0.19613892900570604,1398041.8666539348,2.309044487554842
9,case_0009_steps_0160_mesh_21x21,75,160,21,21,0.37,-1116606.73520708,0.000483328942209482,3231791.59244687,-0.78007036447525,-94185515.8403202,-0.890920072793961,3231791.59244687,1116606.73520708,0.000483328942209482,0.4534056932281287,0.15665485733145604,6.78088570475514e-11,-0.5566400742105931,2.8942970613978245,0.018096552153157742,128988.86355938508,0.03964181102708413,282559.4682646347,0.1747514094846138,1245595.598766465,2.594575314530149,0.19629666835854018,1399166.2034717146,2.3097982101253662
9,case_0009_steps_0160_mesh_21x21,76,160,21,21,0.375,-1116937.31404414,0.000489711645059288,3237637.20085488,-0.598735272884369,-94349281.8785179,-1.13641653954983,3237637.20085488,1116937.31404414,0.000489711645059288,0.4542258055580104,0.1567012360419936,6.870432129006289e-11,-0.5576079378873191,2.898674043874706,0.018096552153157742,128988.86355938508,0.03964181102708413,282559.4682646347,0.17479778819515135,1245926.177603525,2.5985786791014442,0.19634304706907774,1399496.7823087748,2.3134295425200566
9,case_0009_steps_0160_mesh_21x21,77,160,21,21,0.38,-1117073.18724843,0.0038844981463626,3244500.80058809,-0.797171533107758,-94536497.7354416,-1.0395330414176,3244500.80058809,1117073.18724843,0.0038844981463626,0.4551887374507567,0.1567202984359073,5.449774604931831e-10,-0.558714390907846,2.9044657392412496,0.018096552153157742,128988.86355938508,0.03964181102708413,282559.4682646347,0.17481685058906504,1246062.050807815,2.603803557362732,0.19636210946299143,1399632.6555130647,2.3181088179160483
9,case_0009_steps_0160_mesh_21x21,78,160,21,21,0.385,-1117533.24097658,0.00198380835354328,3250973.86245349,-1.17143428325653,-94708333.7257423,-1.34116395562887,3250973.86245349,1117533.24097658,0.00198380835354328,0.4560968786530699,0.15678484188605474,2.7831930866836376e-10,-0.559729948316431,2.909062337700629,0.018096552153157742,128988.86355938508,0.03964181102708413,282559.4682646347,0.1748813940392125,1246522.104535965,2.6080354697470125,0.19642665291313888,1400092.7092412147,2.3219704245266493
9,case_0009_steps_0160_mesh_21x21,79,160,21,21,0.39,-1118730.48375478,-0.00278381502721459,3255827.60682555,-1.03345823287964,-94831524.9329596,-2.0391478985548,3255827.60682555,1118730.48375478,-0.00278381502721459,0.4567778369601926,0.15695280961425875,-3.905566142269316e-10,-0.560458013158628,2.910287736057804,0.018096552153157742,128988.86355938508,0.03964181102708413,282559.4682646347,0.1750493617674165,1247719.347314165,2.6094230355841077,0.1965946206413429,1401289.9520194146,2.3234503338395744
9,case_0009_steps_0160_mesh_21x21,80,160,21,21,0.395,-1120891.87252497,-0.0075912456959486,3258126.90827315,-1.16951543092728,-94881048.0224528,-2.61184952408075,3258126.90827315,1120891.87252497,-0.0075912456959486,0.45710041851812044,0.1572560426494501,-1.0650173189635238e-09,-0.5607506965501737,2.906727212620207,0.018096552153157742,128988.86355938508,0.03964181102708413,282559.4682646347,0.17535259480260784,1249880.736084355,2.6067502396110678,0.19689785367653423,1403451.3407896047,2.32151041762522
9,case_0009_steps_0160_mesh_21x21,81,160,21,21,0.4,-1124069.95731356,-0.0097396852215752,3257492.84750488,-1.75607472658157,-94848018.4265206,-2.93805316835642,3257492.84750488,1124069.95731356,-0.0097396852215752,0.45701146266995923,0.15770191352184054,-1.3664336339115786e-09,-0.5605554903492329,2.897944942225869,0.018096552153157742,128988.86355938508,0.03964181102708413,282559.4682646347,0.1757984656749983,1253058.820872945,2.5996328290762465,0.19734372454892468,1406629.4255781947,2.315814519638595
9,case_0009_steps_0160_mesh_21x21,82,160,21,21,0.405,-1128179.6008606,-0.0100772869773209,3254169.19738489,-1.59264582395554,-94740548.7122717,-3.31439907103777,3254169.19738489,1128179.6008606,-0.0100772869773209,0.4565451696422084,0.15827847786024685,-1.4137976280678411e-09,-0.5599203401440112,2.8844425080036364,0.018096552153157742,128988.86355938508,0.03964181102708413,282559.4682646347,0.1763750300134046,1257168.464419985,2.588490953665668,0.197920288887331,1410739.0691252346,2.3067123244858614
9,case_0009_steps_0160_mesh_21x21,83,160,21,21,0.41,-1132979.45728232,-0.0542500021401793,3248379.87075356,-0.947298049926758,-94567042.6625907,-3.46758199483156,3248379.87075356,1132979.45728232,-0.0542500021401793,0.4557329533901651,0.1589518759325024,-7.611029091567213e-09,-0.5588949126193145,2.867112770557602,0.018096552153157742,128988.86355938508,0.03964181102708413,282559.4682646347,0.17704842808566015,1261968.320841705,2.5740581733358905,0.19859368695958654,1415538.9255469546,2.294800808461278
9,case_0009_steps_0160_mesh_21x21,84,160,21,21,0.415,-1138129.00944287,-0.0148793658008799,3241131.71394773,-1.212366938591,-94356410.2739487,-3.05581348389387,3241131.71394773,1138129.00944287,-0.0148793658008799,0.4547160698854075,0.1596743347298535,-2.087507493215242e-09,-0.5576500669825011,2.8477718141410957,0.018096552153157742,128988.86355938508,0.03964181102708413,282559.4682646347,0.17777088688301126,1267117.873002255,2.55787703970139,0.19931614575693765,1420688.4777075048,2.28138100984516
9,case_0009_steps_0160_mesh_21x21,85,160,21,21,0.42,-1143237.06937226,0.0151437125168741,3233774.37492612,-2.38852208852768,-94145866.8645514,-3.47885766625404,3233774.37492612,1143237.06937226,0.0151437125168741,0.4536838686112895,0.16039097235548158,2.1245941377557037e-09,-0.5564057472164963,2.828612246366148,0.018096552153157742,128988.86355938508,0.03964181102708413,282559.4682646347,0.17848752450863933,1272225.932931645,2.5418239726291336,0.20003278338256572,1425796.5376368947,2.268047571700346
9,case_0009_steps_0160_mesh_21x21,86,160,21,21,0.425,-1147859.87112656,0.0178584944223985,3226409.99606597,-3.87848806381226,-93942264.7342774,-2.44848700612783,3226409.99606597,1147859.87112656,0.0178584944223985,0.452650679679774,0.16103953046144462,2.5054657183100448e-09,-0.555202450680994,2.810804765654391,0.018096552153157742,128988.86355938508,0.03964181102708413,282559.4682646347,0.17913608261460237,1276848.734685945,2.5268537364056214,0.20068134148852876,1430419.3393911947,2.2555693335628226
9,case_0009_steps_0160_mesh_21x21,87,160,21,21,0.43,-1151657.56082471,-0.108808133518323,3221227.53887468,-8.563725233078,-93799681.6638504,-15.1980243697762,3221227.53887468,1151657.56082471,-0.108808133518323,0.4519236044559466,0.16157232909062583,-1.5265287316804312e-08,-0.5543597791704592,2.7970358971706286,0.018096552153157742,128988.86355938508,0.03964181102708413,282559.4682646347,0.17966888124378358,1280646.424384095,2.5153137333935667,0.20121414011770997,1434217.0290893447,2.245983329956692
9,case_0009_steps_0160_mesh_21x21,88,160,21,21,0.435,-1154436.68408231,0.0259561829734594,3218359.21113865,-6.08003455400467,-93722917.3307634,-8.8184100985527,3218359.21113865,1154436.68408231,0.0259561829734594,0.45152119109222605,0.161962227470869,3.6415346714009944e-09,-0.5539060989661833,2.787817864343944,0.018096552153157742,128988.86355938508,0.03964181102708413,282559.4682646347,0.18005877962402675,1283425.547641695,2.50763218563976,0.20160403849795314,1436996.1523469447,2.239643582818458
9,case_0009_steps_0160_mesh_21x21,89,160,21,21,0.44,-1156155.89059832,-0.270515882293694,3217909.1870381,-16.840372800827,-93714078.431626,-34.0766804665327,3217909.1870381,1156155.89059832,-0.270515882293694,0.45145805475331235,0.1622034243426028,-3.795215057408055e-08,-0.5538538607273428,2.7832831309390347,0.018096552153157742,128988.86355938508,0.03964181102708413,282559.4682646347,0.18029997649576054,1285144.754157705,2.5039274187810427,0.20184523536968693,1438715.3588629547,2.236654503765969
9,case_0009_steps_0160_mesh_21x21,90,160,21,21,0.445,-1156990.11085897,-0.11854145838879,3219726.56262589,-18.4005520939827,-93766540.0993156,-33.3540848195553,3219726.56262589,1156990.11085897,-0.11854145838879,0.45171302430028554,0.16232046165913924,-1.6630828622321287e-08,-0.5541639112307074,2.7828470895360615,0.018096552153157742,128988.86355938508,0.03964181102708413,282559.4682646347,0.180417013812297,1285978.9744183552,2.503716333373307,0.20196227268622338,1439549.5791236048,2.236620821761522
9,case_0009_steps_0160_mesh_21x21,91,160,21,21,0.45,-1157258.4105567,0.0879458968993276,3223228.94406295,-16.9071657657623,-93862843.5424654,-29.8864844962955,3223228.94406295,1157258.4105567,0.0879458968993276,0.45220439252066547,0.162358102889077,1.2338410200522452e-08,-0.5547330683379693,2.78522835924987,0.018096552153157742,128988.86355938508,0.03964181102708413,282559.4682646347,0.18045465504223476,1286247.2741160851,2.505917026162771,0.20199991391616115,1439817.8788213348,2.2386365605499727
9,case_0009_steps_0160_mesh_21x21,92,160,21,21,0.455,-1157342.86915354,-0.0679116677492857,3227488.19964392,-19.3177089095116,-93977147.9614011,-4.74986047297716,3227488.19964392,1157342.86915354,-0.0679116677492857,0.45280194674843155,0.162369952046906,-9.527698774298187e-09,-0.5554086119146148,2.78870530563207,0.018096552153157742,128988.86355938508,0.03964181102708413,282559.4682646347,0.18046650420006374,1286331.7327129252,2.509063655638051,0.20201176307399013,1439902.3374181748,2.241463268565135
9,case_0009_steps_0160_mesh_21x21,93,160,21,21,0.46,-1157621.93662119,0.140429965220392,3231544.65055024,-10.1792077422142,-94082689.0274073,-16.6552173346281,3231544.65055024,1157621.93662119,0.140429965220392,0.4533710484007548,0.16240910394609495,1.970168679179785e-08,-0.5560323637334565,2.791537157616686,0.018096552153157742,128988.86355938508,0.03964181102708413,282559.4682646347,0.1805056560992527,1286610.800180575,2.5116722555855233,0.2020509149731791,1440181.4048858248,2.2438455597240763
9,case_0009_steps_0160_mesh_21x21,94,160,21,21,0.465,-1158391.28591085,0.341231118305586,3234508.32489469,-0.447435617446899,-94154996.1497709,-0.819732837378979,3234508.32489469,1158391.28591085,0.341231118305586,0.4537868384609147,0.16251704015981247,4.7873177251882864e-08,-0.5564597016484144,2.7922415890338614,0.018096552153157742,128988.86355938508,0.03964181102708413,282559.4682646347,0.18061359231297022,1287380.149470235,2.5124733562388006,0.2021588511868966,1440950.7541754846,2.2447042798110632
9,case_0009_steps_0160_mesh_21x21,95,160,21,21,0.47,-1159855.26470874,0.213984139496461,3235695.96615616,1.68391460180283,-94176576.5502362,-4.5301087424159,3235695.96615616,1159855.26470874,0.213984139496461,0.4539534591398971,0.16272242974102183,3.0021003623801125e-08,-0.5565872426573404,2.7897411553058737,0.018096552153157742,128988.86355938508,0.03964181102708413,282559.4682646347,0.18081898189417958,1288844.128268125,2.5105409530818155,0.20236424076810597,1442414.7329733747,2.243249387425584
9,case_0009_steps_0160_mesh_21x21,96,160,21,21,0.475,-1162056.59445906,0.185151880956255,3234815.37611151,-0.43431156873703,-94139704.5734972,-3.12389420717955,3234815.37611151,1162056.59445906,0.185151880956255,0.45382991635311054,0.16303126631445694,2.5975968603192924e-08,-0.5563693278358823,2.7836986524888867,0.018096552153157742,128988.86355938508,0.03964181102708413,282559.4682646347,0.1811278184676147,1291045.4580184452,2.505578216491657,0.20267307734154108,1444616.0627236948,2.2392215202235493
9,case_0009_steps_0160_mesh_21x21,97,160,21,21,0.48,-1164931.0515339,-0.601018945220858,3231973.92684854,-40.8697350025177,-94048217.7598743,-71.7159580662847,3231973.92684854,1164931.0515339,-0.601018945220858,0.45343127391717486,0.16343453959659499,-8.432023034467428e-08,-0.5558286371970936,2.774390744064125,0.018096552153157742,128988.86355938508,0.03964181102708413,282559.4682646347,0.18153109174975274,1293919.915093285,2.497816046532935,0.20307635062367912,1447490.5197985347,2.2328118095712117
9,case_0009_steps_0160_mesh_21x21,98,160,21,21,0.485,-1168313.7413028,-1.01290861947928,3227429.71511827,-62.1637855768204,-93911185.570528,-121.910306230187,3227429.71511827,1168313.7413028,-1.01290861947928,0.45279374163490954,0.16390911561914184,-1.4210648231931121e-07,-0.5550187716103692,2.762468334506899,0.018096552153157742,128988.86355938508,0.03964181102708413,282559.4682646347,0.1820056677722996,1297302.604862185,2.487800227196126,0.20355092664622598,1450873.2095674346,2.2244739883786955
9,case_0009_steps_0160_mesh_21x21,99,160,21,21,0.49,-1171957.44204104,-1.06851206463762,3221862.83326151,-111.433610796928,-93748112.4856883,-137.581618271768,3221862.83326151,1171957.44204104,-1.06851206463762,0.45201273337519304,0.16442031029611257,-1.4990739332384835e-07,-0.5540550033150315,2.74912954829693,0.018096552153157742,128988.86355938508,0.03964181102708413,282559.4682646347,0.18251686244927032,1300946.305600425,2.4765532746369,0.2040621213231967,1454516.9103056747,2.21507416684789
9,case_0009_steps_0160_mesh_21x21,100,160,21,21,0.495,-1175580.73710393,-0.500425613194238,3216036.9891442,-66.506316781044,-93580893.039567,-128.529013872147,3216036.9891442,1175580.73710393,-0.500425613194238,0.45119539388559804,0.16492864214944097,-7.020744239502658e-08,-0.5530667298627077,2.735700652144897,0.018096552153157742,128988.86355938508,0.03964181102708413,282559.4682646347,0.18302519430259873,1304569.600663315,2.4652092057863295,0.2045704531765251,1458140.2053685647,2.2055745924180887
9,case_0009_steps_0160_mesh_21x21,101,160,21,21,0.5,-1178880.21030666,-0.307148828986101,3210802.0052175,-79.8973077833652,-93432637.347779,-141.740301825106,3210802.0052175,1178880.21030666,-0.307148828986101,0.4504609493991804,0.16539154326542502,-4.3091586739728954e-08,-0.5521905329385551,2.72360327804831,0.018096552153157742,128988.86355938508,0.03964181102708413,282559.4682646347,0.18348809541858277,1307869.073866045,2.4549873296769746,0.20503335429250916,1461439.6785712948,2.1970130223618836
9,case_0009_steps_0160_mesh_21x21,102,160,21,21,0.505,-1181609.40716715,-0.696242897538468,3206818.95374672,-116.585762888193,-93321284.4302403,-205.649819493294,3206818.95374672,1181609.40716715,-0.696242897538468,0.44990214535454676,0.16577443719874005,-9.767971868958928e-08,-0.5515324328503485,2.7139416242757495,0.018096552153157742,128988.86355938508,0.03964181102708413,282559.4682646347,0.1838709893518978,1310598.270726535,2.4468359415498147,0.2054162482258242,1464168.8754317847,2.190197461205441
9,case_0009_steps_0160_mesh_21x21,103,160,21,21,0.51,-1183617.82734061,-0.767891981115099,3204429.64160674,-176.424484819174,-93255659.6588898,-303.732201896608,3204429.64160674,1183617.82734061,-0.767891981115099,0.4495669357049834,0.16605620943404426,-1.0773175994254225e-07,-0.5511445878906571,2.7073178247125207,0.018096552153157742,128988.86355938508,0.03964181102708413,282559.4682646347,0.184152761587202,1312606.6908999952,2.4412717562864223,0.2056980204611284,1466177.2956052448,2.185567633063051
9,case_0009_steps_0160_mesh_21x21,104,160,21,21,0.515,-1184883.71129834,1.18163667747285,3203834.34390896,-237.497537106276,-93240419.0517758,-184.653703853488,3203834.34390896,1184883.71129834,1.18163667747285,0.4494834181396893,0.16623380720821457,1.6577826309886597e-07,-0.551054515307848,2.7039230207649227,0.018096552153157742,128988.86355938508,0.03964181102708413,282559.4682646347,0.18433035936137232,1313872.574857725,2.4384665645798207,0.2058756182352987,1467443.1795629747,2.1832765919175876
9,case_0009_steps_0160_mesh_21x21,105,160,21,21,0.52,-1185512.24925927,0.995589882368222,3204879.99212499,-197.486598014832,-93269914.1949305,-270.006558537483,3204879.99212499,1185512.24925927,0.995589882368222,0.449630117838819,0.16632198823157068,1.3967674210214278e-07,-0.5512288327549416,2.703371470119738,0.018096552153157742,128988.86355938508,0.03964181102708413,282559.4682646347,0.18441854038472844,1314501.112818655,2.4380960661591518,0.20596379925865482,1468071.7175239048,2.1830541068732257
9,case_0009_steps_0160_mesh_21x21,106,160,21,21,0.525,-1185715.17567283,0.234392590471543,3207101.89337071,-119.383351027966,-93330304.2340297,-429.760436136276,3207101.89337071,1185715.17567283,0.234392590471543,0.44994184049969677,0.16635045788643008,3.28842166737068e-08,-0.5515857402427421,2.704782699226946,0.018096552153157742,128988.86355938508,0.03964181102708413,282559.4682646347,0.18444701003958783,1314704.0392322151,2.4394097817206464,0.20599226891351421,1468274.6439374648,2.184265666245002
9,case_0009_steps_0160_mesh_21x21,107,160,21,21,0.53,-1185767.14293947,3.87093495490262,3209990.10442974,-248.596599638462,-93407132.3192294,-12.0016837380826,3209990.10442974,1185767.14293947,3.87093495490262,0.45034704340339554,0.16635774865809094,5.430746062866586e-07,-0.552039797224492,2.707099891866038,0.018096552153157742,128988.86355938508,0.03964181102708413,282559.4682646347,0.1844543008112487,1314756.006498855,2.441510127021835,0.20599955968517508,1468326.6112041047,2.186155368932107
9,case_0009_steps_0160_mesh_21x21,108,160,21,21,0.535,-1185951.28993104,2.4328806019621,3212839.89050953,-259.834519326687,-93480162.8849505,-239.843840733171,3212839.89050953,1185951.28993104,2.4328806019621,0.4507468554568952,0.16638358364527386,3.41322107047974e-07,-0.5524714107179252,2.7090825043044964,0.018096552153157742,128988.86355938508,0.03964181102708413,282559.4682646347,0.18448013579843162,1314940.153490425,2.4433354491314687,0.206025394672358,1468510.7581956747,2.187821827370929
9,case_0009_steps_0160_mesh_21x21,109,160,21,21,0.54,-1186477.60719743,3.44124752888456,3214916.57341819,-288.472102373838,-93530136.7599207,-118.343785755336,3214916.57341819,1186477.60719743,3.44124752888456,0.4510382046441437,0.16645742356910534,4.827914105136219e-07,-0.5527667582692318,2.7096310574391036,0.018096552153157742,128988.86355938508,0.03964181102708413,282559.4682646347,0.1845539757222631,1315466.470756815,2.4439365387766836,0.20609923459618948,1469037.0754620647,2.1884516239367096
9,case_0009_steps_0160_mesh_21x21,110,160,21,21,0.545,-1187495.56024468,5.06045019626617,3215788.54866369,-424.79920950532,-93545300.4214472,109.383561145514,3215788.54866369,1187495.56024468,5.06045019626617,0.45116053881370705,0.16660023776174718,7.099581961432442e-07,-0.5528563761006161,2.7080425867033022,0.018096552153157742,128988.86355938508,0.03964181102708413,282559.4682646347,0.18469678991490493,1316484.423804065,2.4427091506114946,0.20624204878883132,1470055.0285093146,2.1875293688322732
9,case_0009_steps_0160_mesh_21x21,111,160,21,21,0.55,-1189058.07059969,-0.77751498966245,3215234.00829408,-191.372443050146,-93520345.4284675,-392.08332118392,3215234.00829408,1189058.07059969,-0.77751498966245,0.4510827393165817,0.16681945087324399,-1.0908182436858665e-07,-0.5527088911182363,2.7040176487532754,0.018096552153157742,128988.86355938508,0.03964181102708413,282559.4682646347,0.18491600302640174,1318046.9341590751,2.4393926536048776,0.20646126190032812,1471617.5388643248,2.184829905449032
9,case_0009_steps_0160_mesh_21x21,112,160,21,21,0.555,-1191109.78039766,-5.43290583853377,3213187.63076799,-219.37238624692,-93454267.5780067,-798.103038109839,3213187.63076799,1191109.78039766,-5.43290583853377,0.4507956418369696,0.1671072964464009,-7.62212032397336e-07,-0.5523183684433216,2.697641882929754,0.018096552153157742,128988.86355938508,0.03964181102708413,282559.4682646347,0.18520384859955866,1320098.6439570452,2.434051156310819,0.20674910747348504,1473669.2486622948,2.180399457805557
9,case_0009_steps_0160_mesh_21x21,113,160,21,21,0.56,-1193540.79489086,-2.13557638425846,3209914.77411402,-107.263288974762,-93355495.2218903,-394.133778635412,3209914.77411402,1193540.79489086,-2.13557638425846,0.4503364749019798,0.1674483567468587,-2.996116745923015e-07,-0.5517346199640777,2.689405161394204,0.018096552153157742,128988.86355938508,0.03964181102708413,282559.4682646347,0.18554490890001646,1322529.6584502452,2.42710229869282,0.20709016777394285,1476100.2631554948,2.1745912891121018
9,case_0009_steps_0160_mesh_21x21,114,160,21,21,0.565,-1196156.23149772,-2.85286800510949,3205816.6216043,-221.6452691257,-93235788.3014541,-497.183153878897,3205816.6216043,1196156.23149772,-2.85286800510949,0.44976152270395847,0.16781529063288,-4.0024443363492714e-07,-0.5510271473927314,2.680098583435262,0.018096552153157742,128988.86355938508,0.03964181102708413,282559.4682646347,0.18591184278603776,1325145.095057105,2.419219324406246,0.20745710165996414,1478715.6997623546,2.167973615292993
9,case_0009_steps_0160_mesh_21x21,115,160,21,21,0.57,-1198746.80297106,-1.83039499266306,3201495.95053266,-122.431171923876,-93111916.9881371,-449.184627242386,3201495.95053266,1198746.80297106,-1.83039499266306,0.44915535216158,0.16817873605351663,-2.567961103894523e-07,-0.550295063096944,2.670702389026476,0.018096552153157742,128988.86355938508,0.03964181102708413,282559.4682646347,0.18627528820667438,1327735.666530445,2.4112449723510156,0.20782054708060077,1481306.2712356946,2.161265372799641
9,case_0009_steps_0160_mesh_21x21,116,160,21,21,0.575,-1201114.17611073,-1.15306507679634,3197537.32571059,-203.480620473623,-93000204.6233569,-395.226948779076,3197537.32571059,1201114.17611073,-1.15306507679634,0.44859997506490223,0.1685108677609047,-1.617697971935623e-07,-0.5496348386615125,2.662142691600212,0.018096552153157742,128988.86355938508,0.03964181102708413,282559.4682646347,0.18660741991406246,1330103.039670115,2.403977158418964,0.20815267878798885,1483673.6443753648,2.155148699872452
9,case_0009_steps_0160_mesh_21x21,117,160,21,21,0.58,-1203055.58756063,0.356589609989896,3194434.24658104,-22.522459924221,-92913806.5143123,-334.445898722857,3194434.24658104,1203055.58756063,0.356589609989896,0.44816462714606875,0.1687832389764064,5.002790393207411e-08,-0.5491242224653686,2.6552673705279233,0.018096552153157742,128988.86355938508,0.03964181102708413,282559.4682646347,0.18687979112956415,1332044.451120015,2.398143878678435,0.20842505000349054,1485615.0558252647,2.15024358702835
9,case_0009_steps_0160_mesh_21x21,118,160,21,21,0.585,-1204485.34722339,1.57278378756018,3192514.04517072,-110.18705162406,-92861005.3718859,-307.08127835393,3192514.04517072,1204485.34722339,1.57278378756018,0.4478952316028603,0.16898382776825743,2.2065442745853935e-07,-0.5488121656530615,2.6505212807529657,0.018096552153157742,128988.86355938508,0.03964181102708413,282559.4682646347,0.18708037992141519,1333474.210782775,2.3941325744100093,0.20862563879534157,1487044.8154880246,2.1468848900313655
9,case_0009_steps_0160_mesh_21x21,119,160,21,21,0.59,-1205382.36942703,1.32685209513875,3191890.51895183,16.2058648169041,-92844231.3942559,-433.986402586102,3191890.51895183,1205382.36942703,1.32685209513875,0.44780775370416703,0.16910967591237447,1.8615132715042795e-07,-0.5487130307906629,2.6480315291728322,0.018096552153157742,128988.86355938508,0.03964181102708413,282559.4682646347,0.18720622806553222,1334371.232986415,2.3920558537582965,0.2087514869394586,1487941.8376916647,2.145171563899033
9,case_0009_steps_0160_mesh_21x21,120,160,21,21,0.595,-1205828.49628613,3.01810292643495,3192469.73190331,-149.767119526863,-92860406.8301936,-242.416215520352,3192469.73190331,1205828.49628613,3.01810292643495,0.4478890146525544,0.16917226548600003,4.234261431932291e-07,-0.5488086282483018,2.6475321670833787,0.018096552153157742,128988.86355938508,0.03964181102708413,282559.4682646347,0.1872688176391578,1334817.359845515,2.391690300066812,0.20881407651308417,1488387.9645507648,2.144917728400795
9,case_0009_steps_0160_mesh_21x21,121,160,21,21,0.6,-1205957.41049883,3.41589349461719,3193864.33235987,-151.838634938002,-92898275.2310058,-173.62812808156,3193864.33235987,1205957.41049883,3.41589349461719,0.44808467076734243,0.16919035156497642,4.792343545728881e-07,-0.5490324319749181,2.6484055776387376,0.018096552153157742,128988.86355938508,0.03964181102708413,282559.4682646347,0.18728690371813417,1334946.274058215,2.392504023888972,0.20883216259206056,1488516.8787634647,2.1456688721011115
9,case_0009_steps_0160_mesh_21x21,122,160,21,21,0.605,-1205961.16165813,2.60803732095519,3195714.08671391,-74.7626353502274,-92946913.0462496,-136.899761691689,3195714.08671391,1205961.16165813,2.60803732095519,0.4483441829082724,0.1691908778356019,3.658957997898682e-07,-0.549319883361102,2.649931182128602,0.018096552153157742,128988.86355938508,0.03964181102708413,282559.4682646347,0.18728742998875966,1334950.025217515,2.393882936698851,0.20883268886268605,1488520.6299227646,2.1469061445790825
9,case_0009_steps_0160_mesh_21x21,123,160,21,21,0.61,-1206044.08657854,1.59701896551996,3197650.58658963,-148.222878336906,-92995771.447114,-74.6817646063864,3197650.58658963,1206044.08657854,1.59701896551996,0.4486158650522074,0.16920251182558824,2.2405451293714582e-07,-0.5496086384169122,2.6513546413225524,0.018096552153157742,128988.86355938508,0.03964181102708413,282559.4682646347,0.187299063978746,1335032.950137925,2.395184767731219,0.20884432285267238,1488603.5548431748,2.1480874314629084
9,case_0009_steps_0160_mesh_21x21,124,160,21,21,0.615,-1206365.97217555,-1.54707594501087,3198985.13012147,-155.54803621769,-93027221.9342495,-220.222923826426,3198985.13012147,1206365.97217555,-1.54707594501087,0.4488030954530201,0.16924767091400023,-2.170477338215761e-07,-0.5497945120232397,2.6517534511956167,0.018096552153157742,128988.86355938508,0.03964181102708413,282559.4682646347,0.18734422306715798,1335354.835734935,2.3956068039105536,0.20888948194108437,1488925.4404401847,2.148519357138343
9,case_0009_steps_0160_mesh_21x21,125,160,21,21,0.62,-1207026.89121417,-5.77151188335847,3199390.46868696,-294.475892543793,-93032205.4330003,-494.848645176739,3199390.46868696,1207026.89121417,-5.77151188335847,0.44885996261416616,0.16934039485559768,-8.097169237535077e-07,-0.5498239646953382,2.650637274094727,0.018096552153157742,128988.86355938508,0.03964181102708413,282559.4682646347,0.18743694700875543,1336015.754773555,2.39472510504132,0.20898220588268182,1489586.3594788047,2.147838188989864
9,case_0009_steps_0160_mesh_21x21,126,160,21,21,0.625,-1208075.40093056,-7.88365788914962,3198950.7030895,-123.578018039465,-93012301.2190815,-615.940520782024,3198950.7030895,1208075.40093056,-7.88365788914962,0.4487982654966786,0.1694874960102412,-1.106041422583487e-06,-0.5497063300143152,2.6479727181146164,0.018096552153157742,128988.86355938508,0.03964181102708413,282559.4682646347,0.18758404816339896,1337064.264489945,2.3925182865535755,0.20912930703732535,1490634.8691951947,2.1460323847225165
9,case_0009_steps_0160_mesh_21x21,127,160,21,21,0.63,-1209486.24390899,-8.83236255089287,3197367.9932715,-109.047582864761,-92961167.8419965,-777.653427537531,3197367.9932715,1209486.24390899,-8.83236255089287,0.4485762184921978,0.16968543087713242,-1.2391403810162552e-06,-0.5494041297602604,2.6435753274363756,0.018096552153157742,128988.86355938508,0.03964181102708413,282559.4682646347,0.18778198303029017,1338475.107468375,2.3888139386611984,0.20932724190421656,1492045.7121736247,2.142942382518259
9,case_0009_steps_0160_mesh_21x21,128,160,21,21,0.635,-1211163.70814871,-6.20198501937557,3194930.67897636,-284.329379528761,-92887304.5180582,-642.518872644752,3194930.67897636,1211163.70814871,-6.20198501937557,0.44823427435811886,0.1699207714969463,-8.701103510735363e-07,-0.5489675946332652,2.637901596192872,0.018096552153157742,128988.86355938508,0.03964181102708413,282559.4682646347,0.18801732365010404,1340152.571708095,2.3840051845024277,0.20956258252403043,1493723.1764133447,2.138904135268137
9,case_0009_steps_0160_mesh_21x21,129,160,21,21,0.64,-1212997.63375133,-3.88110206322744,3191967.52925389,-102.951968580484,-92799973.9625348,-596.123702190816,3191967.52925389,1212997.63375133,-3.88110206322744,0.44781855790004177,0.17017806293588933,-5.445010054421346e-07,-0.5484514676420428,2.6314705325371293,0.018096552153157742,128988.86355938508,0.03964181102708413,282559.4682646347,0.18827461508904708,1341986.497310715,2.3785392294560785,0.20981987396297347,1495557.1020159647,2.134300004293528
9,case_0009_steps_0160_mesh_21x21,130,160,21,21,0.645,-1214827.35107587,-1.37208938458934,3188823.60310578,-54.4419035315514,-92709140.5225033,-549.828911602497,3188823.60310578,1214827.35107587,-1.37208938458934,0.44737747932988486,0.17043476397251667,-1.924979135550225e-07,-0.5479146384666772,2.624919170844901,0.018096552153157742,128988.86355938508,0.03964181102708413,282559.4682646347,0.18853131612567442,1343816.214635255,2.3729611001689737,0.2100765749996008,1497386.8193405047,2.1295924085335787
9,case_0009_steps_0160_mesh_21x21,131,160,21,21,0.65,-1216485.30687054,3.89694144652458,3185907.28516664,-149.307008177042,-92626421.7513931,-233.824095133692,3185907.28516664,1216485.30687054,3.89694144652458,0.4469683331584672,0.1706673676460273,5.46723199033123e-07,-0.5474257673013119,2.618944320307922,0.018096552153157742,128988.86355938508,0.03964181102708413,282559.4682646347,0.18876391979918505,1345474.170429925,2.3678695252459834,0.21030917867311144,1499044.7751351746,2.125291611039006
9,case_0009_steps_0160_mesh_21x21,132,160,21,21,0.655,-1217856.2212077,7.12104889773764,3183590.29674787,-178.695728093386,-92561542.3540605,-87.0865058153868,3183590.29674787,1217856.2212077,7.12104889773764,0.4466432701987549,0.17085970070576084,9.99050842119924e-07,-0.5470423275311547,2.614093717557914,0.018096552153157742,128988.86355938508,0.03964181102708413,282559.4682646347,0.1889562528589186,1346845.084767085,2.363739031871227,0.21050151173284498,1500415.6894723347,2.1218055230197392
9,case_0009_steps_0160_mesh_21x21,133,160,21,21,0.66,-1218862.95869806,8.36135689681396,3182052.4358125,-158.575391203165,-92519197.8684182,-8.49031938239932,3182052.4358125,1218862.95869806,8.36135689681396,0.44642751528896446,0.1710009414066718,1.173060425365301e-06,-0.546792069968513,2.6106728513691477,0.018096552153157742,128988.86355938508,0.03964181102708413,282559.4682646347,0.18909749355982955,1347851.822257445,2.360832536089205,0.21064275243375594,1501422.4269626946,2.1193585353920943
9,case_0009_steps_0160_mesh_21x21,134,160,21,21,0.665,-1219485.1243466,7.49832430714741,3181499.59771574,19.7871147692204,-92504022.2542863,-37.3578440956771,3181499.59771574,1219485.1243466,7.49832430714741,0.4463499546129945,0.17108822842351976,1.0519808698299875e-06,-0.5467023814967644,2.608887582306826,0.018096552153157742,128988.86355938508,0.03964181102708413,282559.4682646347,0.1891847805766775,1348473.987905985,2.3593333102822545,0.2107300394506039,1502044.5926112346,2.1181126135442163
9,case_0009_steps_0160_mesh_21x21,135,160,21,21,0.67,-1219792.34241995,4.54024136305088,3181817.9413473,-45.8651776909828,-92512566.8401693,-234.052621606737,3181817.9413473,1219792.34241995,4.54024136305088,0.44639461677972875,0.1711313297249295,6.369752577636086e-07,-0.5467528803327858,2.608491487194354,0.018096552153157742,128988.86355938508,0.03964181102708413,282559.4682646347,0.18922788187808726,1348781.2059793351,2.359031937308926,0.21077314075201364,1502351.8106845848,2.117891374522605
9,case_0009_steps_0160_mesh_21x21,136,160,21,21,0.675,-1219867.72901151,4.66621157835471,3182791.89085514,-58.157296538353,-92538510.8403609,-18.8837214075029,3182791.89085514,1219867.72901151,4.66621157835471,0.44653125747549743,0.1711419061215902,6.546483072663723e-07,-0.546906210386384,2.6091286908903126,0.018096552153157742,128988.86355938508,0.03964181102708413,282559.4682646347,0.18923845827474794,1348856.592570895,2.359622148407044,0.21078371714867433,1502427.1972761448,2.1184333567879
9,case_0009_steps_0160_mesh_21x21,137,160,21,21,0.68,-1219853.49770049,0.838933686725795,3184109.18862518,-80.8280054628849,-92572671.9067338,-157.210068941116,3184109.18862518,1219853.49770049,0.838933686725795,0.44671606837419797,0.1711399095332416,1.176985888234042e-07,-0.5471081036217852,2.6102390120022205,0.018096552153157742,128988.86355938508,0.03964181102708413,282559.4682646347,0.18923646168639935,1348842.3612598751,2.360623657794295,0.21078172056032574,1502412.9659651248,2.1193302113042947
9,case_0009_steps_0160_mesh_21x21,138,160,21,21,0.685,-1219880.84444906,-2.11656155029777,3185482.27833135,-115.952204167843,-92606872.440774,-257.758201897144,3185482.27833135,1219880.84444906,-2.11656155029777,0.4469087066283309,0.17114374615795525,-2.96943979684711e-07,-0.5473102301126402,2.6113060901206486,0.018096552153157742,128988.86355938508,0.03964181102708413,282559.4682646347,0.189240298311113,1348869.708008445,2.361593754695992,0.21078555718503938,1502440.3127136948,2.1202055425268505
9,case_0009_steps_0160_mesh_21x21,139,160,21,21,0.69,-1220088.53598004,-5.02249983197544,3186409.53244178,-324.157134205103,-92628710.6102361,-352.734523173422,3186409.53244178,1220088.53598004,-5.02249983197544,0.44703879617176573,0.1711728843371626,-7.046339322675311e-07,-0.5474392945463968,2.6116215655467054,0.018096552153157742,128988.86355938508,0.03964181102708413,282559.4682646347,0.18926943649032035,1349077.399539425,2.361917510092171,0.21081469536424674,1502648.0042446747,2.120529574085762
9,case_0009_steps_0160_mesh_21x21,140,160,21,21,0.695,-1220529.83419615,-7.07676679117139,3186810.42482796,-116.456903666258,-92634622.3666537,-360.162603281438,3186810.42482796,1220529.83419615,-7.07676679117139,0.44709503955413316,0.17123479647409104,-9.928382635389919e-07,-0.5474742332575314,2.611005757943489,0.018096552153157742,128988.86355938508,0.03964181102708413,282559.4682646347,0.1893313486272488,1349518.6977555351,2.3614422164940243,0.21087660750117518,1503089.3024607848,2.1201737113095467
9,case_0009_steps_0160_mesh_21x21,141,160,21,21,0.7,-1221260.48944216,-8.33362145203864,3186449.83514648,-67.4788369238377,-92619314.2569409,-422.359920132905,3186449.83514648,1221260.48944216,-8.33362145203864,0.44704445045832497,0.17133730408909384,-1.1691692683381166e-06,-0.5473837617317291,2.609148386190703,0.018096552153157742,128988.86355938508,0.03964181102708413,282559.4682646347,0.1894338562422516,1350249.353001545,2.359897324196558,0.21097911511617798,1503819.9577067946,2.1189038081430716
9,case_0009_steps_0160_mesh_21x21,142,160,21,21,0.705,-1222247.35320681,-6.70096646889579,3185297.83988244,-41.6769942045212,-92582599.7545741,-234.958267174661,3185297.83988244,1222247.35320681,-6.70096646889579,0.4468828307510059,0.17147575659648284,-9.401151838593037e-07,-0.5471667775899561,2.6060991922176595,0.018096552153157742,128988.86355938508,0.03964181102708413,282559.4682646347,0.1895723087496406,1351236.2167661951,2.357321244323629,0.21111756762356698,1504806.8214714448,2.1167486712797867
9,case_0009_steps_0160_mesh_21x21,143,160,21,21,0.71,-1223424.5610857,-4.98706725804368,3183511.3767117,-439.783964544535,-92528813.5587232,-196.696135077626,3183511.3767117,1223424.5610857,-4.98706725804368,0.4466321980758517,0.1716409135192402,-6.996629029524188e-07,-0.5468488990734683,2.602131327073053,0.018096552153157742,128988.86355938508,0.03964181102708413,282559.4682646347,0.18973746567239796,1352413.4246450851,2.3539483701495727,0.21128272454632435,1505984.0293503348,2.1139077936205157
9,case_0009_steps_0160_mesh_21x21,144,160,21,21,0.715,-1224709.16396499,-3.7257356964983,3181261.30613104,-41.1266467273235,-92463049.1452101,-235.314094133675,3181261.30613104,1224709.16396499,-3.7257356964983,0.4463165233851258,0.1718211374731513,-5.227038093061589e-07,-0.5464602288231466,2.5975647114713523,0.018096552153157742,128988.86355938508,0.03964181102708413,282559.4682646347,0.18991768962630906,1353698.0275243751,2.3500524056675243,0.21146294850023545,1507268.6322296248,2.1106133559119877
9,case_0009_steps_0160_mesh_21x21,145,160,21,21,0.72,-1225976.43052101,0.202747632749379,3179003.02445767,-56.3422639667988,-92397312.2581384,-25.8904011137784,3179003.02445767,1225976.43052101,0.202747632749379,0.44599969671535783,0.1719989292195869,2.8444572723049274e-08,-0.5460717212551677,2.5930376354027227,0.018096552153157742,128988.86355938508,0.03964181102708413,282559.4682646347,0.19009548137274465,1354965.294080395,2.3461877867619005,0.21164074024667104,1508535.8987856447,2.1073433035413567
9,case_0009_steps_0160_mesh_21x21,146,160,21,21,0.725,-1227146.69272771,3.20478239841759,3176968.27475582,67.7996798157692,-92338729.7359725,65.5347839556634,3176968.27475582,1227146.69272771,3.20478239841759,0.4457142305667148,0.17216311169605833,4.496164258845909e-07,-0.5457254962629814,2.5889066837592445,0.018096552153157742,128988.86355938508,0.03964181102708413,282559.4682646347,0.19025966384921608,1356135.556287095,2.3426627670274383,0.21180492272314247,1509706.1609923446,2.104361998938633
9,case_0009_steps_0160_mesh_21x21,147,160,21,21,0.73,-1228115.35993266,4.95911463478114,3175250.83165925,-88.3882085084915,-92290462.7058702,99.6699338704348,3175250.83165925,1228115.35993266,4.95911463478114,0.4454732810947252,0.1722990113087048,6.957412767691225e-07,-0.5454402362314535,2.5854662642061212,0.018096552153157742,128988.86355938508,0.03964181102708413,282559.4682646347,0.19039556346186257,1357104.223492045,2.3397251122605933,0.21194082233578895,1510674.8281972946,2.1018757792160425
9,case_0009_steps_0160_mesh_21x21,148,160,21,21,0.735,-1228819.47365201,6.77092744992115,3174134.48561401,81.6286920905113,-92259499.5464933,214.662846367806,3174134.48561401,1228819.47365201,6.77092744992115,0.44531666281101306,0.17239779526797358,9.499303919856132e-07,-0.5452572427511974,2.5830763213579204,0.018096552153157742,128988.86355938508,0.03964181102708413,282559.4682646347,0.19049434742113133,1357808.3372113951,2.3376896419217035,0.21203960629505772,1511378.9419166448,2.100157940263977
9,case_0009_steps_0160_mesh_21x21,149,160,21,21,0.74,-1229265.90197052,6.07720476808026,3173747.43384478,-49.5624263286591,-92248443.260119,185.161291144788,3173747.43384478,1229265.90197052,6.07720476808026,0.44526236120438933,0.1724604271349862,8.526042481206244e-07,-0.5451918996672531,2.5818233701571365,0.018096552153157742,128988.86355938508,0.03964181102708413,282559.4682646347,0.19055697928814394,1358254.765529905,2.336636332438403,0.21210223816207033,1511825.3702351546,2.0992817664854533
9,case_0009_steps_0160_mesh_21x21,150,160,21,21,0.745,-1229469.46770885,4.67362836428219,3173914.69172488,-16.6759453117847,-92252984.1286449,91.0971041359007,3173914.69172488,1229469.46770885,4.67362836428219,0.44528582672588274,0.17248898648420932,6.556888486715896e-07,-0.5452187363774488,2.5815319331512616,0.018096552153157742,128988.86355938508,0.03964181102708413,282559.4682646347,0.19058553863736707,1358458.331268235,2.336409309486706,0.21213079751129346,1512028.9359734848,2.0991097565744856
9,case_0009_steps_0160_mesh_21x21,151,160,21,21,0.75,-1229521.20713878,4.72582949942444,3174579.028376,80.9212040603161,-92270769.4709916,249.82027746737,3174579.028376,1229521.20713878,4.72582949942444,0.4453790301430034,0.1724962452914138,6.630124310219438e-07,-0.5453238484447916,2.581963621240471,0.018096552153157742,128988.86355938508,0.03964181102708413,282559.4682646347,0.19059279744457155,1358510.070698165,2.3368093449204403,0.21213805631849794,1512080.6754034148,2.0994772832005406
9,case_0009_steps_0160_mesh_21x21,152,160,21,21,0.755,-1229496.48495191,0.0891968790674582,3175523.4982523,-23.2173989713192,-92295325.2695857,-83.6728504635394,3175523.4982523,1229496.48495191,0.0891968790674582,0.44551153498025764,0.17249277688079534,1.2513917321242399e-08,-0.545468974172774,2.582783714405256,0.018096552153157742,128988.86355938508,0.03964181102708413,282559.4682646347,0.1905893290339531,1358485.3485112952,2.3375471084264676,0.21213458790787948,1512055.9532165448,2.1001362360282485
9,case_0009_steps_0160_mesh_21x21,153,160,21,21,0.76,-1229506.79778344,-2.08082378120162,3176439.16565437,106.015677034855,-92318511.806192,-141.444353017956,3176439.16565437,1229506.79778344,-2.08082378120162,0.44563999896109485,0.17249422372425513,-2.919301328731353e-07,-0.5456060075089729,2.583506794253491,0.018096552153157742,128988.86355938508,0.03964181102708413,282559.4682646347,0.19059077587741288,1358495.661342825,2.3382033936822233,0.21213603475133927,1512066.2660480747,2.100727485942986
9,case_0009_steps_0160_mesh_21x21,154,160,21,21,0.765,-1229622.37630421,-3.96086059871595,3177086.12849469,-14.4746508300304,-92333587.7613671,-177.380622241646,3177086.12849469,1229622.37630421,-3.96086059871595,0.4457307649114098,0.17251043886617656,-5.556907659943143e-07,-0.5456951069923976,2.5837901047668277,0.018096552153157742,128988.86355938508,0.03964181102708413,282559.4682646347,0.19060699101933432,1358611.239863595,2.3384806744375752,0.2121522498932607,1512181.8445688447,2.1009947579423196
9,case_0009_steps_0160_mesh_21x21,155,160,21,21,0.77,-1229901.89962446,-4.44536961603444,3177295.69232173,-2.26583415269852,-92336115.7188316,-145.326751478016,3177295.69232173,1229901.89962446,-4.44536961603444,0.44576016576525707,0.17254965471941647,-6.236651822239959e-07,-0.5457100473196665,2.5833732700891754,0.018096552153157742,128988.86355938508,0.03964181102708413,282559.4682646347,0.19064620687257422,1358890.763183845,2.3381538666709387,0.2121914657465006,1512461.3678890946,2.100745023825768
9,case_0009_steps_0160_mesh_21x21,156,160,21,21,0.775,-1230379.65537698,-5.87249803135637,3176992.33481515,-66.9960862100124,-92324074.9480721,-266.575417280197,3176992.33481515,1230379.65537698,-5.87249803135637,0.44571760608384436,0.17261668168324404,-8.238848220011664e-07,-0.5456388858945862,2.582123591633788,0.018096552153157742,128988.86355938508,0.03964181102708413,282559.4682646347,0.1907132338364018,1359368.5189363651,2.337108952104453,0.21225849271032818,1512939.1236416148,2.0998811420569203
9,case_0009_steps_0160_mesh_21x21,157,160,21,21,0.78,-1231035.78280399,-4.98680620046798,3176225.79961758,111.530721515417,-92298684.1178552,-202.073253892362,3176225.79961758,1231035.78280399,-4.98680620046798,0.44561006467447556,0.17270873338347886,-6.996262777593341e-07,-0.545488825097126,2.5801246754850102,0.018096552153157742,128988.86355938508,0.03964181102708413,282559.4682646347,0.19080528553663662,1360024.646363375,2.3354178235744616,0.212350544410563,1513595.2510686247,2.0984644325324813
9,case_0009_steps_0160_mesh_21x21,158,160,21,21,0.785,-1231853.71666864,-3.25503444758942,3174957.03757179,98.1124131083488,-92260096.2693223,-6.85952073708177,3174957.03757179,1231853.71666864,-3.25503444758942,0.44543206311761235,0.17282348579257084,-4.566665603190446e-07,-0.5452607694064039,2.5773815466969374,0.018096552153157742,128988.86355938508,0.03964181102708413,282559.4682646347,0.1909200379457286,1360842.580228025,2.333081786020973,0.21246529681965498,1514413.1849332748,2.0964932616534764
9,case_0009_steps_0160_mesh_21x21,159,160,21,21,0.79,-1232732.4047711,-3.67442921694601,3173444.48068496,81.20658659935,-92214841.9226384,-193.227747231722,3173444.48068496,1232732.4047711,-3.67442921694601,0.4452198582509919,0.17294676174549994,-5.155057430747631e-07,-0.5449933144514489,2.574317401248344,0.018096552153157742,128988.86355938508,0.03964181102708413,282559.4682646347,0.1910433138986577,1361721.268330485,2.330465532476927,0.21258857277258408,1515291.8730357348,2.094279351163735
9,case_0009_steps_0160_mesh_21x21,160,160,21,21,0.795,-1233634.43859033,0.222131019749213,3171805.76272523,81.7171386778355,-92167393.3574433,70.9523627832532,3171805.76272523,1233634.43859033,0.222131019749213,0.4449899535584142,0.1730733129965395,3.116397394938727e-08,-0.5447128915794633,2.5711066937703535,0.018096552153157742,128988.86355938508,0.03964181102708413,282559.4682646347,0.19116986514969725,1362623.3021497151,2.3277201833561003,0.21271512402362364,1516193.9068549648,2.0919525849464033
10,case_0010_steps_0200_mesh_21x21,1,200,21,21,0.0,-34183.2613243375,-3.15834768116474e-06,9147140.42049128,-3.99351119995117e-06,-193947896.879793,-0.000410236418247223,9147140.42049128,34183.2613243375,-3.15834768116474e-06,1.2833022875301843,0.004795756426182461,-4.431018457937564e-13,-1.1462396393856116,267.59121470890136,0.018096552153157742,128988.86355938508,0.03964181102708413,282559.4682646347,0.0228923085793402,163172.12488372257,56.058229473996164,0.044437567453266595,316742.72958897223,28.87876994796773
10,case_0010_steps_0200_mesh_21x21,2,200,21,21,0.005,-434009.020355709,-3.4745316952467e-06,1625266.75662054,-1.25765800476074e-05,-41820558.6812941,-0.000451914966106415,1625266.75662054,434009.020355709,-3.4745316952467e-06,0.22801754982852682,0.060889495845446076,-4.874610279970687e-13,-0.2471611338557688,3.7447764456335246,0.018096552153157742,128988.86355938508,0.03964181102708413,282559.4682646347,0.07898604799860381,562997.8839150941,2.8868079313520956,0.1005313068725302,716568.4886203437,2.268124795369906
10,case_0010_steps_0200_mesh_21x21,3,200,21,21,0.01,-465390.67667281,-3.93157824873924e-06,1772396.33206223,-9.17911529541016e-06,-46743494.0587248,-0.00050760805606842,1772396.33206223,465390.67667281,-3.93157824873924e-06,0.2486591615288012,0.06529219980394273,-5.515825851878636e-13,-0.2762558740541749,3.808405326753682,0.018096552153157742,128988.86355938508,0.03964181102708413,282559.4682646347,0.08338875195710047,594379.540232195,2.9819268869346365,0.10493401083102685,747950.1449374447,2.369671754272426
10,case_0010_steps_0200_mesh_21x21,4,200,21,21,0.015,-495398.946391917,-4.02587465941906e-06,1895465.03903331,-2.15768814086914e-05,-50833776.5728167,-0.000515811145305634,1895465.03903331,495398.946391917,-4.02587465941906e-06,0.26592514258071187,0.06950222385573099,-5.6481194365056e-13,-0.3004296033359305,3.826138615833432,0.018096552153157742,128988.86355938508,0.03964181102708413,282559.4682646347,0.08759877600888873,624387.8099513021,3.0357175601828983,0.10914403488281513,777958.4146565518,2.4364606170756673
10,case_0010_steps_0200_mesh_21x21,5,200,21,21,0.02,-524557.449183153,-4.50923107564449e-06,1998244.15454852,-2.75969505310059e-05,-54249304.5470301,-0.000574313104152679,1998244.15454852,524557.449183153,-4.50923107564449e-06,0.2803445860338292,0.07359302946412884,-6.326246551778606e-13,-0.3206155069546757,3.8093904827015788,0.018096552153157742,128988.86355938508,0.03964181102708413,282559.4682646347,0.09168958161728658,653546.312742538,3.057540247091441,0.11323484049121296,807116.9174477877,2.4757802882725306
10,case_0010_steps_0200_mesh_21x21,6,200,21,21,0.025,-553657.868608492,-4.47861384600401e-06,2080907.34683602,-2.08616256713867e-05,-57028567.7052329,-0.000562712550163269,2080907.34683602,553657.868608492,-4.47861384600401e-06,0.29194185675238665,0.0776756862398974,-6.28329196812813e-13,-0.3370410606805332,3.7584715486225515,0.018096552153157742,128988.86355938508,0.03964181102708413,282559.4682646347,0.09577223839305514,682646.732167877,3.0482931343239503,0.11731749726698154,836217.3368731267,2.488476685519546
10,case_0010_steps_0200_mesh_21x21,7,200,21,21,0.03,-583428.06889356,-5.04555646330118e-06,2146186.16262006,-2.56896018981934e-05,-59267870.7958487,-0.000629864633083344,2146186.16262006,583428.06889356,-5.04555646330118e-06,0.30110017834492003,0.08185231023054645,-7.078686730021084e-13,-0.3502754293349837,3.678578863526719,0.018096552153157742,128988.86355938508,0.03964181102708413,282559.4682646347,0.09994886238370419,712416.932452945,3.0125423257845085,0.1214941212576306,865987.5371581947,2.478310680616648
10,case_0010_steps_0200_mesh_21x21,8,200,21,21,0.035,-614078.782558923,-4.97978180646896e-06,2198351.67172132,-3.1888484954834e-05,-61104575.2686895,-0.00062541663646698,2198351.67172132,614078.782558923,-4.97978180646896e-06,0.3084187625234089,0.08615246625232102,-6.986407871608449e-13,-0.3611304244469535,3.5799179749552423,0.018096552153157742,128988.86355938508,0.03964181102708413,282559.4682646347,0.10424901840547876,743067.6461183081,2.958481213931508,0.12579427727940515,896638.2508235577,2.451771012113464
10,case_0010_steps_0200_mesh_21x21,9,200,21,21,0.04,-644709.184983419,-5.10166864842176e-06,2242672.63898645,-3.74913215637207e-05,-62701058.8729538,-0.000637270510196686,2242672.63898645,644709.184983419,-5.10166864842176e-06,0.3146367930840283,0.09044977269918265,-7.157409579144778e-13,-0.37056570485100526,3.478580251720981,0.018096552153157742,128988.86355938508,0.03964181102708413,282559.4682646347,0.10854632485234039,773698.0485428041,2.8986406818659263,0.13009158372626678,927268.6532480537,2.4185791584033116
10,case_0010_steps_0200_mesh_21x21,10,200,21,21,0.045,-673188.735369929,-5.65533991903067e-06,2285282.31793272,-2.60472297668457e-05,-64239977.8771746,-0.000704586505889893,2285282.31793272,673188.735369929,-5.65533991903067e-06,0.32061473766003795,0.09444532436656117,-7.9341852439421e-13,-0.37966077622233857,3.3947126531713536,0.018096552153157742,128988.86355938508,0.03964181102708413,282559.4682646347,0.1125418765197189,802177.5989293141,2.8488483360579275,0.1340871353936453,955748.2036345637,2.3910924543118597
10,case_0010_steps_0200_mesh_21x21,11,200,21,21,0.05,-696700.849921562,-5.2496325224638e-06,2332181.69852515,-4.60147857666016e-05,-65892649.4339679,-0.000661149621009827,2332181.69852515,696700.849921562,-5.2496325224638e-06,0.3271945079085832,0.09774396733056213,-7.364996179219929e-13,-0.3894281296185742,3.3474649826933875,0.018096552153157742,128988.86355938508,0.03964181102708413,282559.4682646347,0.11584051948371987,825689.7134809471,2.8245255577826276,0.13738577835764626,979260.3181861967,2.381574802137248
10,case_0010_steps_0200_mesh_21x21,12,200,21,21,0.055,-712904.272076997,-5.72763383388519e-06,2387805.32567871,-4.45246696472168e-05,-67776557.598892,-0.000720269978046417,2387805.32567871,712904.272076997,-5.72763383388519e-06,0.33499825035545555,0.10001723392121213,-8.035610325489428e-13,-0.4005621003928827,3.3494052696893024,0.018096552153157742,128988.86355938508,0.03964181102708413,282559.4682646347,0.11811378607436987,841893.135636382,2.8362332754664665,0.13965904494829626,995463.7403416317,2.3986863899826654
10,case_0010_steps_0200_mesh_21x21,13,200,21,21,0.06,-721190.793292954,-5.44264912605286e-06,2453856.91291581,-4.04119491577148e-05,-69926298.1486104,-0.000688731670379639,2453856.91291581,721190.793292954,-5.44264912605286e-06,0.3442649882757003,0.10117979524018814,-7.635789714172401e-13,-0.41326715093544714,3.402507264009168,0.018096552153157742,128988.86355938508,0.03964181102708413,282559.4682646347,0.11927634739334587,850179.656852339,2.8862804386555685,0.14082160626727228,1003750.2615575887,2.444688690898063
10,case_0010_steps_0200_mesh_21x21,14,200,21,21,0.065,-723112.433145895,-5.94649463891983e-06,2529418.97256665,-4.49419021606445e-05,-72303447.9878623,-0.000756621360778809,2529418.97256665,723112.433145895,-5.94649463891983e-06,0.3548660023131788,0.10144939259036809,-8.342662102154475e-13,-0.4273161992538131,3.4979608379328124,0.018096552153157742,128988.86355938508,0.03964181102708413,282559.4682646347,0.11954594474352583,852101.2967052801,2.9684486836798123,0.14109120361745223,1005671.9014105297,2.5151532711801448
10,case_0010_steps_0200_mesh_21x21,15,200,21,21,0.07,-721726.82724735,-6.07233960181475e-06,2611015.35704119,-5.03659248352051e-05,-74805747.8482616,-0.000769495964050293,2611015.35704119,721726.82724735,-6.07233960181475e-06,0.36631360473718816,0.10125499837124854,-8.51921687373688e-13,-0.4421048890811457,3.6177335502402537,0.018096552153157742,128988.86355938508,0.03964181102708413,282559.4682646347,0.11935155052440628,850715.6908067351,3.0691985410133436,0.14089680939833268,1004286.2955119847,2.599871539330421
10,case_0010_steps_0200_mesh_21x21,16,200,21,21,0.075,-720382.888860202,-6.0034217312932e-06,2693700.42446341,-5.26905059814453e-05,-77298139.5890872,-0.000764913856983185,2693700.42446341,720382.888860202,-6.0034217312932e-06,0.3779139444378684,0.10106644991487382,-8.422528229170008e-13,-0.456835021535133,3.739262087034595,0.018096552153157742,128988.86355938508,0.03964181102708413,282559.4682646347,0.11916300206803156,849371.7524195871,3.171403354055422,0.14070826094195796,1002942.3571248368,2.6857978480293894
10,case_0010_steps_0200_mesh_21x21,17,200,21,21,0.08,-721489.024544755,-6.40528742223978e-06,2771308.67586082,-5.06043434143066e-05,-79616526.8497279,-0.000817753374576569,2771308.67586082,721489.024544755,-6.40528742223978e-06,0.3888020298909356,0.10122163573132041,-8.986327555259227e-13,-0.4705367807206942,3.8410960965199155,0.018096552153157742,128988.86355938508,0.03964181102708413,282559.4682646347,0.11931818788447815,850477.8881041401,3.2585311324654644,0.14086344675840454,1004048.4928093897,2.7601342920266
10,case_0010_steps_0200_mesh_21x21,18,200,21,21,0.085,-726147.978937101,-6.06593675911427e-06,2838403.5379781,-5.86509704589844e-05,-81617721.6077677,-0.000765077769756317,2838403.5379781,726147.978937101,-6.06593675911427e-06,0.3982151345420615,0.10187526588832584,-8.510233976015297e-13,-0.48236391983743143,3.9088500144733764,0.018096552153157742,128988.86355938508,0.03964181102708413,282559.4682646347,0.11997181804148357,855136.842496486,3.319238976643395,0.14151707691540996,1008707.4472017357,2.813901638034041
10,case_0010_steps_0200_mesh_21x21,19,200,21,21,0.09,-734480.915631762,-6.55790790915489e-06,2891446.58417402,-4.78625297546387e-05,-83210053.1663357,-0.000828057527542114,2891446.58417402,734480.915631762,-6.55790790915489e-06,0.4056568331923089,0.10304433908831158,-9.200447171859156e-13,-0.49177466148938426,3.9367211899399037,0.018096552153157742,128988.86355938508,0.03964181102708413,282559.4682646347,0.12114089124146932,863469.7791911471,3.3486366910056478,0.1426861501153957,1017040.3838963967,2.843000759809125
10,case_0010_steps_0200_mesh_21x21,20,200,21,21,0.095,-746084.776962946,-6.64882827550173e-06,2929199.53968522,-6.63995742797852e-05,-84363313.2860223,-0.000830568373203278,2929199.53968522,746084.776962946,-6.64882827550173e-06,0.4109534015121758,0.10467230817000757,-9.32800431950565e-13,-0.4985904738027639,3.926094768491299,0.018096552153157742,128988.86355938508,0.03964181102708413,282559.4682646347,0.12276886032316531,875073.6405223311,3.347374899713334,0.1443141191970917,1028644.2452275808,2.8476312906773265
10,case_0010_steps_0200_mesh_21x21,21,200,21,21,0.1,-760456.199348334,-6.75336923450232e-06,2952725.4931393,-7.45654106140137e-05,-85110399.2084904,-0.000850789248943329,2952725.4931393,760456.199348334,-6.75336923450232e-06,0.41425398601138347,0.10668855350728428,-9.474670540487148e-13,-0.5030057807596146,3.882834403440476,0.018096552153157742,128988.86355938508,0.03964181102708413,282559.4682646347,0.12478510566044201,889445.062907719,3.319739033107263,0.1463303645343684,1043015.6676129687,2.8309502769952313
10,case_0010_steps_0200_mesh_21x21,22,200,21,21,0.105,-777136.982470943,-7.32194166630507e-06,2964578.22109366,-6.33001327514648e-05,-85526118.7917244,-0.000902026891708374,2964578.22109366,777136.982470943,-7.32194166630507e-06,0.41591686995085253,0.10902879167516946,-1.0272351858163783e-12,-0.5054626997200042,3.814743459599164,0.018096552153157742,128988.86355938508,0.03964181102708413,282559.4682646347,0.12712534382832721,906125.8460303281,3.2717069423427922,0.1486706027022536,1059696.4507355778,2.7975730399359433
10,case_0010_steps_0200_mesh_21x21,23,200,21,21,0.11,-795586.539716024,-6.97746872901917e-06,2968183.86913008,-6.03795051574707e-05,-85710343.6952506,-0.000866703689098358,2968183.86913008,795586.539716024,-6.97746872901917e-06,0.41642272600645663,0.11161718082501701,-9.789071960742579e-13,-0.5065514760892299,3.7308120750629357,0.018096552153157742,128988.86355938508,0.03964181102708413,282559.4682646347,0.12971373297817476,924575.403275409,3.210321038841143,0.15125899185210115,1078146.0079806587,2.753044436615238
10,case_0010_steps_0200_mesh_21x21,24,200,21,21,0.115,-814950.108052923,-7.33323395252228e-06,2967096.21043172,-7.49826431274414e-05,-85767647.0798665,-0.000909395515918732,2967096.21043172,814950.108052923,-7.33323395252228e-06,0.41627013242731675,0.11433380158289042,-1.028819442323639e-12,-0.5068901413285771,3.6408317283627336,0.018096552153157742,128988.86355938508,0.03964181102708413,282559.4682646347,0.13243035373604817,943938.971612308,3.1433136035942346,0.15397561260997455,1097509.5763175576,2.7034809303324105
10,case_0010_steps_0200_mesh_21x21,25,200,21,21,0.12,-833903.753963096,-6.60447403788567e-06,2965346.19422163,-6.65187835693359e-05,-85813981.572814,-0.000819794833660126,2965346.19422163,833903.753963096,-6.60447403788567e-06,0.41602461309533056,0.11699291208468982,-9.265777337107048e-13,-0.5071639799901028,3.5559813469227533,0.018096552153157742,128988.86355938508,0.03964181102708413,282559.4682646347,0.13508946423784757,962892.617522481,3.079622940563668,0.15663472311177395,1116463.2222277308,2.6560178026327974
10,case_0010_steps_0200_mesh_21x21,26,200,21,21,0.125,-850718.49299895,-7.28829763829708e-06,2966922.84856485,-6.41345977783203e-05,-85962555.6990381,-0.000907294452190399,2966922.84856485,850718.49299895,-7.28829763829708e-06,0.41624581054418197,0.11935194365925654,-1.0225150813772182e-12,-0.5080420588741996,3.487549492554069,0.018096552153157742,128988.86355938508,0.03964181102708413,282559.4682646347,0.13744849581241428,979707.356558335,3.0283766154288236,0.15899375468634067,1133277.9612635847,2.618001011205392
10,case_0010_steps_0200_mesh_21x21,27,200,21,21,0.13,-863799.436520089,-7.20587559044361e-06,2975075.56267487,-6.74724578857422e-05,-86300508.5025718,-0.000896424055099487,2975075.56267487,863799.436520089,-7.20587559044361e-06,0.41738959933346637,0.12118714066860008,-1.010951642128343e-12,-0.5100393731317082,3.444174002544258,0.018096552153157742,128988.86355938508,0.03964181102708413,282559.4682646347,0.13928369282175782,992788.3000794741,2.996686768404413,0.1608289516956842,1146358.9047847237,2.595239196256397
10,case_0010_steps_0200_mesh_21x21,28,200,21,21,0.135,-872291.897067752,-7.36897345632315e-06,2991683.415077,-7.74860382080078e-05,-86872299.7947432,-0.000925280153751373,2991683.415077,872291.897067752,-7.36897345632315e-06,0.4197196056522578,0.1223785943411775,-1.0338335325064141e-12,-0.513418681982624,3.4296815379504,0.018096552153157742,128988.86355938508,0.03964181102708413,282559.4682646347,0.14047514649433523,1001280.760627137,2.987856685874204,0.16202040536826162,1154851.3653323867,2.5905354618652074
10,case_0010_steps_0200_mesh_21x21,29,200,21,21,0.14,-876359.189546358,-7.36652873456478e-06,3016778.23537116,-7.62343406677246e-05,-87671355.0063757,-0.00091949850320816,3016778.23537116,876359.189546358,-7.36652873456478e-06,0.42324029504896926,0.12294921701688898,-1.0334905491388622e-12,-0.5181411294665402,3.4423992711627487,0.018096552153157742,128988.86355938508,0.03964181102708413,282559.4682646347,0.14104576917004671,1005348.053105743,3.000730171060324,0.1625910280439731,1158918.6578109926,2.603097478013996
10,case_0010_steps_0200_mesh_21x21,30,200,21,21,0.145,-877247.912630584,-7.47374724596739e-06,3048872.0547937,-7.48634338378906e-05,-88648843.6128135,-0.000942572951316833,3048872.0547937,877247.912630584,-7.47374724596739e-06,0.4277429122590716,0.123073900832217,-1.0485328196871873e-12,-0.5239181252771277,3.475496505487388,0.018096552153157742,128988.86355938508,0.03964181102708413,282559.4682646347,0.14117045298537476,1006236.776189969,3.0299747802281662,0.16271571185930114,1159807.3808952188,2.628774488777931
10,case_0010_steps_0200_mesh_21x21,31,200,21,21,0.15,-876806.727083718,-7.14766792953014e-06,3084916.77735332,-7.33733177185059e-05,-89717024.1089812,-0.000905714929103851,3084916.77735332,876806.727083718,-7.14766792953014e-06,0.4327998232484916,0.12301200450227219,-1.0027853714723576e-12,-0.5302311136952742,3.518354367117863,0.018096552153157742,128988.86355938508,0.03964181102708413,282559.4682646347,0.14110855665542993,1005795.5906431031,3.0671408843429426,0.16265381552935632,1159366.1953483527,2.6608648671409645
10,case_0010_steps_0200_mesh_21x21,32,200,21,21,0.155,-876815.108606115,-7.74371437728405e-06,3121174.93702301,-7.02738761901855e-05,-90773076.3441879,-0.000976912677288055,3121174.93702301,876815.108606115,-7.74371437728405e-06,0.43788667849578966,0.12301318039182571,-1.0864079829896463e-12,-0.5364724236178352,3.5596728505109643,0.018096552153157742,128988.86355938508,0.03964181102708413,282559.4682646347,0.14110973254498346,1005803.9721655,3.103164258044346,0.16265499141890985,1159374.5768707497,2.6921195265876245
10,case_0010_steps_0200_mesh_21x21,33,200,21,21,0.16,-878614.748216628,-7.88294710218906e-06,3153815.29292849,-5.26309013366699e-05,-91713647.2838824,-0.000986337661743164,3153815.29292849,878614.748216628,-7.88294710218906e-06,0.4424659722940423,0.12326566166168,-1.1059417023987624e-12,-0.542031234577256,3.5895314747788607,0.018096552153157742,128988.86355938508,0.03964181102708413,282559.4682646347,0.14136221381483774,1007603.611776013,3.1300158674198686,0.16290747268876413,1161174.2164812628,2.7160569431911608
10,case_0010_steps_0200_mesh_21x21,34,200,21,21,0.165,-882893.836973831,-8.11670906841755e-06,3179600.21265879,-4.20212745666504e-05,-92452457.7601058,-0.00101941078901291,3179600.21265879,882893.836973831,-8.11670906841755e-06,0.4460834795096907,0.12386599839406051,-1.1387374453531998e-12,-0.5463976333238508,3.601339231857197,0.018096552153157742,128988.86355938508,0.03964181102708413,282559.4682646347,0.14196255054721826,1011882.7005332161,3.142261658375309,0.16350780942114465,1165453.3052384658,2.728209013923733
10,case_0010_steps_0200_mesh_21x21,35,200,21,21,0.17,-889783.285280249,-7.27095175534487e-06,3196681.2125957,-2.0146369934082e-05,-92941975.7149251,-0.000901669263839722,3196681.2125957,889783.285280249,-7.27095175534487e-06,0.44847986628027464,0.12483255672431649,-1.020081532721735e-12,-0.5492907035402946,3.59265145286345,0.018096552153157742,128988.86355938508,0.03964181102708413,282559.4682646347,0.14292910887747423,1018772.148839634,3.137778370008123,0.16447436775140062,1172342.7535448838,2.726746254821554
10,case_0010_steps_0200_mesh_21x21,36,200,21,21,0.175,-899110.78794295,-7.53335189074278e-06,3204611.70355716,1.34706497192383e-05,-93172779.6380312,-0.000922635197639465,3204611.70355716,899110.78794295,-7.53335189074278e-06,0.4495924781703557,0.12614116301587108,-1.056895080838916e-12,-0.5506547637329859,3.5642011491029932,0.018096552153157742,128988.86355938508,0.03964181102708413,282559.4682646347,0.14423771516902884,1028099.6515023351,3.1170244040782866,0.16578297404295522,1181670.2562075849,2.711933965268737
10,case_0010_steps_0200_mesh_21x21,37,200,21,21,0.18,-910471.580750106,-7.24068377166986e-06,3204433.03296491,6.02602958679199e-05,-93177337.527725,-0.000869162380695343,3204433.03296491,910471.580750106,-7.24068377166986e-06,0.44956741149714324,0.12773503068679032,-1.0158350719806218e-12,-0.5506817010389482,3.5195310877522266,0.018096552153157742,128988.86355938508,0.03964181102708413,282559.4682646347,0.14583158283994807,1039460.4443094911,3.082784968401179,0.16737684171387446,1193031.0490147406,2.6859594606622155
10,case_0010_steps_0200_mesh_21x21,38,200,21,21,0.185,-923370.899801219,-7.18398950994015e-06,3198141.96197944,0.000123679637908936,-93013843.3169419,-0.000830970704555511,3198141.96197944,923370.899801219,-7.18398950994015e-06,0.4486848027893352,0.12954474660727533,-1.007881124361693e-12,-0.5497154438728507,3.46355073856879,0.018096552153157742,128988.86355938508,0.03964181102708413,282559.4682646347,0.14764129876043308,1052359.7633606042,3.039019614135092,0.16918655763435947,1205930.3680658536,2.6520121282863287
10,case_0010_steps_0200_mesh_21x21,39,200,21,21,0.19,-937054.60757981,-6.83299731463194e-06,3188262.55293899,0.000245869159698486,-92756325.293988,-0.000717818737030029,3188262.55293899,937054.60757981,-6.83299731463194e-06,0.4472987665377593,0.13146450870634863,-9.58638512306102e-13,-0.5481935023075398,3.4024298340237786,0.018096552153157742,128988.86355938508,0.03964181102708413,282559.4682646347,0.14956106085950638,1066043.4711391951,2.9907434727140623,0.17110631973343277,1219614.0758444448,2.6141569010110666
10,case_0010_steps_0200_mesh_21x21,40,200,21,21,0.195,-950543.643165251,-7.75931403040886e-06,3177743.61113549,0.00036543607711792,-92489071.5819157,-0.000709012150764465,3177743.61113549,950543.643165251,-7.75931403040886e-06,0.44582300674198877,0.133356959180225,-1.0885965435254504e-12,-0.5466140224396036,3.343080177311798,0.018096552153157742,128988.86355938508,0.03964181102708413,282559.4682646347,0.15145351133338275,1079532.506724636,2.9436293871103034,0.17299877020730914,1233103.1114298857,2.577029918812411
10,case_0010_steps_0200_mesh_21x21,41,200,21,21,0.2,-962706.600249804,-8.3948252722621e-06,3169496.88979983,0.0005531907081604,-92293827.6455633,-0.000543802976608276,3169496.88979983,962706.600249804,-8.3948252722621e-06,0.44466602916559034,0.13506336685871342,-1.1777558865474972e-12,-0.5454601231563568,3.2922770956150154,0.018096552153157742,128988.86355938508,0.03964181102708413,282559.4682646347,0.15315991901187118,1091695.4638091892,2.903279343802245,0.17470517788579756,1245266.0685144388,2.5452366927342163
10,case_0010_steps_0200_mesh_21x21,42,200,21,21,0.205,-972477.826877779,-1.00898323580623e-05,3165908.46850486,0.000809788703918457,-92234798.5283077,-0.000424176454544067,3165908.46850486,972477.826877779,-1.00898323580623e-05,0.4441625899436297,0.1364342256087951,-1.4155576880497901e-12,-0.5451112587697621,3.255507098469559,0.018096552153157742,128988.86355938508,0.03964181102708413,282559.4682646347,0.15453077776195284,1101466.6904371642,2.8742661906991795,0.17607603663587923,1255037.2951424136,2.5225612663132955
10,case_0010_steps_0200_mesh_21x21,43,200,21,21,0.21,-979210.501339645,-1.21364137157798e-05,3168445.97764443,0.00114864110946655,-92348781.1950556,-0.000301286578178406,3168445.97764443,979210.501339645,-1.21364137157798e-05,0.44451859095965696,0.13737878928016428,-1.7026837643142277e-12,-0.5457849007784212,3.235714867548623,0.018096552153157742,128988.86355938508,0.03964181102708413,282559.4682646347,0.15547534143332203,1108199.3648990302,2.859093839972659,0.17702060030724842,1261769.9696042798,2.5111122106021653
10,case_0010_steps_0200_mesh_21x21,44,200,21,21,0.215,-982919.036414937,-1.34890433400869e-05,3177496.76654816,0.00163006782531738,-92641120.5542734,-3.27229499816895e-05,3177496.76654816,982919.036414937,-1.34890433400869e-05,0.4457883755666681,0.13789907992037867,-1.892451561818004e-12,-0.547512637799956,3.2327146477268824,0.018096552153157742,128988.86355938508,0.03964181102708413,282559.4682646347,0.15599563207353642,1111907.8999743222,2.85769780628552,0.1775408909474628,1265478.5046795718,2.510905364886245
10,case_0010_steps_0200_mesh_21x21,45,200,21,21,0.22,-984247.289402957,-1.46215315908194e-05,3192150.832546,0.00226163864135742,-93081612.1857351,0.000301435589790344,3192150.832546,984247.289402957,-1.46215315908194e-05,0.4478442745200195,0.1380854277864425,-2.051334523700863e-12,-0.5501159605321019,3.243240664124515,0.018096552153157742,128988.86355938508,0.03964181102708413,282559.4682646347,0.15618197993960026,1113236.1529623421,2.867451640024111,0.17772723881352664,1266806.7576675918,2.519840388618779
10,case_0010_steps_0200_mesh_21x21,46,200,21,21,0.225,-984307.883800455,-1.40861375257373e-05,3210491.01488107,0.00313925743103027,-93613804.1635514,0.000894390046596527,3210491.01488107,984307.883800455,-1.40861375257373e-05,0.4504173188663806,0.1380939289054093,-1.976221166207107e-12,-0.5532612358898138,3.2616735756349184,0.018096552153157742,128988.86355938508,0.03964181102708413,282559.4682646347,0.15619048105856706,1113296.7473598402,2.8837693296910114,0.17773573993249345,1266867.3520650896,2.5341966620638905
10,case_0010_steps_0200_mesh_21x21,47,200,21,21,0.23,-984301.873371955,-1.16601586341858e-05,3229947.88664584,0.0043371319770813,-94166168.1929486,0.00169172137975693,3229947.88664584,984301.873371955,-1.16601586341858e-05,0.4531470296717352,0.13809308566956854,-1.6358673378069553e-12,-0.5565257288595841,3.2814606717966535,0.018096552153157742,128988.86355938508,0.03964181102708413,282559.4682646347,0.1561896378227263,1113290.73693134,2.90126179936503,0.17773489669665268,1266861.3416365897,2.5495670129717944
10,case_0010_steps_0200_mesh_21x21,48,200,21,21,0.235,-985265.353351084,-7.82508868724108e-06,3247833.13157447,0.00595492124557495,-94665272.7801394,0.00288531929254532,3247833.13157447,985265.353351084,-7.82508868724108e-06,0.4556562483646648,0.1382282575379741,-1.0978244293667141e-12,-0.5594754564474623,3.296404486900855,0.018096552153157742,128988.86355938508,0.03964181102708413,282559.4682646347,0.15632480969113186,1114254.216910469,2.91480443356979,0.17787006856505824,1267824.8216157188,2.5617365082310224
10,case_0010_steps_0200_mesh_21x21,49,200,21,21,0.24,-987844.947434154,-1.38790346682072e-06,3261829.37179711,0.00823056697845459,-95048570.9671311,0.00445232540369034,3261829.37179711,987844.947434154,-1.38790346682072e-06,0.4576198573472381,0.1385901628805757,-1.9471655752131143e-13,-0.5617407636908135,3.3019649290806656,0.018096552153157742,128988.86355938508,0.03964181102708413,282559.4682646347,0.15668671503373346,1116833.8109935392,2.9206040681158956,0.17823197390765985,1270404.4156987886,2.567551979109687
10,case_0010_steps_0200_mesh_21x21,50,200,21,21,0.245,-992336.151658097,7.75873195379972e-06,3270369.49391919,0.0112403035163879,-95275129.7634573,0.00670768320560455,3270369.49391919,992336.151658097,7.75873195379972e-06,0.4588179977223985,0.13922025845027308,1.0885148808188898e-12,-0.5630797350185693,3.295626676962964,0.018096552153157742,128988.86355938508,0.03964181102708413,282559.4682646347,0.15731681060343083,1121325.015217482,2.916522372672564,0.17886206947735722,1274895.6199227318,2.565205686499573
10,case_0010_steps_0200_mesh_21x21,51,200,21,21,0.25,-998711.950516981,1.66806858032942e-05,3272814.98541852,0.0152000784873962,-95330044.8205767,0.00960827618837357,3272814.98541852,998711.950516981,1.66806858032942e-05,0.45916108908111375,0.14011475409419136,2.3402245144269916e-12,-0.5634042851492077,3.2770359699053913,0.018096552153157742,128988.86355938508,0.03964181102708413,282559.4682646347,0.1582113062473491,1127700.8140763661,2.9022014922451675,0.1797565651212755,1281271.4187816158,2.5543494824310518
10,case_0010_steps_0200_mesh_21x21,52,200,21,21,0.255,-1006709.06040357,3.82188009098172e-05,3269560.80508859,0.021049439907074,-95226718.667496,0.014451265335083,3269560.80508859,1006709.06040357,3.82188009098172e-05,0.458704542349626,0.141236712317124,5.36192431509594e-12,-0.5627936235521926,3.247771311184869,0.018096552153157742,128988.86355938508,0.03964181102708413,282559.4682646347,0.15933326447028176,1135697.9239629551,2.8789000456033573,0.18087852334420815,1289268.5286682048,2.535981242376247
10,case_0010_steps_0200_mesh_21x21,53,200,21,21,0.26,-1015925.69316778,8.44947062432766e-05,3261800.55193848,0.0298975706100464,-95000676.6714941,0.0230263248085976,3261800.55193848,1015925.69316778,8.44947062432766e-05,0.45761581405186863,0.14252976406509324,1.1854223814393356e-11,-0.5614577065345216,3.210668431632819,0.018096552153157742,128988.86355938508,0.03964181102708413,282559.4682646347,0.160626316218251,1144914.5567271651,2.8489467032916522,0.18217157509217738,1298485.1614324148,2.512004487090363
10,case_0010_steps_0200_mesh_21x21,54,200,21,21,0.265,-1025776.82589725,0.000170759740285575,3251315.84046447,0.0436027646064758,-94705622.9228323,0.0379480123519897,3251315.84046447,1025776.82589725,0.000170759740285575,0.4561448566159743,0.1439118332785681,2.3956816584517794e-11,-0.5597139273654436,3.1696132710158804,0.018096552153157742,128988.86355938508,0.03964181102708413,282559.4682646347,0.16200838543172585,1154765.6894566352,2.815563252484881,0.18355364430565224,1308336.2941618846,2.485076547194046
10,case_0010_steps_0200_mesh_21x21,55,200,21,21,0.27,-1035523.88249086,0.000294046360068023,3240117.90480364,0.0635896325111389,-94398309.856907,0.0617012828588486,3240117.90480364,1035523.88249086,0.000294046360068023,0.4545738370635723,0.14527930108252185,4.125336981488595e-11,-0.5578976951529179,3.1289649225760265,0.018096552153157742,128988.86355938508,0.03964181102708413,282559.4682646347,0.1633758532356796,1164512.7460502451,2.782380799002297,0.184921112109606,1318083.3507554946,2.458204105944044
10,case_0010_steps_0200_mesh_21x21,56,200,21,21,0.275,-1044354.20681085,0.000513353385031223,3230566.60122286,0.0948677659034729,-94143213.6066388,0.102252669632435,3230566.60122286,1044354.20681085,0.000513353385031223,0.4532338325189113,0.14651815550899278,7.202115011223904e-11,-0.5563900663586894,3.093362941571384,0.018096552153157742,128988.86355938508,0.03964181102708413,282559.4682646347,0.16461470766215053,1173343.070370235,2.753300959286777,0.18615996653607692,1326913.6750754847,2.434647152942396
10,case_0010_steps_0200_mesh_21x21,57,200,21,21,0.28,-1051563.39900334,0.000898978556506336,3224287.51942219,0.145269691944122,-93984697.3141142,0.172873541712761,3224287.51942219,1051563.39900334,0.000898978556506336,0.45235290583931886,0.14752957245533613,1.2612261154543448e-10,-0.555453228883763,3.066184618519562,0.018096552153157742,128988.86355938508,0.03964181102708413,282559.4682646347,0.16562612460849388,1180552.262562725,2.731168811131627,0.18717138348242027,1334122.8672679747,2.4167845395116467
10,case_0010_steps_0200_mesh_21x21,58,200,21,21,0.285,-1056684.65400089,0.00169199809897691,3222303.52335384,0.231268405914307,-93948861.2509626,0.30352994799614,3222303.52335384,1056684.65400089,0.00169199809897691,0.4520745601951151,0.14824806128914242,2.3737965430699834e-10,-0.5552414363520329,3.0494466926848416,0.018096552153157742,128988.86355938508,0.03964181102708413,282559.4682646347,0.16634461344230017,1185673.517560275,2.717698823183871,0.18788987231622656,1339244.1222655247,2.4060613519086043
10,case_0010_steps_0200_mesh_21x21,59,200,21,21,0.29,-1059681.41141837,0.00259535596705973,3225006.9445177,0.353112399578094,-94042398.06975,0.488302230834961,3225006.9445177,1059681.41141837,0.00259535596705973,0.4524538379151736,0.14866849275430394,3.641166633915063e-10,-0.5557942426013454,3.043374083726796,0.018096552153157742,128988.86355938508,0.03964181102708413,282559.4682646347,0.1667650449074617,1188670.274977755,2.713121554737333,0.18831030378138808,1342240.8796830047,2.4027035633718334
10,case_0010_steps_0200_mesh_21x21,60,200,21,21,0.295,-1060959.8079249,0.00256206351332366,3231906.77470728,0.471141040325165,-94249026.0217029,0.640977583825588,3231906.77470728,1060959.8079249,0.00256206351332366,0.45342185277652,0.14884784598228382,3.5944588322710856e-10,-0.5570154218610528,3.046210375328422,0.018096552153157742,128988.86355938508,0.03964181102708413,282559.4682646347,0.16694439813544157,1189948.671484285,2.716005195985432,0.18848965700936796,1343519.2761895347,2.4055529622720084
10,case_0010_steps_0200_mesh_21x21,61,200,21,21,0.3,-1061229.26934302,-0.000167170539498329,3241868.25792245,0.492882966995239,-94532785.7221355,0.580500654876232,3241868.25792245,1061229.26934302,-0.000167170539498329,0.4548194036623229,0.1488856501963199,-2.3453268003328465e-11,-0.5586924527643454,3.0548236385615413,0.018096552153157742,128988.86355938508,0.03964181102708413,282559.4682646347,0.16698220234947767,1190218.132902405,2.723759761596806,0.18852746122340405,1343788.7376076546,2.4124835751294835
10,case_0010_steps_0200_mesh_21x21,62,200,21,21,0.305,-1061314.40770289,-0.00367984711192548,3253110.11360421,0.426579058170319,-94844812.2446032,0.40569768846035,3253110.11360421,1061314.40770289,-0.00367984711192548,0.4563965849943344,0.148897594721817,-5.162658491517592e-10,-0.5605365416889797,3.065170971008718,0.018096552153157742,128988.86355938508,0.03964181102708413,282559.4682646347,0.16699414687497474,1190303.271262275,2.7330094709009747,0.18853940574890113,1343873.8759675247,2.420695998173286
10,case_0010_steps_0200_mesh_21x21,63,200,21,21,0.31,-1061954.13706103,-0.00576107681263238,3263573.51861263,0.35322642326355,-95129152.5630679,0.29635975509882,3263573.51861263,1061954.13706103,-0.00576107681263238,0.4578645532298039,0.14898734584741052,-8.082529306892566e-10,-0.5622170040675006,3.0731774609820786,0.018096552153157742,128988.86355938508,0.03964181102708413,282559.4682646347,0.16708389800056828,1190943.000620415,2.740327217098123,0.18862915687449466,1344513.6053256646,2.4273265110040563
10,case_0010_steps_0200_mesh_21x21,64,200,21,21,0.315,-1063674.44053641,-0.00736857042647898,3271477.09378469,0.375126004219055,-95336710.011963,0.218086332082748,3271477.09378469,1063674.44053641,-0.00736857042647898,0.4589733889567869,0.14922869661756552,-1.0337769892483914e-09,-0.5634436766904102,3.0756375908918963,0.018096552153157742,128988.86355938508,0.03964181102708413,282559.4682646347,0.16732524877072327,1192663.3040957951,2.743001384003279,0.18887050764464966,1346233.9088010448,2.4300955966101503
10,case_0010_steps_0200_mesh_21x21,65,200,21,21,0.32,-1066744.15501532,-0.0123601377708837,3275672.41389453,0.641513347625732,-95438192.6498203,-0.16777965426445,3275672.41389453,1066744.15501532,-0.0123601377708837,0.45956197332811877,0.14965936362733667,-1.7340712338940316e-09,-0.5640434430405117,3.070719814581488,0.018096552153157742,128988.86355938508,0.03964181102708413,282559.4682646347,0.16775591578049442,1195733.018574705,2.7394680610217486,0.1893011746544208,1349303.6232799548,2.427676289738155
10,case_0010_steps_0200_mesh_21x21,66,200,21,21,0.325,-1071207.87077886,-0.00356097857002169,3275522.27172011,0.521197497844696,-95417620.8402944,0.43400726467371,3275522.27172011,1071207.87077886,-0.00356097857002169,0.4595409090624542,0.15028560269079336,-4.995891321967221e-10,-0.5639218628433977,3.057783984856762,0.018096552153157742,128988.86355938508,0.03964181102708413,282559.4682646347,0.1683821548439511,1200196.7343382451,2.7291544611026968,0.1899274137178775,1353767.3390434948,2.419560715679869
10,case_0010_steps_0200_mesh_21x21,67,200,21,21,0.33,-1076893.81108496,0.000105343060567975,3271098.14889422,0.717862844467163,-95279845.8724795,0.74217750877142,3271098.14889422,1076893.81108496,0.000105343060567975,0.4589202247084609,0.1510833143106163,1.477915330778888e-11,-0.5631076074069369,3.037530827295424,0.018096552153157742,128988.86355938508,0.03964181102708413,282559.4682646347,0.16917986646377406,1205882.674644345,2.712617253464543,0.19072512533770045,1359453.2793495946,2.4061865152579696
10,case_0010_steps_0200_mesh_21x21,68,200,21,21,0.335,-1083510.18821447,0.0384518635692075,3263673.16954199,21.2276687026024,-95060316.5294471,6.20646894723177,3263673.16954199,1083510.18821447,0.0384518635692075,0.4578785338029364,0.15201156199406082,5.39462194847472e-09,-0.5618101804224722,3.0121296551167998,0.018096552153157742,128988.86355938508,0.03964181102708413,282559.4682646347,0.17010811414721858,1212499.051773855,2.691691317009543,0.19165337302114496,1366069.6564791047,2.3890971840731394
10,case_0010_steps_0200_mesh_21x21,69,200,21,21,0.34,-1090607.56841246,-0.0018107914365828,3254703.10946971,0.972751200199127,-94800350.8338248,0.494881294667721,3254703.10946971,1090607.56841246,-0.0018107914365828,0.4566200750845972,0.15300729222502438,-2.5404582044034785e-10,-0.5602737730161707,2.9843026985475722,0.018096552153157742,128988.86355938508,0.03964181102708413,282559.4682646347,0.17110384437818213,1219596.431971845,2.66867221332183,0.19264910325210852,1373167.0366770946,2.370216457675619
10,case_0010_steps_0200_mesh_21x21,70,200,21,21,0.345,-1097664.12761445,0.132924750912935,3245149.73466907,38.1950079202652,-94530695.1325229,23.7584830373526,3245149.73466907,1097664.12761445,0.132924750912935,0.45527977995719,0.15399729545551152,1.8648739286194066e-08,-0.5586800972981496,2.956414127991724,0.018096552153157742,128988.86355938508,0.03964181102708413,282559.4682646347,0.17209384760866928,1226652.991173835,2.645531994801278,0.19363910648259566,1380223.5958790847,2.3511768269706956
10,case_0010_steps_0200_mesh_21x21,71,200,21,21,0.35,-1104066.71902559,-0.0107207512483001,3236704.30076157,1.84100651741028,-94296489.9802021,-0.575261607766151,3236704.30076157,1104066.71902559,-0.0107207512483001,0.4540949239088013,0.15489554997291577,-1.5040727449821607e-09,-0.5572959357080662,2.9316202046359754,0.018096552153157742,128988.86355938508,0.03964181102708413,282559.4682646347,0.17299210212607352,1233055.582584975,2.62494598497835,0.1945373609999999,1386626.1872902247,2.3342298958645866
10,case_0010_steps_0200_mesh_21x21,72,200,21,21,0.355,-1109328.75301479,-0.00141965073999017,3230593.68701101,-0.350938200950623,-94131908.8426086,-0.18196576833725,3230593.68701101,1109328.75301479,-0.00141965073999017,0.45323763253206234,0.1556337894603379,-1.9917055586487382e-10,-0.5563232547621019,2.9122058526215255,0.018096552153157742,128988.86355938508,0.03964181102708413,282559.4682646347,0.17373034161349565,1238317.616574175,2.60885708462139,0.19527560048742204,1391888.2212794246,2.3210151775272916
10,case_0010_steps_0200_mesh_21x21,73,200,21,21,0.36,-1113145.64670855,0.0129257115768269,3227599.53254254,-5.05451261997223,-94056069.5688631,0.706872351467609,3227599.53254254,1113145.64670855,0.0129257115768269,0.45281756624883374,0.1561692823229476,1.8134186720625908e-09,-0.5558750416946346,2.8995303014355756,0.018096552153157742,128988.86355938508,0.03964181102708413,282559.4682646347,0.17426583447610536,1242134.510267935,2.598429965403932,0.19581109335003175,1395705.1149731847,2.3125225363987805
10,case_0010_steps_0200_mesh_21x21,74,200,21,21,0.365,-1115482.3983893,-0.000103785656392574,3228140.86556815,-0.655980348587036,-94078903.1071596,-0.595158517360687,3228140.86556815,1115482.3983893,-0.000103785656392574,0.4528935128155361,0.1564971179786219,-1.4560656570117303e-11,-0.5560099887970469,2.893941554101993,0.018096552153157742,128988.86355938508,0.03964181102708413,282559.4682646347,0.17459367013177965,1244471.2619486852,2.593985867149144,0.19613892900570604,1398041.8666539348,2.309044487554842
10,case_0010_steps_0200_mesh_21x21,75,200,21,21,0.37,-1116606.73520708,0.000483328942209482,3231791.59244687,-0.78007036447525,-94185515.8403202,-0.890920072793961,3231791.59244687,1116606.73520708,0.000483328942209482,0.4534056932281287,0.15665485733145604,6.78088570475514e-11,-0.5566400742105931,2.8942970613978245,0.018096552153157742,128988.86355938508,0.03964181102708413,282559.4682646347,0.1747514094846138,1245595.598766465,2.594575314530149,0.19629666835854018,1399166.2034717146,2.3097982101253662
10,case_0010_steps_0200_mesh_21x21,76,200,21,21,0.375,-1116937.31404414,0.000489711645059288,3237637.20085488,-0.598735272884369,-94349281.8785179,-1.13641653954983,3237637.20085488,1116937.31404414,0.000489711645059288,0.4542258055580104,0.1567012360419936,6.870432129006289e-11,-0.5576079378873191,2.898674043874706,0.018096552153157742,128988.86355938508,0.03964181102708413,282559.4682646347,0.17479778819515135,1245926.177603525,2.5985786791014442,0.19634304706907774,1399496.7823087748,2.3134295425200566
10,case_0010_steps_0200_mesh_21x21,77,200,21,21,0.38,-1117073.18724843,0.0038844981463626,3244500.80058809,-0.797171533107758,-94536497.7354416,-1.0395330414176,3244500.80058809,1117073.18724843,0.0038844981463626,0.4551887374507567,0.1567202984359073,5.449774604931831e-10,-0.558714390907846,2.9044657392412496,0.018096552153157742,128988.86355938508,0.03964181102708413,282559.4682646347,0.17481685058906504,1246062.050807815,2.603803557362732,0.19636210946299143,1399632.6555130647,2.3181088179160483
10,case_0010_steps_0200_mesh_21x21,78,200,21,21,0.385,-1117533.24097658,0.00198380835354328,3250973.86245349,-1.17143428325653,-94708333.7257423,-1.34116395562887,3250973.86245349,1117533.24097658,0.00198380835354328,0.4560968786530699,0.15678484188605474,2.7831930866836376e-10,-0.559729948316431,2.909062337700629,0.018096552153157742,128988.86355938508,0.03964181102708413,282559.4682646347,0.1748813940392125,1246522.104535965,2.6080354697470125,0.19642665291313888,1400092.7092412147,2.3219704245266493
10,case_0010_steps_0200_mesh_21x21,79,200,21,21,0.39,-1118730.48375478,-0.00278381502721459,3255827.60682555,-1.03345823287964,-94831524.9329596,-2.0391478985548,3255827.60682555,1118730.48375478,-0.00278381502721459,0.4567778369601926,0.15695280961425875,-3.905566142269316e-10,-0.560458013158628,2.910287736057804,0.018096552153157742,128988.86355938508,0.03964181102708413,282559.4682646347,0.1750493617674165,1247719.347314165,2.6094230355841077,0.1965946206413429,1401289.9520194146,2.3234503338395744
10,case_0010_steps_0200_mesh_21x21,80,200,21,21,0.395,-1120891.87252497,-0.0075912456959486,3258126.90827315,-1.16951543092728,-94881048.0224528,-2.61184952408075,3258126.90827315,1120891.87252497,-0.0075912456959486,0.45710041851812044,0.1572560426494501,-1.0650173189635238e-09,-0.5607506965501737,2.906727212620207,0.018096552153157742,128988.86355938508,0.03964181102708413,282559.4682646347,0.17535259480260784,1249880.736084355,2.6067502396110678,0.19689785367653423,1403451.3407896047,2.32151041762522
10,case_0010_steps_0200_mesh_21x21,81,200,21,21,0.4,-1124069.95731356,-0.0097396852215752,3257492.84750488,-1.75607472658157,-94848018.4265206,-2.93805316835642,3257492.84750488,1124069.95731356,-0.0097396852215752,0.45701146266995923,0.15770191352184054,-1.3664336339115786e-09,-0.5605554903492329,2.897944942225869,0.018096552153157742,128988.86355938508,0.03964181102708413,282559.4682646347,0.1757984656749983,1253058.820872945,2.5996328290762465,0.19734372454892468,1406629.4255781947,2.315814519638595
10,case_0010_steps_0200_mesh_21x21,82,200,21,21,0.405,-1128179.6008606,-0.0100772869773209,3254169.19738489,-1.59264582395554,-94740548.7122717,-3.31439907103777,3254169.19738489,1128179.6008606,-0.0100772869773209,0.4565451696422084,0.15827847786024685,-1.4137976280678411e-09,-0.5599203401440112,2.8844425080036364,0.018096552153157742,128988.86355938508,0.03964181102708413,282559.4682646347,0.1763750300134046,1257168.464419985,2.588490953665668,0.197920288887331,1410739.0691252346,2.3067123244858614
10,case_0010_steps_0200_mesh_21x21,83,200,21,21,0.41,-1132979.45728232,-0.0542500021401793,3248379.87075356,-0.947298049926758,-94567042.6625907,-3.46758199483156,3248379.87075356,1132979.45728232,-0.0542500021401793,0.4557329533901651,0.1589518759325024,-7.611029091567213e-09,-0.5588949126193145,2.867112770557602,0.018096552153157742,128988.86355938508,0.03964181102708413,282559.4682646347,0.17704842808566015,1261968.320841705,2.5740581733358905,0.19859368695958654,1415538.9255469546,2.294800808461278
10,case_0010_steps_0200_mesh_21x21,84,200,21,21,0.415,-1138129.00944287,-0.0148793658008799,3241131.71394773,-1.212366938591,-94356410.2739487,-3.05581348389387,3241131.71394773,1138129.00944287,-0.0148793658008799,0.4547160698854075,0.1596743347298535,-2.087507493215242e-09,-0.5576500669825011,2.8477718141410957,0.018096552153157742,128988.86355938508,0.03964181102708413,282559.4682646347,0.17777088688301126,1267117.873002255,2.55787703970139,0.19931614575693765,1420688.4777075048,2.28138100984516
10,case_0010_steps_0200_mesh_21x21,85,200,21,21,0.42,-1143237.06937226,0.0151437125168741,3233774.37492612,-2.38852208852768,-94145866.8645514,-3.47885766625404,3233774.37492612,1143237.06937226,0.0151437125168741,0.4536838686112895,0.16039097235548158,2.1245941377557037e-09,-0.5564057472164963,2.828612246366148,0.018096552153157742,128988.86355938508,0.03964181102708413,282559.4682646347,0.17848752450863933,1272225.932931645,2.5418239726291336,0.20003278338256572,1425796.5376368947,2.268047571700346
10,case_0010_steps_0200_mesh_21x21,86,200,21,21,0.425,-1147859.87112656,0.0178584944223985,3226409.99606597,-3.87848806381226,-93942264.7342774,-2.44848700612783,3226409.99606597,1147859.87112656,0.0178584944223985,0.452650679679774,0.16103953046144462,2.5054657183100448e-09,-0.555202450680994,2.810804765654391,0.018096552153157742,128988.86355938508,0.03964181102708413,282559.4682646347,0.17913608261460237,1276848.734685945,2.5268537364056214,0.20068134148852876,1430419.3393911947,2.2555693335628226
10,case_0010_steps_0200_mesh_21x21,87,200,21,21,0.43,-1151657.56082471,-0.108808133518323,3221227.53887468,-8.563725233078,-93799681.6638504,-15.1980243697762,3221227.53887468,1151657.56082471,-0.108808133518323,0.4519236044559466,0.16157232909062583,-1.5265287316804312e-08,-0.5543597791704592,2.7970358971706286,0.018096552153157742,128988.86355938508,0.03964181102708413,282559.4682646347,0.17966888124378358,1280646.424384095,2.5153137333935667,0.20121414011770997,1434217.0290893447,2.245983329956692
10,case_0010_steps_0200_mesh_21x21,88,200,21,21,0.435,-1154436.68408231,0.0259561829734594,3218359.21113865,-6.08003455400467,-93722917.3307634,-8.8184100985527,3218359.21113865,1154436.68408231,0.0259561829734594,0.45152119109222605,0.161962227470869,3.6415346714009944e-09,-0.5539060989661833,2.787817864343944,0.018096552153157742,128988.86355938508,0.03964181102708413,282559.4682646347,0.18005877962402675,1283425.547641695,2.50763218563976,0.20160403849795314,1436996.1523469447,2.239643582818458
10,case_0010_steps_0200_mesh_21x21,89,200,21,21,0.44,-1156155.89059832,-0.270515882293694,3217909.1870381,-16.840372800827,-93714078.431626,-34.0766804665327,3217909.1870381,1156155.89059832,-0.270515882293694,0.45145805475331235,0.1622034243426028,-3.795215057408055e-08,-0.5538538607273428,2.7832831309390347,0.018096552153157742,128988.86355938508,0.03964181102708413,282559.4682646347,0.18029997649576054,1285144.754157705,2.5039274187810427,0.20184523536968693,1438715.3588629547,2.236654503765969
10,case_0010_steps_0200_mesh_21x21,90,200,21,21,0.445,-1156990.11085897,-0.11854145838879,3219726.56262589,-18.4005520939827,-93766540.0993156,-33.3540848195553,3219726.56262589,1156990.11085897,-0.11854145838879,0.45171302430028554,0.16232046165913924,-1.6630828622321287e-08,-0.5541639112307074,2.7828470895360615,0.018096552153157742,128988.86355938508,0.03964181102708413,282559.4682646347,0.180417013812297,1285978.9744183552,2.503716333373307,0.20196227268622338,1439549.5791236048,2.236620821761522
10,case_0010_steps_0200_mesh_21x21,91,200,21,21,0.45,-1157258.4105567,0.0879458968993276,3223228.94406295,-16.9071657657623,-93862843.5424654,-29.8864844962955,3223228.94406295,1157258.4105567,0.0879458968993276,0.45220439252066547,0.162358102889077,1.2338410200522452e-08,-0.5547330683379693,2.78522835924987,0.018096552153157742,128988.86355938508,0.03964181102708413,282559.4682646347,0.18045465504223476,1286247.2741160851,2.505917026162771,0.20199991391616115,1439817.8788213348,2.2386365605499727
10,case_0010_steps_0200_mesh_21x21,92,200,21,21,0.455,-1157342.86915354,-0.0679116677492857,3227488.19964392,-19.3177089095116,-93977147.9614011,-4.74986047297716,3227488.19964392,1157342.86915354,-0.0679116677492857,0.45280194674843155,0.162369952046906,-9.527698774298187e-09,-0.5554086119146148,2.78870530563207,0.018096552153157742,128988.86355938508,0.03964181102708413,282559.4682646347,0.18046650420006374,1286331.7327129252,2.509063655638051,0.20201176307399013,1439902.3374181748,2.241463268565135
10,case_0010_steps_0200_mesh_21x21,93,200,21,21,0.46,-1157621.93662119,0.140429965220392,3231544.65055024,-10.1792077422142,-94082689.0274073,-16.6552173346281,3231544.65055024,1157621.93662119,0.140429965220392,0.4533710484007548,0.16240910394609495,1.970168679179785e-08,-0.5560323637334565,2.791537157616686,0.018096552153157742,128988.86355938508,0.03964181102708413,282559.4682646347,0.1805056560992527,1286610.800180575,2.5116722555855233,0.2020509149731791,1440181.4048858248,2.2438455597240763
10,case_0010_steps_0200_mesh_21x21,94,200,21,21,0.465,-1158391.28591085,0.341231118305586,3234508.32489469,-0.447435617446899,-94154996.1497709,-0.819732837378979,3234508.32489469,1158391.28591085,0.341231118305586,0.4537868384609147,0.16251704015981247,4.7873177251882864e-08,-0.5564597016484144,2.7922415890338614,0.018096552153157742,128988.86355938508,0.03964181102708413,282559.4682646347,0.18061359231297022,1287380.149470235,2.5124733562388006,0.2021588511868966,1440950.7541754846,2.2447042798110632
10,case_0010_steps_0200_mesh_21x21,95,200,21,21,0.47,-1159855.26470874,0.213984139496461,3235695.96615616,1.68391460180283,-94176576.5502362,-4.5301087424159,3235695.96615616,1159855.26470874,0.213984139496461,0.4539534591398971,0.16272242974102183,3.0021003623801125e-08,-0.5565872426573404,2.7897411553058737,0.018096552153157742,128988.86355938508,0.03964181102708413,282559.4682646347,0.18081898189417958,1288844.128268125,2.5105409530818155,0.20236424076810597,1442414.7329733747,2.243249387425584
10,case_0010_steps_0200_mesh_21x21,96,200,21,21,0.475,-1162056.59445906,0.185151880956255,3234815.37611151,-0.43431156873703,-94139704.5734972,-3.12389420717955,3234815.37611151,1162056.59445906,0.185151880956255,0.45382991635311054,0.16303126631445694,2.5975968603192924e-08,-0.5563693278358823,2.7836986524888867,0.018096552153157742,128988.86355938508,0.03964181102708413,282559.4682646347,0.1811278184676147,1291045.4580184452,2.505578216491657,0.20267307734154108,1444616.0627236948,2.2392215202235493
10,case_0010_steps_0200_mesh_21x21,97,200,21,21,0.48,-1164931.0515339,-0.601018945220858,3231973.92684854,-40.8697350025177,-94048217.7598743,-71.7159580662847,3231973.92684854,1164931.0515339,-0.601018945220858,0.45343127391717486,0.16343453959659499,-8.432023034467428e-08,-0.5558286371970936,2.774390744064125,0.018096552153157742,128988.86355938508,0.03964181102708413,282559.4682646347,0.18153109174975274,1293919.915093285,2.497816046532935,0.20307635062367912,1447490.5197985347,2.2328118095712117
10,case_0010_steps_0200_mesh_21x21,98,200,21,21,0.485,-1168313.7413028,-1.01290861947928,3227429.71511827,-62.1637855768204,-93911185.570528,-121.910306230187,3227429.71511827,1168313.7413028,-1.01290861947928,0.45279374163490954,0.16390911561914184,-1.4210648231931121e-07,-0.5550187716103692,2.762468334506899,0.018096552153157742,128988.86355938508,0.03964181102708413,282559.4682646347,0.1820056677722996,1297302.604862185,2.487800227196126,0.20355092664622598,1450873.2095674346,2.2244739883786955
10,case_0010_steps_0200_mesh_21x21,99,200,21,21,0.49,-1171957.44204104,-1.06851206463762,3221862.83326151,-111.433610796928,-93748112.4856883,-137.581618271768,3221862.83326151,1171957.44204104,-1.06851206463762,0.45201273337519304,0.16442031029611257,-1.4990739332384835e-07,-0.5540550033150315,2.74912954829693,0.018096552153157742,128988.86355938508,0.03964181102708413,282559.4682646347,0.18251686244927032,1300946.305600425,2.4765532746369,0.2040621213231967,1454516.9103056747,2.21507416684789
10,case_0010_steps_0200_mesh_21x21,100,200,21,21,0.495,-1175580.73710393,-0.500425613194238,3216036.9891442,-66.506316781044,-93580893.039567,-128.529013872147,3216036.9891442,1175580.73710393,-0.500425613194238,0.45119539388559804,0.16492864214944097,-7.020744239502658e-08,-0.5530667298627077,2.735700652144897,0.018096552153157742,128988.86355938508,0.03964181102708413,282559.4682646347,0.18302519430259873,1304569.600663315,2.4652092057863295,0.2045704531765251,1458140.2053685647,2.2055745924180887
10,case_0010_steps_0200_mesh_21x21,101,200,21,21,0.5,-1178880.21030666,-0.307148828986101,3210802.0052175,-79.8973077833652,-93432637.347779,-141.740301825106,3210802.0052175,1178880.21030666,-0.307148828986101,0.4504609493991804,0.16539154326542502,-4.3091586739728954e-08,-0.5521905329385551,2.72360327804831,0.018096552153157742,128988.86355938508,0.03964181102708413,282559.4682646347,0.18348809541858277,1307869.073866045,2.4549873296769746,0.20503335429250916,1461439.6785712948,2.1970130223618836
10,case_0010_steps_0200_mesh_21x21,102,200,21,21,0.505,-1181609.40716715,-0.696242897538468,3206818.95374672,-116.585762888193,-93321284.4302403,-205.649819493294,3206818.95374672,1181609.40716715,-0.696242897538468,0.44990214535454676,0.16577443719874005,-9.767971868958928e-08,-0.5515324328503485,2.7139416242757495,0.018096552153157742,128988.86355938508,0.03964181102708413,282559.4682646347,0.1838709893518978,1310598.270726535,2.4468359415498147,0.2054162482258242,1464168.8754317847,2.190197461205441
10,case_0010_steps_0200_mesh_21x21,103,200,21,21,0.51,-1183617.82734061,-0.767891981115099,3204429.64160674,-176.424484819174,-93255659.6588898,-303.732201896608,3204429.64160674,1183617.82734061,-0.767891981115099,0.4495669357049834,0.16605620943404426,-1.0773175994254225e-07,-0.5511445878906571,2.7073178247125207,0.018096552153157742,128988.86355938508,0.03964181102708413,282559.4682646347,0.184152761587202,1312606.6908999952,2.4412717562864223,0.2056980204611284,1466177.2956052448,2.185567633063051
10,case_0010_steps_0200_mesh_21x21,104,200,21,21,0.515,-1184883.71129834,1.18163667747285,3203834.34390896,-237.497537106276,-93240419.0517758,-184.653703853488,3203834.34390896,1184883.71129834,1.18163667747285,0.4494834181396893,0.16623380720821457,1.6577826309886597e-07,-0.551054515307848,2.7039230207649227,0.018096552153157742,128988.86355938508,0.03964181102708413,282559.4682646347,0.18433035936137232,1313872.574857725,2.4384665645798207,0.2058756182352987,1467443.1795629747,2.1832765919175876
10,case_0010_steps_0200_mesh_21x21,105,200,21,21,0.52,-1185512.24925927,0.995589882368222,3204879.99212499,-197.486598014832,-93269914.1949305,-270.006558537483,3204879.99212499,1185512.24925927,0.995589882368222,0.449630117838819,0.16632198823157068,1.3967674210214278e-07,-0.5512288327549416,2.703371470119738,0.018096552153157742,128988.86355938508,0.03964181102708413,282559.4682646347,0.18441854038472844,1314501.112818655,2.4380960661591518,0.20596379925865482,1468071.7175239048,2.1830541068732257
10,case_0010_steps_0200_mesh_21x21,106,200,21,21,0.525,-1185715.17567283,0.234392590471543,3207101.89337071,-119.383351027966,-93330304.2340297,-429.760436136276,3207101.89337071,1185715.17567283,0.234392590471543,0.44994184049969677,0.16635045788643008,3.28842166737068e-08,-0.5515857402427421,2.704782699226946,0.018096552153157742,128988.86355938508,0.03964181102708413,282559.4682646347,0.18444701003958783,1314704.0392322151,2.4394097817206464,0.20599226891351421,1468274.6439374648,2.184265666245002
10,case_0010_steps_0200_mesh_21x21,107,200,21,21,0.53,-1185767.14293947,3.87093495490262,3209990.10442974,-248.596599638462,-93407132.3192294,-12.0016837380826,3209990.10442974,1185767.14293947,3.87093495490262,0.45034704340339554,0.16635774865809094,5.430746062866586e-07,-0.552039797224492,2.707099891866038,0.018096552153157742,128988.86355938508,0.03964181102708413,282559.4682646347,0.1844543008112487,1314756.006498855,2.441510127021835,0.20599955968517508,1468326.6112041047,2.186155368932107
10,case_0010_steps_0200_mesh_21x21,108,200,21,21,0.535,-1185951.28993104,2.4328806019621,3212839.89050953,-259.834519326687,-93480162.8849505,-239.843840733171,3212839.89050953,1185951.28993104,2.4328806019621,0.4507468554568952,0.16638358364527386,3.41322107047974e-07,-0.5524714107179252,2.7090825043044964,0.018096552153157742,128988.86355938508,0.03964181102708413,282559.4682646347,0.18448013579843162,1314940.153490425,2.4433354491314687,0.206025394672358,1468510.7581956747,2.187821827370929
10,case_0010_steps_0200_mesh_21x21,109,200,21,21,0.54,-1186477.60719743,3.44124752888456,3214916.57341819,-288.472102373838,-93530136.7599207,-118.343785755336,3214916.57341819,1186477.60719743,3.44124752888456,0.4510382046441437,0.16645742356910534,4.827914105136219e-07,-0.5527667582692318,2.7096310574391036,0.018096552153157742,128988.86355938508,0.03964181102708413,282559.4682646347,0.1845539757222631,1315466.470756815,2.4439365387766836,0.20609923459618948,1469037.0754620647,2.1884516239367096
10,case_0010_steps_0200_mesh_21x21,110,200,21,21,0.545,-1187495.56024468,5.06045019626617,3215788.54866369,-424.79920950532,-93545300.4214472,109.383561145514,3215788.54866369,1187495.56024468,5.06045019626617,0.45116053881370705,0.16660023776174718,7.099581961432442e-07,-0.5528563761006161,2.7080425867033022,0.018096552153157742,128988.86355938508,0.03964181102708413,282559.4682646347,0.18469678991490493,1316484.423804065,2.4427091506114946,0.20624204878883132,1470055.0285093146,2.1875293688322732
10,case_0010_steps_0200_mesh_21x21,111,200,21,21,0.55,-1189058.07059969,-0.77751498966245,3215234.00829408,-191.372443050146,-93520345.4284675,-392.08332118392,3215234.00829408,1189058.07059969,-0.77751498966245,0.4510827393165817,0.16681945087324399,-1.0908182436858665e-07,-0.5527088911182363,2.7040176487532754,0.018096552153157742,128988.86355938508,0.03964181102708413,282559.4682646347,0.18491600302640174,1318046.9341590751,2.4393926536048776,0.20646126190032812,1471617.5388643248,2.184829905449032
10,case_0010_steps_0200_mesh_21x21,112,200,21,21,0.555,-1191109.78039766,-5.43290583853377,3213187.63076799,-219.37238624692,-93454267.5780067,-798.103038109839,3213187.63076799,1191109.78039766,-5.43290583853377,0.4507956418369696,0.1671072964464009,-7.62212032397336e-07,-0.5523183684433216,2.697641882929754,0.018096552153157742,128988.86355938508,0.03964181102708413,282559.4682646347,0.18520384859955866,1320098.6439570452,2.434051156310819,0.20674910747348504,1473669.2486622948,2.180399457805557
10,case_0010_steps_0200_mesh_21x21,113,200,21,21,0.56,-1193540.79489086,-2.13557638425846,3209914.77411402,-107.263288974762,-93355495.2218903,-394.133778635412,3209914.77411402,1193540.79489086,-2.13557638425846,0.4503364749019798,0.1674483567468587,-2.996116745923015e-07,-0.5517346199640777,2.689405161394204,0.018096552153157742,128988.86355938508,0.03964181102708413,282559.4682646347,0.18554490890001646,1322529.6584502452,2.42710229869282,0.20709016777394285,1476100.2631554948,2.1745912891121018
10,case_0010_steps_0200_mesh_21x21,114,200,21,21,0.565,-1196156.23149772,-2.85286800510949,3205816.6216043,-221.6452691257,-93235788.3014541,-497.183153878897,3205816.6216043,1196156.23149772,-2.85286800510949,0.44976152270395847,0.16781529063288,-4.0024443363492714e-07,-0.5510271473927314,2.680098583435262,0.018096552153157742,128988.86355938508,0.03964181102708413,282559.4682646347,0.18591184278603776,1325145.095057105,2.419219324406246,0.20745710165996414,1478715.6997623546,2.167973615292993
10,case_0010_steps_0200_mesh_21x21,115,200,21,21,0.57,-1198746.80297106,-1.83039499266306,3201495.95053266,-122.431171923876,-93111916.9881371,-449.184627242386,3201495.95053266,1198746.80297106,-1.83039499266306,0.44915535216158,0.16817873605351663,-2.567961103894523e-07,-0.550295063096944,2.670702389026476,0.018096552153157742,128988.86355938508,0.03964181102708413,282559.4682646347,0.18627528820667438,1327735.666530445,2.4112449723510156,0.20782054708060077,1481306.2712356946,2.161265372799641
10,case_0010_steps_0200_mesh_21x21,116,200,21,21,0.575,-1201114.17611073,-1.15306507679634,3197537.32571059,-203.480620473623,-93000204.6233569,-395.226948779076,3197537.32571059,1201114.17611073,-1.15306507679634,0.44859997506490223,0.1685108677609047,-1.617697971935623e-07,-0.5496348386615125,2.662142691600212,0.018096552153157742,128988.86355938508,0.03964181102708413,282559.4682646347,0.18660741991406246,1330103.039670115,2.403977158418964,0.20815267878798885,1483673.6443753648,2.155148699872452
10,case_0010_steps_0200_mesh_21x21,117,200,21,21,0.58,-1203055.58756063,0.356589609989896,3194434.24658104,-22.522459924221,-92913806.5143123,-334.445898722857,3194434.24658104,1203055.58756063,0.356589609989896,0.44816462714606875,0.1687832389764064,5.002790393207411e-08,-0.5491242224653686,2.6552673705279233,0.018096552153157742,128988.86355938508,0.03964181102708413,282559.4682646347,0.18687979112956415,1332044.451120015,2.398143878678435,0.20842505000349054,1485615.0558252647,2.15024358702835
10,case_0010_steps_0200_mesh_21x21,118,200,21,21,0.585,-1204485.34722339,1.57278378756018,3192514.04517072,-110.18705162406,-92861005.3718859,-307.08127835393,3192514.04517072,1204485.34722339,1.57278378756018,0.4478952316028603,0.16898382776825743,2.2065442745853935e-07,-0.5488121656530615,2.6505212807529657,0.018096552153157742,128988.86355938508,0.03964181102708413,282559.4682646347,0.18708037992141519,1333474.210782775,2.3941325744100093,0.20862563879534157,1487044.8154880246,2.1468848900313655
10,case_0010_steps_0200_mesh_21x21,119,200,21,21,0.59,-1205382.36942703,1.32685209513875,3191890.51895183,16.2058648169041,-92844231.3942559,-433.986402586102,3191890.51895183,1205382.36942703,1.32685209513875,0.44780775370416703,0.16910967591237447,1.8615132715042795e-07,-0.5487130307906629,2.6480315291728322,0.018096552153157742,128988.86355938508,0.03964181102708413,282559.4682646347,0.18720622806553222,1334371.232986415,2.3920558537582965,0.2087514869394586,1487941.8376916647,2.145171563899033
10,case_0010_steps_0200_mesh_21x21,120,200,21,21,0.595,-1205828.49628613,3.01810292643495,3192469.73190331,-149.767119526863,-92860406.8301936,-242.416215520352,3192469.73190331,1205828.49628613,3.01810292643495,0.4478890146525544,0.16917226548600003,4.234261431932291e-07,-0.5488086282483018,2.6475321670833787,0.018096552153157742,128988.86355938508,0.03964181102708413,282559.4682646347,0.1872688176391578,1334817.359845515,2.391690300066812,0.20881407651308417,1488387.9645507648,2.144917728400795
10,case_0010_steps_0200_mesh_21x21,121,200,21,21,0.6,-1205957.41049883,3.41589349461719,3193864.33235987,-151.838634938002,-92898275.2310058,-173.62812808156,3193864.33235987,1205957.41049883,3.41589349461719,0.44808467076734243,0.16919035156497642,4.792343545728881e-07,-0.5490324319749181,2.6484055776387376,0.018096552153157742,128988.86355938508,0.03964181102708413,282559.4682646347,0.18728690371813417,1334946.274058215,2.392504023888972,0.20883216259206056,1488516.8787634647,2.1456688721011115
10,case_0010_steps_0200_mesh_21x21,122,200,21,21,0.605,-1205961.16165813,2.60803732095519,3195714.08671391,-74.7626353502274,-92946913.0462496,-136.899761691689,3195714.08671391,1205961.16165813,2.60803732095519,0.4483441829082724,0.1691908778356019,3.658957997898682e-07,-0.549319883361102,2.649931182128602,0.018096552153157742,128988.86355938508,0.03964181102708413,282559.4682646347,0.18728742998875966,1334950.025217515,2.393882936698851,0.20883268886268605,1488520.6299227646,2.1469061445790825
10,case_0010_steps_0200_mesh_21x21,123,200,21,21,0.61,-1206044.08657854,1.59701896551996,3197650.58658963,-148.222878336906,-92995771.447114,-74.6817646063864,3197650.58658963,1206044.08657854,1.59701896551996,0.4486158650522074,0.16920251182558824,2.2405451293714582e-07,-0.5496086384169122,2.6513546413225524,0.018096552153157742,128988.86355938508,0.03964181102708413,282559.4682646347,0.187299063978746,1335032.950137925,2.395184767731219,0.20884432285267238,1488603.5548431748,2.1480874314629084
10,case_0010_steps_0200_mesh_21x21,124,200,21,21,0.615,-1206365.97217555,-1.54707594501087,3198985.13012147,-155.54803621769,-93027221.9342495,-220.222923826426,3198985.13012147,1206365.97217555,-1.54707594501087,0.4488030954530201,0.16924767091400023,-2.170477338215761e-07,-0.5497945120232397,2.6517534511956167,0.018096552153157742,128988.86355938508,0.03964181102708413,282559.4682646347,0.18734422306715798,1335354.835734935,2.3956068039105536,0.20888948194108437,1488925.4404401847,2.148519357138343
10,case_0010_steps_0200_mesh_21x21,125,200,21,21,0.62,-1207026.89121417,-5.77151188335847,3199390.46868696,-294.475892543793,-93032205.4330003,-494.848645176739,3199390.46868696,1207026.89121417,-5.77151188335847,0.44885996261416616,0.16934039485559768,-8.097169237535077e-07,-0.5498239646953382,2.650637274094727,0.018096552153157742,128988.86355938508,0.03964181102708413,282559.4682646347,0.18743694700875543,1336015.754773555,2.39472510504132,0.20898220588268182,1489586.3594788047,2.147838188989864
10,case_0010_steps_0200_mesh_21x21,126,200,21,21,0.625,-1208075.40093056,-7.88365788914962,3198950.7030895,-123.578018039465,-93012301.2190815,-615.940520782024,3198950.7030895,1208075.40093056,-7.88365788914962,0.4487982654966786,0.1694874960102412,-1.106041422583487e-06,-0.5497063300143152,2.6479727181146164,0.018096552153157742,128988.86355938508,0.03964181102708413,282559.4682646347,0.18758404816339896,1337064.264489945,2.3925182865535755,0.20912930703732535,1490634.8691951947,2.1460323847225165
10,case_0010_steps_0200_mesh_21x21,127,200,21,21,0.63,-1209486.24390899,-8.83236255089287,3197367.9932715,-109.047582864761,-92961167.8419965,-777.653427537531,3197367.9932715,1209486.24390899,-8.83236255089287,0.4485762184921978,0.16968543087713242,-1.2391403810162552e-06,-0.5494041297602604,2.6435753274363756,0.018096552153157742,128988.86355938508,0.03964181102708413,282559.4682646347,0.18778198303029017,1338475.107468375,2.3888139386611984,0.20932724190421656,1492045.7121736247,2.142942382518259
10,case_0010_steps_0200_mesh_21x21,128,200,21,21,0.635,-1211163.70814871,-6.20198501937557,3194930.67897636,-284.329379528761,-92887304.5180582,-642.518872644752,3194930.67897636,1211163.70814871,-6.20198501937557,0.44823427435811886,0.1699207714969463,-8.701103510735363e-07,-0.5489675946332652,2.637901596192872,0.018096552153157742,128988.86355938508,0.03964181102708413,282559.4682646347,0.18801732365010404,1340152.571708095,2.3840051845024277,0.20956258252403043,1493723.1764133447,2.138904135268137
10,case_0010_steps_0200_mesh_21x21,129,200,21,21,0.64,-1212997.63375133,-3.88110206322744,3191967.52925389,-102.951968580484,-92799973.9625348,-596.123702190816,3191967.52925389,1212997.63375133,-3.88110206322744,0.44781855790004177,0.17017806293588933,-5.445010054421346e-07,-0.5484514676420428,2.6314705325371293,0.018096552153157742,128988.86355938508,0.03964181102708413,282559.4682646347,0.18827461508904708,1341986.497310715,2.3785392294560785,0.20981987396297347,1495557.1020159647,2.134300004293528
10,case_0010_steps_0200_mesh_21x21,130,200,21,21,0.645,-1214827.35107587,-1.37208938458934,3188823.60310578,-54.4419035315514,-92709140.5225033,-549.828911602497,3188823.60310578,1214827.35107587,-1.37208938458934,0.44737747932988486,0.17043476397251667,-1.924979135550225e-07,-0.5479146384666772,2.624919170844901,0.018096552153157742,128988.86355938508,0.03964181102708413,282559.4682646347,0.18853131612567442,1343816.214635255,2.3729611001689737,0.2100765749996008,1497386.8193405047,2.1295924085335787
10,case_0010_steps_0200_mesh_21x21,131,200,21,21,0.65,-1216485.30687054,3.89694144652458,3185907.28516664,-149.307008177042,-92626421.7513931,-233.824095133692,3185907.28516664,1216485.30687054,3.89694144652458,0.4469683331584672,0.1706673676460273,5.46723199033123e-07,-0.5474257673013119,2.618944320307922,0.018096552153157742,128988.86355938508,0.03964181102708413,282559.4682646347,0.18876391979918505,1345474.170429925,2.3678695252459834,0.21030917867311144,1499044.7751351746,2.125291611039006
10,case_0010_steps_0200_mesh_21x21,132,200,21,21,0.655,-1217856.2212077,7.12104889773764,3183590.29674787,-178.695728093386,-92561542.3540605,-87.0865058153868,3183590.29674787,1217856.2212077,7.12104889773764,0.4466432701987549,0.17085970070576084,9.99050842119924e-07,-0.5470423275311547,2.614093717557914,0.018096552153157742,128988.86355938508,0.03964181102708413,282559.4682646347,0.1889562528589186,1346845.084767085,2.363739031871227,0.21050151173284498,1500415.6894723347,2.1218055230197392
10,case_0010_steps_0200_mesh_21x21,133,200,21,21,0.66,-1218862.95869806,8.36135689681396,3182052.4358125,-158.575391203165,-92519197.8684182,-8.49031938239932,3182052.4358125,1218862.95869806,8.36135689681396,0.44642751528896446,0.1710009414066718,1.173060425365301e-06,-0.546792069968513,2.6106728513691477,0.018096552153157742,128988.86355938508,0.03964181102708413,282559.4682646347,0.18909749355982955,1347851.822257445,2.360832536089205,0.21064275243375594,1501422.4269626946,2.1193585353920943
10,case_0010_steps_0200_mesh_21x21,134,200,21,21,0.665,-1219485.1243466,7.49832430714741,3181499.59771574,19.7871147692204,-92504022.2542863,-37.3578440956771,3181499.59771574,1219485.1243466,7.49832430714741,0.4463499546129945,0.17108822842351976,1.0519808698299875e-06,-0.5467023814967644,2.608887582306826,0.018096552153157742,128988.86355938508,0.03964181102708413,282559.4682646347,0.1891847805766775,1348473.987905985,2.3593333102822545,0.2107300394506039,1502044.5926112346,2.1181126135442163
10,case_0010_steps_0200_mesh_21x21,135,200,21,21,0.67,-1219792.34241995,4.54024136305088,3181817.9413473,-45.8651776909828,-92512566.8401693,-234.052621606737,3181817.9413473,1219792.34241995,4.54024136305088,0.44639461677972875,0.1711313297249295,6.369752577636086e-07,-0.5467528803327858,2.608491487194354,0.018096552153157742,128988.86355938508,0.03964181102708413,282559.4682646347,0.18922788187808726,1348781.2059793351,2.359031937308926,0.21077314075201364,1502351.8106845848,2.117891374522605
10,case_0010_steps_0200_mesh_21x21,136,200,21,21,0.675,-1219867.72901151,4.66621157835471,3182791.89085514,-58.157296538353,-92538510.8403609,-18.8837214075029,3182791.89085514,1219867.72901151,4.66621157835471,0.44653125747549743,0.1711419061215902,6.546483072663723e-07,-0.546906210386384,2.6091286908903126,0.018096552153157742,128988.86355938508,0.03964181102708413,282559.4682646347,0.18923845827474794,1348856.592570895,2.359622148407044,0.21078371714867433,1502427.1972761448,2.1184333567879
10,case_0010_steps_0200_mesh_21x21,137,200,21,21,0.68,-1219853.49770049,0.838933686725795,3184109.18862518,-80.8280054628849,-92572671.9067338,-157.210068941116,3184109.18862518,1219853.49770049,0.838933686725795,0.44671606837419797,0.1711399095332416,1.176985888234042e-07,-0.5471081036217852,2.6102390120022205,0.018096552153157742,128988.86355938508,0.03964181102708413,282559.4682646347,0.18923646168639935,1348842.3612598751,2.360623657794295,0.21078172056032574,1502412.9659651248,2.1193302113042947
10,case_0010_steps_0200_mesh_21x21,138,200,21,21,0.685,-1219880.84444906,-2.11656155029777,3185482.27833135,-115.952204167843,-92606872.440774,-257.758201897144,3185482.27833135,1219880.84444906,-2.11656155029777,0.4469087066283309,0.17114374615795525,-2.96943979684711e-07,-0.5473102301126402,2.6113060901206486,0.018096552153157742,128988.86355938508,0.03964181102708413,282559.4682646347,0.189240298311113,1348869.708008445,2.361593754695992,0.21078555718503938,1502440.3127136948,2.1202055425268505
10,case_0010_steps_0200_mesh_21x21,139,200,21,21,0.69,-1220088.53598004,-5.02249983197544,3186409.53244178,-324.157134205103,-92628710.6102361,-352.734523173422,3186409.53244178,1220088.53598004,-5.02249983197544,0.44703879617176573,0.1711728843371626,-7.046339322675311e-07,-0.5474392945463968,2.6116215655467054,0.018096552153157742,128988.86355938508,0.03964181102708413,282559.4682646347,0.18926943649032035,1349077.399539425,2.361917510092171,0.21081469536424674,1502648.0042446747,2.120529574085762
10,case_0010_steps_0200_mesh_21x21,140,200,21,21,0.695,-1220529.83419615,-7.07676679117139,3186810.42482796,-116.456903666258,-92634622.3666537,-360.162603281438,3186810.42482796,1220529.83419615,-7.07676679117139,0.44709503955413316,0.17123479647409104,-9.928382635389919e-07,-0.5474742332575314,2.611005757943489,0.018096552153157742,128988.86355938508,0.03964181102708413,282559.4682646347,0.1893313486272488,1349518.6977555351,2.3614422164940243,0.21087660750117518,1503089.3024607848,2.1201737113095467
10,case_0010_steps_0200_mesh_21x21,141,200,21,21,0.7,-1221260.48944216,-8.33362145203864,3186449.83514648,-67.4788369238377,-92619314.2569409,-422.359920132905,3186449.83514648,1221260.48944216,-8.33362145203864,0.44704445045832497,0.17133730408909384,-1.1691692683381166e-06,-0.5473837617317291,2.609148386190703,0.018096552153157742,128988.86355938508,0.03964181102708413,282559.4682646347,0.1894338562422516,1350249.353001545,2.359897324196558,0.21097911511617798,1503819.9577067946,2.1189038081430716
10,case_0010_steps_0200_mesh_21x21,142,200,21,21,0.705,-1222247.35320681,-6.70096646889579,3185297.83988244,-41.6769942045212,-92582599.7545741,-234.958267174661,3185297.83988244,1222247.35320681,-6.70096646889579,0.4468828307510059,0.17147575659648284,-9.401151838593037e-07,-0.5471667775899561,2.6060991922176595,0.018096552153157742,128988.86355938508,0.03964181102708413,282559.4682646347,0.1895723087496406,1351236.2167661951,2.357321244323629,0.21111756762356698,1504806.8214714448,2.1167486712797867
10,case_0010_steps_0200_mesh_21x21,143,200,21,21,0.71,-1223424.5610857,-4.98706725804368,3183511.3767117,-439.783964544535,-92528813.5587232,-196.696135077626,3183511.3767117,1223424.5610857,-4.98706725804368,0.4466321980758517,0.1716409135192402,-6.996629029524188e-07,-0.5468488990734683,2.602131327073053,0.018096552153157742,128988.86355938508,0.03964181102708413,282559.4682646347,0.18973746567239796,1352413.4246450851,2.3539483701495727,0.21128272454632435,1505984.0293503348,2.1139077936205157
10,case_0010_steps_0200_mesh_21x21,144,200,21,21,0.715,-1224709.16396499,-3.7257356964983,3181261.30613104,-41.1266467273235,-92463049.1452101,-235.314094133675,3181261.30613104,1224709.16396499,-3.7257356964983,0.4463165233851258,0.1718211374731513,-5.227038093061589e-07,-0.5464602288231466,2.5975647114713523,0.018096552153157742,128988.86355938508,0.03964181102708413,282559.4682646347,0.18991768962630906,1353698.0275243751,2.3500524056675243,0.21146294850023545,1507268.6322296248,2.1106133559119877
10,case_0010_steps_0200_mesh_21x21,145,200,21,21,0.72,-1225976.43052101,0.202747632749379,3179003.02445767,-56.3422639667988,-92397312.2581384,-25.8904011137784,3179003.02445767,1225976.43052101,0.202747632749379,0.44599969671535783,0.1719989292195869,2.8444572723049274e-08,-0.5460717212551677,2.5930376354027227,0.018096552153157742,128988.86355938508,0.03964181102708413,282559.4682646347,0.19009548137274465,1354965.294080395,2.3461877867619005,0.21164074024667104,1508535.8987856447,2.1073433035413567
10,case_0010_steps_0200_mesh_21x21,146,200,21,21,0.725,-1227146.69272771,3.20478239841759,3176968.27475582,67.7996798157692,-92338729.7359725,65.5347839556634,3176968.27475582,1227146.69272771,3.20478239841759,0.4457142305667148,0.17216311169605833,4.496164258845909e-07,-0.5457254962629814,2.5889066837592445,0.018096552153157742,128988.86355938508,0.03964181102708413,282559.4682646347,0.19025966384921608,1356135.556287095,2.3426627670274383,0.21180492272314247,1509706.1609923446,2.104361998938633
10,case_0010_steps_0200_mesh_21x21,147,200,21,21,0.73,-1228115.35993266,4.95911463478114,3175250.83165925,-88.3882085084915,-92290462.7058702,99.6699338704348,3175250.83165925,1228115.35993266,4.95911463478114,0.4454732810947252,0.1722990113087048,6.957412767691225e-07,-0.5454402362314535,2.5854662642061212,0.018096552153157742,128988.86355938508,0.03964181102708413,282559.4682646347,0.19039556346186257,1357104.223492045,2.3397251122605933,0.21194082233578895,1510674.8281972946,2.1018757792160425
10,case_0010_steps_0200_mesh_21x21,148,200,21,21,0.735,-1228819.47365201,6.77092744992115,3174134.48561401,81.6286920905113,-92259499.5464933,214.662846367806,3174134.48561401,1228819.47365201,6.77092744992115,0.44531666281101306,0.17239779526797358,9.499303919856132e-07,-0.5452572427511974,2.5830763213579204,0.018096552153157742,128988.86355938508,0.03964181102708413,282559.4682646347,0.19049434742113133,1357808.3372113951,2.3376896419217035,0.21203960629505772,1511378.9419166448,2.100157940263977
10,case_0010_steps_0200_mesh_21x21,149,200,21,21,0.74,-1229265.90197052,6.07720476808026,3173747.43384478,-49.5624263286591,-92248443.260119,185.161291144788,3173747.43384478,1229265.90197052,6.07720476808026,0.44526236120438933,0.1724604271349862,8.526042481206244e-07,-0.5451918996672531,2.5818233701571365,0.018096552153157742,128988.86355938508,0.03964181102708413,282559.4682646347,0.19055697928814394,1358254.765529905,2.336636332438403,0.21210223816207033,1511825.3702351546,2.0992817664854533
10,case_0010_steps_0200_mesh_21x21,150,200,21,21,0.745,-1229469.46770885,4.67362836428219,3173914.69172488,-16.6759453117847,-92252984.1286449,91.0971041359007,3173914.69172488,1229469.46770885,4.67362836428219,0.44528582672588274,0.17248898648420932,6.556888486715896e-07,-0.5452187363774488,2.5815319331512616,0.018096552153157742,128988.86355938508,0.03964181102708413,282559.4682646347,0.19058553863736707,1358458.331268235,2.336409309486706,0.21213079751129346,1512028.9359734848,2.0991097565744856
10,case_0010_steps_0200_mesh_21x21,151,200,21,21,0.75,-1229521.20713878,4.72582949942444,3174579.028376,80.9212040603161,-92270769.4709916,249.82027746737,3174579.028376,1229521.20713878,4.72582949942444,0.4453790301430034,0.1724962452914138,6.630124310219438e-07,-0.5453238484447916,2.581963621240471,0.018096552153157742,128988.86355938508,0.03964181102708413,282559.4682646347,0.19059279744457155,1358510.070698165,2.3368093449204403,0.21213805631849794,1512080.6754034148,2.0994772832005406
10,case_0010_steps_0200_mesh_21x21,152,200,21,21,0.755,-1229496.48495191,0.0891968790674582,3175523.4982523,-23.2173989713192,-92295325.2695857,-83.6728504635394,3175523.4982523,1229496.48495191,0.0891968790674582,0.44551153498025764,0.17249277688079534,1.2513917321242399e-08,-0.545468974172774,2.582783714405256,0.018096552153157742,128988.86355938508,0.03964181102708413,282559.4682646347,0.1905893290339531,1358485.3485112952,2.3375471084264676,0.21213458790787948,1512055.9532165448,2.1001362360282485
10,case_0010_steps_0200_mesh_21x21,153,200,21,21,0.76,-1229506.79778344,-2.08082378120162,3176439.16565437,106.015677034855,-92318511.806192,-141.444353017956,3176439.16565437,1229506.79778344,-2.08082378120162,0.44563999896109485,0.17249422372425513,-2.919301328731353e-07,-0.5456060075089729,2.583506794253491,0.018096552153157742,128988.86355938508,0.03964181102708413,282559.4682646347,0.19059077587741288,1358495.661342825,2.3382033936822233,0.21213603475133927,1512066.2660480747,2.100727485942986
10,case_0010_steps_0200_mesh_21x21,154,200,21,21,0.765,-1229622.37630421,-3.96086059871595,3177086.12849469,-14.4746508300304,-92333587.7613671,-177.380622241646,3177086.12849469,1229622.37630421,-3.96086059871595,0.4457307649114098,0.17251043886617656,-5.556907659943143e-07,-0.5456951069923976,2.5837901047668277,0.018096552153157742,128988.86355938508,0.03964181102708413,282559.4682646347,0.19060699101933432,1358611.239863595,2.3384806744375752,0.2121522498932607,1512181.8445688447,2.1009947579423196
10,case_0010_steps_0200_mesh_21x21,155,200,21,21,0.77,-1229901.89962446,-4.44536961603444,3177295.69232173,-2.26583415269852,-92336115.7188316,-145.326751478016,3177295.69232173,1229901.89962446,-4.44536961603444,0.44576016576525707,0.17254965471941647,-6.236651822239959e-07,-0.5457100473196665,2.5833732700891754,0.018096552153157742,128988.86355938508,0.03964181102708413,282559.4682646347,0.19064620687257422,1358890.763183845,2.3381538666709387,0.2121914657465006,1512461.3678890946,2.100745023825768
10,case_0010_steps_0200_mesh_21x21,156,200,21,21,0.775,-1230379.65537698,-5.87249803135637,3176992.33481515,-66.9960862100124,-92324074.9480721,-266.575417280197,3176992.33481515,1230379.65537698,-5.87249803135637,0.44571760608384436,0.17261668168324404,-8.238848220011664e-07,-0.5456388858945862,2.582123591633788,0.018096552153157742,128988.86355938508,0.03964181102708413,282559.4682646347,0.1907132338364018,1359368.5189363651,2.337108952104453,0.21225849271032818,1512939.1236416148,2.0998811420569203
10,case_0010_steps_0200_mesh_21x21,157,200,21,21,0.78,-1231035.78280399,-4.98680620046798,3176225.79961758,111.530721515417,-92298684.1178552,-202.073253892362,3176225.79961758,1231035.78280399,-4.98680620046798,0.44561006467447556,0.17270873338347886,-6.996262777593341e-07,-0.545488825097126,2.5801246754850102,0.018096552153157742,128988.86355938508,0.03964181102708413,282559.4682646347,0.19080528553663662,1360024.646363375,2.3354178235744616,0.212350544410563,1513595.2510686247,2.0984644325324813
10,case_0010_steps_0200_mesh_21x21,158,200,21,21,0.785,-1231853.71666864,-3.25503444758942,3174957.03757179,98.1124131083488,-92260096.2693223,-6.85952073708177,3174957.03757179,1231853.71666864,-3.25503444758942,0.44543206311761235,0.17282348579257084,-4.566665603190446e-07,-0.5452607694064039,2.5773815466969374,0.018096552153157742,128988.86355938508,0.03964181102708413,282559.4682646347,0.1909200379457286,1360842.580228025,2.333081786020973,0.21246529681965498,1514413.1849332748,2.0964932616534764
10,case_0010_steps_0200_mesh_21x21,159,200,21,21,0.79,-1232732.4047711,-3.67442921694601,3173444.48068496,81.20658659935,-92214841.9226384,-193.227747231722,3173444.48068496,1232732.4047711,-3.67442921694601,0.4452198582509919,0.17294676174549994,-5.155057430747631e-07,-0.5449933144514489,2.574317401248344,0.018096552153157742,128988.86355938508,0.03964181102708413,282559.4682646347,0.1910433138986577,1361721.268330485,2.330465532476927,0.21258857277258408,1515291.8730357348,2.094279351163735
10,case_0010_steps_0200_mesh_21x21,160,200,21,21,0.795,-1233634.43859033,0.222131019749213,3171805.76272523,81.7171386778355,-92167393.3574433,70.9523627832532,3171805.76272523,1233634.43859033,0.222131019749213,0.4449899535584142,0.1730733129965395,3.116397394938727e-08,-0.5447128915794633,2.5711066937703535,0.018096552153157742,128988.86355938508,0.03964181102708413,282559.4682646347,0.19116986514969725,1362623.3021497151,2.3277201833561003,0.21271512402362364,1516193.9068549648,2.0919525849464033
10,case_0010_steps_0200_mesh_21x21,161,200,21,21,0.8,-1234462.4194406,1.84784504363779,3170177.9044637,51.7885209321976,-92121701.6882262,77.2456013262272,3170177.9044637,1234462.4194406,1.84784504363779,0.4447615724322082,0.1731894749521166,2.5924427334573786e-07,-0.5444428520312706,2.56806351861264,0.018096552153157742,128988.86355938508,0.03964181102708413,282559.4682646347,0.19128602710527434,1363451.2829999852,2.325112707722418,0.21283128597920073,1517021.8877052348,2.0897377487803803
10,case_0010_steps_0200_mesh_21x21,162,200,21,21,0.805,-1235124.30974896,2.65441100561293,3168818.60827708,-186.044713139534,-92083838.978783,-50.6997695639729,3168818.60827708,1235124.30974896,2.65441100561293,0.44457086934626755,0.17328233515845054,3.724018172845997e-07,-0.5442190819408673,2.565586786095357,0.018096552153157742,128988.86355938508,0.03964181102708413,282559.4682646347,0.1913788873116083,1364113.173308345,2.3229880557430835,0.21292414618553468,1517683.7780135947,2.0879307364176727
10,case_0010_steps_0200_mesh_21x21,163,200,21,21,0.81,-1235620.655914,3.61705189186614,3167990.26398714,132.547439694405,-92060637.5417033,51.6820307075977,3167990.26398714,1235620.655914,3.61705189186614,0.44445465640175413,0.17335197027278373,5.07455964767828e-07,-0.5440819605422891,2.5638858081760927,0.018096552153157742,128988.86355938508,0.03964181102708413,282559.4682646347,0.1914485224259415,1364609.519473385,2.321536101557972,0.21299378129986787,1518180.1241786347,2.0867025022482655
10,case_0010_steps_0200_mesh_21x21,164,200,21,21,0.815,-1235908.09803357,4.67669822461903,3167670.56767385,-72.7766334712505,-92051011.1000003,127.626094318926,3167670.56767385,1235908.09803357,4.67669822461903,0.4444098044599122,0.1733922970976295,6.561195361445664e-07,-0.544025067896152,2.563030837579162,0.018096552153157742,128988.86355938508,0.03964181102708413,282559.4682646347,0.19148884925078724,1364896.961592955,2.320812967432281,0.21303410812471363,1518467.5662982047,2.0860969558909668
10,case_0010_steps_0200_mesh_21x21,165,200,21,21,0.82,-1236047.29018524,2.25053442711942,3167764.26699823,-62.1440274119377,-92053560.3962958,-86.6035409681499,3167764.26699823,1236047.29018524,2.25053442711942,0.44442295004987686,0.17341182512479789,3.1573976627907363e-07,-0.5440401343367448,2.562818018494659,0.018096552153157742,128988.86355938508,0.03964181102708413,282559.4682646347,0.19150837727795564,1365036.1537446252,2.320644957504081,0.21305363615188203,1518606.7584498748,2.085967449685092
10,case_0010_steps_0200_mesh_21x21,166,200,21,21,0.825,-1236056.15850767,4.39691781299189,3168147.41046445,17.0765224695206,-92063928.1431196,259.444005865604,3168147.41046445,1236056.15850767,4.39691781299189,0.4444767033393257,0.17341306931018674,6.16867614151227e-07,-0.5441014081250753,2.563109603603654,0.018096552153157742,128988.86355938508,0.03964181102708413,282559.4682646347,0.1915096214633445,1365045.022067055,2.3209105628377,0.21305488033727088,1518615.6267723048,2.086207566030446
10,case_0010_steps_0200_mesh_21x21,167,200,21,21,0.83,-1236010.17404029,-0.130310863954946,3168673.60597036,28.9030204713345,-92077709.9763861,-57.9067784287035,3168673.60597036,1236010.17404029,-0.130310863954946,0.44455052618071444,0.17340661789810963,-1.82820228088764e-08,-0.5441828592975171,2.5636306824340678,0.018096552153157742,128988.86355938508,0.03964181102708413,282559.4682646347,0.19150317005126738,1364999.0375996751,2.3213742418034315,0.21304842892519377,1518569.6423049248,2.086617246714391
10,case_0010_steps_0200_mesh_21x21,168,200,21,21,0.835,-1235980.27224864,-3.27617487456882,3169282.13980139,-243.045580416918,-92092821.3834398,-191.396749988198,3169282.13980139,1235980.27224864,-3.27617487456882,0.4446359007154326,0.1734024228124477,-4.5963246628034963e-07,-0.5442721683029278,2.564185052917925,0.018096552153157742,128988.86355938508,0.03964181102708413,282559.4682646347,0.19149897496560545,1364969.135808025,2.321870917561268,0.21304423383953183,1518539.7405132747,2.0870590707953123
10,case_0010_steps_0200_mesh_21x21,169,200,21,21,0.84,-1236026.85053076,-4.59866135416087,3169739.37076471,48.7898847460747,-92103189.2181027,-130.820463314652,3169739.37076471,1236026.85053076,-4.59866135416087,0.4447000481444852,0.17340895753403782,-6.451713173825246e-07,-0.5443334426103907,2.5644583444150895,0.018096552153157742,128988.86355938508,0.03964181102708413,282559.4682646347,0.19150550968719557,1365015.714090145,2.3221266524960913,0.21305076856112196,1518586.3187953946,2.0872961461150776
10,case_0010_steps_0200_mesh_21x21,170,200,21,21,0.845,-1236217.97762387,-2.94307531649247,3169877.94276369,16.2214449346066,-92104695.5245099,83.8787715956569,3169877.94276369,1236217.97762387,-2.94307531649247,0.4447194891670457,0.17343577179778824,-4.129001100242821e-07,-0.5443423449400411,2.564173956486623,0.018096552153157742,128988.86355938508,0.03964181102708413,282559.4682646347,0.191532323950946,1365206.841183255,2.321903060503481,0.21307758282487238,1518777.4458885046,2.0871247142528313
10,case_0010_steps_0200_mesh_21x21,171,200,21,21,0.85,-1236562.16962666,-5.85090081969975,3169665.38531231,49.1727786362171,-92096370.2463013,-217.259304694831,3169665.38531231,1236562.16962666,-5.85090081969975,0.44468966832128975,0.17348406037369557,-8.208548312227232e-07,-0.5442931422209337,2.5632883353283304,0.018096552153157742,128988.86355938508,0.03964181102708413,282559.4682646347,0.19158061252685332,1365551.033186045,2.3211621596572507,0.2131258714007797,1519121.6378912947,2.0865119067832834
10,case_0010_steps_0200_mesh_21x21,172,200,21,21,0.855,-1237041.83822353,-6.42437740141759,3169128.18074911,-177.006586045027,-92078723.7775704,-365.967931598425,3169128.18074911,1237041.83822353,-6.42437740141759,0.4446143009591268,0.17355135570090416,-9.013109929664354e-07,-0.5441888509020799,2.5618601431461507,0.018096552153157742,128988.86355938508,0.03964181102708413,282559.4682646347,0.1916479078540619,1366030.701782915,2.319953846288249,0.2131931667279883,1519601.3064881647,2.0854997736696093
10,case_0010_steps_0200_mesh_21x21,173,200,21,21,0.86,-1237613.59199069,-2.77302607271122,3168126.86123265,-168.190995872021,-92048966.1184801,-156.319871310145,3168126.86123265,1237613.59199069,-2.77302607271122,0.44447382037536504,0.17363157015958422,-3.8904297287479734e-07,-0.5440129819755621,2.5598675400265662,0.018096552153157742,128988.86355938508,0.03964181102708413,282559.4682646347,0.19172812231274197,1366602.455550075,2.3182505258688697,0.21327338118666836,1520173.0602553247,2.084056706478234
10,case_0010_steps_0200_mesh_21x21,174,200,21,21,0.865,-1238254.11998431,-0.140172217041254,3166946.59897585,-321.157998472452,-92014542.2592334,-238.645357798785,3166946.59897585,1238254.11998431,-0.140172217041254,0.44430823493724886,0.17372143333011106,-1.966552589203145e-08,-0.5438095356240213,2.5575901972496395,0.018096552153157742,128988.86355938508,0.03964181102708413,282559.4682646347,0.1918179854832688,1367242.983543695,2.31630122596613,0.2133632443571952,1520813.5882489446,2.0824028818826195
10,case_0010_steps_0200_mesh_21x21,175,200,21,21,0.87,-1238899.12227077,1.98958381562261,3165795.05103531,-71.5712960362434,-91980708.812925,-177.23945517838,3165795.05103531,1238899.12227077,1.98958381562261,0.4441466779873867,0.17381192422361721,2.791295797866845e-07,-0.5436095786359868,2.55532915806151,0.018096552153157742,128988.86355938508,0.03964181102708413,282559.4682646347,0.19190847637677497,1367887.985830155,2.314367173211209,0.21345373525070135,1521458.5905354046,2.080763203631628
10,case_0010_steps_0200_mesh_21x21,176,200,21,21,0.875,-1239474.34516186,8.65255412727129,3164727.57502222,4.06982830166817,-91949606.8311749,437.64287308231,3164727.57502222,1239474.34516186,8.65255412727129,0.443996915947393,0.1738926253846404,1.2139140752263222e-06,-0.5434257647100874,2.553282032319068,0.018096552153157742,128988.86355938508,0.03964181102708413,282559.4682646347,0.19198917753779815,1368463.2087212452,2.3126142923341626,0.21353443641172454,1522033.8134264948,2.0792754714808823
10,case_0010_steps_0200_mesh_21x21,177,200,21,21,0.88,-1239976.32076538,7.9397448101663,3163804.67040423,-64.1861436069012,-91923652.1782194,217.912292942405,3163804.67040423,1239976.32076538,7.9397448101663,0.4438674366180076,0.17396305028364362,1.113910163056738e-06,-0.5432723716982388,2.5515041032810686,0.018096552153157742,128988.86355938508,0.03964181102708413,282559.4682646347,0.19205960243680137,1368965.184324765,2.311092134870296,0.21360486131072776,1522535.7890300148,2.077983777589782
10,case_0010_steps_0200_mesh_21x21,178,200,21,21,0.885,-1240337.76259532,7.81096556474222,3163197.61592622,-225.518962174654,-91906551.9046838,175.04193829,3163197.61592622,1240337.76259532,7.81096556474222,0.4437822696298044,0.17401375893201332,1.0958430193766307e-06,-0.5431713084143044,2.550271153002268,0.018096552153157742,128988.86355938508,0.03964181102708413,282559.4682646347,0.19211031108517107,1369326.626154705,2.3100387851282793,0.21365556995909746,1522897.2308599546,2.077091974315309
10,case_0010_steps_0200_mesh_21x21,179,200,21,21,0.89,-1240554.80750889,3.69392946630251,3162917.44342975,-75.6524233222008,-91898660.6553155,-37.4600929580629,3162917.44342975,1240554.80750889,3.69392946630251,0.443742962700087,0.1740442093483486,5.182415395593722e-07,-0.5431246708225814,2.54959911830182,0.018096552153157742,128988.86355938508,0.03964181102708413,282559.4682646347,0.19214076150150636,1369543.671068275,2.3094681171887004,0.21368602037543274,1523114.2757735248,2.0766120400410792
10,case_0010_steps_0200_mesh_21x21,180,200,21,21,0.895,-1240649.99693094,2.53567382501205,3162900.13758975,-359.181166797876,-91898248.3541194,131.387683317065,3162900.13758975,1240649.99693094,2.53567382501205,0.44374053476927594,0.1740575639922537,3.557435297241896e-07,-0.5431222341064225,2.549389550166428,0.018096552153157742,128988.86355938508,0.03964181102708413,282559.4682646347,0.19215411614541145,1369638.8604903251,2.3092949746310825,0.21369937501933783,1523209.4651955748,2.0764709055846398
10,case_0010_steps_0200_mesh_21x21,181,200,21,21,0.9,-1240656.91968963,-4.39212093787501,3163217.58241279,-180.146771579981,-91906289.0823021,-368.041768215597,3163217.58241279,1240656.91968963,-4.39212093787501,0.44378507083725405,0.17405853522387957,-6.161946343425101e-07,-0.5431697551237719,2.5496311931296196,0.018096552153157742,128988.86355938508,0.03964181102708413,282559.4682646347,0.19215508737703732,1369645.783249015,2.3095150739698123,0.2137003462509637,1523216.3879542646,2.0766698726640587
10,case_0010_steps_0200_mesh_21x21,182,200,21,21,0.905,-1240607.94433801,-4.76615479210159,3163640.07940862,-238.81422740221,-91917058.1716904,-134.086107492447,3163640.07940862,1240607.94433801,-4.76615479210159,0.4438443452483048,0.17405166420431747,-6.686698865718753e-07,-0.5432334008623211,2.550072401073284,0.018096552153157742,128988.86355938508,0.03964181102708413,282559.4682646347,0.19214821635747523,1369596.807897395,2.3099061425715792,0.21369347523140161,1523167.4126026446,2.077014025663069
10,case_0010_steps_0200_mesh_21x21,183,200,21,21,0.91,-1240579.00148099,-7.88224539696239,3163952.11976477,-371.297818243504,-91924972.6083833,-283.618367791176,3163952.11976477,1240579.00148099,-7.88224539696239,0.44388812309410586,0.17404760365283212,-1.105843256340086e-06,-0.5432801754920373,2.5503834225693627,0.018096552153157742,128988.86355938508,0.03964181102708413,282559.4682646347,0.19214415580598987,1369567.8650403752,2.3101827959956522,0.21368941467991626,1523138.4697456248,2.0772583600315557
10,case_0010_steps_0200_mesh_21x21,184,200,21,21,0.915,-1240593.29928671,-8.76671436335891,3164375.41266836,-232.55866959691,-91934263.4107282,-347.947631757706,3164375.41266836,1240593.29928671,-8.76671436335891,0.4439475091674032,0.17404960957008533,-1.229930238243568e-06,-0.5433350844964697,2.550695231457195,0.018096552153157742,128988.86355938508,0.03964181102708413,282559.4682646347,0.1921461617232431,1369582.1628460952,2.31046774593833,0.21369142059716947,1523152.7675513448,2.077516766591628
10,case_0010_steps_0200_mesh_21x21,185,200,21,21,0.92,-1240715.54311464,-6.18622066162061,3164662.84501282,-86.441588550806,-91939230.9512243,-37.5820205099881,3164662.84501282,1240715.54311464,-6.18622066162061,0.4439878346208454,0.1740667598243514,-8.678986832256193e-07,-0.5433644428546601,2.550675586015779,0.018096552153157742,128988.86355938508,0.03964181102708413,282559.4682646347,0.19216331197750916,1369704.406674025,2.3104713904640124,0.21370857085143555,1523275.0113792748,2.077538738160828
10,case_0010_steps_0200_mesh_21x21,186,200,21,21,0.925,-1240938.17215585,-8.17571912665153,3164683.0271239,-78.5605375766754,-91937083.8448498,-551.296043127775,3164683.0271239,1240938.17215585,-8.17571912665153,0.44399066607943527,0.17409799366845152,-1.1470162887116453e-06,-0.5433517533721959,2.5502342486781413,0.018096552153157742,128988.86355938508,0.03964181102708413,282559.4682646347,0.19219454582160928,1369927.0357152352,2.310110644302766,0.21373980469553566,1523497.6404204848,2.0772483941953785
10,case_0010_steps_0200_mesh_21x21,187,200,21,21,0.93,-1241258.00754748,-1.15460905089276,3164305.33323544,57.9727927744389,-91924457.8350183,84.2693026028574,3164305.33323544,1241258.00754748,-1.15460905089276,0.44393767734101364,0.17414286512235339,-1.6198640975210404e-07,-0.5432771331613612,2.5492728457700604,0.018096552153157742,128988.86355938508,0.03964181102708413,282559.4682646347,0.19223941727551114,1370246.8711068651,2.309295791844692,0.21378467614943752,1523817.4758121148,2.076564538380183
10,case_0010_steps_0200_mesh_21x21,188,200,21,21,0.935,-1241644.17033466,1.41255083022406,3163666.6630753,-132.47382748127,-91905017.8120751,2.01827223226428,3163666.6630753,1241644.17033466,1.41255083022406,0.44384807481609245,0.17419704200883004,1.981744707469832e-07,-0.5431622418671189,2.5479656238571136,0.018096552153157742,128988.86355938508,0.03964181102708413,282559.4682646347,0.1922935941619878,1370633.033894045,2.3081792024865666,0.21383885303591418,1524203.6385992947,2.0756194139404043
10,case_0010_steps_0200_mesh_21x21,189,200,21,21,0.94,-1242072.68372084,4.28615522396285,3162818.15767638,-157.000090330839,-91880452.9851983,171.343412317336,3162818.15767638,1242072.68372084,4.28615522396285,0.44372903335948854,0.17425716049214207,6.013281255963877e-07,-0.5430170627816335,2.5464034425116093,0.018096552153157742,128988.86355938508,0.03964181102708413,282559.4682646347,0.19235371264529982,1371061.547280225,2.306838933635374,0.2138989715192262,1524632.1519854746,2.07447950875072
10,case_0010_steps_0200_mesh_21x21,190,200,21,21,0.945,-1242500.05691257,3.90355739998631,3162023.65176316,-79.4315310120583,-91856930.7186245,84.3688002005219,3162023.65176316,1242500.05691257,3.90355739998631,0.4436175677856566,0.17431711901134744,5.476513872779007e-07,-0.5428780452682248,2.544888134347715,0.018096552153157742,128988.86355938508,0.03964181102708413,282559.4682646347,0.1924136711645052,1371488.920471955,2.3055407918826263,0.21395893003843158,1525059.5251772047,2.0733772023723125
10,case_0010_steps_0200_mesh_21x21,191,200,21,21,0.95,-1242891.8978847,3.97682432172587,3161161.88750649,-159.517393499613,-91832797.3256136,53.3432821370661,3161161.88750649,1242891.8978847,3.97682432172587,0.4434966661714845,0.17437209252140268,5.579304038827013e-07,-0.5427354159737235,2.5433924646918435,0.018096552153157742,128988.86355938508,0.03964181102708413,282559.4682646347,0.19246864467456043,1371880.761444085,2.3042541132940384,0.21401390354848682,1525451.3661493347,2.0722796921976907
10,case_0010_steps_0200_mesh_21x21,192,200,21,21,0.955,-1243210.04634933,4.33007950539468,3160484.40330753,-93.0487398207188,-91813744.3423376,161.789424594492,3160484.40330753,1243210.04634933,4.33007950539468,0.44340161821307084,0.17441672730710242,6.074905029349177e-07,-0.5426228120990187,2.5421966405341165,0.018096552153157742,128988.86355938508,0.03964181102708413,282559.4682646347,0.19251327946026017,1372198.9099087152,2.3032261434443053,0.21405853833418656,1525769.5146139648,2.0714035593424245
10,case_0010_steps_0200_mesh_21x21,193,200,21,21,0.96,-1243439.92381151,0.673126391891856,3160076.93547546,-113.946665674448,-91801971.9277993,-34.4694677144289,3160076.93547546,1243439.92381151,0.673126391891856,0.443344452325487,0.1744489780717683,9.443657785952773e-08,-0.5425532366696784,2.541398965049226,0.018096552153157742,128988.86355938508,0.03964181102708413,282559.4682646347,0.19254553022492604,1372428.787370895,2.3025434649539,0.21409078909885243,1525999.3920761447,2.0708245048355676
10,case_0010_steps_0200_mesh_21x21,194,200,21,21,0.965,-1243588.61608514,-4.49840456136735,3159927.68522508,-423.560753822327,-91797871.4376138,-429.658799611032,3159927.68522508,1243588.61608514,-4.49840456136735,0.4433235131927174,0.17446983892293222,-6.311057443599281e-07,-0.5425290026126602,2.5409750815930123,0.018096552153157742,128988.86355938508,0.03964181102708413,282559.4682646347,0.19256639107608997,1372577.479644525,2.302185291604412,0.21411164995001636,1526148.0843497748,2.0705249494654296
10,case_0010_steps_0200_mesh_21x21,195,200,21,21,0.97,-1243642.91346721,-7.88580686209025,3159998.18511163,-223.850496560335,-91799494.1118075,-463.490159139037,3159998.18511163,1243642.91346721,-7.88580686209025,0.44333340400684307,0.17447745659921293,-1.1063429137341391e-06,-0.54253859268047,2.5409208309656375,0.018096552153157742,128988.86355938508,0.03964181102708413,282559.4682646347,0.19257400875237068,1372631.777026595,2.3021455848536747,0.21411926762629707,1526202.3817318447,2.070497479846578
10,case_0010_steps_0200_mesh_21x21,196,200,21,21,0.975,-1243637.98129775,-11.9014540584176,3160183.28757355,-409.788592994213,-91804639.4960133,-560.23660626635,3160183.28757355,1243637.98129775,-11.9014540584176,0.44335937304217976,0.1744767646382219,-1.6697199907293434e-06,-0.5425690021019252,2.541079747561154,0.018096552153157742,128988.86355938508,0.03964181102708413,282559.4682646347,0.19257331679137965,1372626.844857135,2.302288709720278,0.21411857566530604,1526197.4495623847,2.0706254544454175
10,case_0010_steps_0200_mesh_21x21,197,200,21,21,0.98,-1243608.52741992,-14.0410780328675,3160475.8438497,-344.679677784443,-91812502.2641547,-751.338652700186,3160475.8438497,1243608.52741992,-14.0410780328675,0.4434004173599836,0.17447263239283609,-1.9698995238558836e-06,-0.5426154713684858,2.541375178897053,0.018096552153157742,128988.86355938508,0.03964181102708413,282559.4682646347,0.19256918454599384,1372597.3909793051,2.3025512540095967,0.21411444341992023,1526167.9956845548,2.0708571093001362
10,case_0010_steps_0200_mesh_21x21,198,200,21,21,0.985,-1243573.30291071,-12.6952606264967,3160730.3161963,6.96941566467285,-91819219.4591984,-668.911937624216,3160730.3161963,1243573.30291071,-12.6952606264967,0.44343611867531196,0.17446769055405714,-1.781087449611939e-06,-0.5426551702533329,2.5416517939057464,0.018096552153157742,128988.86355938508,0.03964181102708413,282559.4682646347,0.1925642427072149,1372562.166470095,2.3027957446364344,0.21410950158114128,1526132.7711753447,2.0710716497897343
10,case_0010_steps_0200_mesh_21x21,199,200,21,21,0.99,-1243591.36284739,-9.16827647434548,3160882.34813859,-250.192821532488,-91823063.2140503,-619.2175928168,3160882.34813859,1243591.36284739,-9.16827647434548,0.44345744806683207,0.17447022428120995,-1.2862675799618708e-06,-0.5426778869945103,2.541737135341044,0.018096552153157742,128988.86355938508,0.03964181102708413,282559.4682646347,0.1925667764343677,1372580.226406775,2.302876208856179,0.2141120353082941,1526150.8311120246,2.0711467593510555
10,case_0010_steps_0200_mesh_21x21,200,200,21,21,0.995,-1243653.35010601,-6.36427329131402,3160944.76844415,-365.874805241823,-91823109.6382484,-725.301872435957,3160944.76844415,1243653.35010601,-6.36427329131402,0.4434662053524133,0.17447892081227082,-8.92878659095941e-07,-0.5426781613633328,2.5416606389350447,0.018096552153157742,128988.86355938508,0.03964181102708413,282559.4682646347,0.19257547296542857,1372642.213665395,2.302817687650312,0.21412073183935496,1526212.8183706447,2.0711035383772454
11,case_0011_steps_0220_mesh_21x21,1,220,21,21,0.0,-34183.2613243375,-3.15834768116474e-06,9147140.42049128,-3.99351119995117e-06,-193947896.879793,-0.000410236418247223,9147140.42049128,34183.2613243375,-3.15834768116474e-06,1.2833022875301843,0.004795756426182461,-4.431018457937564e-13,-1.1462396393856116,267.59121470890136,0.018096552153157742,128988.86355938508,0.03964181102708413,282559.4682646347,0.0228923085793402,163172.12488372257,56.058229473996164,0.044437567453266595,316742.72958897223,28.87876994796773
11,case_0011_steps_0220_mesh_21x21,2,220,21,21,0.005,-434009.020355709,-3.4745316952467e-06,1625266.75662054,-1.25765800476074e-05,-41820558.6812941,-0.000451914966106415,1625266.75662054,434009.020355709,-3.4745316952467e-06,0.22801754982852682,0.060889495845446076,-4.874610279970687e-13,-0.2471611338557688,3.7447764456335246,0.018096552153157742,128988.86355938508,0.03964181102708413,282559.4682646347,0.07898604799860381,562997.8839150941,2.8868079313520956,0.1005313068725302,716568.4886203437,2.268124795369906
11,case_0011_steps_0220_mesh_21x21,3,220,21,21,0.01,-465390.67667281,-3.93157824873924e-06,1772396.33206223,-9.17911529541016e-06,-46743494.0587248,-0.00050760805606842,1772396.33206223,465390.67667281,-3.93157824873924e-06,0.2486591615288012,0.06529219980394273,-5.515825851878636e-13,-0.2762558740541749,3.808405326753682,0.018096552153157742,128988.86355938508,0.03964181102708413,282559.4682646347,0.08338875195710047,594379.540232195,2.9819268869346365,0.10493401083102685,747950.1449374447,2.369671754272426
11,case_0011_steps_0220_mesh_21x21,4,220,21,21,0.015,-495398.946391917,-4.02587465941906e-06,1895465.03903331,-2.15768814086914e-05,-50833776.5728167,-0.000515811145305634,1895465.03903331,495398.946391917,-4.02587465941906e-06,0.26592514258071187,0.06950222385573099,-5.6481194365056e-13,-0.3004296033359305,3.826138615833432,0.018096552153157742,128988.86355938508,0.03964181102708413,282559.4682646347,0.08759877600888873,624387.8099513021,3.0357175601828983,0.10914403488281513,777958.4146565518,2.4364606170756673
11,case_0011_steps_0220_mesh_21x21,5,220,21,21,0.02,-524557.449183153,-4.50923107564449e-06,1998244.15454852,-2.75969505310059e-05,-54249304.5470301,-0.000574313104152679,1998244.15454852,524557.449183153,-4.50923107564449e-06,0.2803445860338292,0.07359302946412884,-6.326246551778606e-13,-0.3206155069546757,3.8093904827015788,0.018096552153157742,128988.86355938508,0.03964181102708413,282559.4682646347,0.09168958161728658,653546.312742538,3.057540247091441,0.11323484049121296,807116.9174477877,2.4757802882725306
11,case_0011_steps_0220_mesh_21x21,6,220,21,21,0.025,-553657.868608492,-4.47861384600401e-06,2080907.34683602,-2.08616256713867e-05,-57028567.7052329,-0.000562712550163269,2080907.34683602,553657.868608492,-4.47861384600401e-06,0.29194185675238665,0.0776756862398974,-6.28329196812813e-13,-0.3370410606805332,3.7584715486225515,0.018096552153157742,128988.86355938508,0.03964181102708413,282559.4682646347,0.09577223839305514,682646.732167877,3.0482931343239503,0.11731749726698154,836217.3368731267,2.488476685519546
11,case_0011_steps_0220_mesh_21x21,7,220,21,21,0.03,-583428.06889356,-5.04555646330118e-06,2146186.16262006,-2.56896018981934e-05,-59267870.7958487,-0.000629864633083344,2146186.16262006,583428.06889356,-5.04555646330118e-06,0.30110017834492003,0.08185231023054645,-7.078686730021084e-13,-0.3502754293349837,3.678578863526719,0.018096552153157742,128988.86355938508,0.03964181102708413,282559.4682646347,0.09994886238370419,712416.932452945,3.0125423257845085,0.1214941212576306,865987.5371581947,2.478310680616648
11,case_0011_steps_0220_mesh_21x21,8,220,21,21,0.035,-614078.782558923,-4.97978180646896e-06,2198351.67172132,-3.1888484954834e-05,-61104575.2686895,-0.00062541663646698,2198351.67172132,614078.782558923,-4.97978180646896e-06,0.3084187625234089,0.08615246625232102,-6.986407871608449e-13,-0.3611304244469535,3.5799179749552423,0.018096552153157742,128988.86355938508,0.03964181102708413,282559.4682646347,0.10424901840547876,743067.6461183081,2.958481213931508,0.12579427727940515,896638.2508235577,2.451771012113464
11,case_0011_steps_0220_mesh_21x21,9,220,21,21,0.04,-644709.184983419,-5.10166864842176e-06,2242672.63898645,-3.74913215637207e-05,-62701058.8729538,-0.000637270510196686,2242672.63898645,644709.184983419,-5.10166864842176e-06,0.3146367930840283,0.09044977269918265,-7.157409579144778e-13,-0.37056570485100526,3.478580251720981,0.018096552153157742,128988.86355938508,0.03964181102708413,282559.4682646347,0.10854632485234039,773698.0485428041,2.8986406818659263,0.13009158372626678,927268.6532480537,2.4185791584033116
11,case_0011_steps_0220_mesh_21x21,10,220,21,21,0.045,-673188.735369929,-5.65533991903067e-06,2285282.31793272,-2.60472297668457e-05,-64239977.8771746,-0.000704586505889893,2285282.31793272,673188.735369929,-5.65533991903067e-06,0.32061473766003795,0.09444532436656117,-7.9341852439421e-13,-0.37966077622233857,3.3947126531713536,0.018096552153157742,128988.86355938508,0.03964181102708413,282559.4682646347,0.1125418765197189,802177.5989293141,2.8488483360579275,0.1340871353936453,955748.2036345637,2.3910924543118597
11,case_0011_steps_0220_mesh_21x21,11,220,21,21,0.05,-696700.849921562,-5.2496325224638e-06,2332181.69852515,-4.60147857666016e-05,-65892649.4339679,-0.000661149621009827,2332181.69852515,696700.849921562,-5.2496325224638e-06,0.3271945079085832,0.09774396733056213,-7.364996179219929e-13,-0.3894281296185742,3.3474649826933875,0.018096552153157742,128988.86355938508,0.03964181102708413,282559.4682646347,0.11584051948371987,825689.7134809471,2.8245255577826276,0.13738577835764626,979260.3181861967,2.381574802137248
11,case_0011_steps_0220_mesh_21x21,12,220,21,21,0.055,-712904.272076997,-5.72763383388519e-06,2387805.32567871,-4.45246696472168e-05,-67776557.598892,-0.000720269978046417,2387805.32567871,712904.272076997,-5.72763383388519e-06,0.33499825035545555,0.10001723392121213,-8.035610325489428e-13,-0.4005621003928827,3.3494052696893024,0.018096552153157742,128988.86355938508,0.03964181102708413,282559.4682646347,0.11811378607436987,841893.135636382,2.8362332754664665,0.13965904494829626,995463.7403416317,2.3986863899826654
11,case_0011_steps_0220_mesh_21x21,13,220,21,21,0.06,-721190.793292954,-5.44264912605286e-06,2453856.91291581,-4.04119491577148e-05,-69926298.1486104,-0.000688731670379639,2453856.91291581,721190.793292954,-5.44264912605286e-06,0.3442649882757003,0.10117979524018814,-7.635789714172401e-13,-0.41326715093544714,3.402507264009168,0.018096552153157742,128988.86355938508,0.03964181102708413,282559.4682646347,0.11927634739334587,850179.656852339,2.8862804386555685,0.14082160626727228,1003750.2615575887,2.444688690898063
11,case_0011_steps_0220_mesh_21x21,14,220,21,21,0.065,-723112.433145895,-5.94649463891983e-06,2529418.97256665,-4.49419021606445e-05,-72303447.9878623,-0.000756621360778809,2529418.97256665,723112.433145895,-5.94649463891983e-06,0.3548660023131788,0.10144939259036809,-8.342662102154475e-13,-0.4273161992538131,3.4979608379328124,0.018096552153157742,128988.86355938508,0.03964181102708413,282559.4682646347,0.11954594474352583,852101.2967052801,2.9684486836798123,0.14109120361745223,1005671.9014105297,2.5151532711801448
11,case_0011_steps_0220_mesh_21x21,15,220,21,21,0.07,-721726.82724735,-6.07233960181475e-06,2611015.35704119,-5.03659248352051e-05,-74805747.8482616,-0.000769495964050293,2611015.35704119,721726.82724735,-6.07233960181475e-06,0.36631360473718816,0.10125499837124854,-8.51921687373688e-13,-0.4421048890811457,3.6177335502402537,0.018096552153157742,128988.86355938508,0.03964181102708413,282559.4682646347,0.11935155052440628,850715.6908067351,3.0691985410133436,0.14089680939833268,1004286.2955119847,2.599871539330421
11,case_0011_steps_0220_mesh_21x21,16,220,21,21,0.075,-720382.888860202,-6.0034217312932e-06,2693700.42446341,-5.26905059814453e-05,-77298139.5890872,-0.000764913856983185,2693700.42446341,720382.888860202,-6.0034217312932e-06,0.3779139444378684,0.10106644991487382,-8.422528229170008e-13,-0.456835021535133,3.739262087034595,0.018096552153157742,128988.86355938508,0.03964181102708413,282559.4682646347,0.11916300206803156,849371.7524195871,3.171403354055422,0.14070826094195796,1002942.3571248368,2.6857978480293894
11,case_0011_steps_0220_mesh_21x21,17,220,21,21,0.08,-721489.024544755,-6.40528742223978e-06,2771308.67586082,-5.06043434143066e-05,-79616526.8497279,-0.000817753374576569,2771308.67586082,721489.024544755,-6.40528742223978e-06,0.3888020298909356,0.10122163573132041,-8.986327555259227e-13,-0.4705367807206942,3.8410960965199155,0.018096552153157742,128988.86355938508,0.03964181102708413,282559.4682646347,0.11931818788447815,850477.8881041401,3.2585311324654644,0.14086344675840454,1004048.4928093897,2.7601342920266
11,case_0011_steps_0220_mesh_21x21,18,220,21,21,0.085,-726147.978937101,-6.06593675911427e-06,2838403.5379781,-5.86509704589844e-05,-81617721.6077677,-0.000765077769756317,2838403.5379781,726147.978937101,-6.06593675911427e-06,0.3982151345420615,0.10187526588832584,-8.510233976015297e-13,-0.48236391983743143,3.9088500144733764,0.018096552153157742,128988.86355938508,0.03964181102708413,282559.4682646347,0.11997181804148357,855136.842496486,3.319238976643395,0.14151707691540996,1008707.4472017357,2.813901638034041
11,case_0011_steps_0220_mesh_21x21,19,220,21,21,0.09,-734480.915631762,-6.55790790915489e-06,2891446.58417402,-4.78625297546387e-05,-83210053.1663357,-0.000828057527542114,2891446.58417402,734480.915631762,-6.55790790915489e-06,0.4056568331923089,0.10304433908831158,-9.200447171859156e-13,-0.49177466148938426,3.9367211899399037,0.018096552153157742,128988.86355938508,0.03964181102708413,282559.4682646347,0.12114089124146932,863469.7791911471,3.3486366910056478,0.1426861501153957,1017040.3838963967,2.843000759809125
11,case_0011_steps_0220_mesh_21x21,20,220,21,21,0.095,-746084.776962946,-6.64882827550173e-06,2929199.53968522,-6.63995742797852e-05,-84363313.2860223,-0.000830568373203278,2929199.53968522,746084.776962946,-6.64882827550173e-06,0.4109534015121758,0.10467230817000757,-9.32800431950565e-13,-0.4985904738027639,3.926094768491299,0.018096552153157742,128988.86355938508,0.03964181102708413,282559.4682646347,0.12276886032316531,875073.6405223311,3.347374899713334,0.1443141191970917,1028644.2452275808,2.8476312906773265
11,case_0011_steps_0220_mesh_21x21,21,220,21,21,0.1,-760456.199348334,-6.75336923450232e-06,2952725.4931393,-7.45654106140137e-05,-85110399.2084904,-0.000850789248943329,2952725.4931393,760456.199348334,-6.75336923450232e-06,0.41425398601138347,0.10668855350728428,-9.474670540487148e-13,-0.5030057807596146,3.882834403440476,0.018096552153157742,128988.86355938508,0.03964181102708413,282559.4682646347,0.12478510566044201,889445.062907719,3.319739033107263,0.1463303645343684,1043015.6676129687,2.8309502769952313
11,case_0011_steps_0220_mesh_21x21,22,220,21,21,0.105,-777136.982470943,-7.32194166630507e-06,2964578.22109366,-6.33001327514648e-05,-85526118.7917244,-0.000902026891708374,2964578.22109366,777136.982470943,-7.32194166630507e-06,0.41591686995085253,0.10902879167516946,-1.0272351858163783e-12,-0.5054626997200042,3.814743459599164,0.018096552153157742,128988.86355938508,0.03964181102708413,282559.4682646347,0.12712534382832721,906125.8460303281,3.2717069423427922,0.1486706027022536,1059696.4507355778,2.7975730399359433
11,case_0011_steps_0220_mesh_21x21,23,220,21,21,0.11,-795586.539716024,-6.97746872901917e-06,2968183.86913008,-6.03795051574707e-05,-85710343.6952506,-0.000866703689098358,2968183.86913008,795586.539716024,-6.97746872901917e-06,0.41642272600645663,0.11161718082501701,-9.789071960742579e-13,-0.5065514760892299,3.7308120750629357,0.018096552153157742,128988.86355938508,0.03964181102708413,282559.4682646347,0.12971373297817476,924575.403275409,3.210321038841143,0.15125899185210115,1078146.0079806587,2.753044436615238
11,case_0011_steps_0220_mesh_21x21,24,220,21,21,0.115,-814950.108052923,-7.33323395252228e-06,2967096.21043172,-7.49826431274414e-05,-85767647.0798665,-0.000909395515918732,2967096.21043172,814950.108052923,-7.33323395252228e-06,0.41627013242731675,0.11433380158289042,-1.028819442323639e-12,-0.5068901413285771,3.6408317283627336,0.018096552153157742,128988.86355938508,0.03964181102708413,282559.4682646347,0.13243035373604817,943938.971612308,3.1433136035942346,0.15397561260997455,1097509.5763175576,2.7034809303324105
11,case_0011_steps_0220_mesh_21x21,25,220,21,21,0.12,-833903.753963096,-6.60447403788567e-06,2965346.19422163,-6.65187835693359e-05,-85813981.572814,-0.000819794833660126,2965346.19422163,833903.753963096,-6.60447403788567e-06,0.41602461309533056,0.11699291208468982,-9.265777337107048e-13,-0.5071639799901028,3.5559813469227533,0.018096552153157742,128988.86355938508,0.03964181102708413,282559.4682646347,0.13508946423784757,962892.617522481,3.079622940563668,0.15663472311177395,1116463.2222277308,2.6560178026327974
11,case_0011_steps_0220_mesh_21x21,26,220,21,21,0.125,-850718.49299895,-7.28829763829708e-06,2966922.84856485,-6.41345977783203e-05,-85962555.6990381,-0.000907294452190399,2966922.84856485,850718.49299895,-7.28829763829708e-06,0.41624581054418197,0.11935194365925654,-1.0225150813772182e-12,-0.5080420588741996,3.487549492554069,0.018096552153157742,128988.86355938508,0.03964181102708413,282559.4682646347,0.13744849581241428,979707.356558335,3.0283766154288236,0.15899375468634067,1133277.9612635847,2.618001011205392
11,case_0011_steps_0220_mesh_21x21,27,220,21,21,0.13,-863799.436520089,-7.20587559044361e-06,2975075.56267487,-6.74724578857422e-05,-86300508.5025718,-0.000896424055099487,2975075.56267487,863799.436520089,-7.20587559044361e-06,0.41738959933346637,0.12118714066860008,-1.010951642128343e-12,-0.5100393731317082,3.444174002544258,0.018096552153157742,128988.86355938508,0.03964181102708413,282559.4682646347,0.13928369282175782,992788.3000794741,2.996686768404413,0.1608289516956842,1146358.9047847237,2.595239196256397
11,case_0011_steps_0220_mesh_21x21,28,220,21,21,0.135,-872291.897067752,-7.36897345632315e-06,2991683.415077,-7.74860382080078e-05,-86872299.7947432,-0.000925280153751373,2991683.415077,872291.897067752,-7.36897345632315e-06,0.4197196056522578,0.1223785943411775,-1.0338335325064141e-12,-0.513418681982624,3.4296815379504,0.018096552153157742,128988.86355938508,0.03964181102708413,282559.4682646347,0.14047514649433523,1001280.760627137,2.987856685874204,0.16202040536826162,1154851.3653323867,2.5905354618652074
11,case_0011_steps_0220_mesh_21x21,29,220,21,21,0.14,-876359.189546358,-7.36652873456478e-06,3016778.23537116,-7.62343406677246e-05,-87671355.0063757,-0.00091949850320816,3016778.23537116,876359.189546358,-7.36652873456478e-06,0.42324029504896926,0.12294921701688898,-1.0334905491388622e-12,-0.5181411294665402,3.4423992711627487,0.018096552153157742,128988.86355938508,0.03964181102708413,282559.4682646347,0.14104576917004671,1005348.053105743,3.000730171060324,0.1625910280439731,1158918.6578109926,2.603097478013996
11,case_0011_steps_0220_mesh_21x21,30,220,21,21,0.145,-877247.912630584,-7.47374724596739e-06,3048872.0547937,-7.48634338378906e-05,-88648843.6128135,-0.000942572951316833,3048872.0547937,877247.912630584,-7.47374724596739e-06,0.4277429122590716,0.123073900832217,-1.0485328196871873e-12,-0.5239181252771277,3.475496505487388,0.018096552153157742,128988.86355938508,0.03964181102708413,282559.4682646347,0.14117045298537476,1006236.776189969,3.0299747802281662,0.16271571185930114,1159807.3808952188,2.628774488777931
11,case_0011_steps_0220_mesh_21x21,31,220,21,21,0.15,-876806.727083718,-7.14766792953014e-06,3084916.77735332,-7.33733177185059e-05,-89717024.1089812,-0.000905714929103851,3084916.77735332,876806.727083718,-7.14766792953014e-06,0.4327998232484916,0.12301200450227219,-1.0027853714723576e-12,-0.5302311136952742,3.518354367117863,0.018096552153157742,128988.86355938508,0.03964181102708413,282559.4682646347,0.14110855665542993,1005795.5906431031,3.0671408843429426,0.16265381552935632,1159366.1953483527,2.6608648671409645
11,case_0011_steps_0220_mesh_21x21,32,220,21,21,0.155,-876815.108606115,-7.74371437728405e-06,3121174.93702301,-7.02738761901855e-05,-90773076.3441879,-0.000976912677288055,3121174.93702301,876815.108606115,-7.74371437728405e-06,0.43788667849578966,0.12301318039182571,-1.0864079829896463e-12,-0.5364724236178352,3.5596728505109643,0.018096552153157742,128988.86355938508,0.03964181102708413,282559.4682646347,0.14110973254498346,1005803.9721655,3.103164258044346,0.16265499141890985,1159374.5768707497,2.6921195265876245
11,case_0011_steps_0220_mesh_21x21,33,220,21,21,0.16,-878614.748216628,-7.88294710218906e-06,3153815.29292849,-5.26309013366699e-05,-91713647.2838824,-0.000986337661743164,3153815.29292849,878614.748216628,-7.88294710218906e-06,0.4424659722940423,0.12326566166168,-1.1059417023987624e-12,-0.542031234577256,3.5895314747788607,0.018096552153157742,128988.86355938508,0.03964181102708413,282559.4682646347,0.14136221381483774,1007603.611776013,3.1300158674198686,0.16290747268876413,1161174.2164812628,2.7160569431911608
11,case_0011_steps_0220_mesh_21x21,34,220,21,21,0.165,-882893.836973831,-8.11670906841755e-06,3179600.21265879,-4.20212745666504e-05,-92452457.7601058,-0.00101941078901291,3179600.21265879,882893.836973831,-8.11670906841755e-06,0.4460834795096907,0.12386599839406051,-1.1387374453531998e-12,-0.5463976333238508,3.601339231857197,0.018096552153157742,128988.86355938508,0.03964181102708413,282559.4682646347,0.14196255054721826,1011882.7005332161,3.142261658375309,0.16350780942114465,1165453.3052384658,2.728209013923733
11,case_0011_steps_0220_mesh_21x21,35,220,21,21,0.17,-889783.285280249,-7.27095175534487e-06,3196681.2125957,-2.0146369934082e-05,-92941975.7149251,-0.000901669263839722,3196681.2125957,889783.285280249,-7.27095175534487e-06,0.44847986628027464,0.12483255672431649,-1.020081532721735e-12,-0.5492907035402946,3.59265145286345,0.018096552153157742,128988.86355938508,0.03964181102708413,282559.4682646347,0.14292910887747423,1018772.148839634,3.137778370008123,0.16447436775140062,1172342.7535448838,2.726746254821554
11,case_0011_steps_0220_mesh_21x21,36,220,21,21,0.175,-899110.78794295,-7.53335189074278e-06,3204611.70355716,1.34706497192383e-05,-93172779.6380312,-0.000922635197639465,3204611.70355716,899110.78794295,-7.53335189074278e-06,0.4495924781703557,0.12614116301587108,-1.056895080838916e-12,-0.5506547637329859,3.5642011491029932,0.018096552153157742,128988.86355938508,0.03964181102708413,282559.4682646347,0.14423771516902884,1028099.6515023351,3.1170244040782866,0.16578297404295522,1181670.2562075849,2.711933965268737
11,case_0011_steps_0220_mesh_21x21,37,220,21,21,0.18,-910471.580750106,-7.24068377166986e-06,3204433.03296491,6.02602958679199e-05,-93177337.527725,-0.000869162380695343,3204433.03296491,910471.580750106,-7.24068377166986e-06,0.44956741149714324,0.12773503068679032,-1.0158350719806218e-12,-0.5506817010389482,3.5195310877522266,0.018096552153157742,128988.86355938508,0.03964181102708413,282559.4682646347,0.14583158283994807,1039460.4443094911,3.082784968401179,0.16737684171387446,1193031.0490147406,2.6859594606622155
11,case_0011_steps_0220_mesh_21x21,38,220,21,21,0.185,-923370.899801219,-7.18398950994015e-06,3198141.96197944,0.000123679637908936,-93013843.3169419,-0.000830970704555511,3198141.96197944,923370.899801219,-7.18398950994015e-06,0.4486848027893352,0.12954474660727533,-1.007881124361693e-12,-0.5497154438728507,3.46355073856879,0.018096552153157742,128988.86355938508,0.03964181102708413,282559.4682646347,0.14764129876043308,1052359.7633606042,3.039019614135092,0.16918655763435947,1205930.3680658536,2.6520121282863287
11,case_0011_steps_0220_mesh_21x21,39,220,21,21,0.19,-937054.60757981,-6.83299731463194e-06,3188262.55293899,0.000245869159698486,-92756325.293988,-0.000717818737030029,3188262.55293899,937054.60757981,-6.83299731463194e-06,0.4472987665377593,0.13146450870634863,-9.58638512306102e-13,-0.5481935023075398,3.4024298340237786,0.018096552153157742,128988.86355938508,0.03964181102708413,282559.4682646347,0.14956106085950638,1066043.4711391951,2.9907434727140623,0.17110631973343277,1219614.0758444448,2.6141569010110666
11,case_0011_steps_0220_mesh_21x21,40,220,21,21,0.195,-950543.643165251,-7.75931403040886e-06,3177743.61113549,0.00036543607711792,-92489071.5819157,-0.000709012150764465,3177743.61113549,950543.643165251,-7.75931403040886e-06,0.44582300674198877,0.133356959180225,-1.0885965435254504e-12,-0.5466140224396036,3.343080177311798,0.018096552153157742,128988.86355938508,0.03964181102708413,282559.4682646347,0.15145351133338275,1079532.506724636,2.9436293871103034,0.17299877020730914,1233103.1114298857,2.577029918812411
11,case_0011_steps_0220_mesh_21x21,41,220,21,21,0.2,-962706.600249804,-8.3948252722621e-06,3169496.88979983,0.0005531907081604,-92293827.6455633,-0.000543802976608276,3169496.88979983,962706.600249804,-8.3948252722621e-06,0.44466602916559034,0.13506336685871342,-1.1777558865474972e-12,-0.5454601231563568,3.2922770956150154,0.018096552153157742,128988.86355938508,0.03964181102708413,282559.4682646347,0.15315991901187118,1091695.4638091892,2.903279343802245,0.17470517788579756,1245266.0685144388,2.5452366927342163
11,case_0011_steps_0220_mesh_21x21,42,220,21,21,0.205,-972477.826877779,-1.00898323580623e-05,3165908.46850486,0.000809788703918457,-92234798.5283077,-0.000424176454544067,3165908.46850486,972477.826877779,-1.00898323580623e-05,0.4441625899436297,0.1364342256087951,-1.4155576880497901e-12,-0.5451112587697621,3.255507098469559,0.018096552153157742,128988.86355938508,0.03964181102708413,282559.4682646347,0.15453077776195284,1101466.6904371642,2.8742661906991795,0.17607603663587923,1255037.2951424136,2.5225612663132955
11,case_0011_steps_0220_mesh_21x21,43,220,21,21,0.21,-979210.501339645,-1.21364137157798e-05,3168445.97764443,0.00114864110946655,-92348781.1950556,-0.000301286578178406,3168445.97764443,979210.501339645,-1.21364137157798e-05,0.44451859095965696,0.13737878928016428,-1.7026837643142277e-12,-0.5457849007784212,3.235714867548623,0.018096552153157742,128988.86355938508,0.03964181102708413,282559.4682646347,0.15547534143332203,1108199.3648990302,2.859093839972659,0.17702060030724842,1261769.9696042798,2.5111122106021653
11,case_0011_steps_0220_mesh_21x21,44,220,21,21,0.215,-982919.036414937,-1.34890433400869e-05,3177496.76654816,0.00163006782531738,-92641120.5542734,-3.27229499816895e-05,3177496.76654816,982919.036414937,-1.34890433400869e-05,0.4457883755666681,0.13789907992037867,-1.892451561818004e-12,-0.547512637799956,3.2327146477268824,0.018096552153157742,128988.86355938508,0.03964181102708413,282559.4682646347,0.15599563207353642,1111907.8999743222,2.85769780628552,0.1775408909474628,1265478.5046795718,2.510905364886245
11,case_0011_steps_0220_mesh_21x21,45,220,21,21,0.22,-984247.289402957,-1.46215315908194e-05,3192150.832546,0.00226163864135742,-93081612.1857351,0.000301435589790344,3192150.832546,984247.289402957,-1.46215315908194e-05,0.4478442745200195,0.1380854277864425,-2.051334523700863e-12,-0.5501159605321019,3.243240664124515,0.018096552153157742,128988.86355938508,0.03964181102708413,282559.4682646347,0.15618197993960026,1113236.1529623421,2.867451640024111,0.17772723881352664,1266806.7576675918,2.519840388618779
11,case_0011_steps_0220_mesh_21x21,46,220,21,21,0.225,-984307.883800455,-1.40861375257373e-05,3210491.01488107,0.00313925743103027,-93613804.1635514,0.000894390046596527,3210491.01488107,984307.883800455,-1.40861375257373e-05,0.4504173188663806,0.1380939289054093,-1.976221166207107e-12,-0.5532612358898138,3.2616735756349184,0.018096552153157742,128988.86355938508,0.03964181102708413,282559.4682646347,0.15619048105856706,1113296.7473598402,2.8837693296910114,0.17773573993249345,1266867.3520650896,2.5341966620638905
11,case_0011_steps_0220_mesh_21x21,47,220,21,21,0.23,-984301.873371955,-1.16601586341858e-05,3229947.88664584,0.0043371319770813,-94166168.1929486,0.00169172137975693,3229947.88664584,984301.873371955,-1.16601586341858e-05,0.4531470296717352,0.13809308566956854,-1.6358673378069553e-12,-0.5565257288595841,3.2814606717966535,0.018096552153157742,128988.86355938508,0.03964181102708413,282559.4682646347,0.1561896378227263,1113290.73693134,2.90126179936503,0.17773489669665268,1266861.3416365897,2.5495670129717944
11,case_0011_steps_0220_mesh_21x21,48,220,21,21,0.235,-985265.353351084,-7.82508868724108e-06,3247833.13157447,0.00595492124557495,-94665272.7801394,0.00288531929254532,3247833.13157447,985265.353351084,-7.82508868724108e-06,0.4556562483646648,0.1382282575379741,-1.0978244293667141e-12,-0.5594754564474623,3.296404486900855,0.018096552153157742,128988.86355938508,0.03964181102708413,282559.4682646347,0.15632480969113186,1114254.216910469,2.91480443356979,0.17787006856505824,1267824.8216157188,2.5617365082310224
11,case_0011_steps_0220_mesh_21x21,49,220,21,21,0.24,-987844.947434154,-1.38790346682072e-06,3261829.37179711,0.00823056697845459,-95048570.9671311,0.00445232540369034,3261829.37179711,987844.947434154,-1.38790346682072e-06,0.4576198573472381,0.1385901628805757,-1.9471655752131143e-13,-0.5617407636908135,3.3019649290806656,0.018096552153157742,128988.86355938508,0.03964181102708413,282559.4682646347,0.15668671503373346,1116833.8109935392,2.9206040681158956,0.17823197390765985,1270404.4156987886,2.567551979109687
11,case_0011_steps_0220_mesh_21x21,50,220,21,21,0.245,-992336.151658097,7.75873195379972e-06,3270369.49391919,0.0112403035163879,-95275129.7634573,0.00670768320560455,3270369.49391919,992336.151658097,7.75873195379972e-06,0.4588179977223985,0.13922025845027308,1.0885148808188898e-12,-0.5630797350185693,3.295626676962964,0.018096552153157742,128988.86355938508,0.03964181102708413,282559.4682646347,0.15731681060343083,1121325.015217482,2.916522372672564,0.17886206947735722,1274895.6199227318,2.565205686499573
11,case_0011_steps_0220_mesh_21x21,51,220,21,21,0.25,-998711.950516981,1.66806858032942e-05,3272814.98541852,0.0152000784873962,-95330044.8205767,0.00960827618837357,3272814.98541852,998711.950516981,1.66806858032942e-05,0.45916108908111375,0.14011475409419136,2.3402245144269916e-12,-0.5634042851492077,3.2770359699053913,0.018096552153157742,128988.86355938508,0.03964181102708413,282559.4682646347,0.1582113062473491,1127700.8140763661,2.9022014922451675,0.1797565651212755,1281271.4187816158,2.5543494824310518
11,case_0011_steps_0220_mesh_21x21,52,220,21,21,0.255,-1006709.06040357,3.82188009098172e-05,3269560.80508859,0.021049439907074,-95226718.667496,0.014451265335083,3269560.80508859,1006709.06040357,3.82188009098172e-05,0.458704542349626,0.141236712317124,5.36192431509594e-12,-0.5627936235521926,3.247771311184869,0.018096552153157742,128988.86355938508,0.03964181102708413,282559.4682646347,0.15933326447028176,1135697.9239629551,2.8789000456033573,0.18087852334420815,1289268.5286682048,2.535981242376247
11,case_0011_steps_0220_mesh_21x21,53,220,21,21,0.26,-1015925.69316778,8.44947062432766e-05,3261800.55193848,0.0298975706100464,-95000676.6714941,0.0230263248085976,3261800.55193848,1015925.69316778,8.44947062432766e-05,0.45761581405186863,0.14252976406509324,1.1854223814393356e-11,-0.5614577065345216,3.210668431632819,0.018096552153157742,128988.86355938508,0.03964181102708413,282559.4682646347,0.160626316218251,1144914.5567271651,2.8489467032916522,0.18217157509217738,1298485.1614324148,2.512004487090363
11,case_0011_steps_0220_mesh_21x21,54,220,21,21,0.265,-1025776.82589725,0.000170759740285575,3251315.84046447,0.0436027646064758,-94705622.9228323,0.0379480123519897,3251315.84046447,1025776.82589725,0.000170759740285575,0.4561448566159743,0.1439118332785681,2.3956816584517794e-11,-0.5597139273654436,3.1696132710158804,0.018096552153157742,128988.86355938508,0.03964181102708413,282559.4682646347,0.16200838543172585,1154765.6894566352,2.815563252484881,0.18355364430565224,1308336.2941618846,2.485076547194046
11,case_0011_steps_0220_mesh_21x21,55,220,21,21,0.27,-1035523.88249086,0.000294046360068023,3240117.90480364,0.0635896325111389,-94398309.856907,0.0617012828588486,3240117.90480364,1035523.88249086,0.000294046360068023,0.4545738370635723,0.14527930108252185,4.125336981488595e-11,-0.5578976951529179,3.1289649225760265,0.018096552153157742,128988.86355938508,0.03964181102708413,282559.4682646347,0.1633758532356796,1164512.7460502451,2.782380799002297,0.184921112109606,1318083.3507554946,2.458204105944044
11,case_0011_steps_0220_mesh_21x21,56,220,21,21,0.275,-1044354.20681085,0.000513353385031223,3230566.60122286,0.0948677659034729,-94143213.6066388,0.102252669632435,3230566.60122286,1044354.20681085,0.000513353385031223,0.4532338325189113,0.14651815550899278,7.202115011223904e-11,-0.5563900663586894,3.093362941571384,0.018096552153157742,128988.86355938508,0.03964181102708413,282559.4682646347,0.16461470766215053,1173343.070370235,2.753300959286777,0.18615996653607692,1326913.6750754847,2.434647152942396
11,case_0011_steps_0220_mesh_21x21,57,220,21,21,0.28,-1051563.39900334,0.000898978556506336,3224287.51942219,0.145269691944122,-93984697.3141142,0.172873541712761,3224287.51942219,1051563.39900334,0.000898978556506336,0.45235290583931886,0.14752957245533613,1.2612261154543448e-10,-0.555453228883763,3.066184618519562,0.018096552153157742,128988.86355938508,0.03964181102708413,282559.4682646347,0.16562612460849388,1180552.262562725,2.731168811131627,0.18717138348242027,1334122.8672679747,2.4167845395116467
11,case_0011_steps_0220_mesh_21x21,58,220,21,21,0.285,-1056684.65400089,0.00169199809897691,3222303.52335384,0.231268405914307,-93948861.2509626,0.30352994799614,3222303.52335384,1056684.65400089,0.00169199809897691,0.4520745601951151,0.14824806128914242,2.3737965430699834e-10,-0.5552414363520329,3.0494466926848416,0.018096552153157742,128988.86355938508,0.03964181102708413,282559.4682646347,0.16634461344230017,1185673.517560275,2.717698823183871,0.18788987231622656,1339244.1222655247,2.4060613519086043
11,case_0011_steps_0220_mesh_21x21,59,220,21,21,0.29,-1059681.41141837,0.00259535596705973,3225006.9445177,0.353112399578094,-94042398.06975,0.488302230834961,3225006.9445177,1059681.41141837,0.00259535596705973,0.4524538379151736,0.14866849275430394,3.641166633915063e-10,-0.5557942426013454,3.043374083726796,0.018096552153157742,128988.86355938508,0.03964181102708413,282559.4682646347,0.1667650449074617,1188670.274977755,2.713121554737333,0.18831030378138808,1342240.8796830047,2.4027035633718334
11,case_0011_steps_0220_mesh_21x21,60,220,21,21,0.295,-1060959.8079249,0.00256206351332366,3231906.77470728,0.471141040325165,-94249026.0217029,0.640977583825588,3231906.77470728,1060959.8079249,0.00256206351332366,0.45342185277652,0.14884784598228382,3.5944588322710856e-10,-0.5570154218610528,3.046210375328422,0.018096552153157742,128988.86355938508,0.03964181102708413,282559.4682646347,0.16694439813544157,1189948.671484285,2.716005195985432,0.18848965700936796,1343519.2761895347,2.4055529622720084
11,case_0011_steps_0220_mesh_21x21,61,220,21,21,0.3,-1061229.26934302,-0.000167170539498329,3241868.25792245,0.492882966995239,-94532785.7221355,0.580500654876232,3241868.25792245,1061229.26934302,-0.000167170539498329,0.4548194036623229,0.1488856501963199,-2.3453268003328465e-11,-0.5586924527643454,3.0548236385615413,0.018096552153157742,128988.86355938508,0.03964181102708413,282559.4682646347,0.16698220234947767,1190218.132902405,2.723759761596806,0.18852746122340405,1343788.7376076546,2.4124835751294835
11,case_0011_steps_0220_mesh_21x21,62,220,21,21,0.305,-1061314.40770289,-0.00367984711192548,3253110.11360421,0.426579058170319,-94844812.2446032,0.40569768846035,3253110.11360421,1061314.40770289,-0.00367984711192548,0.4563965849943344,0.148897594721817,-5.162658491517592e-10,-0.5605365416889797,3.065170971008718,0.018096552153157742,128988.86355938508,0.03964181102708413,282559.4682646347,0.16699414687497474,1190303.271262275,2.7330094709009747,0.18853940574890113,1343873.8759675247,2.420695998173286
11,case_0011_steps_0220_mesh_21x21,63,220,21,21,0.31,-1061954.13706103,-0.00576107681263238,3263573.51861263,0.35322642326355,-95129152.5630679,0.29635975509882,3263573.51861263,1061954.13706103,-0.00576107681263238,0.4578645532298039,0.14898734584741052,-8.082529306892566e-10,-0.5622170040675006,3.0731774609820786,0.018096552153157742,128988.86355938508,0.03964181102708413,282559.4682646347,0.16708389800056828,1190943.000620415,2.740327217098123,0.18862915687449466,1344513.6053256646,2.4273265110040563
11,case_0011_steps_0220_mesh_21x21,64,220,21,21,0.315,-1063674.44053641,-0.00736857042647898,3271477.09378469,0.375126004219055,-95336710.011963,0.218086332082748,3271477.09378469,1063674.44053641,-0.00736857042647898,0.4589733889567869,0.14922869661756552,-1.0337769892483914e-09,-0.5634436766904102,3.0756375908918963,0.018096552153157742,128988.86355938508,0.03964181102708413,282559.4682646347,0.16732524877072327,1192663.3040957951,2.743001384003279,0.18887050764464966,1346233.9088010448,2.4300955966101503
11,case_0011_steps_0220_mesh_21x21,65,220,21,21,0.32,-1066744.15501532,-0.0123601377708837,3275672.41389453,0.641513347625732,-95438192.6498203,-0.16777965426445,3275672.41389453,1066744.15501532,-0.0123601377708837,0.45956197332811877,0.14965936362733667,-1.7340712338940316e-09,-0.5640434430405117,3.070719814581488,0.018096552153157742,128988.86355938508,0.03964181102708413,282559.4682646347,0.16775591578049442,1195733.018574705,2.7394680610217486,0.1893011746544208,1349303.6232799548,2.427676289738155
11,case_0011_steps_0220_mesh_21x21,66,220,21,21,0.325,-1071207.87077886,-0.00356097857002169,3275522.27172011,0.521197497844696,-95417620.8402944,0.43400726467371,3275522.27172011,1071207.87077886,-0.00356097857002169,0.4595409090624542,0.15028560269079336,-4.995891321967221e-10,-0.5639218628433977,3.057783984856762,0.018096552153157742,128988.86355938508,0.03964181102708413,282559.4682646347,0.1683821548439511,1200196.7343382451,2.7291544611026968,0.1899274137178775,1353767.3390434948,2.419560715679869
11,case_0011_steps_0220_mesh_21x21,67,220,21,21,0.33,-1076893.81108496,0.000105343060567975,3271098.14889422,0.717862844467163,-95279845.8724795,0.74217750877142,3271098.14889422,1076893.81108496,0.000105343060567975,0.4589202247084609,0.1510833143106163,1.477915330778888e-11,-0.5631076074069369,3.037530827295424,0.018096552153157742,128988.86355938508,0.03964181102708413,282559.4682646347,0.16917986646377406,1205882.674644345,2.712617253464543,0.19072512533770045,1359453.2793495946,2.4061865152579696
11,case_0011_steps_0220_mesh_21x21,68,220,21,21,0.335,-1083510.18821447,0.0384518635692075,3263673.16954199,21.2276687026024,-95060316.5294471,6.20646894723177,3263673.16954199,1083510.18821447,0.0384518635692075,0.4578785338029364,0.15201156199406082,5.39462194847472e-09,-0.5618101804224722,3.0121296551167998,0.018096552153157742,128988.86355938508,0.03964181102708413,282559.4682646347,0.17010811414721858,1212499.051773855,2.691691317009543,0.19165337302114496,1366069.6564791047,2.3890971840731394
11,case_0011_steps_0220_mesh_21x21,69,220,21,21,0.34,-1090607.56841246,-0.0018107914365828,3254703.10946971,0.972751200199127,-94800350.8338248,0.494881294667721,3254703.10946971,1090607.56841246,-0.0018107914365828,0.4566200750845972,0.15300729222502438,-2.5404582044034785e-10,-0.5602737730161707,2.9843026985475722,0.018096552153157742,128988.86355938508,0.03964181102708413,282559.4682646347,0.17110384437818213,1219596.431971845,2.66867221332183,0.19264910325210852,1373167.0366770946,2.370216457675619
11,case_0011_steps_0220_mesh_21x21,70,220,21,21,0.345,-1097664.12761445,0.132924750912935,3245149.73466907,38.1950079202652,-94530695.1325229,23.7584830373526,3245149.73466907,1097664.12761445,0.132924750912935,0.45527977995719,0.15399729545551152,1.8648739286194066e-08,-0.5586800972981496,2.956414127991724,0.018096552153157742,128988.86355938508,0.03964181102708413,282559.4682646347,0.17209384760866928,1226652.991173835,2.645531994801278,0.19363910648259566,1380223.5958790847,2.3511768269706956
11,case_0011_steps_0220_mesh_21x21,71,220,21,21,0.35,-1104066.71902559,-0.0107207512483001,3236704.30076157,1.84100651741028,-94296489.9802021,-0.575261607766151,3236704.30076157,1104066.71902559,-0.0107207512483001,0.4540949239088013,0.15489554997291577,-1.5040727449821607e-09,-0.5572959357080662,2.9316202046359754,0.018096552153157742,128988.86355938508,0.03964181102708413,282559.4682646347,0.17299210212607352,1233055.582584975,2.62494598497835,0.1945373609999999,1386626.1872902247,2.3342298958645866
11,case_0011_steps_0220_mesh_21x21,72,220,21,21,0.355,-1109328.75301479,-0.00141965073999017,3230593.68701101,-0.350938200950623,-94131908.8426086,-0.18196576833725,3230593.68701101,1109328.75301479,-0.00141965073999017,0.45323763253206234,0.1556337894603379,-1.9917055586487382e-10,-0.5563232547621019,2.9122058526215255,0.018096552153157742,128988.86355938508,0.03964181102708413,282559.4682646347,0.17373034161349565,1238317.616574175,2.60885708462139,0.19527560048742204,1391888.2212794246,2.3210151775272916
11,case_0011_steps_0220_mesh_21x21,73,220,21,21,0.36,-1113145.64670855,0.0129257115768269,3227599.53254254,-5.05451261997223,-94056069.5688631,0.706872351467609,3227599.53254254,1113145.64670855,0.0129257115768269,0.45281756624883374,0.1561692823229476,1.8134186720625908e-09,-0.5558750416946346,2.8995303014355756,0.018096552153157742,128988.86355938508,0.03964181102708413,282559.4682646347,0.17426583447610536,1242134.510267935,2.598429965403932,0.19581109335003175,1395705.1149731847,2.3125225363987805
11,case_0011_steps_0220_mesh_21x21,74,220,21,21,0.365,-1115482.3983893,-0.000103785656392574,3228140.86556815,-0.655980348587036,-94078903.1071596,-0.595158517360687,3228140.86556815,1115482.3983893,-0.000103785656392574,0.4528935128155361,0.1564971179786219,-1.4560656570117303e-11,-0.5560099887970469,2.893941554101993,0.018096552153157742,128988.86355938508,0.03964181102708413,282559.4682646347,0.17459367013177965,1244471.2619486852,2.593985867149144,0.19613892900570604,1398041.8666539348,2.309044487554842
11,case_0011_steps_0220_mesh_21x21,75,220,21,21,0.37,-1116606.73520708,0.000483328942209482,3231791.59244687,-0.78007036447525,-94185515.8403202,-0.890920072793961,3231791.59244687,1116606.73520708,0.000483328942209482,0.4534056932281287,0.15665485733145604,6.78088570475514e-11,-0.5566400742105931,2.8942970613978245,0.018096552153157742,128988.86355938508,0.03964181102708413,282559.4682646347,0.1747514094846138,1245595.598766465,2.594575314530149,0.19629666835854018,1399166.2034717146,2.3097982101253662
11,case_0011_steps_0220_mesh_21x21,76,220,21,21,0.375,-1116937.31404414,0.000489711645059288,3237637.20085488,-0.598735272884369,-94349281.8785179,-1.13641653954983,3237637.20085488,1116937.31404414,0.000489711645059288,0.4542258055580104,0.1567012360419936,6.870432129006289e-11,-0.5576079378873191,2.898674043874706,0.018096552153157742,128988.86355938508,0.03964181102708413,282559.4682646347,0.17479778819515135,1245926.177603525,2.5985786791014442,0.19634304706907774,1399496.7823087748,2.3134295425200566
11,case_0011_steps_0220_mesh_21x21,77,220,21,21,0.38,-1117073.18724843,0.0038844981463626,3244500.80058809,-0.797171533107758,-94536497.7354416,-1.0395330414176,3244500.80058809,1117073.18724843,0.0038844981463626,0.4551887374507567,0.1567202984359073,5.449774604931831e-10,-0.558714390907846,2.9044657392412496,0.018096552153157742,128988.86355938508,0.03964181102708413,282559.4682646347,0.17481685058906504,1246062.050807815,2.603803557362732,0.19636210946299143,1399632.6555130647,2.3181088179160483
11,case_0011_steps_0220_mesh_21x21,78,220,21,21,0.385,-1117533.24097658,0.00198380835354328,3250973.86245349,-1.17143428325653,-94708333.7257423,-1.34116395562887,3250973.86245349,1117533.24097658,0.00198380835354328,0.4560968786530699,0.15678484188605474,2.7831930866836376e-10,-0.559729948316431,2.909062337700629,0.018096552153157742,128988.86355938508,0.03964181102708413,282559.4682646347,0.1748813940392125,1246522.104535965,2.6080354697470125,0.19642665291313888,1400092.7092412147,2.3219704245266493
11,case_0011_steps_0220_mesh_21x21,79,220,21,21,0.39,-1118730.48375478,-0.00278381502721459,3255827.60682555,-1.03345823287964,-94831524.9329596,-2.0391478985548,3255827.60682555,1118730.48375478,-0.00278381502721459,0.4567778369601926,0.15695280961425875,-3.905566142269316e-10,-0.560458013158628,2.910287736057804,0.018096552153157742,128988.86355938508,0.03964181102708413,282559.4682646347,0.1750493617674165,1247719.347314165,2.6094230355841077,0.1965946206413429,1401289.9520194146,2.3234503338395744
11,case_0011_steps_0220_mesh_21x21,80,220,21,21,0.395,-1120891.87252497,-0.0075912456959486,3258126.90827315,-1.16951543092728,-94881048.0224528,-2.61184952408075,3258126.90827315,1120891.87252497,-0.0075912456959486,0.45710041851812044,0.1572560426494501,-1.0650173189635238e-09,-0.5607506965501737,2.906727212620207,0.018096552153157742,128988.86355938508,0.03964181102708413,282559.4682646347,0.17535259480260784,1249880.736084355,2.6067502396110678,0.19689785367653423,1403451.3407896047,2.32151041762522
11,case_0011_steps_0220_mesh_21x21,81,220,21,21,0.4,-1124069.95731356,-0.0097396852215752,3257492.84750488,-1.75607472658157,-94848018.4265206,-2.93805316835642,3257492.84750488,1124069.95731356,-0.0097396852215752,0.45701146266995923,0.15770191352184054,-1.3664336339115786e-09,-0.5605554903492329,2.897944942225869,0.018096552153157742,128988.86355938508,0.03964181102708413,282559.4682646347,0.1757984656749983,1253058.820872945,2.5996328290762465,0.19734372454892468,1406629.4255781947,2.315814519638595
11,case_0011_steps_0220_mesh_21x21,82,220,21,21,0.405,-1128179.6008606,-0.0100772869773209,3254169.19738489,-1.59264582395554,-94740548.7122717,-3.31439907103777,3254169.19738489,1128179.6008606,-0.0100772869773209,0.4565451696422084,0.15827847786024685,-1.4137976280678411e-09,-0.5599203401440112,2.8844425080036364,0.018096552153157742,128988.86355938508,0.03964181102708413,282559.4682646347,0.1763750300134046,1257168.464419985,2.588490953665668,0.197920288887331,1410739.0691252346,2.3067123244858614
11,case_0011_steps_0220_mesh_21x21,83,220,21,21,0.41,-1132979.45728232,-0.0542500021401793,3248379.87075356,-0.947298049926758,-94567042.6625907,-3.46758199483156,3248379.87075356,1132979.45728232,-0.0542500021401793,0.4557329533901651,0.1589518759325024,-7.611029091567213e-09,-0.5588949126193145,2.867112770557602,0.018096552153157742,128988.86355938508,0.03964181102708413,282559.4682646347,0.17704842808566015,1261968.320841705,2.5740581733358905,0.19859368695958654,1415538.9255469546,2.294800808461278
11,case_0011_steps_0220_mesh_21x21,84,220,21,21,0.415,-1138129.00944287,-0.0148793658008799,3241131.71394773,-1.212366938591,-94356410.2739487,-3.05581348389387,3241131.71394773,1138129.00944287,-0.0148793658008799,0.4547160698854075,0.1596743347298535,-2.087507493215242e-09,-0.5576500669825011,2.8477718141410957,0.018096552153157742,128988.86355938508,0.03964181102708413,282559.4682646347,0.17777088688301126,1267117.873002255,2.55787703970139,0.19931614575693765,1420688.4777075048,2.28138100984516
11,case_0011_steps_0220_mesh_21x21,85,220,21,21,0.42,-1143237.06937226,0.0151437125168741,3233774.37492612,-2.38852208852768,-94145866.8645514,-3.47885766625404,3233774.37492612,1143237.06937226,0.0151437125168741,0.4536838686112895,0.16039097235548158,2.1245941377557037e-09,-0.5564057472164963,2.828612246366148,0.018096552153157742,128988.86355938508,0.03964181102708413,282559.4682646347,0.17848752450863933,1272225.932931645,2.5418239726291336,0.20003278338256572,1425796.5376368947,2.268047571700346
11,case_0011_steps_0220_mesh_21x21,86,220,21,21,0.425,-1147859.87112656,0.0178584944223985,3226409.99606597,-3.87848806381226,-93942264.7342774,-2.44848700612783,3226409.99606597,1147859.87112656,0.0178584944223985,0.452650679679774,0.16103953046144462,2.5054657183100448e-09,-0.555202450680994,2.810804765654391,0.018096552153157742,128988.86355938508,0.03964181102708413,282559.4682646347,0.17913608261460237,1276848.734685945,2.5268537364056214,0.20068134148852876,1430419.3393911947,2.2555693335628226
11,case_0011_steps_0220_mesh_21x21,87,220,21,21,0.43,-1151657.56082471,-0.108808133518323,3221227.53887468,-8.563725233078,-93799681.6638504,-15.1980243697762,3221227.53887468,1151657.56082471,-0.108808133518323,0.4519236044559466,0.16157232909062583,-1.5265287316804312e-08,-0.5543597791704592,2.7970358971706286,0.018096552153157742,128988.86355938508,0.03964181102708413,282559.4682646347,0.17966888124378358,1280646.424384095,2.5153137333935667,0.20121414011770997,1434217.0290893447,2.245983329956692
11,case_0011_steps_0220_mesh_21x21,88,220,21,21,0.435,-1154436.68408231,0.0259561829734594,3218359.21113865,-6.08003455400467,-93722917.3307634,-8.8184100985527,3218359.21113865,1154436.68408231,0.0259561829734594,0.45152119109222605,0.161962227470869,3.6415346714009944e-09,-0.5539060989661833,2.787817864343944,0.018096552153157742,128988.86355938508,0.03964181102708413,282559.4682646347,0.18005877962402675,1283425.547641695,2.50763218563976,0.20160403849795314,1436996.1523469447,2.239643582818458
11,case_0011_steps_0220_mesh_21x21,89,220,21,21,0.44,-1156155.89059832,-0.270515882293694,3217909.1870381,-16.840372800827,-93714078.431626,-34.0766804665327,3217909.1870381,1156155.89059832,-0.270515882293694,0.45145805475331235,0.1622034243426028,-3.795215057408055e-08,-0.5538538607273428,2.7832831309390347,0.018096552153157742,128988.86355938508,0.03964181102708413,282559.4682646347,0.18029997649576054,1285144.754157705,2.5039274187810427,0.20184523536968693,1438715.3588629547,2.236654503765969
11,case_0011_steps_0220_mesh_21x21,90,220,21,21,0.445,-1156990.11085897,-0.11854145838879,3219726.56262589,-18.4005520939827,-93766540.0993156,-33.3540848195553,3219726.56262589,1156990.11085897,-0.11854145838879,0.45171302430028554,0.16232046165913924,-1.6630828622321287e-08,-0.5541639112307074,2.7828470895360615,0.018096552153157742,128988.86355938508,0.03964181102708413,282559.4682646347,0.180417013812297,1285978.9744183552,2.503716333373307,0.20196227268622338,1439549.5791236048,2.236620821761522
11,case_0011_steps_0220_mesh_21x21,91,220,21,21,0.45,-1157258.4105567,0.0879458968993276,3223228.94406295,-16.9071657657623,-93862843.5424654,-29.8864844962955,3223228.94406295,1157258.4105567,0.0879458968993276,0.45220439252066547,0.162358102889077,1.2338410200522452e-08,-0.5547330683379693,2.78522835924987,0.018096552153157742,128988.86355938508,0.03964181102708413,282559.4682646347,0.18045465504223476,1286247.2741160851,2.505917026162771,0.20199991391616115,1439817.8788213348,2.2386365605499727
11,case_0011_steps_0220_mesh_21x21,92,220,21,21,0.455,-1157342.86915354,-0.0679116677492857,3227488.19964392,-19.3177089095116,-93977147.9614011,-4.74986047297716,3227488.19964392,1157342.86915354,-0.0679116677492857,0.45280194674843155,0.162369952046906,-9.527698774298187e-09,-0.5554086119146148,2.78870530563207,0.018096552153157742,128988.86355938508,0.03964181102708413,282559.4682646347,0.18046650420006374,1286331.7327129252,2.509063655638051,0.20201176307399013,1439902.3374181748,2.241463268565135
11,case_0011_steps_0220_mesh_21x21,93,220,21,21,0.46,-1157621.93662119,0.140429965220392,3231544.65055024,-10.1792077422142,-94082689.0274073,-16.6552173346281,3231544.65055024,1157621.93662119,0.140429965220392,0.4533710484007548,0.16240910394609495,1.970168679179785e-08,-0.5560323637334565,2.791537157616686,0.018096552153157742,128988.86355938508,0.03964181102708413,282559.4682646347,0.1805056560992527,1286610.800180575,2.5116722555855233,0.2020509149731791,1440181.4048858248,2.2438455597240763
11,case_0011_steps_0220_mesh_21x21,94,220,21,21,0.465,-1158391.28591085,0.341231118305586,3234508.32489469,-0.447435617446899,-94154996.1497709,-0.819732837378979,3234508.32489469,1158391.28591085,0.341231118305586,0.4537868384609147,0.16251704015981247,4.7873177251882864e-08,-0.5564597016484144,2.7922415890338614,0.018096552153157742,128988.86355938508,0.03964181102708413,282559.4682646347,0.18061359231297022,1287380.149470235,2.5124733562388006,0.2021588511868966,1440950.7541754846,2.2447042798110632
11,case_0011_steps_0220_mesh_21x21,95,220,21,21,0.47,-1159855.26470874,0.213984139496461,3235695.96615616,1.68391460180283,-94176576.5502362,-4.5301087424159,3235695.96615616,1159855.26470874,0.213984139496461,0.4539534591398971,0.16272242974102183,3.0021003623801125e-08,-0.5565872426573404,2.7897411553058737,0.018096552153157742,128988.86355938508,0.03964181102708413,282559.4682646347,0.18081898189417958,1288844.128268125,2.5105409530818155,0.20236424076810597,1442414.7329733747,2.243249387425584
11,case_0011_steps_0220_mesh_21x21,96,220,21,21,0.475,-1162056.59445906,0.185151880956255,3234815.37611151,-0.43431156873703,-94139704.5734972,-3.12389420717955,3234815.37611151,1162056.59445906,0.185151880956255,0.45382991635311054,0.16303126631445694,2.5975968603192924e-08,-0.5563693278358823,2.7836986524888867,0.018096552153157742,128988.86355938508,0.03964181102708413,282559.4682646347,0.1811278184676147,1291045.4580184452,2.505578216491657,0.20267307734154108,1444616.0627236948,2.2392215202235493
11,case_0011_steps_0220_mesh_21x21,97,220,21,21,0.48,-1164931.0515339,-0.601018945220858,3231973.92684854,-40.8697350025177,-94048217.7598743,-71.7159580662847,3231973.92684854,1164931.0515339,-0.601018945220858,0.45343127391717486,0.16343453959659499,-8.432023034467428e-08,-0.5558286371970936,2.774390744064125,0.018096552153157742,128988.86355938508,0.03964181102708413,282559.4682646347,0.18153109174975274,1293919.915093285,2.497816046532935,0.20307635062367912,1447490.5197985347,2.2328118095712117
11,case_0011_steps_0220_mesh_21x21,98,220,21,21,0.485,-1168313.7413028,-1.01290861947928,3227429.71511827,-62.1637855768204,-93911185.570528,-121.910306230187,3227429.71511827,1168313.7413028,-1.01290861947928,0.45279374163490954,0.16390911561914184,-1.4210648231931121e-07,-0.5550187716103692,2.762468334506899,0.018096552153157742,128988.86355938508,0.03964181102708413,282559.4682646347,0.1820056677722996,1297302.604862185,2.487800227196126,0.20355092664622598,1450873.2095674346,2.2244739883786955
11,case_0011_steps_0220_mesh_21x21,99,220,21,21,0.49,-1171957.44204104,-1.06851206463762,3221862.83326151,-111.433610796928,-93748112.4856883,-137.581618271768,3221862.83326151,1171957.44204104,-1.06851206463762,0.45201273337519304,0.16442031029611257,-1.4990739332384835e-07,-0.5540550033150315,2.74912954829693,0.018096552153157742,128988.86355938508,0.03964181102708413,282559.4682646347,0.18251686244927032,1300946.305600425,2.4765532746369,0.2040621213231967,1454516.9103056747,2.21507416684789
11,case_0011_steps_0220_mesh_21x21,100,220,21,21,0.495,-1175580.73710393,-0.500425613194238,3216036.9891442,-66.506316781044,-93580893.039567,-128.529013872147,3216036.9891442,1175580.73710393,-0.500425613194238,0.45119539388559804,0.16492864214944097,-7.020744239502658e-08,-0.5530667298627077,2.735700652144897,0.018096552153157742,128988.86355938508,0.03964181102708413,282559.4682646347,0.18302519430259873,1304569.600663315,2.4652092057863295,0.2045704531765251,1458140.2053685647,2.2055745924180887
11,case_0011_steps_0220_mesh_21x21,101,220,21,21,0.5,-1178880.21030666,-0.307148828986101,3210802.0052175,-79.8973077833652,-93432637.347779,-141.740301825106,3210802.0052175,1178880.21030666,-0.307148828986101,0.4504609493991804,0.16539154326542502,-4.3091586739728954e-08,-0.5521905329385551,2.72360327804831,0.018096552153157742,128988.86355938508,0.03964181102708413,282559.4682646347,0.18348809541858277,1307869.073866045,2.4549873296769746,0.20503335429250916,1461439.6785712948,2.1970130223618836
11,case_0011_steps_0220_mesh_21x21,102,220,21,21,0.505,-1181609.40716715,-0.696242897538468,3206818.95374672,-116.585762888193,-93321284.4302403,-205.649819493294,3206818.95374672,1181609.40716715,-0.696242897538468,0.44990214535454676,0.16577443719874005,-9.767971868958928e-08,-0.5515324328503485,2.7139416242757495,0.018096552153157742,128988.86355938508,0.03964181102708413,282559.4682646347,0.1838709893518978,1310598.270726535,2.4468359415498147,0.2054162482258242,1464168.8754317847,2.190197461205441
11,case_0011_steps_0220_mesh_21x21,103,220,21,21,0.51,-1183617.82734061,-0.767891981115099,3204429.64160674,-176.424484819174,-93255659.6588898,-303.732201896608,3204429.64160674,1183617.82734061,-0.767891981115099,0.4495669357049834,0.16605620943404426,-1.0773175994254225e-07,-0.5511445878906571,2.7073178247125207,0.018096552153157742,128988.86355938508,0.03964181102708413,282559.4682646347,0.184152761587202,1312606.6908999952,2.4412717562864223,0.2056980204611284,1466177.2956052448,2.185567633063051
11,case_0011_steps_0220_mesh_21x21,104,220,21,21,0.515,-1184883.71129834,1.18163667747285,3203834.34390896,-237.497537106276,-93240419.0517758,-184.653703853488,3203834.34390896,1184883.71129834,1.18163667747285,0.4494834181396893,0.16623380720821457,1.6577826309886597e-07,-0.551054515307848,2.7039230207649227,0.018096552153157742,128988.86355938508,0.03964181102708413,282559.4682646347,0.18433035936137232,1313872.574857725,2.4384665645798207,0.2058756182352987,1467443.1795629747,2.1832765919175876
11,case_0011_steps_0220_mesh_21x21,105,220,21,21,0.52,-1185512.24925927,0.995589882368222,3204879.99212499,-197.486598014832,-93269914.1949305,-270.006558537483,3204879.99212499,1185512.24925927,0.995589882368222,0.449630117838819,0.16632198823157068,1.3967674210214278e-07,-0.5512288327549416,2.703371470119738,0.018096552153157742,128988.86355938508,0.03964181102708413,282559.4682646347,0.18441854038472844,1314501.112818655,2.4380960661591518,0.20596379925865482,1468071.7175239048,2.1830541068732257
11,case_0011_steps_0220_mesh_21x21,106,220,21,21,0.525,-1185715.17567283,0.234392590471543,3207101.89337071,-119.383351027966,-93330304.2340297,-429.760436136276,3207101.89337071,1185715.17567283,0.234392590471543,0.44994184049969677,0.16635045788643008,3.28842166737068e-08,-0.5515857402427421,2.704782699226946,0.018096552153157742,128988.86355938508,0.03964181102708413,282559.4682646347,0.18444701003958783,1314704.0392322151,2.4394097817206464,0.20599226891351421,1468274.6439374648,2.184265666245002
11,case_0011_steps_0220_mesh_21x21,107,220,21,21,0.53,-1185767.14293947,3.87093495490262,3209990.10442974,-248.596599638462,-93407132.3192294,-12.0016837380826,3209990.10442974,1185767.14293947,3.87093495490262,0.45034704340339554,0.16635774865809094,5.430746062866586e-07,-0.552039797224492,2.707099891866038,0.018096552153157742,128988.86355938508,0.03964181102708413,282559.4682646347,0.1844543008112487,1314756.006498855,2.441510127021835,0.20599955968517508,1468326.6112041047,2.186155368932107
11,case_0011_steps_0220_mesh_21x21,108,220,21,21,0.535,-1185951.28993104,2.4328806019621,3212839.89050953,-259.834519326687,-93480162.8849505,-239.843840733171,3212839.89050953,1185951.28993104,2.4328806019621,0.4507468554568952,0.16638358364527386,3.41322107047974e-07,-0.5524714107179252,2.7090825043044964,0.018096552153157742,128988.86355938508,0.03964181102708413,282559.4682646347,0.18448013579843162,1314940.153490425,2.4433354491314687,0.206025394672358,1468510.7581956747,2.187821827370929
11,case_0011_steps_0220_mesh_21x21,109,220,21,21,0.54,-1186477.60719743,3.44124752888456,3214916.57341819,-288.472102373838,-93530136.7599207,-118.343785755336,3214916.57341819,1186477.60719743,3.44124752888456,0.4510382046441437,0.16645742356910534,4.827914105136219e-07,-0.5527667582692318,2.7096310574391036,0.018096552153157742,128988.86355938508,0.03964181102708413,282559.4682646347,0.1845539757222631,1315466.470756815,2.4439365387766836,0.20609923459618948,1469037.0754620647,2.1884516239367096
11,case_0011_steps_0220_mesh_21x21,110,220,21,21,0.545,-1187495.56024468,5.06045019626617,3215788.54866369,-424.79920950532,-93545300.4214472,109.383561145514,3215788.54866369,1187495.56024468,5.06045019626617,0.45116053881370705,0.16660023776174718,7.099581961432442e-07,-0.5528563761006161,2.7080425867033022,0.018096552153157742,128988.86355938508,0.03964181102708413,282559.4682646347,0.18469678991490493,1316484.423804065,2.4427091506114946,0.20624204878883132,1470055.0285093146,2.1875293688322732
11,case_0011_steps_0220_mesh_21x21,111,220,21,21,0.55,-1189058.07059969,-0.77751498966245,3215234.00829408,-191.372443050146,-93520345.4284675,-392.08332118392,3215234.00829408,1189058.07059969,-0.77751498966245,0.4510827393165817,0.16681945087324399,-1.0908182436858665e-07,-0.5527088911182363,2.7040176487532754,0.018096552153157742,128988.86355938508,0.03964181102708413,282559.4682646347,0.18491600302640174,1318046.9341590751,2.4393926536048776,0.20646126190032812,1471617.5388643248,2.184829905449032
11,case_0011_steps_0220_mesh_21x21,112,220,21,21,0.555,-1191109.78039766,-5.43290583853377,3213187.63076799,-219.37238624692,-93454267.5780067,-798.103038109839,3213187.63076799,1191109.78039766,-5.43290583853377,0.4507956418369696,0.1671072964464009,-7.62212032397336e-07,-0.5523183684433216,2.697641882929754,0.018096552153157742,128988.86355938508,0.03964181102708413,282559.4682646347,0.18520384859955866,1320098.6439570452,2.434051156310819,0.20674910747348504,1473669.2486622948,2.180399457805557
11,case_0011_steps_0220_mesh_21x21,113,220,21,21,0.56,-1193540.79489086,-2.13557638425846,3209914.77411402,-107.263288974762,-93355495.2218903,-394.133778635412,3209914.77411402,1193540.79489086,-2.13557638425846,0.4503364749019798,0.1674483567468587,-2.996116745923015e-07,-0.5517346199640777,2.689405161394204,0.018096552153157742,128988.86355938508,0.03964181102708413,282559.4682646347,0.18554490890001646,1322529.6584502452,2.42710229869282,0.20709016777394285,1476100.2631554948,2.1745912891121018
11,case_0011_steps_0220_mesh_21x21,114,220,21,21,0.565,-1196156.23149772,-2.85286800510949,3205816.6216043,-221.6452691257,-93235788.3014541,-497.183153878897,3205816.6216043,1196156.23149772,-2.85286800510949,0.44976152270395847,0.16781529063288,-4.0024443363492714e-07,-0.5510271473927314,2.680098583435262,0.018096552153157742,128988.86355938508,0.03964181102708413,282559.4682646347,0.18591184278603776,1325145.095057105,2.419219324406246,0.20745710165996414,1478715.6997623546,2.167973615292993
11,case_0011_steps_0220_mesh_21x21,115,220,21,21,0.57,-1198746.80297106,-1.83039499266306,3201495.95053266,-122.431171923876,-93111916.9881371,-449.184627242386,3201495.95053266,1198746.80297106,-1.83039499266306,0.44915535216158,0.16817873605351663,-2.567961103894523e-07,-0.550295063096944,2.670702389026476,0.018096552153157742,128988.86355938508,0.03964181102708413,282559.4682646347,0.18627528820667438,1327735.666530445,2.4112449723510156,0.20782054708060077,1481306.2712356946,2.161265372799641
11,case_0011_steps_0220_mesh_21x21,116,220,21,21,0.575,-1201114.17611073,-1.15306507679634,3197537.32571059,-203.480620473623,-93000204.6233569,-395.226948779076,3197537.32571059,1201114.17611073,-1.15306507679634,0.44859997506490223,0.1685108677609047,-1.617697971935623e-07,-0.5496348386615125,2.662142691600212,0.018096552153157742,128988.86355938508,0.03964181102708413,282559.4682646347,0.18660741991406246,1330103.039670115,2.403977158418964,0.20815267878798885,1483673.6443753648,2.155148699872452
11,case_0011_steps_0220_mesh_21x21,117,220,21,21,0.58,-1203055.58756063,0.356589609989896,3194434.24658104,-22.522459924221,-92913806.5143123,-334.445898722857,3194434.24658104,1203055.58756063,0.356589609989896,0.44816462714606875,0.1687832389764064,5.002790393207411e-08,-0.5491242224653686,2.6552673705279233,0.018096552153157742,128988.86355938508,0.03964181102708413,282559.4682646347,0.18687979112956415,1332044.451120015,2.398143878678435,0.20842505000349054,1485615.0558252647,2.15024358702835
11,case_0011_steps_0220_mesh_21x21,118,220,21,21,0.585,-1204485.34722339,1.57278378756018,3192514.04517072,-110.18705162406,-92861005.3718859,-307.08127835393,3192514.04517072,1204485.34722339,1.57278378756018,0.4478952316028603,0.16898382776825743,2.2065442745853935e-07,-0.5488121656530615,2.6505212807529657,0.018096552153157742,128988.86355938508,0.03964181102708413,282559.4682646347,0.18708037992141519,1333474.210782775,2.3941325744100093,0.20862563879534157,1487044.8154880246,2.1468848900313655
11,case_0011_steps_0220_mesh_21x21,119,220,21,21,0.59,-1205382.36942703,1.32685209513875,3191890.51895183,16.2058648169041,-92844231.3942559,-433.986402586102,3191890.51895183,1205382.36942703,1.32685209513875,0.44780775370416703,0.16910967591237447,1.8615132715042795e-07,-0.5487130307906629,2.6480315291728322,0.018096552153157742,128988.86355938508,0.03964181102708413,282559.4682646347,0.18720622806553222,1334371.232986415,2.3920558537582965,0.2087514869394586,1487941.8376916647,2.145171563899033
11,case_0011_steps_0220_mesh_21x21,120,220,21,21,0.595,-1205828.49628613,3.01810292643495,3192469.73190331,-149.767119526863,-92860406.8301936,-242.416215520352,3192469.73190331,1205828.49628613,3.01810292643495,0.4478890146525544,0.16917226548600003,4.234261431932291e-07,-0.5488086282483018,2.6475321670833787,0.018096552153157742,128988.86355938508,0.03964181102708413,282559.4682646347,0.1872688176391578,1334817.359845515,2.391690300066812,0.20881407651308417,1488387.9645507648,2.144917728400795
11,case_0011_steps_0220_mesh_21x21,121,220,21,21,0.6,-1205957.41049883,3.41589349461719,3193864.33235987,-151.838634938002,-92898275.2310058,-173.62812808156,3193864.33235987,1205957.41049883,3.41589349461719,0.44808467076734243,0.16919035156497642,4.792343545728881e-07,-0.5490324319749181,2.6484055776387376,0.018096552153157742,128988.86355938508,0.03964181102708413,282559.4682646347,0.18728690371813417,1334946.274058215,2.392504023888972,0.20883216259206056,1488516.8787634647,2.1456688721011115
11,case_0011_steps_0220_mesh_21x21,122,220,21,21,0.605,-1205961.16165813,2.60803732095519,3195714.08671391,-74.7626353502274,-92946913.0462496,-136.899761691689,3195714.08671391,1205961.16165813,2.60803732095519,0.4483441829082724,0.1691908778356019,3.658957997898682e-07,-0.549319883361102,2.649931182128602,0.018096552153157742,128988.86355938508,0.03964181102708413,282559.4682646347,0.18728742998875966,1334950.025217515,2.393882936698851,0.20883268886268605,1488520.6299227646,2.1469061445790825
11,case_0011_steps_0220_mesh_21x21,123,220,21,21,0.61,-1206044.08657854,1.59701896551996,3197650.58658963,-148.222878336906,-92995771.447114,-74.6817646063864,3197650.58658963,1206044.08657854,1.59701896551996,0.4486158650522074,0.16920251182558824,2.2405451293714582e-07,-0.5496086384169122,2.6513546413225524,0.018096552153157742,128988.86355938508,0.03964181102708413,282559.4682646347,0.187299063978746,1335032.950137925,2.395184767731219,0.20884432285267238,1488603.5548431748,2.1480874314629084
11,case_0011_steps_0220_mesh_21x21,124,220,21,21,0.615,-1206365.97217555,-1.54707594501087,3198985.13012147,-155.54803621769,-93027221.9342495,-220.222923826426,3198985.13012147,1206365.97217555,-1.54707594501087,0.4488030954530201,0.16924767091400023,-2.170477338215761e-07,-0.5497945120232397,2.6517534511956167,0.018096552153157742,128988.86355938508,0.03964181102708413,282559.4682646347,0.18734422306715798,1335354.835734935,2.3956068039105536,0.20888948194108437,1488925.4404401847,2.148519357138343
11,case_0011_steps_0220_mesh_21x21,125,220,21,21,0.62,-1207026.89121417,-5.77151188335847,3199390.46868696,-294.475892543793,-93032205.4330003,-494.848645176739,3199390.46868696,1207026.89121417,-5.77151188335847,0.44885996261416616,0.16934039485559768,-8.097169237535077e-07,-0.5498239646953382,2.650637274094727,0.018096552153157742,128988.86355938508,0.03964181102708413,282559.4682646347,0.18743694700875543,1336015.754773555,2.39472510504132,0.20898220588268182,1489586.3594788047,2.147838188989864
11,case_0011_steps_0220_mesh_21x21,126,220,21,21,0.625,-1208075.40093056,-7.88365788914962,3198950.7030895,-123.578018039465,-93012301.2190815,-615.940520782024,3198950.7030895,1208075.40093056,-7.88365788914962,0.4487982654966786,0.1694874960102412,-1.106041422583487e-06,-0.5497063300143152,2.6479727181146164,0.018096552153157742,128988.86355938508,0.03964181102708413,282559.4682646347,0.18758404816339896,1337064.264489945,2.3925182865535755,0.20912930703732535,1490634.8691951947,2.1460323847225165
11,case_0011_steps_0220_mesh_21x21,127,220,21,21,0.63,-1209486.24390899,-8.83236255089287,3197367.9932715,-109.047582864761,-92961167.8419965,-777.653427537531,3197367.9932715,1209486.24390899,-8.83236255089287,0.4485762184921978,0.16968543087713242,-1.2391403810162552e-06,-0.5494041297602604,2.6435753274363756,0.018096552153157742,128988.86355938508,0.03964181102708413,282559.4682646347,0.18778198303029017,1338475.107468375,2.3888139386611984,0.20932724190421656,1492045.7121736247,2.142942382518259
11,case_0011_steps_0220_mesh_21x21,128,220,21,21,0.635,-1211163.70814871,-6.20198501937557,3194930.67897636,-284.329379528761,-92887304.5180582,-642.518872644752,3194930.67897636,1211163.70814871,-6.20198501937557,0.44823427435811886,0.1699207714969463,-8.701103510735363e-07,-0.5489675946332652,2.637901596192872,0.018096552153157742,128988.86355938508,0.03964181102708413,282559.4682646347,0.18801732365010404,1340152.571708095,2.3840051845024277,0.20956258252403043,1493723.1764133447,2.138904135268137
11,case_0011_steps_0220_mesh_21x21,129,220,21,21,0.64,-1212997.63375133,-3.88110206322744,3191967.52925389,-102.951968580484,-92799973.9625348,-596.123702190816,3191967.52925389,1212997.63375133,-3.88110206322744,0.44781855790004177,0.17017806293588933,-5.445010054421346e-07,-0.5484514676420428,2.6314705325371293,0.018096552153157742,128988.86355938508,0.03964181102708413,282559.4682646347,0.18827461508904708,1341986.497310715,2.3785392294560785,0.20981987396297347,1495557.1020159647,2.134300004293528
11,case_0011_steps_0220_mesh_21x21,130,220,21,21,0.645,-1214827.35107587,-1.37208938458934,3188823.60310578,-54.4419035315514,-92709140.5225033,-549.828911602497,3188823.60310578,1214827.35107587,-1.37208938458934,0.44737747932988486,0.17043476397251667,-1.924979135550225e-07,-0.5479146384666772,2.624919170844901,0.018096552153157742,128988.86355938508,0.03964181102708413,282559.4682646347,0.18853131612567442,1343816.214635255,2.3729611001689737,0.2100765749996008,1497386.8193405047,2.1295924085335787
11,case_0011_steps_0220_mesh_21x21,131,220,21,21,0.65,-1216485.30687054,3.89694144652458,3185907.28516664,-149.307008177042,-92626421.7513931,-233.824095133692,3185907.28516664,1216485.30687054,3.89694144652458,0.4469683331584672,0.1706673676460273,5.46723199033123e-07,-0.5474257673013119,2.618944320307922,0.018096552153157742,128988.86355938508,0.03964181102708413,282559.4682646347,0.18876391979918505,1345474.170429925,2.3678695252459834,0.21030917867311144,1499044.7751351746,2.125291611039006
11,case_0011_steps_0220_mesh_21x21,132,220,21,21,0.655,-1217856.2212077,7.12104889773764,3183590.29674787,-178.695728093386,-92561542.3540605,-87.0865058153868,3183590.29674787,1217856.2212077,7.12104889773764,0.4466432701987549,0.17085970070576084,9.99050842119924e-07,-0.5470423275311547,2.614093717557914,0.018096552153157742,128988.86355938508,0.03964181102708413,282559.4682646347,0.1889562528589186,1346845.084767085,2.363739031871227,0.21050151173284498,1500415.6894723347,2.1218055230197392
11,case_0011_steps_0220_mesh_21x21,133,220,21,21,0.66,-1218862.95869806,8.36135689681396,3182052.4358125,-158.575391203165,-92519197.8684182,-8.49031938239932,3182052.4358125,1218862.95869806,8.36135689681396,0.44642751528896446,0.1710009414066718,1.173060425365301e-06,-0.546792069968513,2.6106728513691477,0.018096552153157742,128988.86355938508,0.03964181102708413,282559.4682646347,0.18909749355982955,1347851.822257445,2.360832536089205,0.21064275243375594,1501422.4269626946,2.1193585353920943
11,case_0011_steps_0220_mesh_21x21,134,220,21,21,0.665,-1219485.1243466,7.49832430714741,3181499.59771574,19.7871147692204,-92504022.2542863,-37.3578440956771,3181499.59771574,1219485.1243466,7.49832430714741,0.4463499546129945,0.17108822842351976,1.0519808698299875e-06,-0.5467023814967644,2.608887582306826,0.018096552153157742,128988.86355938508,0.03964181102708413,282559.4682646347,0.1891847805766775,1348473.987905985,2.3593333102822545,0.2107300394506039,1502044.5926112346,2.1181126135442163
11,case_0011_steps_0220_mesh_21x21,135,220,21,21,0.67,-1219792.34241995,4.54024136305088,3181817.9413473,-45.8651776909828,-92512566.8401693,-234.052621606737,3181817.9413473,1219792.34241995,4.54024136305088,0.44639461677972875,0.1711313297249295,6.369752577636086e-07,-0.5467528803327858,2.608491487194354,0.018096552153157742,128988.86355938508,0.03964181102708413,282559.4682646347,0.18922788187808726,1348781.2059793351,2.359031937308926,0.21077314075201364,1502351.8106845848,2.117891374522605
11,case_0011_steps_0220_mesh_21x21,136,220,21,21,0.675,-1219867.72901151,4.66621157835471,3182791.89085514,-58.157296538353,-92538510.8403609,-18.8837214075029,3182791.89085514,1219867.72901151,4.66621157835471,0.44653125747549743,0.1711419061215902,6.546483072663723e-07,-0.546906210386384,2.6091286908903126,0.018096552153157742,128988.86355938508,0.03964181102708413,282559.4682646347,0.18923845827474794,1348856.592570895,2.359622148407044,0.21078371714867433,1502427.1972761448,2.1184333567879
11,case_0011_steps_0220_mesh_21x21,137,220,21,21,0.68,-1219853.49770049,0.838933686725795,3184109.18862518,-80.8280054628849,-92572671.9067338,-157.210068941116,3184109.18862518,1219853.49770049,0.838933686725795,0.44671606837419797,0.1711399095332416,1.176985888234042e-07,-0.5471081036217852,2.6102390120022205,0.018096552153157742,128988.86355938508,0.03964181102708413,282559.4682646347,0.18923646168639935,1348842.3612598751,2.360623657794295,0.21078172056032574,1502412.9659651248,2.1193302113042947
11,case_0011_steps_0220_mesh_21x21,138,220,21,21,0.685,-1219880.84444906,-2.11656155029777,3185482.27833135,-115.952204167843,-92606872.440774,-257.758201897144,3185482.27833135,1219880.84444906,-2.11656155029777,0.4469087066283309,0.17114374615795525,-2.96943979684711e-07,-0.5473102301126402,2.6113060901206486,0.018096552153157742,128988.86355938508,0.03964181102708413,282559.4682646347,0.189240298311113,1348869.708008445,2.361593754695992,0.21078555718503938,1502440.3127136948,2.1202055425268505
11,case_0011_steps_0220_mesh_21x21,139,220,21,21,0.69,-1220088.53598004,-5.02249983197544,3186409.53244178,-324.157134205103,-92628710.6102361,-352.734523173422,3186409.53244178,1220088.53598004,-5.02249983197544,0.44703879617176573,0.1711728843371626,-7.046339322675311e-07,-0.5474392945463968,2.6116215655467054,0.018096552153157742,128988.86355938508,0.03964181102708413,282559.4682646347,0.18926943649032035,1349077.399539425,2.361917510092171,0.21081469536424674,1502648.0042446747,2.120529574085762
11,case_0011_steps_0220_mesh_21x21,140,220,21,21,0.695,-1220529.83419615,-7.07676679117139,3186810.42482796,-116.456903666258,-92634622.3666537,-360.162603281438,3186810.42482796,1220529.83419615,-7.07676679117139,0.44709503955413316,0.17123479647409104,-9.928382635389919e-07,-0.5474742332575314,2.611005757943489,0.018096552153157742,128988.86355938508,0.03964181102708413,282559.4682646347,0.1893313486272488,1349518.6977555351,2.3614422164940243,0.21087660750117518,1503089.3024607848,2.1201737113095467
11,case_0011_steps_0220_mesh_21x21,141,220,21,21,0.7,-1221260.48944216,-8.33362145203864,3186449.83514648,-67.4788369238377,-92619314.2569409,-422.359920132905,3186449.83514648,1221260.48944216,-8.33362145203864,0.44704445045832497,0.17133730408909384,-1.1691692683381166e-06,-0.5473837617317291,2.609148386190703,0.018096552153157742,128988.86355938508,0.03964181102708413,282559.4682646347,0.1894338562422516,1350249.353001545,2.359897324196558,0.21097911511617798,1503819.9577067946,2.1189038081430716
11,case_0011_steps_0220_mesh_21x21,142,220,21,21,0.705,-1222247.35320681,-6.70096646889579,3185297.83988244,-41.6769942045212,-92582599.7545741,-234.958267174661,3185297.83988244,1222247.35320681,-6.70096646889579,0.4468828307510059,0.17147575659648284,-9.401151838593037e-07,-0.5471667775899561,2.6060991922176595,0.018096552153157742,128988.86355938508,0.03964181102708413,282559.4682646347,0.1895723087496406,1351236.2167661951,2.357321244323629,0.21111756762356698,1504806.8214714448,2.1167486712797867
11,case_0011_steps_0220_mesh_21x21,143,220,21,21,0.71,-1223424.5610857,-4.98706725804368,3183511.3767117,-439.783964544535,-92528813.5587232,-196.696135077626,3183511.3767117,1223424.5610857,-4.98706725804368,0.4466321980758517,0.1716409135192402,-6.996629029524188e-07,-0.5468488990734683,2.602131327073053,0.018096552153157742,128988.86355938508,0.03964181102708413,282559.4682646347,0.18973746567239796,1352413.4246450851,2.3539483701495727,0.21128272454632435,1505984.0293503348,2.1139077936205157
11,case_0011_steps_0220_mesh_21x21,144,220,21,21,0.715,-1224709.16396499,-3.7257356964983,3181261.30613104,-41.1266467273235,-92463049.1452101,-235.314094133675,3181261.30613104,1224709.16396499,-3.7257356964983,0.4463165233851258,0.1718211374731513,-5.227038093061589e-07,-0.5464602288231466,2.5975647114713523,0.018096552153157742,128988.86355938508,0.03964181102708413,282559.4682646347,0.18991768962630906,1353698.0275243751,2.3500524056675243,0.21146294850023545,1507268.6322296248,2.1106133559119877
11,case_0011_steps_0220_mesh_21x21,145,220,21,21,0.72,-1225976.43052101,0.202747632749379,3179003.02445767,-56.3422639667988,-92397312.2581384,-25.8904011137784,3179003.02445767,1225976.43052101,0.202747632749379,0.44599969671535783,0.1719989292195869,2.8444572723049274e-08,-0.5460717212551677,2.5930376354027227,0.018096552153157742,128988.86355938508,0.03964181102708413,282559.4682646347,0.19009548137274465,1354965.294080395,2.3461877867619005,0.21164074024667104,1508535.8987856447,2.1073433035413567
11,case_0011_steps_0220_mesh_21x21,146,220,21,21,0.725,-1227146.69272771,3.20478239841759,3176968.27475582,67.7996798157692,-92338729.7359725,65.5347839556634,3176968.27475582,1227146.69272771,3.20478239841759,0.4457142305667148,0.17216311169605833,4.496164258845909e-07,-0.5457254962629814,2.5889066837592445,0.018096552153157742,128988.86355938508,0.03964181102708413,282559.4682646347,0.19025966384921608,1356135.556287095,2.3426627670274383,0.21180492272314247,1509706.1609923446,2.104361998938633
11,case_0011_steps_0220_mesh_21x21,147,220,21,21,0.73,-1228115.35993266,4.95911463478114,3175250.83165925,-88.3882085084915,-92290462.7058702,99.6699338704348,3175250.83165925,1228115.35993266,4.95911463478114,0.4454732810947252,0.1722990113087048,6.957412767691225e-07,-0.5454402362314535,2.5854662642061212,0.018096552153157742,128988.86355938508,0.03964181102708413,282559.4682646347,0.19039556346186257,1357104.223492045,2.3397251122605933,0.21194082233578895,1510674.8281972946,2.1018757792160425
11,case_0011_steps_0220_mesh_21x21,148,220,21,21,0.735,-1228819.47365201,6.77092744992115,3174134.48561401,81.6286920905113,-92259499.5464933,214.662846367806,3174134.48561401,1228819.47365201,6.77092744992115,0.44531666281101306,0.17239779526797358,9.499303919856132e-07,-0.5452572427511974,2.5830763213579204,0.018096552153157742,128988.86355938508,0.03964181102708413,282559.4682646347,0.19049434742113133,1357808.3372113951,2.3376896419217035,0.21203960629505772,1511378.9419166448,2.100157940263977
11,case_0011_steps_0220_mesh_21x21,149,220,21,21,0.74,-1229265.90197052,6.07720476808026,3173747.43384478,-49.5624263286591,-92248443.260119,185.161291144788,3173747.43384478,1229265.90197052,6.07720476808026,0.44526236120438933,0.1724604271349862,8.526042481206244e-07,-0.5451918996672531,2.5818233701571365,0.018096552153157742,128988.86355938508,0.03964181102708413,282559.4682646347,0.19055697928814394,1358254.765529905,2.336636332438403,0.21210223816207033,1511825.3702351546,2.0992817664854533
11,case_0011_steps_0220_mesh_21x21,150,220,21,21,0.745,-1229469.46770885,4.67362836428219,3173914.69172488,-16.6759453117847,-92252984.1286449,91.0971041359007,3173914.69172488,1229469.46770885,4.67362836428219,0.44528582672588274,0.17248898648420932,6.556888486715896e-07,-0.5452187363774488,2.5815319331512616,0.018096552153157742,128988.86355938508,0.03964181102708413,282559.4682646347,0.19058553863736707,1358458.331268235,2.336409309486706,0.21213079751129346,1512028.9359734848,2.0991097565744856
11,case_0011_steps_0220_mesh_21x21,151,220,21,21,0.75,-1229521.20713878,4.72582949942444,3174579.028376,80.9212040603161,-92270769.4709916,249.82027746737,3174579.028376,1229521.20713878,4.72582949942444,0.4453790301430034,0.1724962452914138,6.630124310219438e-07,-0.5453238484447916,2.581963621240471,0.018096552153157742,128988.86355938508,0.03964181102708413,282559.4682646347,0.19059279744457155,1358510.070698165,2.3368093449204403,0.21213805631849794,1512080.6754034148,2.0994772832005406
11,case_0011_steps_0220_mesh_21x21,152,220,21,21,0.755,-1229496.48495191,0.0891968790674582,3175523.4982523,-23.2173989713192,-92295325.2695857,-83.6728504635394,3175523.4982523,1229496.48495191,0.0891968790674582,0.44551153498025764,0.17249277688079534,1.2513917321242399e-08,-0.545468974172774,2.582783714405256,0.018096552153157742,128988.86355938508,0.03964181102708413,282559.4682646347,0.1905893290339531,1358485.3485112952,2.3375471084264676,0.21213458790787948,1512055.9532165448,2.1001362360282485
11,case_0011_steps_0220_mesh_21x21,153,220,21,21,0.76,-1229506.79778344,-2.08082378120162,3176439.16565437,106.015677034855,-92318511.806192,-141.444353017956,3176439.16565437,1229506.79778344,-2.08082378120162,0.44563999896109485,0.17249422372425513,-2.919301328731353e-07,-0.5456060075089729,2.583506794253491,0.018096552153157742,128988.86355938508,0.03964181102708413,282559.4682646347,0.19059077587741288,1358495.661342825,2.3382033936822233,0.21213603475133927,1512066.2660480747,2.100727485942986
11,case_0011_steps_0220_mesh_21x21,154,220,21,21,0.765,-1229622.37630421,-3.96086059871595,3177086.12849469,-14.4746508300304,-92333587.7613671,-177.380622241646,3177086.12849469,1229622.37630421,-3.96086059871595,0.4457307649114098,0.17251043886617656,-5.556907659943143e-07,-0.5456951069923976,2.5837901047668277,0.018096552153157742,128988.86355938508,0.03964181102708413,282559.4682646347,0.19060699101933432,1358611.239863595,2.3384806744375752,0.2121522498932607,1512181.8445688447,2.1009947579423196
11,case_0011_steps_0220_mesh_21x21,155,220,21,21,0.77,-1229901.89962446,-4.44536961603444,3177295.69232173,-2.26583415269852,-92336115.7188316,-145.326751478016,3177295.69232173,1229901.89962446,-4.44536961603444,0.44576016576525707,0.17254965471941647,-6.236651822239959e-07,-0.5457100473196665,2.5833732700891754,0.018096552153157742,128988.86355938508,0.03964181102708413,282559.4682646347,0.19064620687257422,1358890.763183845,2.3381538666709387,0.2121914657465006,1512461.3678890946,2.100745023825768
11,case_0011_steps_0220_mesh_21x21,156,220,21,21,0.775,-1230379.65537698,-5.87249803135637,3176992.33481515,-66.9960862100124,-92324074.9480721,-266.575417280197,3176992.33481515,1230379.65537698,-5.87249803135637,0.44571760608384436,0.17261668168324404,-8.238848220011664e-07,-0.5456388858945862,2.582123591633788,0.018096552153157742,128988.86355938508,0.03964181102708413,282559.4682646347,0.1907132338364018,1359368.5189363651,2.337108952104453,0.21225849271032818,1512939.1236416148,2.0998811420569203
11,case_0011_steps_0220_mesh_21x21,157,220,21,21,0.78,-1231035.78280399,-4.98680620046798,3176225.79961758,111.530721515417,-92298684.1178552,-202.073253892362,3176225.79961758,1231035.78280399,-4.98680620046798,0.44561006467447556,0.17270873338347886,-6.996262777593341e-07,-0.545488825097126,2.5801246754850102,0.018096552153157742,128988.86355938508,0.03964181102708413,282559.4682646347,0.19080528553663662,1360024.646363375,2.3354178235744616,0.212350544410563,1513595.2510686247,2.0984644325324813
11,case_0011_steps_0220_mesh_21x21,158,220,21,21,0.785,-1231853.71666864,-3.25503444758942,3174957.03757179,98.1124131083488,-92260096.2693223,-6.85952073708177,3174957.03757179,1231853.71666864,-3.25503444758942,0.44543206311761235,0.17282348579257084,-4.566665603190446e-07,-0.5452607694064039,2.5773815466969374,0.018096552153157742,128988.86355938508,0.03964181102708413,282559.4682646347,0.1909200379457286,1360842.580228025,2.333081786020973,0.21246529681965498,1514413.1849332748,2.0964932616534764
11,case_0011_steps_0220_mesh_21x21,159,220,21,21,0.79,-1232732.4047711,-3.67442921694601,3173444.48068496,81.20658659935,-92214841.9226384,-193.227747231722,3173444.48068496,1232732.4047711,-3.67442921694601,0.4452198582509919,0.17294676174549994,-5.155057430747631e-07,-0.5449933144514489,2.574317401248344,0.018096552153157742,128988.86355938508,0.03964181102708413,282559.4682646347,0.1910433138986577,1361721.268330485,2.330465532476927,0.21258857277258408,1515291.8730357348,2.094279351163735
11,case_0011_steps_0220_mesh_21x21,160,220,21,21,0.795,-1233634.43859033,0.222131019749213,3171805.76272523,81.7171386778355,-92167393.3574433,70.9523627832532,3171805.76272523,1233634.43859033,0.222131019749213,0.4449899535584142,0.1730733129965395,3.116397394938727e-08,-0.5447128915794633,2.5711066937703535,0.018096552153157742,128988.86355938508,0.03964181102708413,282559.4682646347,0.19116986514969725,1362623.3021497151,2.3277201833561003,0.21271512402362364,1516193.9068549648,2.0919525849464033
11,case_0011_steps_0220_mesh_21x21,161,220,21,21,0.8,-1234462.4194406,1.84784504363779,3170177.9044637,51.7885209321976,-92121701.6882262,77.2456013262272,3170177.9044637,1234462.4194406,1.84784504363779,0.4447615724322082,0.1731894749521166,2.5924427334573786e-07,-0.5444428520312706,2.56806351861264,0.018096552153157742,128988.86355938508,0.03964181102708413,282559.4682646347,0.19128602710527434,1363451.2829999852,2.325112707722418,0.21283128597920073,1517021.8877052348,2.0897377487803803
11,case_0011_steps_0220_mesh_21x21,162,220,21,21,0.805,-1235124.30974896,2.65441100561293,3168818.60827708,-186.044713139534,-92083838.978783,-50.6997695639729,3168818.60827708,1235124.30974896,2.65441100561293,0.44457086934626755,0.17328233515845054,3.724018172845997e-07,-0.5442190819408673,2.565586786095357,0.018096552153157742,128988.86355938508,0.03964181102708413,282559.4682646347,0.1913788873116083,1364113.173308345,2.3229880557430835,0.21292414618553468,1517683.7780135947,2.0879307364176727
11,case_0011_steps_0220_mesh_21x21,163,220,21,21,0.81,-1235620.655914,3.61705189186614,3167990.26398714,132.547439694405,-92060637.5417033,51.6820307075977,3167990.26398714,1235620.655914,3.61705189186614,0.44445465640175413,0.17335197027278373,5.07455964767828e-07,-0.5440819605422891,2.5638858081760927,0.018096552153157742,128988.86355938508,0.03964181102708413,282559.4682646347,0.1914485224259415,1364609.519473385,2.321536101557972,0.21299378129986787,1518180.1241786347,2.0867025022482655
11,case_0011_steps_0220_mesh_21x21,164,220,21,21,0.815,-1235908.09803357,4.67669822461903,3167670.56767385,-72.7766334712505,-92051011.1000003,127.626094318926,3167670.56767385,1235908.09803357,4.67669822461903,0.4444098044599122,0.1733922970976295,6.561195361445664e-07,-0.544025067896152,2.563030837579162,0.018096552153157742,128988.86355938508,0.03964181102708413,282559.4682646347,0.19148884925078724,1364896.961592955,2.320812967432281,0.21303410812471363,1518467.5662982047,2.0860969558909668
11,case_0011_steps_0220_mesh_21x21,165,220,21,21,0.82,-1236047.29018524,2.25053442711942,3167764.26699823,-62.1440274119377,-92053560.3962958,-86.6035409681499,3167764.26699823,1236047.29018524,2.25053442711942,0.44442295004987686,0.17341182512479789,3.1573976627907363e-07,-0.5440401343367448,2.562818018494659,0.018096552153157742,128988.86355938508,0.03964181102708413,282559.4682646347,0.19150837727795564,1365036.1537446252,2.320644957504081,0.21305363615188203,1518606.7584498748,2.085967449685092
11,case_0011_steps_0220_mesh_21x21,166,220,21,21,0.825,-1236056.15850767,4.39691781299189,3168147.41046445,17.0765224695206,-92063928.1431196,259.444005865604,3168147.41046445,1236056.15850767,4.39691781299189,0.4444767033393257,0.17341306931018674,6.16867614151227e-07,-0.5441014081250753,2.563109603603654,0.018096552153157742,128988.86355938508,0.03964181102708413,282559.4682646347,0.1915096214633445,1365045.022067055,2.3209105628377,0.21305488033727088,1518615.6267723048,2.086207566030446
11,case_0011_steps_0220_mesh_21x21,167,220,21,21,0.83,-1236010.17404029,-0.130310863954946,3168673.60597036,28.9030204713345,-92077709.9763861,-57.9067784287035,3168673.60597036,1236010.17404029,-0.130310863954946,0.44455052618071444,0.17340661789810963,-1.82820228088764e-08,-0.5441828592975171,2.5636306824340678,0.018096552153157742,128988.86355938508,0.03964181102708413,282559.4682646347,0.19150317005126738,1364999.0375996751,2.3213742418034315,0.21304842892519377,1518569.6423049248,2.086617246714391
11,case_0011_steps_0220_mesh_21x21,168,220,21,21,0.835,-1235980.27224864,-3.27617487456882,3169282.13980139,-243.045580416918,-92092821.3834398,-191.396749988198,3169282.13980139,1235980.27224864,-3.27617487456882,0.4446359007154326,0.1734024228124477,-4.5963246628034963e-07,-0.5442721683029278,2.564185052917925,0.018096552153157742,128988.86355938508,0.03964181102708413,282559.4682646347,0.19149897496560545,1364969.135808025,2.321870917561268,0.21304423383953183,1518539.7405132747,2.0870590707953123
11,case_0011_steps_0220_mesh_21x21,169,220,21,21,0.84,-1236026.85053076,-4.59866135416087,3169739.37076471,48.7898847460747,-92103189.2181027,-130.820463314652,3169739.37076471,1236026.85053076,-4.59866135416087,0.4447000481444852,0.17340895753403782,-6.451713173825246e-07,-0.5443334426103907,2.5644583444150895,0.018096552153157742,128988.86355938508,0.03964181102708413,282559.4682646347,0.19150550968719557,1365015.714090145,2.3221266524960913,0.21305076856112196,1518586.3187953946,2.0872961461150776
11,case_0011_steps_0220_mesh_21x21,170,220,21,21,0.845,-1236217.97762387,-2.94307531649247,3169877.94276369,16.2214449346066,-92104695.5245099,83.8787715956569,3169877.94276369,1236217.97762387,-2.94307531649247,0.4447194891670457,0.17343577179778824,-4.129001100242821e-07,-0.5443423449400411,2.564173956486623,0.018096552153157742,128988.86355938508,0.03964181102708413,282559.4682646347,0.191532323950946,1365206.841183255,2.321903060503481,0.21307758282487238,1518777.4458885046,2.0871247142528313
11,case_0011_steps_0220_mesh_21x21,171,220,21,21,0.85,-1236562.16962666,-5.85090081969975,3169665.38531231,49.1727786362171,-92096370.2463013,-217.259304694831,3169665.38531231,1236562.16962666,-5.85090081969975,0.44468966832128975,0.17348406037369557,-8.208548312227232e-07,-0.5442931422209337,2.5632883353283304,0.018096552153157742,128988.86355938508,0.03964181102708413,282559.4682646347,0.19158061252685332,1365551.033186045,2.3211621596572507,0.2131258714007797,1519121.6378912947,2.0865119067832834
11,case_0011_steps_0220_mesh_21x21,172,220,21,21,0.855,-1237041.83822353,-6.42437740141759,3169128.18074911,-177.006586045027,-92078723.7775704,-365.967931598425,3169128.18074911,1237041.83822353,-6.42437740141759,0.4446143009591268,0.17355135570090416,-9.013109929664354e-07,-0.5441888509020799,2.5618601431461507,0.018096552153157742,128988.86355938508,0.03964181102708413,282559.4682646347,0.1916479078540619,1366030.701782915,2.319953846288249,0.2131931667279883,1519601.3064881647,2.0854997736696093
11,case_0011_steps_0220_mesh_21x21,173,220,21,21,0.86,-1237613.59199069,-2.77302607271122,3168126.86123265,-168.190995872021,-92048966.1184801,-156.319871310145,3168126.86123265,1237613.59199069,-2.77302607271122,0.44447382037536504,0.17363157015958422,-3.8904297287479734e-07,-0.5440129819755621,2.5598675400265662,0.018096552153157742,128988.86355938508,0.03964181102708413,282559.4682646347,0.19172812231274197,1366602.455550075,2.3182505258688697,0.21327338118666836,1520173.0602553247,2.084056706478234
11,case_0011_steps_0220_mesh_21x21,174,220,21,21,0.865,-1238254.11998431,-0.140172217041254,3166946.59897585,-321.157998472452,-92014542.2592334,-238.645357798785,3166946.59897585,1238254.11998431,-0.140172217041254,0.44430823493724886,0.17372143333011106,-1.966552589203145e-08,-0.5438095356240213,2.5575901972496395,0.018096552153157742,128988.86355938508,0.03964181102708413,282559.4682646347,0.1918179854832688,1367242.983543695,2.31630122596613,0.2133632443571952,1520813.5882489446,2.0824028818826195
11,case_0011_steps_0220_mesh_21x21,175,220,21,21,0.87,-1238899.12227077,1.98958381562261,3165795.05103531,-71.5712960362434,-91980708.812925,-177.23945517838,3165795.05103531,1238899.12227077,1.98958381562261,0.4441466779873867,0.17381192422361721,2.791295797866845e-07,-0.5436095786359868,2.55532915806151,0.018096552153157742,128988.86355938508,0.03964181102708413,282559.4682646347,0.19190847637677497,1367887.985830155,2.314367173211209,0.21345373525070135,1521458.5905354046,2.080763203631628
11,case_0011_steps_0220_mesh_21x21,176,220,21,21,0.875,-1239474.34516186,8.65255412727129,3164727.57502222,4.06982830166817,-91949606.8311749,437.64287308231,3164727.57502222,1239474.34516186,8.65255412727129,0.443996915947393,0.1738926253846404,1.2139140752263222e-06,-0.5434257647100874,2.553282032319068,0.018096552153157742,128988.86355938508,0.03964181102708413,282559.4682646347,0.19198917753779815,1368463.2087212452,2.3126142923341626,0.21353443641172454,1522033.8134264948,2.0792754714808823
11,case_0011_steps_0220_mesh_21x21,177,220,21,21,0.88,-1239976.32076538,7.9397448101663,3163804.67040423,-64.1861436069012,-91923652.1782194,217.912292942405,3163804.67040423,1239976.32076538,7.9397448101663,0.4438674366180076,0.17396305028364362,1.113910163056738e-06,-0.5432723716982388,2.5515041032810686,0.018096552153157742,128988.86355938508,0.03964181102708413,282559.4682646347,0.19205960243680137,1368965.184324765,2.311092134870296,0.21360486131072776,1522535.7890300148,2.077983777589782
11,case_0011_steps_0220_mesh_21x21,178,220,21,21,0.885,-1240337.76259532,7.81096556474222,3163197.61592622,-225.518962174654,-91906551.9046838,175.04193829,3163197.61592622,1240337.76259532,7.81096556474222,0.4437822696298044,0.17401375893201332,1.0958430193766307e-06,-0.5431713084143044,2.550271153002268,0.018096552153157742,128988.86355938508,0.03964181102708413,282559.4682646347,0.19211031108517107,1369326.626154705,2.3100387851282793,0.21365556995909746,1522897.2308599546,2.077091974315309
11,case_0011_steps_0220_mesh_21x21,179,220,21,21,0.89,-1240554.80750889,3.69392946630251,3162917.44342975,-75.6524233222008,-91898660.6553155,-37.4600929580629,3162917.44342975,1240554.80750889,3.69392946630251,0.443742962700087,0.1740442093483486,5.182415395593722e-07,-0.5431246708225814,2.54959911830182,0.018096552153157742,128988.86355938508,0.03964181102708413,282559.4682646347,0.19214076150150636,1369543.671068275,2.3094681171887004,0.21368602037543274,1523114.2757735248,2.0766120400410792
11,case_0011_steps_0220_mesh_21x21,180,220,21,21,0.895,-1240649.99693094,2.53567382501205,3162900.13758975,-359.181166797876,-91898248.3541194,131.387683317065,3162900.13758975,1240649.99693094,2.53567382501205,0.44374053476927594,0.1740575639922537,3.557435297241896e-07,-0.5431222341064225,2.549389550166428,0.018096552153157742,128988.86355938508,0.03964181102708413,282559.4682646347,0.19215411614541145,1369638.8604903251,2.3092949746310825,0.21369937501933783,1523209.4651955748,2.0764709055846398
11,case_0011_steps_0220_mesh_21x21,181,220,21,21,0.9,-1240656.91968963,-4.39212093787501,3163217.58241279,-180.146771579981,-91906289.0823021,-368.041768215597,3163217.58241279,1240656.91968963,-4.39212093787501,0.44378507083725405,0.17405853522387957,-6.161946343425101e-07,-0.5431697551237719,2.5496311931296196,0.018096552153157742,128988.86355938508,0.03964181102708413,282559.4682646347,0.19215508737703732,1369645.783249015,2.3095150739698123,0.2137003462509637,1523216.3879542646,2.0766698726640587
11,case_0011_steps_0220_mesh_21x21,182,220,21,21,0.905,-1240607.94433801,-4.76615479210159,3163640.07940862,-238.81422740221,-91917058.1716904,-134.086107492447,3163640.07940862,1240607.94433801,-4.76615479210159,0.4438443452483048,0.17405166420431747,-6.686698865718753e-07,-0.5432334008623211,2.550072401073284,0.018096552153157742,128988.86355938508,0.03964181102708413,282559.4682646347,0.19214821635747523,1369596.807897395,2.3099061425715792,0.21369347523140161,1523167.4126026446,2.077014025663069
11,case_0011_steps_0220_mesh_21x21,183,220,21,21,0.91,-1240579.00148099,-7.88224539696239,3163952.11976477,-371.297818243504,-91924972.6083833,-283.618367791176,3163952.11976477,1240579.00148099,-7.88224539696239,0.44388812309410586,0.17404760365283212,-1.105843256340086e-06,-0.5432801754920373,2.5503834225693627,0.018096552153157742,128988.86355938508,0.03964181102708413,282559.4682646347,0.19214415580598987,1369567.8650403752,2.3101827959956522,0.21368941467991626,1523138.4697456248,2.0772583600315557
11,case_0011_steps_0220_mesh_21x21,184,220,21,21,0.915,-1240593.29928671,-8.76671436335891,3164375.41266836,-232.55866959691,-91934263.4107282,-347.947631757706,3164375.41266836,1240593.29928671,-8.76671436335891,0.4439475091674032,0.17404960957008533,-1.229930238243568e-06,-0.5433350844964697,2.550695231457195,0.018096552153157742,128988.86355938508,0.03964181102708413,282559.4682646347,0.1921461617232431,1369582.1628460952,2.31046774593833,0.21369142059716947,1523152.7675513448,2.077516766591628
11,case_0011_steps_0220_mesh_21x21,185,220,21,21,0.92,-1240715.54311464,-6.18622066162061,3164662.84501282,-86.441588550806,-91939230.9512243,-37.5820205099881,3164662.84501282,1240715.54311464,-6.18622066162061,0.4439878346208454,0.1740667598243514,-8.678986832256193e-07,-0.5433644428546601,2.550675586015779,0.018096552153157742,128988.86355938508,0.03964181102708413,282559.4682646347,0.19216331197750916,1369704.406674025,2.3104713904640124,0.21370857085143555,1523275.0113792748,2.077538738160828
11,case_0011_steps_0220_mesh_21x21,186,220,21,21,0.925,-1240938.17215585,-8.17571912665153,3164683.0271239,-78.5605375766754,-91937083.8448498,-551.296043127775,3164683.0271239,1240938.17215585,-8.17571912665153,0.44399066607943527,0.17409799366845152,-1.1470162887116453e-06,-0.5433517533721959,2.5502342486781413,0.018096552153157742,128988.86355938508,0.03964181102708413,282559.4682646347,0.19219454582160928,1369927.0357152352,2.310110644302766,0.21373980469553566,1523497.6404204848,2.0772483941953785
11,case_0011_steps_0220_mesh_21x21,187,220,21,21,0.93,-1241258.00754748,-1.15460905089276,3164305.33323544,57.9727927744389,-91924457.8350183,84.2693026028574,3164305.33323544,1241258.00754748,-1.15460905089276,0.44393767734101364,0.17414286512235339,-1.6198640975210404e-07,-0.5432771331613612,2.5492728457700604,0.018096552153157742,128988.86355938508,0.03964181102708413,282559.4682646347,0.19223941727551114,1370246.8711068651,2.309295791844692,0.21378467614943752,1523817.4758121148,2.076564538380183
11,case_0011_steps_0220_mesh_21x21,188,220,21,21,0.935,-1241644.17033466,1.41255083022406,3163666.6630753,-132.47382748127,-91905017.8120751,2.01827223226428,3163666.6630753,1241644.17033466,1.41255083022406,0.44384807481609245,0.17419704200883004,1.981744707469832e-07,-0.5431622418671189,2.5479656238571136,0.018096552153157742,128988.86355938508,0.03964181102708413,282559.4682646347,0.1922935941619878,1370633.033894045,2.3081792024865666,0.21383885303591418,1524203.6385992947,2.0756194139404043
11,case_0011_steps_0220_mesh_21x21,189,220,21,21,0.94,-1242072.68372084,4.28615522396285,3162818.15767638,-157.000090330839,-91880452.9851983,171.343412317336,3162818.15767638,1242072.68372084,4.28615522396285,0.44372903335948854,0.17425716049214207,6.013281255963877e-07,-0.5430170627816335,2.5464034425116093,0.018096552153157742,128988.86355938508,0.03964181102708413,282559.4682646347,0.19235371264529982,1371061.547280225,2.306838933635374,0.2138989715192262,1524632.1519854746,2.07447950875072
11,case_0011_steps_0220_mesh_21x21,190,220,21,21,0.945,-1242500.05691257,3.90355739998631,3162023.65176316,-79.4315310120583,-91856930.7186245,84.3688002005219,3162023.65176316,1242500.05691257,3.90355739998631,0.4436175677856566,0.17431711901134744,5.476513872779007e-07,-0.5428780452682248,2.544888134347715,0.018096552153157742,128988.86355938508,0.03964181102708413,282559.4682646347,0.1924136711645052,1371488.920471955,2.3055407918826263,0.21395893003843158,1525059.5251772047,2.0733772023723125
11,case_0011_steps_0220_mesh_21x21,191,220,21,21,0.95,-1242891.8978847,3.97682432172587,3161161.88750649,-159.517393499613,-91832797.3256136,53.3432821370661,3161161.88750649,1242891.8978847,3.97682432172587,0.4434966661714845,0.17437209252140268,5.579304038827013e-07,-0.5427354159737235,2.5433924646918435,0.018096552153157742,128988.86355938508,0.03964181102708413,282559.4682646347,0.19246864467456043,1371880.761444085,2.3042541132940384,0.21401390354848682,1525451.3661493347,2.0722796921976907
11,case_0011_steps_0220_mesh_21x21,192,220,21,21,0.955,-1243210.04634933,4.33007950539468,3160484.40330753,-93.0487398207188,-91813744.3423376,161.789424594492,3160484.40330753,1243210.04634933,4.33007950539468,0.44340161821307084,0.17441672730710242,6.074905029349177e-07,-0.5426228120990187,2.5421966405341165,0.018096552153157742,128988.86355938508,0.03964181102708413,282559.4682646347,0.19251327946026017,1372198.9099087152,2.3032261434443053,0.21405853833418656,1525769.5146139648,2.0714035593424245
11,case_0011_steps_0220_mesh_21x21,193,220,21,21,0.96,-1243439.92381151,0.673126391891856,3160076.93547546,-113.946665674448,-91801971.9277993,-34.4694677144289,3160076.93547546,1243439.92381151,0.673126391891856,0.443344452325487,0.1744489780717683,9.443657785952773e-08,-0.5425532366696784,2.541398965049226,0.018096552153157742,128988.86355938508,0.03964181102708413,282559.4682646347,0.19254553022492604,1372428.787370895,2.3025434649539,0.21409078909885243,1525999.3920761447,2.0708245048355676
11,case_0011_steps_0220_mesh_21x21,194,220,21,21,0.965,-1243588.61608514,-4.49840456136735,3159927.68522508,-423.560753822327,-91797871.4376138,-429.658799611032,3159927.68522508,1243588.61608514,-4.49840456136735,0.4433235131927174,0.17446983892293222,-6.311057443599281e-07,-0.5425290026126602,2.5409750815930123,0.018096552153157742,128988.86355938508,0.03964181102708413,282559.4682646347,0.19256639107608997,1372577.479644525,2.302185291604412,0.21411164995001636,1526148.0843497748,2.0705249494654296
11,case_0011_steps_0220_mesh_21x21,195,220,21,21,0.97,-1243642.91346721,-7.88580686209025,3159998.18511163,-223.850496560335,-91799494.1118075,-463.490159139037,3159998.18511163,1243642.91346721,-7.88580686209025,0.44333340400684307,0.17447745659921293,-1.1063429137341391e-06,-0.54253859268047,2.5409208309656375,0.018096552153157742,128988.86355938508,0.03964181102708413,282559.4682646347,0.19257400875237068,1372631.777026595,2.3021455848536747,0.21411926762629707,1526202.3817318447,2.070497479846578
11,case_0011_steps_0220_mesh_21x21,196,220,21,21,0.975,-1243637.98129775,-11.9014540584176,3160183.28757355,-409.788592994213,-91804639.4960133,-560.23660626635,3160183.28757355,1243637.98129775,-11.9014540584176,0.44335937304217976,0.1744767646382219,-1.6697199907293434e-06,-0.5425690021019252,2.541079747561154,0.018096552153157742,128988.86355938508,0.03964181102708413,282559.4682646347,0.19257331679137965,1372626.844857135,2.302288709720278,0.21411857566530604,1526197.4495623847,2.0706254544454175
11,case_0011_steps_0220_mesh_21x21,197,220,21,21,0.98,-1243608.52741992,-14.0410780328675,3160475.8438497,-344.679677784443,-91812502.2641547,-751.338652700186,3160475.8438497,1243608.52741992,-14.0410780328675,0.4434004173599836,0.17447263239283609,-1.9698995238558836e-06,-0.5426154713684858,2.541375178897053,0.018096552153157742,128988.86355938508,0.03964181102708413,282559.4682646347,0.19256918454599384,1372597.3909793051,2.3025512540095967,0.21411444341992023,1526167.9956845548,2.0708571093001362
11,case_0011_steps_0220_mesh_21x21,198,220,21,21,0.985,-1243573.30291071,-12.6952606264967,3160730.3161963,6.96941566467285,-91819219.4591984,-668.911937624216,3160730.3161963,1243573.30291071,-12.6952606264967,0.44343611867531196,0.17446769055405714,-1.781087449611939e-06,-0.5426551702533329,2.5416517939057464,0.018096552153157742,128988.86355938508,0.03964181102708413,282559.4682646347,0.1925642427072149,1372562.166470095,2.3027957446364344,0.21410950158114128,1526132.7711753447,2.0710716497897343
11,case_0011_steps_0220_mesh_21x21,199,220,21,21,0.99,-1243591.36284739,-9.16827647434548,3160882.34813859,-250.192821532488,-91823063.2140503,-619.2175928168,3160882.34813859,1243591.36284739,-9.16827647434548,0.44345744806683207,0.17447022428120995,-1.2862675799618708e-06,-0.5426778869945103,2.541737135341044,0.018096552153157742,128988.86355938508,0.03964181102708413,282559.4682646347,0.1925667764343677,1372580.226406775,2.302876208856179,0.2141120353082941,1526150.8311120246,2.0711467593510555
11,case_0011_steps_0220_mesh_21x21,200,220,21,21,0.995,-1243653.35010601,-6.36427329131402,3160944.76844415,-365.874805241823,-91823109.6382484,-725.301872435957,3160944.76844415,1243653.35010601,-6.36427329131402,0.4434662053524133,0.17447892081227082,-8.92878659095941e-07,-0.5426781613633328,2.5416606389350447,0.018096552153157742,128988.86355938508,0.03964181102708413,282559.4682646347,0.19257547296542857,1372642.213665395,2.302817687650312,0.21412073183935496,1526212.8183706447,2.0711035383772454
11,case_0011_steps_0220_mesh_21x21,201,220,21,21,1.0,-1243796.18446273,1.37682802160271,3160836.27672822,0.130636245012283,-91818916.1225225,-239.871946573257,3160836.27672822,1243796.18446273,1.37682802160271,0.44345098445704806,0.1744989598242779,1.9316272282212527e-07,-0.5426533775217406,2.541281534879104,0.018096552153157742,128988.86355938508,0.03964181102708413,282559.4682646347,0.19259551197743566,1372785.0480221151,2.3024990556841347,0.21414077085136204,1526355.6527273648,2.07083864830604
11,case_0011_steps_0220_mesh_21x21,202,220,21,21,1.005,-1244004.09181058,6.43878548563225,3160461.30869867,124.836701512337,-91807429.01534,-40.9691036939621,3160461.30869867,1244004.09181058,6.43878548563225,0.44339837814426053,0.17452812828161268,9.033323817919727e-07,-0.5425854882700071,2.540555396484903,0.018096552153157742,128988.86355938508,0.03964181102708413,282559.4682646347,0.19262468043477043,1372992.9553699652,2.3018772939348806,0.21416993930869682,1526563.5600752148,2.070310985638195
11,case_0011_steps_0220_mesh_21x21,203,220,21,21,1.01,-1244269.261257,10.4592632133281,3160016.50403423,119.825856387615,-91793697.2696125,30.0524384342134,3160016.50403423,1244269.261257,10.4592632133281,0.4433359740685451,0.174565330351498,1.46738716041525e-06,-0.5425043331168755,2.539656489498006,0.018096552153157742,128988.86355938508,0.03964181102708413,282559.4682646347,0.19266188250465574,1373258.124816385,2.3011089080261207,0.21420714137858213,1526828.7295216348,2.0696601019711514
11,case_0011_steps_0220_mesh_21x21,204,220,21,21,1.015,-1244566.62016602,12.2259096174384,3159474.00497475,101.345055609941,-91777188.3937048,176.051447756588,3159474.00497475,1244566.62016602,12.2259096174384,0.44325986391258265,0.17460704845689712,1.7152396331479205e-06,-0.5424067650160013,2.5386138064294936,0.018096552153157742,128988.86355938508,0.03964181102708413,282559.4682646347,0.19270360061005487,1373555.483725405,2.3002157848079894,0.21424885948398126,1527126.0884306547,2.0689018601087295
11,case_0011_steps_0220_mesh_21x21,205,220,21,21,1.02,-1244870.57290875,11.8880450008437,3158870.58885949,-145.193225562572,-91759398.7063059,171.613689616323,3158870.58885949,1244870.57290875,11.8880450008437,0.44317520737016086,0.17464969164724028,1.667838760807513e-06,-0.5423016272692304,2.5375092460242756,0.018096552153157742,128988.86355938508,0.03964181102708413,282559.4682646347,0.19274624380039804,1373859.436468135,2.2992676725212826,0.21429150267432442,1527430.0411733848,2.068095103349427
11,case_0011_steps_0220_mesh_21x21,206,220,21,21,1.025,-1245142.97351407,9.57262487785192,3158258.28333475,317.861641854048,-91741715.7058251,211.554023448378,3158258.28333475,1245142.97351407,9.57262487785192,0.4430893036839328,0.1746879082159013,1.3429958258753758e-06,-0.5421971200463089,2.536462358552644,0.018096552153157742,128988.86355938508,0.03964181102708413,282559.4682646347,0.19278446036905905,1374131.837073455,2.298366283442659,0.21432971924298544,1527702.4417787048,2.067325545187706
11,case_0011_steps_0220_mesh_21x21,207,220,21,21,1.03,-1245364.65939249,4.38906067394419,3157768.06540101,139.700125455856,-91727749.9184649,-12.7786790169775,3157768.06540101,1245364.65939249,4.38906067394419,0.44302052833263855,0.17471900973854243,6.157652932017456e-07,-0.5421145816979946,2.5356172118626064,0.018096552153157742,128988.86355938508,0.03964181102708413,282559.4682646347,0.19281556189170018,1374353.522951875,2.297638862684084,0.21436082076562657,1527924.1276571248,2.066704758594945
11,case_0011_steps_0220_mesh_21x21,208,220,21,21,1.035,-1245539.16763831,2.46891190647148,3157398.22725636,198.158578664064,-91717581.8760423,173.50746544078,3157398.22725636,1245539.16763831,2.46891190647148,0.4429686417194209,0.17474349245344117,3.46377135545842e-07,-0.5420544881704688,2.534965025020579,0.018096552153157742,128988.86355938508,0.03964181102708413,282559.4682646347,0.19284004460659893,1374528.031197695,2.297078091965255,0.2143853034805253,1528098.6359029447,2.066226716700569
11,case_0011_steps_0220_mesh_21x21,209,220,21,21,1.04,-1245639.0263777,-3.74853069335222,3157227.39183111,481.421755999327,-91712780.0008553,-63.5790142342448,3157227.39183111,1245639.0263777,-3.74853069335222,0.44294467428457945,0.1747575021813778,-5.259018439117442e-07,-0.5420261089007201,2.5346246584873637,0.018096552153157742,128988.86355938508,0.03964181102708413,282559.4682646347,0.19285405433453556,1374627.889937085,2.2967869449932463,0.21439931320846195,1528198.4946423348,2.0659799122299485
11,case_0011_steps_0220_mesh_21x21,210,220,21,21,1.045,-1245671.69887594,-7.05228631920181,3157256.08104371,334.106542527676,-91713309.4619384,-178.103375036269,3157256.08104371,1245671.69887594,-7.05228631920181,0.4429486992509038,0.1747620859845997,-9.89403764424055e-07,-0.5420292380363835,2.534581209393078,0.018096552153157742,128988.86355938508,0.03964181102708413,282559.4682646347,0.19285863813775744,1374660.562435325,2.296753225720224,0.21440389701168383,1528231.1671405747,2.0659545158676176
11,case_0011_steps_0220_mesh_21x21,211,220,21,21,1.05,-1245660.07333578,-8.14632852893556,3157395.79029758,381.127958893776,-91716846.8053022,-264.830843452364,3157395.79029758,1245660.07333578,-8.14632852893556,0.442968299825164,0.17476045497407672,-1.1428929212386491e-06,-0.5420501438737085,2.534717021026709,0.018096552153157742,128988.86355938508,0.03964181102708413,282559.4682646347,0.19285700712723447,1374648.9368951651,2.2968742822651107,0.21440226600116086,1528219.5416004148,2.066061651712047
11,case_0011_steps_0220_mesh_21x21,212,220,21,21,1.055,-1245625.85819457,-8.23365517857019,3157606.87532056,394.093160629272,-91722210.5552993,-398.356432273984,3157606.87532056,1245625.85819457,-8.23365517857019,0.4429979140958979,0.17475565474504726,-1.155144453858332e-06,-0.542081843845512,2.534956106239835,0.018096552153157742,128988.86355938508,0.03964181102708413,282559.4682646347,0.192852206898205,1374614.7217539551,2.2970850125128703,0.2143974657721314,1528185.3264592048,2.0662460374728986
11,case_0011_steps_0220_mesh_21x21,213,220,21,21,1.06,-1245591.47833438,0.35878942348063,3157721.42149898,722.873687416315,-91725266.3471759,173.957641977817,3157721.42149898,1245591.47833438,0.35878942348063,0.44301398440487283,0.17475083140669248,5.0336527781170664e-08,-0.5420999036947551,2.535118035426449,0.018096552153157742,128988.86355938508,0.03964181102708413,282559.4682646347,0.19284738355985023,1374580.3418937651,2.297225797037497,0.21439264243377662,1528150.9465990148,2.0663674805991286
11,case_0011_steps_0220_mesh_21x21,214,220,21,21,1.065,-1245581.01725778,4.93790818791604,3157767.49354613,454.248909920454,-91726465.999562,44.8093610778451,3157767.49354613,1245581.01725778,4.93790818791604,0.4430204481039942,0.17474936376512215,6.92766108517479e-07,-0.5421069936871734,2.5351763151449926,0.018096552153157742,128988.86355938508,0.03964181102708413,282559.4682646347,0.1928459159182799,1374569.8808171651,2.2972767973563304,0.2143911747922063,1528140.4855224148,2.06641177526725
11,case_0011_steps_0220_mesh_21x21,215,220,21,21,1.07,-1245615.46207908,15.3429486509995,3157744.16527963,605.067305088043,-91725167.1775406,613.891669072211,3157744.16527963,1245615.46207908,15.3429486509995,0.44301717525407747,0.17475419621722585,2.1525460631584257e-06,-0.5420993175983404,2.535087481981783,0.018096552153157742,128988.86355938508,0.03964181102708413,282559.4682646347,0.1928507483703836,1374604.3256384651,2.29720226132196,0.21439600724431,1528174.9303437148,2.0663499332300885
11,case_0011_steps_0220_mesh_21x21,216,220,21,21,1.075,-1245697.64558316,19.964474977809,3157675.68931975,504.780913382769,-91721896.4258897,683.002018820494,3157675.68931975,1245697.64558316,19.964474977809,0.4430075683876782,0.1747657261898659,2.8009252324329547e-06,-0.5420799873284423,2.534865262462239,0.018096552153157742,128988.86355938508,0.03964181102708413,282559.4682646347,0.19286227834302366,1374686.509142545,2.2970151145873516,0.21440753721695005,1528257.1138477947,2.066194006693978
11,case_0011_steps_0220_mesh_21x21,217,220,21,21,1.08,-1245838.13330117,23.0932015599683,3157433.73635209,608.879302203655,-91713951.7027088,798.840902134776,3157433.73635209,1245838.13330117,23.0932015599683,0.442973623484397,0.17478543597911197,3.239871372468911e-06,-0.5420330337044,2.534385207800353,0.018096552153157742,128988.86355938508,0.03964181102708413,282559.4682646347,0.19288198813226973,1374826.9968605551,2.296604404453908,0.21442724700619611,1528397.6015658048,2.0658457806511725
11,case_0011_steps_0220_mesh_21x21,218,220,21,21,1.085,-1246015.83265094,22.8433869973524,3157144.57814798,517.360252052546,-91704473.235734,856.865614790469,3157144.57814798,1246015.83265094,22.8433869973524,0.4429330559006786,0.17481036639141237,3.204823523094569e-06,-0.5419770155946814,2.5337917026552144,0.018096552153157742,128988.86355938508,0.03964181102708413,282559.4682646347,0.19290691854457012,1375004.696210325,2.296097305594259,0.2144521774184965,1528575.3009155747,2.0654164543002476
11,case_0011_steps_0220_mesh_21x21,219,220,21,21,1.09,-1246230.55698844,17.0267467454541,3156717.73077227,471.808815896511,-91691578.8521312,683.558643095195,3156717.73077227,1246230.55698844,17.0267467454541,0.4428731711510745,0.17484049124145676,2.3887752940459188e-06,-0.5419008092843849,2.533012621998765,0.018096552153157742,128988.86355938508,0.03964181102708413,282559.4682646347,0.1929370433946145,1375219.420547825,2.2954284120818893,0.2144823022685409,1528790.0252530747,2.0648471527342083
11,case_0011_steps_0220_mesh_21x21,220,220,21,21,1.095,-1246453.56577846,6.64204082317883,3156317.68759051,444.860318779945,-91679393.5464693,230.794940780848,3156317.68759051,1246453.56577846,6.64204082317883,0.4428170469082332,0.17487177836259143,9.318481831938972e-07,-0.5418287936523909,2.532238483845376,0.018096552153157742,128988.86355938508,0.03964181102708413,282559.4682646347,0.1929683305157492,1375442.429337845,2.294765393495968,0.21451358938967557,1529013.0340430946,2.064284356847118
12,case_0012_steps_0250_mesh_21x21,1,250,21,21,0.0,-34183.2613243375,-3.15834768116474e-06,9147140.42049128,-3.99351119995117e-06,-193947896.879793,-0.000410236418247223,9147140.42049128,34183.2613243375,-3.15834768116474e-06,1.2833022875301843,0.004795756426182461,-4.431018457937564e-13,-1.1462396393856116,267.59121470890136,0.018096552153157742,128988.86355938508,0.03964181102708413,282559.4682646347,0.0228923085793402,163172.12488372257,56.058229473996164,0.044437567453266595,316742.72958897223,28.87876994796773
12,case_0012_steps_0250_mesh_21x21,2,250,21,21,0.005,-434009.020355709,-3.4745316952467e-06,1625266.75662054,-1.25765800476074e-05,-41820558.6812941,-0.000451914966106415,1625266.75662054,434009.020355709,-3.4745316952467e-06,0.22801754982852682,0.060889495845446076,-4.874610279970687e-13,-0.2471611338557688,3.7447764456335246,0.018096552153157742,128988.86355938508,0.03964181102708413,282559.4682646347,0.07898604799860381,562997.8839150941,2.8868079313520956,0.1005313068725302,716568.4886203437,2.268124795369906
12,case_0012_steps_0250_mesh_21x21,3,250,21,21,0.01,-465390.67667281,-3.93157824873924e-06,1772396.33206223,-9.17911529541016e-06,-46743494.0587248,-0.00050760805606842,1772396.33206223,465390.67667281,-3.93157824873924e-06,0.2486591615288012,0.06529219980394273,-5.515825851878636e-13,-0.2762558740541749,3.808405326753682,0.018096552153157742,128988.86355938508,0.03964181102708413,282559.4682646347,0.08338875195710047,594379.540232195,2.9819268869346365,0.10493401083102685,747950.1449374447,2.369671754272426
12,case_0012_steps_0250_mesh_21x21,4,250,21,21,0.015,-495398.946391917,-4.02587465941906e-06,1895465.03903331,-2.15768814086914e-05,-50833776.5728167,-0.000515811145305634,1895465.03903331,495398.946391917,-4.02587465941906e-06,0.26592514258071187,0.06950222385573099,-5.6481194365056e-13,-0.3004296033359305,3.826138615833432,0.018096552153157742,128988.86355938508,0.03964181102708413,282559.4682646347,0.08759877600888873,624387.8099513021,3.0357175601828983,0.10914403488281513,777958.4146565518,2.4364606170756673
12,case_0012_steps_0250_mesh_21x21,5,250,21,21,0.02,-524557.449183153,-4.50923107564449e-06,1998244.15454852,-2.75969505310059e-05,-54249304.5470301,-0.000574313104152679,1998244.15454852,524557.449183153,-4.50923107564449e-06,0.2803445860338292,0.07359302946412884,-6.326246551778606e-13,-0.3206155069546757,3.8093904827015788,0.018096552153157742,128988.86355938508,0.03964181102708413,282559.4682646347,0.09168958161728658,653546.312742538,3.057540247091441,0.11323484049121296,807116.9174477877,2.4757802882725306
12,case_0012_steps_0250_mesh_21x21,6,250,21,21,0.025,-553657.868608492,-4.47861384600401e-06,2080907.34683602,-2.08616256713867e-05,-57028567.7052329,-0.000562712550163269,2080907.34683602,553657.868608492,-4.47861384600401e-06,0.29194185675238665,0.0776756862398974,-6.28329196812813e-13,-0.3370410606805332,3.7584715486225515,0.018096552153157742,128988.86355938508,0.03964181102708413,282559.4682646347,0.09577223839305514,682646.732167877,3.0482931343239503,0.11731749726698154,836217.3368731267,2.488476685519546
12,case_0012_steps_0250_mesh_21x21,7,250,21,21,0.03,-583428.06889356,-5.04555646330118e-06,2146186.16262006,-2.56896018981934e-05,-59267870.7958487,-0.000629864633083344,2146186.16262006,583428.06889356,-5.04555646330118e-06,0.30110017834492003,0.08185231023054645,-7.078686730021084e-13,-0.3502754293349837,3.678578863526719,0.018096552153157742,128988.86355938508,0.03964181102708413,282559.4682646347,0.09994886238370419,712416.932452945,3.0125423257845085,0.1214941212576306,865987.5371581947,2.478310680616648
12,case_0012_steps_0250_mesh_21x21,8,250,21,21,0.035,-614078.782558923,-4.97978180646896e-06,2198351.67172132,-3.1888484954834e-05,-61104575.2686895,-0.00062541663646698,2198351.67172132,614078.782558923,-4.97978180646896e-06,0.3084187625234089,0.08615246625232102,-6.986407871608449e-13,-0.3611304244469535,3.5799179749552423,0.018096552153157742,128988.86355938508,0.03964181102708413,282559.4682646347,0.10424901840547876,743067.6461183081,2.958481213931508,0.12579427727940515,896638.2508235577,2.451771012113464
12,case_0012_steps_0250_mesh_21x21,9,250,21,21,0.04,-644709.184983419,-5.10166864842176e-06,2242672.63898645,-3.74913215637207e-05,-62701058.8729538,-0.000637270510196686,2242672.63898645,644709.184983419,-5.10166864842176e-06,0.3146367930840283,0.09044977269918265,-7.157409579144778e-13,-0.37056570485100526,3.478580251720981,0.018096552153157742,128988.86355938508,0.03964181102708413,282559.4682646347,0.10854632485234039,773698.0485428041,2.8986406818659263,0.13009158372626678,927268.6532480537,2.4185791584033116
12,case_0012_steps_0250_mesh_21x21,10,250,21,21,0.045,-673188.735369929,-5.65533991903067e-06,2285282.31793272,-2.60472297668457e-05,-64239977.8771746,-0.000704586505889893,2285282.31793272,673188.735369929,-5.65533991903067e-06,0.32061473766003795,0.09444532436656117,-7.9341852439421e-13,-0.37966077622233857,3.3947126531713536,0.018096552153157742,128988.86355938508,0.03964181102708413,282559.4682646347,0.1125418765197189,802177.5989293141,2.8488483360579275,0.1340871353936453,955748.2036345637,2.3910924543118597
12,case_0012_steps_0250_mesh_21x21,11,250,21,21,0.05,-696700.849921562,-5.2496325224638e-06,2332181.69852515,-4.60147857666016e-05,-65892649.4339679,-0.000661149621009827,2332181.69852515,696700.849921562,-5.2496325224638e-06,0.3271945079085832,0.09774396733056213,-7.364996179219929e-13,-0.3894281296185742,3.3474649826933875,0.018096552153157742,128988.86355938508,0.03964181102708413,282559.4682646347,0.11584051948371987,825689.7134809471,2.8245255577826276,0.13738577835764626,979260.3181861967,2.381574802137248
12,case_0012_steps_0250_mesh_21x21,12,250,21,21,0.055,-712904.272076997,-5.72763383388519e-06,2387805.32567871,-4.45246696472168e-05,-67776557.598892,-0.000720269978046417,2387805.32567871,712904.272076997,-5.72763383388519e-06,0.33499825035545555,0.10001723392121213,-8.035610325489428e-13,-0.4005621003928827,3.3494052696893024,0.018096552153157742,128988.86355938508,0.03964181102708413,282559.4682646347,0.11811378607436987,841893.135636382,2.8362332754664665,0.13965904494829626,995463.7403416317,2.3986863899826654
12,case_0012_steps_0250_mesh_21x21,13,250,21,21,0.06,-721190.793292954,-5.44264912605286e-06,2453856.91291581,-4.04119491577148e-05,-69926298.1486104,-0.000688731670379639,2453856.91291581,721190.793292954,-5.44264912605286e-06,0.3442649882757003,0.10117979524018814,-7.635789714172401e-13,-0.41326715093544714,3.402507264009168,0.018096552153157742,128988.86355938508,0.03964181102708413,282559.4682646347,0.11927634739334587,850179.656852339,2.8862804386555685,0.14082160626727228,1003750.2615575887,2.444688690898063
12,case_0012_steps_0250_mesh_21x21,14,250,21,21,0.065,-723112.433145895,-5.94649463891983e-06,2529418.97256665,-4.49419021606445e-05,-72303447.9878623,-0.000756621360778809,2529418.97256665,723112.433145895,-5.94649463891983e-06,0.3548660023131788,0.10144939259036809,-8.342662102154475e-13,-0.4273161992538131,3.4979608379328124,0.018096552153157742,128988.86355938508,0.03964181102708413,282559.4682646347,0.11954594474352583,852101.2967052801,2.9684486836798123,0.14109120361745223,1005671.9014105297,2.5151532711801448
12,case_0012_steps_0250_mesh_21x21,15,250,21,21,0.07,-721726.82724735,-6.07233960181475e-06,2611015.35704119,-5.03659248352051e-05,-74805747.8482616,-0.000769495964050293,2611015.35704119,721726.82724735,-6.07233960181475e-06,0.36631360473718816,0.10125499837124854,-8.51921687373688e-13,-0.4421048890811457,3.6177335502402537,0.018096552153157742,128988.86355938508,0.03964181102708413,282559.4682646347,0.11935155052440628,850715.6908067351,3.0691985410133436,0.14089680939833268,1004286.2955119847,2.599871539330421
12,case_0012_steps_0250_mesh_21x21,16,250,21,21,0.075,-720382.888860202,-6.0034217312932e-06,2693700.42446341,-5.26905059814453e-05,-77298139.5890872,-0.000764913856983185,2693700.42446341,720382.888860202,-6.0034217312932e-06,0.3779139444378684,0.10106644991487382,-8.422528229170008e-13,-0.456835021535133,3.739262087034595,0.018096552153157742,128988.86355938508,0.03964181102708413,282559.4682646347,0.11916300206803156,849371.7524195871,3.171403354055422,0.14070826094195796,1002942.3571248368,2.6857978480293894
12,case_0012_steps_0250_mesh_21x21,17,250,21,21,0.08,-721489.024544755,-6.40528742223978e-06,2771308.67586082,-5.06043434143066e-05,-79616526.8497279,-0.000817753374576569,2771308.67586082,721489.024544755,-6.40528742223978e-06,0.3888020298909356,0.10122163573132041,-8.986327555259227e-13,-0.4705367807206942,3.8410960965199155,0.018096552153157742,128988.86355938508,0.03964181102708413,282559.4682646347,0.11931818788447815,850477.8881041401,3.2585311324654644,0.14086344675840454,1004048.4928093897,2.7601342920266
12,case_0012_steps_0250_mesh_21x21,18,250,21,21,0.085,-726147.978937101,-6.06593675911427e-06,2838403.5379781,-5.86509704589844e-05,-81617721.6077677,-0.000765077769756317,2838403.5379781,726147.978937101,-6.06593675911427e-06,0.3982151345420615,0.10187526588832584,-8.510233976015297e-13,-0.48236391983743143,3.9088500144733764,0.018096552153157742,128988.86355938508,0.03964181102708413,282559.4682646347,0.11997181804148357,855136.842496486,3.319238976643395,0.14151707691540996,1008707.4472017357,2.813901638034041
12,case_0012_steps_0250_mesh_21x21,19,250,21,21,0.09,-734480.915631762,-6.55790790915489e-06,2891446.58417402,-4.78625297546387e-05,-83210053.1663357,-0.000828057527542114,2891446.58417402,734480.915631762,-6.55790790915489e-06,0.4056568331923089,0.10304433908831158,-9.200447171859156e-13,-0.49177466148938426,3.9367211899399037,0.018096552153157742,128988.86355938508,0.03964181102708413,282559.4682646347,0.12114089124146932,863469.7791911471,3.3486366910056478,0.1426861501153957,1017040.3838963967,2.843000759809125
12,case_0012_steps_0250_mesh_21x21,20,250,21,21,0.095,-746084.776962946,-6.64882827550173e-06,2929199.53968522,-6.63995742797852e-05,-84363313.2860223,-0.000830568373203278,2929199.53968522,746084.776962946,-6.64882827550173e-06,0.4109534015121758,0.10467230817000757,-9.32800431950565e-13,-0.4985904738027639,3.926094768491299,0.018096552153157742,128988.86355938508,0.03964181102708413,282559.4682646347,0.12276886032316531,875073.6405223311,3.347374899713334,0.1443141191970917,1028644.2452275808,2.8476312906773265
12,case_0012_steps_0250_mesh_21x21,21,250,21,21,0.1,-760456.199348334,-6.75336923450232e-06,2952725.4931393,-7.45654106140137e-05,-85110399.2084904,-0.000850789248943329,2952725.4931393,760456.199348334,-6.75336923450232e-06,0.41425398601138347,0.10668855350728428,-9.474670540487148e-13,-0.5030057807596146,3.882834403440476,0.018096552153157742,128988.86355938508,0.03964181102708413,282559.4682646347,0.12478510566044201,889445.062907719,3.319739033107263,0.1463303645343684,1043015.6676129687,2.8309502769952313
12,case_0012_steps_0250_mesh_21x21,22,250,21,21,0.105,-777136.982470943,-7.32194166630507e-06,2964578.22109366,-6.33001327514648e-05,-85526118.7917244,-0.000902026891708374,2964578.22109366,777136.982470943,-7.32194166630507e-06,0.41591686995085253,0.10902879167516946,-1.0272351858163783e-12,-0.5054626997200042,3.814743459599164,0.018096552153157742,128988.86355938508,0.03964181102708413,282559.4682646347,0.12712534382832721,906125.8460303281,3.2717069423427922,0.1486706027022536,1059696.4507355778,2.7975730399359433
12,case_0012_steps_0250_mesh_21x21,23,250,21,21,0.11,-795586.539716024,-6.97746872901917e-06,2968183.86913008,-6.03795051574707e-05,-85710343.6952506,-0.000866703689098358,2968183.86913008,795586.539716024,-6.97746872901917e-06,0.41642272600645663,0.11161718082501701,-9.789071960742579e-13,-0.5065514760892299,3.7308120750629357,0.018096552153157742,128988.86355938508,0.03964181102708413,282559.4682646347,0.12971373297817476,924575.403275409,3.210321038841143,0.15125899185210115,1078146.0079806587,2.753044436615238
12,case_0012_steps_0250_mesh_21x21,24,250,21,21,0.115,-814950.108052923,-7.33323395252228e-06,2967096.21043172,-7.49826431274414e-05,-85767647.0798665,-0.000909395515918732,2967096.21043172,814950.108052923,-7.33323395252228e-06,0.41627013242731675,0.11433380158289042,-1.028819442323639e-12,-0.5068901413285771,3.6408317283627336,0.018096552153157742,128988.86355938508,0.03964181102708413,282559.4682646347,0.13243035373604817,943938.971612308,3.1433136035942346,0.15397561260997455,1097509.5763175576,2.7034809303324105
12,case_0012_steps_0250_mesh_21x21,25,250,21,21,0.12,-833903.753963096,-6.60447403788567e-06,2965346.19422163,-6.65187835693359e-05,-85813981.572814,-0.000819794833660126,2965346.19422163,833903.753963096,-6.60447403788567e-06,0.41602461309533056,0.11699291208468982,-9.265777337107048e-13,-0.5071639799901028,3.5559813469227533,0.018096552153157742,128988.86355938508,0.03964181102708413,282559.4682646347,0.13508946423784757,962892.617522481,3.079622940563668,0.15663472311177395,1116463.2222277308,2.6560178026327974
12,case_0012_steps_0250_mesh_21x21,26,250,21,21,0.125,-850718.49299895,-7.28829763829708e-06,2966922.84856485,-6.41345977783203e-05,-85962555.6990381,-0.000907294452190399,2966922.84856485,850718.49299895,-7.28829763829708e-06,0.41624581054418197,0.11935194365925654,-1.0225150813772182e-12,-0.5080420588741996,3.487549492554069,0.018096552153157742,128988.86355938508,0.03964181102708413,282559.4682646347,0.13744849581241428,979707.356558335,3.0283766154288236,0.15899375468634067,1133277.9612635847,2.618001011205392
12,case_0012_steps_0250_mesh_21x21,27,250,21,21,0.13,-863799.436520089,-7.20587559044361e-06,2975075.56267487,-6.74724578857422e-05,-86300508.5025718,-0.000896424055099487,2975075.56267487,863799.436520089,-7.20587559044361e-06,0.41738959933346637,0.12118714066860008,-1.010951642128343e-12,-0.5100393731317082,3.444174002544258,0.018096552153157742,128988.86355938508,0.03964181102708413,282559.4682646347,0.13928369282175782,992788.3000794741,2.996686768404413,0.1608289516956842,1146358.9047847237,2.595239196256397
12,case_0012_steps_0250_mesh_21x21,28,250,21,21,0.135,-872291.897067752,-7.36897345632315e-06,2991683.415077,-7.74860382080078e-05,-86872299.7947432,-0.000925280153751373,2991683.415077,872291.897067752,-7.36897345632315e-06,0.4197196056522578,0.1223785943411775,-1.0338335325064141e-12,-0.513418681982624,3.4296815379504,0.018096552153157742,128988.86355938508,0.03964181102708413,282559.4682646347,0.14047514649433523,1001280.760627137,2.987856685874204,0.16202040536826162,1154851.3653323867,2.5905354618652074
12,case_0012_steps_0250_mesh_21x21,29,250,21,21,0.14,-876359.189546358,-7.36652873456478e-06,3016778.23537116,-7.62343406677246e-05,-87671355.0063757,-0.00091949850320816,3016778.23537116,876359.189546358,-7.36652873456478e-06,0.42324029504896926,0.12294921701688898,-1.0334905491388622e-12,-0.5181411294665402,3.4423992711627487,0.018096552153157742,128988.86355938508,0.03964181102708413,282559.4682646347,0.14104576917004671,1005348.053105743,3.000730171060324,0.1625910280439731,1158918.6578109926,2.603097478013996
12,case_0012_steps_0250_mesh_21x21,30,250,21,21,0.145,-877247.912630584,-7.47374724596739e-06,3048872.0547937,-7.48634338378906e-05,-88648843.6128135,-0.000942572951316833,3048872.0547937,877247.912630584,-7.47374724596739e-06,0.4277429122590716,0.123073900832217,-1.0485328196871873e-12,-0.5239181252771277,3.475496505487388,0.018096552153157742,128988.86355938508,0.03964181102708413,282559.4682646347,0.14117045298537476,1006236.776189969,3.0299747802281662,0.16271571185930114,1159807.3808952188,2.628774488777931
12,case_0012_steps_0250_mesh_21x21,31,250,21,21,0.15,-876806.727083718,-7.14766792953014e-06,3084916.77735332,-7.33733177185059e-05,-89717024.1089812,-0.000905714929103851,3084916.77735332,876806.727083718,-7.14766792953014e-06,0.4327998232484916,0.12301200450227219,-1.0027853714723576e-12,-0.5302311136952742,3.518354367117863,0.018096552153157742,128988.86355938508,0.03964181102708413,282559.4682646347,0.14110855665542993,1005795.5906431031,3.0671408843429426,0.16265381552935632,1159366.1953483527,2.6608648671409645
12,case_0012_steps_0250_mesh_21x21,32,250,21,21,0.155,-876815.108606115,-7.74371437728405e-06,3121174.93702301,-7.02738761901855e-05,-90773076.3441879,-0.000976912677288055,3121174.93702301,876815.108606115,-7.74371437728405e-06,0.43788667849578966,0.12301318039182571,-1.0864079829896463e-12,-0.5364724236178352,3.5596728505109643,0.018096552153157742,128988.86355938508,0.03964181102708413,282559.4682646347,0.14110973254498346,1005803.9721655,3.103164258044346,0.16265499141890985,1159374.5768707497,2.6921195265876245
12,case_0012_steps_0250_mesh_21x21,33,250,21,21,0.16,-878614.748216628,-7.88294710218906e-06,3153815.29292849,-5.26309013366699e-05,-91713647.2838824,-0.000986337661743164,3153815.29292849,878614.748216628,-7.88294710218906e-06,0.4424659722940423,0.12326566166168,-1.1059417023987624e-12,-0.542031234577256,3.5895314747788607,0.018096552153157742,128988.86355938508,0.03964181102708413,282559.4682646347,0.14136221381483774,1007603.611776013,3.1300158674198686,0.16290747268876413,1161174.2164812628,2.7160569431911608
12,case_0012_steps_0250_mesh_21x21,34,250,21,21,0.165,-882893.836973831,-8.11670906841755e-06,3179600.21265879,-4.20212745666504e-05,-92452457.7601058,-0.00101941078901291,3179600.21265879,882893.836973831,-8.11670906841755e-06,0.4460834795096907,0.12386599839406051,-1.1387374453531998e-12,-0.5463976333238508,3.601339231857197,0.018096552153157742,128988.86355938508,0.03964181102708413,282559.4682646347,0.14196255054721826,1011882.7005332161,3.142261658375309,0.16350780942114465,1165453.3052384658,2.728209013923733
12,case_0012_steps_0250_mesh_21x21,35,250,21,21,0.17,-889783.285280249,-7.27095175534487e-06,3196681.2125957,-2.0146369934082e-05,-92941975.7149251,-0.000901669263839722,3196681.2125957,889783.285280249,-7.27095175534487e-06,0.44847986628027464,0.12483255672431649,-1.020081532721735e-12,-0.5492907035402946,3.59265145286345,0.018096552153157742,128988.86355938508,0.03964181102708413,282559.4682646347,0.14292910887747423,1018772.148839634,3.137778370008123,0.16447436775140062,1172342.7535448838,2.726746254821554
12,case_0012_steps_0250_mesh_21x21,36,250,21,21,0.175,-899110.78794295,-7.53335189074278e-06,3204611.70355716,1.34706497192383e-05,-93172779.6380312,-0.000922635197639465,3204611.70355716,899110.78794295,-7.53335189074278e-06,0.4495924781703557,0.12614116301587108,-1.056895080838916e-12,-0.5506547637329859,3.5642011491029932,0.018096552153157742,128988.86355938508,0.03964181102708413,282559.4682646347,0.14423771516902884,1028099.6515023351,3.1170244040782866,0.16578297404295522,1181670.2562075849,2.711933965268737
12,case_0012_steps_0250_mesh_21x21,37,250,21,21,0.18,-910471.580750106,-7.24068377166986e-06,3204433.03296491,6.02602958679199e-05,-93177337.527725,-0.000869162380695343,3204433.03296491,910471.580750106,-7.24068377166986e-06,0.44956741149714324,0.12773503068679032,-1.0158350719806218e-12,-0.5506817010389482,3.5195310877522266,0.018096552153157742,128988.86355938508,0.03964181102708413,282559.4682646347,0.14583158283994807,1039460.4443094911,3.082784968401179,0.16737684171387446,1193031.0490147406,2.6859594606622155
12,case_0012_steps_0250_mesh_21x21,38,250,21,21,0.185,-923370.899801219,-7.18398950994015e-06,3198141.96197944,0.000123679637908936,-93013843.3169419,-0.000830970704555511,3198141.96197944,923370.899801219,-7.18398950994015e-06,0.4486848027893352,0.12954474660727533,-1.007881124361693e-12,-0.5497154438728507,3.46355073856879,0.018096552153157742,128988.86355938508,0.03964181102708413,282559.4682646347,0.14764129876043308,1052359.7633606042,3.039019614135092,0.16918655763435947,1205930.3680658536,2.6520121282863287
12,case_0012_steps_0250_mesh_21x21,39,250,21,21,0.19,-937054.60757981,-6.83299731463194e-06,3188262.55293899,0.000245869159698486,-92756325.293988,-0.000717818737030029,3188262.55293899,937054.60757981,-6.83299731463194e-06,0.4472987665377593,0.13146450870634863,-9.58638512306102e-13,-0.5481935023075398,3.4024298340237786,0.018096552153157742,128988.86355938508,0.03964181102708413,282559.4682646347,0.14956106085950638,1066043.4711391951,2.9907434727140623,0.17110631973343277,1219614.0758444448,2.6141569010110666
12,case_0012_steps_0250_mesh_21x21,40,250,21,21,0.195,-950543.643165251,-7.75931403040886e-06,3177743.61113549,0.00036543607711792,-92489071.5819157,-0.000709012150764465,3177743.61113549,950543.643165251,-7.75931403040886e-06,0.44582300674198877,0.133356959180225,-1.0885965435254504e-12,-0.5466140224396036,3.343080177311798,0.018096552153157742,128988.86355938508,0.03964181102708413,282559.4682646347,0.15145351133338275,1079532.506724636,2.9436293871103034,0.17299877020730914,1233103.1114298857,2.577029918812411
12,case_0012_steps_0250_mesh_21x21,41,250,21,21,0.2,-962706.600249804,-8.3948252722621e-06,3169496.88979983,0.0005531907081604,-92293827.6455633,-0.000543802976608276,3169496.88979983,962706.600249804,-8.3948252722621e-06,0.44466602916559034,0.13506336685871342,-1.1777558865474972e-12,-0.5454601231563568,3.2922770956150154,0.018096552153157742,128988.86355938508,0.03964181102708413,282559.4682646347,0.15315991901187118,1091695.4638091892,2.903279343802245,0.17470517788579756,1245266.0685144388,2.5452366927342163
12,case_0012_steps_0250_mesh_21x21,42,250,21,21,0.205,-972477.826877779,-1.00898323580623e-05,3165908.46850486,0.000809788703918457,-92234798.5283077,-0.000424176454544067,3165908.46850486,972477.826877779,-1.00898323580623e-05,0.4441625899436297,0.1364342256087951,-1.4155576880497901e-12,-0.5451112587697621,3.255507098469559,0.018096552153157742,128988.86355938508,0.03964181102708413,282559.4682646347,0.15453077776195284,1101466.6904371642,2.8742661906991795,0.17607603663587923,1255037.2951424136,2.5225612663132955
12,case_0012_steps_0250_mesh_21x21,43,250,21,21,0.21,-979210.501339645,-1.21364137157798e-05,3168445.97764443,0.00114864110946655,-92348781.1950556,-0.000301286578178406,3168445.97764443,979210.501339645,-1.21364137157798e-05,0.44451859095965696,0.13737878928016428,-1.7026837643142277e-12,-0.5457849007784212,3.235714867548623,0.018096552153157742,128988.86355938508,0.03964181102708413,282559.4682646347,0.15547534143332203,1108199.3648990302,2.859093839972659,0.17702060030724842,1261769.9696042798,2.5111122106021653
12,case_0012_steps_0250_mesh_21x21,44,250,21,21,0.215,-982919.036414937,-1.34890433400869e-05,3177496.76654816,0.00163006782531738,-92641120.5542734,-3.27229499816895e-05,3177496.76654816,982919.036414937,-1.34890433400869e-05,0.4457883755666681,0.13789907992037867,-1.892451561818004e-12,-0.547512637799956,3.2327146477268824,0.018096552153157742,128988.86355938508,0.03964181102708413,282559.4682646347,0.15599563207353642,1111907.8999743222,2.85769780628552,0.1775408909474628,1265478.5046795718,2.510905364886245
12,case_0012_steps_0250_mesh_21x21,45,250,21,21,0.22,-984247.289402957,-1.46215315908194e-05,3192150.832546,0.00226163864135742,-93081612.1857351,0.000301435589790344,3192150.832546,984247.289402957,-1.46215315908194e-05,0.4478442745200195,0.1380854277864425,-2.051334523700863e-12,-0.5501159605321019,3.243240664124515,0.018096552153157742,128988.86355938508,0.03964181102708413,282559.4682646347,0.15618197993960026,1113236.1529623421,2.867451640024111,0.17772723881352664,1266806.7576675918,2.519840388618779
12,case_0012_steps_0250_mesh_21x21,46,250,21,21,0.225,-984307.883800455,-1.40861375257373e-05,3210491.01488107,0.00313925743103027,-93613804.1635514,0.000894390046596527,3210491.01488107,984307.883800455,-1.40861375257373e-05,0.4504173188663806,0.1380939289054093,-1.976221166207107e-12,-0.5532612358898138,3.2616735756349184,0.018096552153157742,128988.86355938508,0.03964181102708413,282559.4682646347,0.15619048105856706,1113296.7473598402,2.8837693296910114,0.17773573993249345,1266867.3520650896,2.5341966620638905
12,case_0012_steps_0250_mesh_21x21,47,250,21,21,0.23,-984301.873371955,-1.16601586341858e-05,3229947.88664584,0.0043371319770813,-94166168.1929486,0.00169172137975693,3229947.88664584,984301.873371955,-1.16601586341858e-05,0.4531470296717352,0.13809308566956854,-1.6358673378069553e-12,-0.5565257288595841,3.2814606717966535,0.018096552153157742,128988.86355938508,0.03964181102708413,282559.4682646347,0.1561896378227263,1113290.73693134,2.90126179936503,0.17773489669665268,1266861.3416365897,2.5495670129717944
12,case_0012_steps_0250_mesh_21x21,48,250,21,21,0.235,-985265.353351084,-7.82508868724108e-06,3247833.13157447,0.00595492124557495,-94665272.7801394,0.00288531929254532,3247833.13157447,985265.353351084,-7.82508868724108e-06,0.4556562483646648,0.1382282575379741,-1.0978244293667141e-12,-0.5594754564474623,3.296404486900855,0.018096552153157742,128988.86355938508,0.03964181102708413,282559.4682646347,0.15632480969113186,1114254.216910469,2.91480443356979,0.17787006856505824,1267824.8216157188,2.5617365082310224
12,case_0012_steps_0250_mesh_21x21,49,250,21,21,0.24,-987844.947434154,-1.38790346682072e-06,3261829.37179711,0.00823056697845459,-95048570.9671311,0.00445232540369034,3261829.37179711,987844.947434154,-1.38790346682072e-06,0.4576198573472381,0.1385901628805757,-1.9471655752131143e-13,-0.5617407636908135,3.3019649290806656,0.018096552153157742,128988.86355938508,0.03964181102708413,282559.4682646347,0.15668671503373346,1116833.8109935392,2.9206040681158956,0.17823197390765985,1270404.4156987886,2.567551979109687
12,case_0012_steps_0250_mesh_21x21,50,250,21,21,0.245,-992336.151658097,7.75873195379972e-06,3270369.49391919,0.0112403035163879,-95275129.7634573,0.00670768320560455,3270369.49391919,992336.151658097,7.75873195379972e-06,0.4588179977223985,0.13922025845027308,1.0885148808188898e-12,-0.5630797350185693,3.295626676962964,0.018096552153157742,128988.86355938508,0.03964181102708413,282559.4682646347,0.15731681060343083,1121325.015217482,2.916522372672564,0.17886206947735722,1274895.6199227318,2.565205686499573
12,case_0012_steps_0250_mesh_21x21,51,250,21,21,0.25,-998711.950516981,1.66806858032942e-05,3272814.98541852,0.0152000784873962,-95330044.8205767,0.00960827618837357,3272814.98541852,998711.950516981,1.66806858032942e-05,0.45916108908111375,0.14011475409419136,2.3402245144269916e-12,-0.5634042851492077,3.2770359699053913,0.018096552153157742,128988.86355938508,0.03964181102708413,282559.4682646347,0.1582113062473491,1127700.8140763661,2.9022014922451675,0.1797565651212755,1281271.4187816158,2.5543494824310518
12,case_0012_steps_0250_mesh_21x21,52,250,21,21,0.255,-1006709.06040357,3.82188009098172e-05,3269560.80508859,0.021049439907074,-95226718.667496,0.014451265335083,3269560.80508859,1006709.06040357,3.82188009098172e-05,0.458704542349626,0.141236712317124,5.36192431509594e-12,-0.5627936235521926,3.247771311184869,0.018096552153157742,128988.86355938508,0.03964181102708413,282559.4682646347,0.15933326447028176,1135697.9239629551,2.8789000456033573,0.18087852334420815,1289268.5286682048,2.535981242376247
12,case_0012_steps_0250_mesh_21x21,53,250,21,21,0.26,-1015925.69316778,8.44947062432766e-05,3261800.55193848,0.0298975706100464,-95000676.6714941,0.0230263248085976,3261800.55193848,1015925.69316778,8.44947062432766e-05,0.45761581405186863,0.14252976406509324,1.1854223814393356e-11,-0.5614577065345216,3.210668431632819,0.018096552153157742,128988.86355938508,0.03964181102708413,282559.4682646347,0.160626316218251,1144914.5567271651,2.8489467032916522,0.18217157509217738,1298485.1614324148,2.512004487090363
12,case_0012_steps_0250_mesh_21x21,54,250,21,21,0.265,-1025776.82589725,0.000170759740285575,3251315.84046447,0.0436027646064758,-94705622.9228323,0.0379480123519897,3251315.84046447,1025776.82589725,0.000170759740285575,0.4561448566159743,0.1439118332785681,2.3956816584517794e-11,-0.5597139273654436,3.1696132710158804,0.018096552153157742,128988.86355938508,0.03964181102708413,282559.4682646347,0.16200838543172585,1154765.6894566352,2.815563252484881,0.18355364430565224,1308336.2941618846,2.485076547194046
12,case_0012_steps_0250_mesh_21x21,55,250,21,21,0.27,-1035523.88249086,0.000294046360068023,3240117.90480364,0.0635896325111389,-94398309.856907,0.0617012828588486,3240117.90480364,1035523.88249086,0.000294046360068023,0.4545738370635723,0.14527930108252185,4.125336981488595e-11,-0.5578976951529179,3.1289649225760265,0.018096552153157742,128988.86355938508,0.03964181102708413,282559.4682646347,0.1633758532356796,1164512.7460502451,2.782380799002297,0.184921112109606,1318083.3507554946,2.458204105944044
12,case_0012_steps_0250_mesh_21x21,56,250,21,21,0.275,-1044354.20681085,0.000513353385031223,3230566.60122286,0.0948677659034729,-94143213.6066388,0.102252669632435,3230566.60122286,1044354.20681085,0.000513353385031223,0.4532338325189113,0.14651815550899278,7.202115011223904e-11,-0.5563900663586894,3.093362941571384,0.018096552153157742,128988.86355938508,0.03964181102708413,282559.4682646347,0.16461470766215053,1173343.070370235,2.753300959286777,0.18615996653607692,1326913.6750754847,2.434647152942396
12,case_0012_steps_0250_mesh_21x21,57,250,21,21,0.28,-1051563.39900334,0.000898978556506336,3224287.51942219,0.145269691944122,-93984697.3141142,0.172873541712761,3224287.51942219,1051563.39900334,0.000898978556506336,0.45235290583931886,0.14752957245533613,1.2612261154543448e-10,-0.555453228883763,3.066184618519562,0.018096552153157742,128988.86355938508,0.03964181102708413,282559.4682646347,0.16562612460849388,1180552.262562725,2.731168811131627,0.18717138348242027,1334122.8672679747,2.4167845395116467
12,case_0012_steps_0250_mesh_21x21,58,250,21,21,0.285,-1056684.65400089,0.00169199809897691,3222303.52335384,0.231268405914307,-93948861.2509626,0.30352994799614,3222303.52335384,1056684.65400089,0.00169199809897691,0.4520745601951151,0.14824806128914242,2.3737965430699834e-10,-0.5552414363520329,3.0494466926848416,0.018096552153157742,128988.86355938508,0.03964181102708413,282559.4682646347,0.16634461344230017,1185673.517560275,2.717698823183871,0.18788987231622656,1339244.1222655247,2.4060613519086043
12,case_0012_steps_0250_mesh_21x21,59,250,21,21,0.29,-1059681.41141837,0.00259535596705973,3225006.9445177,0.353112399578094,-94042398.06975,0.488302230834961,3225006.9445177,1059681.41141837,0.00259535596705973,0.4524538379151736,0.14866849275430394,3.641166633915063e-10,-0.5557942426013454,3.043374083726796,0.018096552153157742,128988.86355938508,0.03964181102708413,282559.4682646347,0.1667650449074617,1188670.274977755,2.713121554737333,0.18831030378138808,1342240.8796830047,2.4027035633718334
12,case_0012_steps_0250_mesh_21x21,60,250,21,21,0.295,-1060959.8079249,0.00256206351332366,3231906.77470728,0.471141040325165,-94249026.0217029,0.640977583825588,3231906.77470728,1060959.8079249,0.00256206351332366,0.45342185277652,0.14884784598228382,3.5944588322710856e-10,-0.5570154218610528,3.046210375328422,0.018096552153157742,128988.86355938508,0.03964181102708413,282559.4682646347,0.16694439813544157,1189948.671484285,2.716005195985432,0.18848965700936796,1343519.2761895347,2.4055529622720084
12,case_0012_steps_0250_mesh_21x21,61,250,21,21,0.3,-1061229.26934302,-0.000167170539498329,3241868.25792245,0.492882966995239,-94532785.7221355,0.580500654876232,3241868.25792245,1061229.26934302,-0.000167170539498329,0.4548194036623229,0.1488856501963199,-2.3453268003328465e-11,-0.5586924527643454,3.0548236385615413,0.018096552153157742,128988.86355938508,0.03964181102708413,282559.4682646347,0.16698220234947767,1190218.132902405,2.723759761596806,0.18852746122340405,1343788.7376076546,2.4124835751294835
12,case_0012_steps_0250_mesh_21x21,62,250,21,21,0.305,-1061314.40770289,-0.00367984711192548,3253110.11360421,0.426579058170319,-94844812.2446032,0.40569768846035,3253110.11360421,1061314.40770289,-0.00367984711192548,0.4563965849943344,0.148897594721817,-5.162658491517592e-10,-0.5605365416889797,3.065170971008718,0.018096552153157742,128988.86355938508,0.03964181102708413,282559.4682646347,0.16699414687497474,1190303.271262275,2.7330094709009747,0.18853940574890113,1343873.8759675247,2.420695998173286
12,case_0012_steps_0250_mesh_21x21,63,250,21,21,0.31,-1061954.13706103,-0.00576107681263238,3263573.51861263,0.35322642326355,-95129152.5630679,0.29635975509882,3263573.51861263,1061954.13706103,-0.00576107681263238,0.4578645532298039,0.14898734584741052,-8.082529306892566e-10,-0.5622170040675006,3.0731774609820786,0.018096552153157742,128988.86355938508,0.03964181102708413,282559.4682646347,0.16708389800056828,1190943.000620415,2.740327217098123,0.18862915687449466,1344513.6053256646,2.4273265110040563
12,case_0012_steps_0250_mesh_21x21,64,250,21,21,0.315,-1063674.44053641,-0.00736857042647898,3271477.09378469,0.375126004219055,-95336710.011963,0.218086332082748,3271477.09378469,1063674.44053641,-0.00736857042647898,0.4589733889567869,0.14922869661756552,-1.0337769892483914e-09,-0.5634436766904102,3.0756375908918963,0.018096552153157742,128988.86355938508,0.03964181102708413,282559.4682646347,0.16732524877072327,1192663.3040957951,2.743001384003279,0.18887050764464966,1346233.9088010448,2.4300955966101503
12,case_0012_steps_0250_mesh_21x21,65,250,21,21,0.32,-1066744.15501532,-0.0123601377708837,3275672.41389453,0.641513347625732,-95438192.6498203,-0.16777965426445,3275672.41389453,1066744.15501532,-0.0123601377708837,0.45956197332811877,0.14965936362733667,-1.7340712338940316e-09,-0.5640434430405117,3.070719814581488,0.018096552153157742,128988.86355938508,0.03964181102708413,282559.4682646347,0.16775591578049442,1195733.018574705,2.7394680610217486,0.1893011746544208,1349303.6232799548,2.427676289738155
12,case_0012_steps_0250_mesh_21x21,66,250,21,21,0.325,-1071207.87077886,-0.00356097857002169,3275522.27172011,0.521197497844696,-95417620.8402944,0.43400726467371,3275522.27172011,1071207.87077886,-0.00356097857002169,0.4595409090624542,0.15028560269079336,-4.995891321967221e-10,-0.5639218628433977,3.057783984856762,0.018096552153157742,128988.86355938508,0.03964181102708413,282559.4682646347,0.1683821548439511,1200196.7343382451,2.7291544611026968,0.1899274137178775,1353767.3390434948,2.419560715679869
12,case_0012_steps_0250_mesh_21x21,67,250,21,21,0.33,-1076893.81108496,0.000105343060567975,3271098.14889422,0.717862844467163,-95279845.8724795,0.74217750877142,3271098.14889422,1076893.81108496,0.000105343060567975,0.4589202247084609,0.1510833143106163,1.477915330778888e-11,-0.5631076074069369,3.037530827295424,0.018096552153157742,128988.86355938508,0.03964181102708413,282559.4682646347,0.16917986646377406,1205882.674644345,2.712617253464543,0.19072512533770045,1359453.2793495946,2.4061865152579696
12,case_0012_steps_0250_mesh_21x21,68,250,21,21,0.335,-1083510.18821447,0.0384518635692075,3263673.16954199,21.2276687026024,-95060316.5294471,6.20646894723177,3263673.16954199,1083510.18821447,0.0384518635692075,0.4578785338029364,0.15201156199406082,5.39462194847472e-09,-0.5618101804224722,3.0121296551167998,0.018096552153157742,128988.86355938508,0.03964181102708413,282559.4682646347,0.17010811414721858,1212499.051773855,2.691691317009543,0.19165337302114496,1366069.6564791047,2.3890971840731394
12,case_0012_steps_0250_mesh_21x21,69,250,21,21,0.34,-1090607.56841246,-0.0018107914365828,3254703.10946971,0.972751200199127,-94800350.8338248,0.494881294667721,3254703.10946971,1090607.56841246,-0.0018107914365828,0.4566200750845972,0.15300729222502438,-2.5404582044034785e-10,-0.5602737730161707,2.9843026985475722,0.018096552153157742,128988.86355938508,0.03964181102708413,282559.4682646347,0.17110384437818213,1219596.431971845,2.66867221332183,0.19264910325210852,1373167.0366770946,2.370216457675619
12,case_0012_steps_0250_mesh_21x21,70,250,21,21,0.345,-1097664.12761445,0.132924750912935,3245149.73466907,38.1950079202652,-94530695.1325229,23.7584830373526,3245149.73466907,1097664.12761445,0.132924750912935,0.45527977995719,0.15399729545551152,1.8648739286194066e-08,-0.5586800972981496,2.956414127991724,0.018096552153157742,128988.86355938508,0.03964181102708413,282559.4682646347,0.17209384760866928,1226652.991173835,2.645531994801278,0.19363910648259566,1380223.5958790847,2.3511768269706956
12,case_0012_steps_0250_mesh_21x21,71,250,21,21,0.35,-1104066.71902559,-0.0107207512483001,3236704.30076157,1.84100651741028,-94296489.9802021,-0.575261607766151,3236704.30076157,1104066.71902559,-0.0107207512483001,0.4540949239088013,0.15489554997291577,-1.5040727449821607e-09,-0.5572959357080662,2.9316202046359754,0.018096552153157742,128988.86355938508,0.03964181102708413,282559.4682646347,0.17299210212607352,1233055.582584975,2.62494598497835,0.1945373609999999,1386626.1872902247,2.3342298958645866
12,case_0012_steps_0250_mesh_21x21,72,250,21,21,0.355,-1109328.75301479,-0.00141965073999017,3230593.68701101,-0.350938200950623,-94131908.8426086,-0.18196576833725,3230593.68701101,1109328.75301479,-0.00141965073999017,0.45323763253206234,0.1556337894603379,-1.9917055586487382e-10,-0.5563232547621019,2.9122058526215255,0.018096552153157742,128988.86355938508,0.03964181102708413,282559.4682646347,0.17373034161349565,1238317.616574175,2.60885708462139,0.19527560048742204,1391888.2212794246,2.3210151775272916
12,case_0012_steps_0250_mesh_21x21,73,250,21,21,0.36,-1113145.64670855,0.0129257115768269,3227599.53254254,-5.05451261997223,-94056069.5688631,0.706872351467609,3227599.53254254,1113145.64670855,0.0129257115768269,0.45281756624883374,0.1561692823229476,1.8134186720625908e-09,-0.5558750416946346,2.8995303014355756,0.018096552153157742,128988.86355938508,0.03964181102708413,282559.4682646347,0.17426583447610536,1242134.510267935,2.598429965403932,0.19581109335003175,1395705.1149731847,2.3125225363987805
12,case_0012_steps_0250_mesh_21x21,74,250,21,21,0.365,-1115482.3983893,-0.000103785656392574,3228140.86556815,-0.655980348587036,-94078903.1071596,-0.595158517360687,3228140.86556815,1115482.3983893,-0.000103785656392574,0.4528935128155361,0.1564971179786219,-1.4560656570117303e-11,-0.5560099887970469,2.893941554101993,0.018096552153157742,128988.86355938508,0.03964181102708413,282559.4682646347,0.17459367013177965,1244471.2619486852,2.593985867149144,0.19613892900570604,1398041.8666539348,2.309044487554842
12,case_0012_steps_0250_mesh_21x21,75,250,21,21,0.37,-1116606.73520708,0.000483328942209482,3231791.59244687,-0.78007036447525,-94185515.8403202,-0.890920072793961,3231791.59244687,1116606.73520708,0.000483328942209482,0.4534056932281287,0.15665485733145604,6.78088570475514e-11,-0.5566400742105931,2.8942970613978245,0.018096552153157742,128988.86355938508,0.03964181102708413,282559.4682646347,0.1747514094846138,1245595.598766465,2.594575314530149,0.19629666835854018,1399166.2034717146,2.3097982101253662
12,case_0012_steps_0250_mesh_21x21,76,250,21,21,0.375,-1116937.31404414,0.000489711645059288,3237637.20085488,-0.598735272884369,-94349281.8785179,-1.13641653954983,3237637.20085488,1116937.31404414,0.000489711645059288,0.4542258055580104,0.1567012360419936,6.870432129006289e-11,-0.5576079378873191,2.898674043874706,0.018096552153157742,128988.86355938508,0.03964181102708413,282559.4682646347,0.17479778819515135,1245926.177603525,2.5985786791014442,0.19634304706907774,1399496.7823087748,2.3134295425200566
12,case_0012_steps_0250_mesh_21x21,77,250,21,21,0.38,-1117073.18724843,0.0038844981463626,3244500.80058809,-0.797171533107758,-94536497.7354416,-1.0395330414176,3244500.80058809,1117073.18724843,0.0038844981463626,0.4551887374507567,0.1567202984359073,5.449774604931831e-10,-0.558714390907846,2.9044657392412496,0.018096552153157742,128988.86355938508,0.03964181102708413,282559.4682646347,0.17481685058906504,1246062.050807815,2.603803557362732,0.19636210946299143,1399632.6555130647,2.3181088179160483
12,case_0012_steps_0250_mesh_21x21,78,250,21,21,0.385,-1117533.24097658,0.00198380835354328,3250973.86245349,-1.17143428325653,-94708333.7257423,-1.34116395562887,3250973.86245349,1117533.24097658,0.00198380835354328,0.4560968786530699,0.15678484188605474,2.7831930866836376e-10,-0.559729948316431,2.909062337700629,0.018096552153157742,128988.86355938508,0.03964181102708413,282559.4682646347,0.1748813940392125,1246522.104535965,2.6080354697470125,0.19642665291313888,1400092.7092412147,2.3219704245266493
12,case_0012_steps_0250_mesh_21x21,79,250,21,21,0.39,-1118730.48375478,-0.00278381502721459,3255827.60682555,-1.03345823287964,-94831524.9329596,-2.0391478985548,3255827.60682555,1118730.48375478,-0.00278381502721459,0.4567778369601926,0.15695280961425875,-3.905566142269316e-10,-0.560458013158628,2.910287736057804,0.018096552153157742,128988.86355938508,0.03964181102708413,282559.4682646347,0.1750493617674165,1247719.347314165,2.6094230355841077,0.1965946206413429,1401289.9520194146,2.3234503338395744
12,case_0012_steps_0250_mesh_21x21,80,250,21,21,0.395,-1120891.87252497,-0.0075912456959486,3258126.90827315,-1.16951543092728,-94881048.0224528,-2.61184952408075,3258126.90827315,1120891.87252497,-0.0075912456959486,0.45710041851812044,0.1572560426494501,-1.0650173189635238e-09,-0.5607506965501737,2.906727212620207,0.018096552153157742,128988.86355938508,0.03964181102708413,282559.4682646347,0.17535259480260784,1249880.736084355,2.6067502396110678,0.19689785367653423,1403451.3407896047,2.32151041762522
12,case_0012_steps_0250_mesh_21x21,81,250,21,21,0.4,-1124069.95731356,-0.0097396852215752,3257492.84750488,-1.75607472658157,-94848018.4265206,-2.93805316835642,3257492.84750488,1124069.95731356,-0.0097396852215752,0.45701146266995923,0.15770191352184054,-1.3664336339115786e-09,-0.5605554903492329,2.897944942225869,0.018096552153157742,128988.86355938508,0.03964181102708413,282559.4682646347,0.1757984656749983,1253058.820872945,2.5996328290762465,0.19734372454892468,1406629.4255781947,2.315814519638595
12,case_0012_steps_0250_mesh_21x21,82,250,21,21,0.405,-1128179.6008606,-0.0100772869773209,3254169.19738489,-1.59264582395554,-94740548.7122717,-3.31439907103777,3254169.19738489,1128179.6008606,-0.0100772869773209,0.4565451696422084,0.15827847786024685,-1.4137976280678411e-09,-0.5599203401440112,2.8844425080036364,0.018096552153157742,128988.86355938508,0.03964181102708413,282559.4682646347,0.1763750300134046,1257168.464419985,2.588490953665668,0.197920288887331,1410739.0691252346,2.3067123244858614
12,case_0012_steps_0250_mesh_21x21,83,250,21,21,0.41,-1132979.45728232,-0.0542500021401793,3248379.87075356,-0.947298049926758,-94567042.6625907,-3.46758199483156,3248379.87075356,1132979.45728232,-0.0542500021401793,0.4557329533901651,0.1589518759325024,-7.611029091567213e-09,-0.5588949126193145,2.867112770557602,0.018096552153157742,128988.86355938508,0.03964181102708413,282559.4682646347,0.17704842808566015,1261968.320841705,2.5740581733358905,0.19859368695958654,1415538.9255469546,2.294800808461278
12,case_0012_steps_0250_mesh_21x21,84,250,21,21,0.415,-1138129.00944287,-0.0148793658008799,3241131.71394773,-1.212366938591,-94356410.2739487,-3.05581348389387,3241131.71394773,1138129.00944287,-0.0148793658008799,0.4547160698854075,0.1596743347298535,-2.087507493215242e-09,-0.5576500669825011,2.8477718141410957,0.018096552153157742,128988.86355938508,0.03964181102708413,282559.4682646347,0.17777088688301126,1267117.873002255,2.55787703970139,0.19931614575693765,1420688.4777075048,2.28138100984516
12,case_0012_steps_0250_mesh_21x21,85,250,21,21,0.42,-1143237.06937226,0.0151437125168741,3233774.37492612,-2.38852208852768,-94145866.8645514,-3.47885766625404,3233774.37492612,1143237.06937226,0.0151437125168741,0.4536838686112895,0.16039097235548158,2.1245941377557037e-09,-0.5564057472164963,2.828612246366148,0.018096552153157742,128988.86355938508,0.03964181102708413,282559.4682646347,0.17848752450863933,1272225.932931645,2.5418239726291336,0.20003278338256572,1425796.5376368947,2.268047571700346
12,case_0012_steps_0250_mesh_21x21,86,250,21,21,0.425,-1147859.87112656,0.0178584944223985,3226409.99606597,-3.87848806381226,-93942264.7342774,-2.44848700612783,3226409.99606597,1147859.87112656,0.0178584944223985,0.452650679679774,0.16103953046144462,2.5054657183100448e-09,-0.555202450680994,2.810804765654391,0.018096552153157742,128988.86355938508,0.03964181102708413,282559.4682646347,0.17913608261460237,1276848.734685945,2.5268537364056214,0.20068134148852876,1430419.3393911947,2.2555693335628226
12,case_0012_steps_0250_mesh_21x21,87,250,21,21,0.43,-1151657.56082471,-0.108808133518323,3221227.53887468,-8.563725233078,-93799681.6638504,-15.1980243697762,3221227.53887468,1151657.56082471,-0.108808133518323,0.4519236044559466,0.16157232909062583,-1.5265287316804312e-08,-0.5543597791704592,2.7970358971706286,0.018096552153157742,128988.86355938508,0.03964181102708413,282559.4682646347,0.17966888124378358,1280646.424384095,2.5153137333935667,0.20121414011770997,1434217.0290893447,2.245983329956692
12,case_0012_steps_0250_mesh_21x21,88,250,21,21,0.435,-1154436.68408231,0.0259561829734594,3218359.21113865,-6.08003455400467,-93722917.3307634,-8.8184100985527,3218359.21113865,1154436.68408231,0.0259561829734594,0.45152119109222605,0.161962227470869,3.6415346714009944e-09,-0.5539060989661833,2.787817864343944,0.018096552153157742,128988.86355938508,0.03964181102708413,282559.4682646347,0.18005877962402675,1283425.547641695,2.50763218563976,0.20160403849795314,1436996.1523469447,2.239643582818458
12,case_0012_steps_0250_mesh_21x21,89,250,21,21,0.44,-1156155.89059832,-0.270515882293694,3217909.1870381,-16.840372800827,-93714078.431626,-34.0766804665327,3217909.1870381,1156155.89059832,-0.270515882293694,0.45145805475331235,0.1622034243426028,-3.795215057408055e-08,-0.5538538607273428,2.7832831309390347,0.018096552153157742,128988.86355938508,0.03964181102708413,282559.4682646347,0.18029997649576054,1285144.754157705,2.5039274187810427,0.20184523536968693,1438715.3588629547,2.236654503765969
12,case_0012_steps_0250_mesh_21x21,90,250,21,21,0.445,-1156990.11085897,-0.11854145838879,3219726.56262589,-18.4005520939827,-93766540.0993156,-33.3540848195553,3219726.56262589,1156990.11085897,-0.11854145838879,0.45171302430028554,0.16232046165913924,-1.6630828622321287e-08,-0.5541639112307074,2.7828470895360615,0.018096552153157742,128988.86355938508,0.03964181102708413,282559.4682646347,0.180417013812297,1285978.9744183552,2.503716333373307,0.20196227268622338,1439549.5791236048,2.236620821761522
12,case_0012_steps_0250_mesh_21x21,91,250,21,21,0.45,-1157258.4105567,0.0879458968993276,3223228.94406295,-16.9071657657623,-93862843.5424654,-29.8864844962955,3223228.94406295,1157258.4105567,0.0879458968993276,0.45220439252066547,0.162358102889077,1.2338410200522452e-08,-0.5547330683379693,2.78522835924987,0.018096552153157742,128988.86355938508,0.03964181102708413,282559.4682646347,0.18045465504223476,1286247.2741160851,2.505917026162771,0.20199991391616115,1439817.8788213348,2.2386365605499727
12,case_0012_steps_0250_mesh_21x21,92,250,21,21,0.455,-1157342.86915354,-0.0679116677492857,3227488.19964392,-19.3177089095116,-93977147.9614011,-4.74986047297716,3227488.19964392,1157342.86915354,-0.0679116677492857,0.45280194674843155,0.162369952046906,-9.527698774298187e-09,-0.5554086119146148,2.78870530563207,0.018096552153157742,128988.86355938508,0.03964181102708413,282559.4682646347,0.18046650420006374,1286331.7327129252,2.509063655638051,0.20201176307399013,1439902.3374181748,2.241463268565135
12,case_0012_steps_0250_mesh_21x21,93,250,21,21,0.46,-1157621.93662119,0.140429965220392,3231544.65055024,-10.1792077422142,-94082689.0274073,-16.6552173346281,3231544.65055024,1157621.93662119,0.140429965220392,0.4533710484007548,0.16240910394609495,1.970168679179785e-08,-0.5560323637334565,2.791537157616686,0.018096552153157742,128988.86355938508,0.03964181102708413,282559.4682646347,0.1805056560992527,1286610.800180575,2.5116722555855233,0.2020509149731791,1440181.4048858248,2.2438455597240763
12,case_0012_steps_0250_mesh_21x21,94,250,21,21,0.465,-1158391.28591085,0.341231118305586,3234508.32489469,-0.447435617446899,-94154996.1497709,-0.819732837378979,3234508.32489469,1158391.28591085,0.341231118305586,0.4537868384609147,0.16251704015981247,4.7873177251882864e-08,-0.5564597016484144,2.7922415890338614,0.018096552153157742,128988.86355938508,0.03964181102708413,282559.4682646347,0.18061359231297022,1287380.149470235,2.5124733562388006,0.2021588511868966,1440950.7541754846,2.2447042798110632
12,case_0012_steps_0250_mesh_21x21,95,250,21,21,0.47,-1159855.26470874,0.213984139496461,3235695.96615616,1.68391460180283,-94176576.5502362,-4.5301087424159,3235695.96615616,1159855.26470874,0.213984139496461,0.4539534591398971,0.16272242974102183,3.0021003623801125e-08,-0.5565872426573404,2.7897411553058737,0.018096552153157742,128988.86355938508,0.03964181102708413,282559.4682646347,0.18081898189417958,1288844.128268125,2.5105409530818155,0.20236424076810597,1442414.7329733747,2.243249387425584
12,case_0012_steps_0250_mesh_21x21,96,250,21,21,0.475,-1162056.59445906,0.185151880956255,3234815.37611151,-0.43431156873703,-94139704.5734972,-3.12389420717955,3234815.37611151,1162056.59445906,0.185151880956255,0.45382991635311054,0.16303126631445694,2.5975968603192924e-08,-0.5563693278358823,2.7836986524888867,0.018096552153157742,128988.86355938508,0.03964181102708413,282559.4682646347,0.1811278184676147,1291045.4580184452,2.505578216491657,0.20267307734154108,1444616.0627236948,2.2392215202235493
12,case_0012_steps_0250_mesh_21x21,97,250,21,21,0.48,-1164931.0515339,-0.601018945220858,3231973.92684854,-40.8697350025177,-94048217.7598743,-71.7159580662847,3231973.92684854,1164931.0515339,-0.601018945220858,0.45343127391717486,0.16343453959659499,-8.432023034467428e-08,-0.5558286371970936,2.774390744064125,0.018096552153157742,128988.86355938508,0.03964181102708413,282559.4682646347,0.18153109174975274,1293919.915093285,2.497816046532935,0.20307635062367912,1447490.5197985347,2.2328118095712117
12,case_0012_steps_0250_mesh_21x21,98,250,21,21,0.485,-1168313.7413028,-1.01290861947928,3227429.71511827,-62.1637855768204,-93911185.570528,-121.910306230187,3227429.71511827,1168313.7413028,-1.01290861947928,0.45279374163490954,0.16390911561914184,-1.4210648231931121e-07,-0.5550187716103692,2.762468334506899,0.018096552153157742,128988.86355938508,0.03964181102708413,282559.4682646347,0.1820056677722996,1297302.604862185,2.487800227196126,0.20355092664622598,1450873.2095674346,2.2244739883786955
12,case_0012_steps_0250_mesh_21x21,99,250,21,21,0.49,-1171957.44204104,-1.06851206463762,3221862.83326151,-111.433610796928,-93748112.4856883,-137.581618271768,3221862.83326151,1171957.44204104,-1.06851206463762,0.45201273337519304,0.16442031029611257,-1.4990739332384835e-07,-0.5540550033150315,2.74912954829693,0.018096552153157742,128988.86355938508,0.03964181102708413,282559.4682646347,0.18251686244927032,1300946.305600425,2.4765532746369,0.2040621213231967,1454516.9103056747,2.21507416684789
12,case_0012_steps_0250_mesh_21x21,100,250,21,21,0.495,-1175580.73710393,-0.500425613194238,3216036.9891442,-66.506316781044,-93580893.039567,-128.529013872147,3216036.9891442,1175580.73710393,-0.500425613194238,0.45119539388559804,0.16492864214944097,-7.020744239502658e-08,-0.5530667298627077,2.735700652144897,0.018096552153157742,128988.86355938508,0.03964181102708413,282559.4682646347,0.18302519430259873,1304569.600663315,2.4652092057863295,0.2045704531765251,1458140.2053685647,2.2055745924180887
12,case_0012_steps_0250_mesh_21x21,101,250,21,21,0.5,-1178880.21030666,-0.307148828986101,3210802.0052175,-79.8973077833652,-93432637.347779,-141.740301825106,3210802.0052175,1178880.21030666,-0.307148828986101,0.4504609493991804,0.16539154326542502,-4.3091586739728954e-08,-0.5521905329385551,2.72360327804831,0.018096552153157742,128988.86355938508,0.03964181102708413,282559.4682646347,0.18348809541858277,1307869.073866045,2.4549873296769746,0.20503335429250916,1461439.6785712948,2.1970130223618836
12,case_0012_steps_0250_mesh_21x21,102,250,21,21,0.505,-1181609.40716715,-0.696242897538468,3206818.95374672,-116.585762888193,-93321284.4302403,-205.649819493294,3206818.95374672,1181609.40716715,-0.696242897538468,0.44990214535454676,0.16577443719874005,-9.767971868958928e-08,-0.5515324328503485,2.7139416242757495,0.018096552153157742,128988.86355938508,0.03964181102708413,282559.4682646347,0.1838709893518978,1310598.270726535,2.4468359415498147,0.2054162482258242,1464168.8754317847,2.190197461205441
12,case_0012_steps_0250_mesh_21x21,103,250,21,21,0.51,-1183617.82734061,-0.767891981115099,3204429.64160674,-176.424484819174,-93255659.6588898,-303.732201896608,3204429.64160674,1183617.82734061,-0.767891981115099,0.4495669357049834,0.16605620943404426,-1.0773175994254225e-07,-0.5511445878906571,2.7073178247125207,0.018096552153157742,128988.86355938508,0.03964181102708413,282559.4682646347,0.184152761587202,1312606.6908999952,2.4412717562864223,0.2056980204611284,1466177.2956052448,2.185567633063051
12,case_0012_steps_0250_mesh_21x21,104,250,21,21,0.515,-1184883.71129834,1.18163667747285,3203834.34390896,-237.497537106276,-93240419.0517758,-184.653703853488,3203834.34390896,1184883.71129834,1.18163667747285,0.4494834181396893,0.16623380720821457,1.6577826309886597e-07,-0.551054515307848,2.7039230207649227,0.018096552153157742,128988.86355938508,0.03964181102708413,282559.4682646347,0.18433035936137232,1313872.574857725,2.4384665645798207,0.2058756182352987,1467443.1795629747,2.1832765919175876
12,case_0012_steps_0250_mesh_21x21,105,250,21,21,0.52,-1185512.24925927,0.995589882368222,3204879.99212499,-197.486598014832,-93269914.1949305,-270.006558537483,3204879.99212499,1185512.24925927,0.995589882368222,0.449630117838819,0.16632198823157068,1.3967674210214278e-07,-0.5512288327549416,2.703371470119738,0.018096552153157742,128988.86355938508,0.03964181102708413,282559.4682646347,0.18441854038472844,1314501.112818655,2.4380960661591518,0.20596379925865482,1468071.7175239048,2.1830541068732257
12,case_0012_steps_0250_mesh_21x21,106,250,21,21,0.525,-1185715.17567283,0.234392590471543,3207101.89337071,-119.383351027966,-93330304.2340297,-429.760436136276,3207101.89337071,1185715.17567283,0.234392590471543,0.44994184049969677,0.16635045788643008,3.28842166737068e-08,-0.5515857402427421,2.704782699226946,0.018096552153157742,128988.86355938508,0.03964181102708413,282559.4682646347,0.18444701003958783,1314704.0392322151,2.4394097817206464,0.20599226891351421,1468274.6439374648,2.184265666245002
12,case_0012_steps_0250_mesh_21x21,107,250,21,21,0.53,-1185767.14293947,3.87093495490262,3209990.10442974,-248.596599638462,-93407132.3192294,-12.0016837380826,3209990.10442974,1185767.14293947,3.87093495490262,0.45034704340339554,0.16635774865809094,5.430746062866586e-07,-0.552039797224492,2.707099891866038,0.018096552153157742,128988.86355938508,0.03964181102708413,282559.4682646347,0.1844543008112487,1314756.006498855,2.441510127021835,0.20599955968517508,1468326.6112041047,2.186155368932107
12,case_0012_steps_0250_mesh_21x21,108,250,21,21,0.535,-1185951.28993104,2.4328806019621,3212839.89050953,-259.834519326687,-93480162.8849505,-239.843840733171,3212839.89050953,1185951.28993104,2.4328806019621,0.4507468554568952,0.16638358364527386,3.41322107047974e-07,-0.5524714107179252,2.7090825043044964,0.018096552153157742,128988.86355938508,0.03964181102708413,282559.4682646347,0.18448013579843162,1314940.153490425,2.4433354491314687,0.206025394672358,1468510.7581956747,2.187821827370929
12,case_0012_steps_0250_mesh_21x21,109,250,21,21,0.54,-1186477.60719743,3.44124752888456,3214916.57341819,-288.472102373838,-93530136.7599207,-118.343785755336,3214916.57341819,1186477.60719743,3.44124752888456,0.4510382046441437,0.16645742356910534,4.827914105136219e-07,-0.5527667582692318,2.7096310574391036,0.018096552153157742,128988.86355938508,0.03964181102708413,282559.4682646347,0.1845539757222631,1315466.470756815,2.4439365387766836,0.20609923459618948,1469037.0754620647,2.1884516239367096
12,case_0012_steps_0250_mesh_21x21,110,250,21,21,0.545,-1187495.56024468,5.06045019626617,3215788.54866369,-424.79920950532,-93545300.4214472,109.383561145514,3215788.54866369,1187495.56024468,5.06045019626617,0.45116053881370705,0.16660023776174718,7.099581961432442e-07,-0.5528563761006161,2.7080425867033022,0.018096552153157742,128988.86355938508,0.03964181102708413,282559.4682646347,0.18469678991490493,1316484.423804065,2.4427091506114946,0.20624204878883132,1470055.0285093146,2.1875293688322732
12,case_0012_steps_0250_mesh_21x21,111,250,21,21,0.55,-1189058.07059969,-0.77751498966245,3215234.00829408,-191.372443050146,-93520345.4284675,-392.08332118392,3215234.00829408,1189058.07059969,-0.77751498966245,0.4510827393165817,0.16681945087324399,-1.0908182436858665e-07,-0.5527088911182363,2.7040176487532754,0.018096552153157742,128988.86355938508,0.03964181102708413,282559.4682646347,0.18491600302640174,1318046.9341590751,2.4393926536048776,0.20646126190032812,1471617.5388643248,2.184829905449032
12,case_0012_steps_0250_mesh_21x21,112,250,21,21,0.555,-1191109.78039766,-5.43290583853377,3213187.63076799,-219.37238624692,-93454267.5780067,-798.103038109839,3213187.63076799,1191109.78039766,-5.43290583853377,0.4507956418369696,0.1671072964464009,-7.62212032397336e-07,-0.5523183684433216,2.697641882929754,0.018096552153157742,128988.86355938508,0.03964181102708413,282559.4682646347,0.18520384859955866,1320098.6439570452,2.434051156310819,0.20674910747348504,1473669.2486622948,2.180399457805557
12,case_0012_steps_0250_mesh_21x21,113,250,21,21,0.56,-1193540.79489086,-2.13557638425846,3209914.77411402,-107.263288974762,-93355495.2218903,-394.133778635412,3209914.77411402,1193540.79489086,-2.13557638425846,0.4503364749019798,0.1674483567468587,-2.996116745923015e-07,-0.5517346199640777,2.689405161394204,0.018096552153157742,128988.86355938508,0.03964181102708413,282559.4682646347,0.18554490890001646,1322529.6584502452,2.42710229869282,0.20709016777394285,1476100.2631554948,2.1745912891121018
12,case_0012_steps_0250_mesh_21x21,114,250,21,21,0.565,-1196156.23149772,-2.85286800510949,3205816.6216043,-221.6452691257,-93235788.3014541,-497.183153878897,3205816.6216043,1196156.23149772,-2.85286800510949,0.44976152270395847,0.16781529063288,-4.0024443363492714e-07,-0.5510271473927314,2.680098583435262,0.018096552153157742,128988.86355938508,0.03964181102708413,282559.4682646347,0.18591184278603776,1325145.095057105,2.419219324406246,0.20745710165996414,1478715.6997623546,2.167973615292993
12,case_0012_steps_0250_mesh_21x21,115,250,21,21,0.57,-1198746.80297106,-1.83039499266306,3201495.95053266,-122.431171923876,-93111916.9881371,-449.184627242386,3201495.95053266,1198746.80297106,-1.83039499266306,0.44915535216158,0.16817873605351663,-2.567961103894523e-07,-0.550295063096944,2.670702389026476,0.018096552153157742,128988.86355938508,0.03964181102708413,282559.4682646347,0.18627528820667438,1327735.666530445,2.4112449723510156,0.20782054708060077,1481306.2712356946,2.161265372799641
12,case_0012_steps_0250_mesh_21x21,116,250,21,21,0.575,-1201114.17611073,-1.15306507679634,3197537.32571059,-203.480620473623,-93000204.6233569,-395.226948779076,3197537.32571059,1201114.17611073,-1.15306507679634,0.44859997506490223,0.1685108677609047,-1.617697971935623e-07,-0.5496348386615125,2.662142691600212,0.018096552153157742,128988.86355938508,0.03964181102708413,282559.4682646347,0.18660741991406246,1330103.039670115,2.403977158418964,0.20815267878798885,1483673.6443753648,2.155148699872452
12,case_0012_steps_0250_mesh_21x21,117,250,21,21,0.58,-1203055.58756063,0.356589609989896,3194434.24658104,-22.522459924221,-92913806.5143123,-334.445898722857,3194434.24658104,1203055.58756063,0.356589609989896,0.44816462714606875,0.1687832389764064,5.002790393207411e-08,-0.5491242224653686,2.6552673705279233,0.018096552153157742,128988.86355938508,0.03964181102708413,282559.4682646347,0.18687979112956415,1332044.451120015,2.398143878678435,0.20842505000349054,1485615.0558252647,2.15024358702835
12,case_0012_steps_0250_mesh_21x21,118,250,21,21,0.585,-1204485.34722339,1.57278378756018,3192514.04517072,-110.18705162406,-92861005.3718859,-307.08127835393,3192514.04517072,1204485.34722339,1.57278378756018,0.4478952316028603,0.16898382776825743,2.2065442745853935e-07,-0.5488121656530615,2.6505212807529657,0.018096552153157742,128988.86355938508,0.03964181102708413,282559.4682646347,0.18708037992141519,1333474.210782775,2.3941325744100093,0.20862563879534157,1487044.8154880246,2.1468848900313655
12,case_0012_steps_0250_mesh_21x21,119,250,21,21,0.59,-1205382.36942703,1.32685209513875,3191890.51895183,16.2058648169041,-92844231.3942559,-433.986402586102,3191890.51895183,1205382.36942703,1.32685209513875,0.44780775370416703,0.16910967591237447,1.8615132715042795e-07,-0.5487130307906629,2.6480315291728322,0.018096552153157742,128988.86355938508,0.03964181102708413,282559.4682646347,0.18720622806553222,1334371.232986415,2.3920558537582965,0.2087514869394586,1487941.8376916647,2.145171563899033
12,case_0012_steps_0250_mesh_21x21,120,250,21,21,0.595,-1205828.49628613,3.01810292643495,3192469.73190331,-149.767119526863,-92860406.8301936,-242.416215520352,3192469.73190331,1205828.49628613,3.01810292643495,0.4478890146525544,0.16917226548600003,4.234261431932291e-07,-0.5488086282483018,2.6475321670833787,0.018096552153157742,128988.86355938508,0.03964181102708413,282559.4682646347,0.1872688176391578,1334817.359845515,2.391690300066812,0.20881407651308417,1488387.9645507648,2.144917728400795
12,case_0012_steps_0250_mesh_21x21,121,250,21,21,0.6,-1205957.41049883,3.41589349461719,3193864.33235987,-151.838634938002,-92898275.2310058,-173.62812808156,3193864.33235987,1205957.41049883,3.41589349461719,0.44808467076734243,0.16919035156497642,4.792343545728881e-07,-0.5490324319749181,2.6484055776387376,0.018096552153157742,128988.86355938508,0.03964181102708413,282559.4682646347,0.18728690371813417,1334946.274058215,2.392504023888972,0.20883216259206056,1488516.8787634647,2.1456688721011115
12,case_0012_steps_0250_mesh_21x21,122,250,21,21,0.605,-1205961.16165813,2.60803732095519,3195714.08671391,-74.7626353502274,-92946913.0462496,-136.899761691689,3195714.08671391,1205961.16165813,2.60803732095519,0.4483441829082724,0.1691908778356019,3.658957997898682e-07,-0.549319883361102,2.649931182128602,0.018096552153157742,128988.86355938508,0.03964181102708413,282559.4682646347,0.18728742998875966,1334950.025217515,2.393882936698851,0.20883268886268605,1488520.6299227646,2.1469061445790825
12,case_0012_steps_0250_mesh_21x21,123,250,21,21,0.61,-1206044.08657854,1.59701896551996,3197650.58658963,-148.222878336906,-92995771.447114,-74.6817646063864,3197650.58658963,1206044.08657854,1.59701896551996,0.4486158650522074,0.16920251182558824,2.2405451293714582e-07,-0.5496086384169122,2.6513546413225524,0.018096552153157742,128988.86355938508,0.03964181102708413,282559.4682646347,0.187299063978746,1335032.950137925,2.395184767731219,0.20884432285267238,1488603.5548431748,2.1480874314629084
12,case_0012_steps_0250_mesh_21x21,124,250,21,21,0.615,-1206365.97217555,-1.54707594501087,3198985.13012147,-155.54803621769,-93027221.9342495,-220.222923826426,3198985.13012147,1206365.97217555,-1.54707594501087,0.4488030954530201,0.16924767091400023,-2.170477338215761e-07,-0.5497945120232397,2.6517534511956167,0.018096552153157742,128988.86355938508,0.03964181102708413,282559.4682646347,0.18734422306715798,1335354.835734935,2.3956068039105536,0.20888948194108437,1488925.4404401847,2.148519357138343
12,case_0012_steps_0250_mesh_21x21,125,250,21,21,0.62,-1207026.89121417,-5.77151188335847,3199390.46868696,-294.475892543793,-93032205.4330003,-494.848645176739,3199390.46868696,1207026.89121417,-5.77151188335847,0.44885996261416616,0.16934039485559768,-8.097169237535077e-07,-0.5498239646953382,2.650637274094727,0.018096552153157742,128988.86355938508,0.03964181102708413,282559.4682646347,0.18743694700875543,1336015.754773555,2.39472510504132,0.20898220588268182,1489586.3594788047,2.147838188989864
12,case_0012_steps_0250_mesh_21x21,126,250,21,21,0.625,-1208075.40093056,-7.88365788914962,3198950.7030895,-123.578018039465,-93012301.2190815,-615.940520782024,3198950.7030895,1208075.40093056,-7.88365788914962,0.4487982654966786,0.1694874960102412,-1.106041422583487e-06,-0.5497063300143152,2.6479727181146164,0.018096552153157742,128988.86355938508,0.03964181102708413,282559.4682646347,0.18758404816339896,1337064.264489945,2.3925182865535755,0.20912930703732535,1490634.8691951947,2.1460323847225165
12,case_0012_steps_0250_mesh_21x21,127,250,21,21,0.63,-1209486.24390899,-8.83236255089287,3197367.9932715,-109.047582864761,-92961167.8419965,-777.653427537531,3197367.9932715,1209486.24390899,-8.83236255089287,0.4485762184921978,0.16968543087713242,-1.2391403810162552e-06,-0.5494041297602604,2.6435753274363756,0.018096552153157742,128988.86355938508,0.03964181102708413,282559.4682646347,0.18778198303029017,1338475.107468375,2.3888139386611984,0.20932724190421656,1492045.7121736247,2.142942382518259
12,case_0012_steps_0250_mesh_21x21,128,250,21,21,0.635,-1211163.70814871,-6.20198501937557,3194930.67897636,-284.329379528761,-92887304.5180582,-642.518872644752,3194930.67897636,1211163.70814871,-6.20198501937557,0.44823427435811886,0.1699207714969463,-8.701103510735363e-07,-0.5489675946332652,2.637901596192872,0.018096552153157742,128988.86355938508,0.03964181102708413,282559.4682646347,0.18801732365010404,1340152.571708095,2.3840051845024277,0.20956258252403043,1493723.1764133447,2.138904135268137
12,case_0012_steps_0250_mesh_21x21,129,250,21,21,0.64,-1212997.63375133,-3.88110206322744,3191967.52925389,-102.951968580484,-92799973.9625348,-596.123702190816,3191967.52925389,1212997.63375133,-3.88110206322744,0.44781855790004177,0.17017806293588933,-5.445010054421346e-07,-0.5484514676420428,2.6314705325371293,0.018096552153157742,128988.86355938508,0.03964181102708413,282559.4682646347,0.18827461508904708,1341986.497310715,2.3785392294560785,0.20981987396297347,1495557.1020159647,2.134300004293528
12,case_0012_steps_0250_mesh_21x21,130,250,21,21,0.645,-1214827.35107587,-1.37208938458934,3188823.60310578,-54.4419035315514,-92709140.5225033,-549.828911602497,3188823.60310578,1214827.35107587,-1.37208938458934,0.44737747932988486,0.17043476397251667,-1.924979135550225e-07,-0.5479146384666772,2.624919170844901,0.018096552153157742,128988.86355938508,0.03964181102708413,282559.4682646347,0.18853131612567442,1343816.214635255,2.3729611001689737,0.2100765749996008,1497386.8193405047,2.1295924085335787
12,case_0012_steps_0250_mesh_21x21,131,250,21,21,0.65,-1216485.30687054,3.89694144652458,3185907.28516664,-149.307008177042,-92626421.7513931,-233.824095133692,3185907.28516664,1216485.30687054,3.89694144652458,0.4469683331584672,0.1706673676460273,5.46723199033123e-07,-0.5474257673013119,2.618944320307922,0.018096552153157742,128988.86355938508,0.03964181102708413,282559.4682646347,0.18876391979918505,1345474.170429925,2.3678695252459834,0.21030917867311144,1499044.7751351746,2.125291611039006
12,case_0012_steps_0250_mesh_21x21,132,250,21,21,0.655,-1217856.2212077,7.12104889773764,3183590.29674787,-178.695728093386,-92561542.3540605,-87.0865058153868,3183590.29674787,1217856.2212077,7.12104889773764,0.4466432701987549,0.17085970070576084,9.99050842119924e-07,-0.5470423275311547,2.614093717557914,0.018096552153157742,128988.86355938508,0.03964181102708413,282559.4682646347,0.1889562528589186,1346845.084767085,2.363739031871227,0.21050151173284498,1500415.6894723347,2.1218055230197392
12,case_0012_steps_0250_mesh_21x21,133,250,21,21,0.66,-1218862.95869806,8.36135689681396,3182052.4358125,-158.575391203165,-92519197.8684182,-8.49031938239932,3182052.4358125,1218862.95869806,8.36135689681396,0.44642751528896446,0.1710009414066718,1.173060425365301e-06,-0.546792069968513,2.6106728513691477,0.018096552153157742,128988.86355938508,0.03964181102708413,282559.4682646347,0.18909749355982955,1347851.822257445,2.360832536089205,0.21064275243375594,1501422.4269626946,2.1193585353920943
12,case_0012_steps_0250_mesh_21x21,134,250,21,21,0.665,-1219485.1243466,7.49832430714741,3181499.59771574,19.7871147692204,-92504022.2542863,-37.3578440956771,3181499.59771574,1219485.1243466,7.49832430714741,0.4463499546129945,0.17108822842351976,1.0519808698299875e-06,-0.5467023814967644,2.608887582306826,0.018096552153157742,128988.86355938508,0.03964181102708413,282559.4682646347,0.1891847805766775,1348473.987905985,2.3593333102822545,0.2107300394506039,1502044.5926112346,2.1181126135442163
12,case_0012_steps_0250_mesh_21x21,135,250,21,21,0.67,-1219792.34241995,4.54024136305088,3181817.9413473,-45.8651776909828,-92512566.8401693,-234.052621606737,3181817.9413473,1219792.34241995,4.54024136305088,0.44639461677972875,0.1711313297249295,6.369752577636086e-07,-0.5467528803327858,2.608491487194354,0.018096552153157742,128988.86355938508,0.03964181102708413,282559.4682646347,0.18922788187808726,1348781.2059793351,2.359031937308926,0.21077314075201364,1502351.8106845848,2.117891374522605
12,case_0012_steps_0250_mesh_21x21,136,250,21,21,0.675,-1219867.72901151,4.66621157835471,3182791.89085514,-58.157296538353,-92538510.8403609,-18.8837214075029,3182791.89085514,1219867.72901151,4.66621157835471,0.44653125747549743,0.1711419061215902,6.546483072663723e-07,-0.546906210386384,2.6091286908903126,0.018096552153157742,128988.86355938508,0.03964181102708413,282559.4682646347,0.18923845827474794,1348856.592570895,2.359622148407044,0.21078371714867433,1502427.1972761448,2.1184333567879
12,case_0012_steps_0250_mesh_21x21,137,250,21,21,0.68,-1219853.49770049,0.838933686725795,3184109.18862518,-80.8280054628849,-92572671.9067338,-157.210068941116,3184109.18862518,1219853.49770049,0.838933686725795,0.44671606837419797,0.1711399095332416,1.176985888234042e-07,-0.5471081036217852,2.6102390120022205,0.018096552153157742,128988.86355938508,0.03964181102708413,282559.4682646347,0.18923646168639935,1348842.3612598751,2.360623657794295,0.21078172056032574,1502412.9659651248,2.1193302113042947
12,case_0012_steps_0250_mesh_21x21,138,250,21,21,0.685,-1219880.84444906,-2.11656155029777,3185482.27833135,-115.952204167843,-92606872.440774,-257.758201897144,3185482.27833135,1219880.84444906,-2.11656155029777,0.4469087066283309,0.17114374615795525,-2.96943979684711e-07,-0.5473102301126402,2.6113060901206486,0.018096552153157742,128988.86355938508,0.03964181102708413,282559.4682646347,0.189240298311113,1348869.708008445,2.361593754695992,0.21078555718503938,1502440.3127136948,2.1202055425268505
12,case_0012_steps_0250_mesh_21x21,139,250,21,21,0.69,-1220088.53598004,-5.02249983197544,3186409.53244178,-324.157134205103,-92628710.6102361,-352.734523173422,3186409.53244178,1220088.53598004,-5.02249983197544,0.44703879617176573,0.1711728843371626,-7.046339322675311e-07,-0.5474392945463968,2.6116215655467054,0.018096552153157742,128988.86355938508,0.03964181102708413,282559.4682646347,0.18926943649032035,1349077.399539425,2.361917510092171,0.21081469536424674,1502648.0042446747,2.120529574085762
12,case_0012_steps_0250_mesh_21x21,140,250,21,21,0.695,-1220529.83419615,-7.07676679117139,3186810.42482796,-116.456903666258,-92634622.3666537,-360.162603281438,3186810.42482796,1220529.83419615,-7.07676679117139,0.44709503955413316,0.17123479647409104,-9.928382635389919e-07,-0.5474742332575314,2.611005757943489,0.018096552153157742,128988.86355938508,0.03964181102708413,282559.4682646347,0.1893313486272488,1349518.6977555351,2.3614422164940243,0.21087660750117518,1503089.3024607848,2.1201737113095467
12,case_0012_steps_0250_mesh_21x21,141,250,21,21,0.7,-1221260.48944216,-8.33362145203864,3186449.83514648,-67.4788369238377,-92619314.2569409,-422.359920132905,3186449.83514648,1221260.48944216,-8.33362145203864,0.44704445045832497,0.17133730408909384,-1.1691692683381166e-06,-0.5473837617317291,2.609148386190703,0.018096552153157742,128988.86355938508,0.03964181102708413,282559.4682646347,0.1894338562422516,1350249.353001545,2.359897324196558,0.21097911511617798,1503819.9577067946,2.1189038081430716
12,case_0012_steps_0250_mesh_21x21,142,250,21,21,0.705,-1222247.35320681,-6.70096646889579,3185297.83988244,-41.6769942045212,-92582599.7545741,-234.958267174661,3185297.83988244,1222247.35320681,-6.70096646889579,0.4468828307510059,0.17147575659648284,-9.401151838593037e-07,-0.5471667775899561,2.6060991922176595,0.018096552153157742,128988.86355938508,0.03964181102708413,282559.4682646347,0.1895723087496406,1351236.2167661951,2.357321244323629,0.21111756762356698,1504806.8214714448,2.1167486712797867
12,case_0012_steps_0250_mesh_21x21,143,250,21,21,0.71,-1223424.5610857,-4.98706725804368,3183511.3767117,-439.783964544535,-92528813.5587232,-196.696135077626,3183511.3767117,1223424.5610857,-4.98706725804368,0.4466321980758517,0.1716409135192402,-6.996629029524188e-07,-0.5468488990734683,2.602131327073053,0.018096552153157742,128988.86355938508,0.03964181102708413,282559.4682646347,0.18973746567239796,1352413.4246450851,2.3539483701495727,0.21128272454632435,1505984.0293503348,2.1139077936205157
12,case_0012_steps_0250_mesh_21x21,144,250,21,21,0.715,-1224709.16396499,-3.7257356964983,3181261.30613104,-41.1266467273235,-92463049.1452101,-235.314094133675,3181261.30613104,1224709.16396499,-3.7257356964983,0.4463165233851258,0.1718211374731513,-5.227038093061589e-07,-0.5464602288231466,2.5975647114713523,0.018096552153157742,128988.86355938508,0.03964181102708413,282559.4682646347,0.18991768962630906,1353698.0275243751,2.3500524056675243,0.21146294850023545,1507268.6322296248,2.1106133559119877
12,case_0012_steps_0250_mesh_21x21,145,250,21,21,0.72,-1225976.43052101,0.202747632749379,3179003.02445767,-56.3422639667988,-92397312.2581384,-25.8904011137784,3179003.02445767,1225976.43052101,0.202747632749379,0.44599969671535783,0.1719989292195869,2.8444572723049274e-08,-0.5460717212551677,2.5930376354027227,0.018096552153157742,128988.86355938508,0.03964181102708413,282559.4682646347,0.19009548137274465,1354965.294080395,2.3461877867619005,0.21164074024667104,1508535.8987856447,2.1073433035413567
12,case_0012_steps_0250_mesh_21x21,146,250,21,21,0.725,-1227146.69272771,3.20478239841759,3176968.27475582,67.7996798157692,-92338729.7359725,65.5347839556634,3176968.27475582,1227146.69272771,3.20478239841759,0.4457142305667148,0.17216311169605833,4.496164258845909e-07,-0.5457254962629814,2.5889066837592445,0.018096552153157742,128988.86355938508,0.03964181102708413,282559.4682646347,0.19025966384921608,1356135.556287095,2.3426627670274383,0.21180492272314247,1509706.1609923446,2.104361998938633
12,case_0012_steps_0250_mesh_21x21,147,250,21,21,0.73,-1228115.35993266,4.95911463478114,3175250.83165925,-88.3882085084915,-92290462.7058702,99.6699338704348,3175250.83165925,1228115.35993266,4.95911463478114,0.4454732810947252,0.1722990113087048,6.957412767691225e-07,-0.5454402362314535,2.5854662642061212,0.018096552153157742,128988.86355938508,0.03964181102708413,282559.4682646347,0.19039556346186257,1357104.223492045,2.3397251122605933,0.21194082233578895,1510674.8281972946,2.1018757792160425
12,case_0012_steps_0250_mesh_21x21,148,250,21,21,0.735,-1228819.47365201,6.77092744992115,3174134.48561401,81.6286920905113,-92259499.5464933,214.662846367806,3174134.48561401,1228819.47365201,6.77092744992115,0.44531666281101306,0.17239779526797358,9.499303919856132e-07,-0.5452572427511974,2.5830763213579204,0.018096552153157742,128988.86355938508,0.03964181102708413,282559.4682646347,0.19049434742113133,1357808.3372113951,2.3376896419217035,0.21203960629505772,1511378.9419166448,2.100157940263977
12,case_0012_steps_0250_mesh_21x21,149,250,21,21,0.74,-1229265.90197052,6.07720476808026,3173747.43384478,-49.5624263286591,-92248443.260119,185.161291144788,3173747.43384478,1229265.90197052,6.07720476808026,0.44526236120438933,0.1724604271349862,8.526042481206244e-07,-0.5451918996672531,2.5818233701571365,0.018096552153157742,128988.86355938508,0.03964181102708413,282559.4682646347,0.19055697928814394,1358254.765529905,2.336636332438403,0.21210223816207033,1511825.3702351546,2.0992817664854533
12,case_0012_steps_0250_mesh_21x21,150,250,21,21,0.745,-1229469.46770885,4.67362836428219,3173914.69172488,-16.6759453117847,-92252984.1286449,91.0971041359007,3173914.69172488,1229469.46770885,4.67362836428219,0.44528582672588274,0.17248898648420932,6.556888486715896e-07,-0.5452187363774488,2.5815319331512616,0.018096552153157742,128988.86355938508,0.03964181102708413,282559.4682646347,0.19058553863736707,1358458.331268235,2.336409309486706,0.21213079751129346,1512028.9359734848,2.0991097565744856
12,case_0012_steps_0250_mesh_21x21,151,250,21,21,0.75,-1229521.20713878,4.72582949942444,3174579.028376,80.9212040603161,-92270769.4709916,249.82027746737,3174579.028376,1229521.20713878,4.72582949942444,0.4453790301430034,0.1724962452914138,6.630124310219438e-07,-0.5453238484447916,2.581963621240471,0.018096552153157742,128988.86355938508,0.03964181102708413,282559.4682646347,0.19059279744457155,1358510.070698165,2.3368093449204403,0.21213805631849794,1512080.6754034148,2.0994772832005406
12,case_0012_steps_0250_mesh_21x21,152,250,21,21,0.755,-1229496.48495191,0.0891968790674582,3175523.4982523,-23.2173989713192,-92295325.2695857,-83.6728504635394,3175523.4982523,1229496.48495191,0.0891968790674582,0.44551153498025764,0.17249277688079534,1.2513917321242399e-08,-0.545468974172774,2.582783714405256,0.018096552153157742,128988.86355938508,0.03964181102708413,282559.4682646347,0.1905893290339531,1358485.3485112952,2.3375471084264676,0.21213458790787948,1512055.9532165448,2.1001362360282485
12,case_0012_steps_0250_mesh_21x21,153,250,21,21,0.76,-1229506.79778344,-2.08082378120162,3176439.16565437,106.015677034855,-92318511.806192,-141.444353017956,3176439.16565437,1229506.79778344,-2.08082378120162,0.44563999896109485,0.17249422372425513,-2.919301328731353e-07,-0.5456060075089729,2.583506794253491,0.018096552153157742,128988.86355938508,0.03964181102708413,282559.4682646347,0.19059077587741288,1358495.661342825,2.3382033936822233,0.21213603475133927,1512066.2660480747,2.100727485942986
12,case_0012_steps_0250_mesh_21x21,154,250,21,21,0.765,-1229622.37630421,-3.96086059871595,3177086.12849469,-14.4746508300304,-92333587.7613671,-177.380622241646,3177086.12849469,1229622.37630421,-3.96086059871595,0.4457307649114098,0.17251043886617656,-5.556907659943143e-07,-0.5456951069923976,2.5837901047668277,0.018096552153157742,128988.86355938508,0.03964181102708413,282559.4682646347,0.19060699101933432,1358611.239863595,2.3384806744375752,0.2121522498932607,1512181.8445688447,2.1009947579423196
12,case_0012_steps_0250_mesh_21x21,155,250,21,21,0.77,-1229901.89962446,-4.44536961603444,3177295.69232173,-2.26583415269852,-92336115.7188316,-145.326751478016,3177295.69232173,1229901.89962446,-4.44536961603444,0.44576016576525707,0.17254965471941647,-6.236651822239959e-07,-0.5457100473196665,2.5833732700891754,0.018096552153157742,128988.86355938508,0.03964181102708413,282559.4682646347,0.19064620687257422,1358890.763183845,2.3381538666709387,0.2121914657465006,1512461.3678890946,2.100745023825768
12,case_0012_steps_0250_mesh_21x21,156,250,21,21,0.775,-1230379.65537698,-5.87249803135637,3176992.33481515,-66.9960862100124,-92324074.9480721,-266.575417280197,3176992.33481515,1230379.65537698,-5.87249803135637,0.44571760608384436,0.17261668168324404,-8.238848220011664e-07,-0.5456388858945862,2.582123591633788,0.018096552153157742,128988.86355938508,0.03964181102708413,282559.4682646347,0.1907132338364018,1359368.5189363651,2.337108952104453,0.21225849271032818,1512939.1236416148,2.0998811420569203
12,case_0012_steps_0250_mesh_21x21,157,250,21,21,0.78,-1231035.78280399,-4.98680620046798,3176225.79961758,111.530721515417,-92298684.1178552,-202.073253892362,3176225.79961758,1231035.78280399,-4.98680620046798,0.44561006467447556,0.17270873338347886,-6.996262777593341e-07,-0.545488825097126,2.5801246754850102,0.018096552153157742,128988.86355938508,0.03964181102708413,282559.4682646347,0.19080528553663662,1360024.646363375,2.3354178235744616,0.212350544410563,1513595.2510686247,2.0984644325324813
12,case_0012_steps_0250_mesh_21x21,158,250,21,21,0.785,-1231853.71666864,-3.25503444758942,3174957.03757179,98.1124131083488,-92260096.2693223,-6.85952073708177,3174957.03757179,1231853.71666864,-3.25503444758942,0.44543206311761235,0.17282348579257084,-4.566665603190446e-07,-0.5452607694064039,2.5773815466969374,0.018096552153157742,128988.86355938508,0.03964181102708413,282559.4682646347,0.1909200379457286,1360842.580228025,2.333081786020973,0.21246529681965498,1514413.1849332748,2.0964932616534764
12,case_0012_steps_0250_mesh_21x21,159,250,21,21,0.79,-1232732.4047711,-3.67442921694601,3173444.48068496,81.20658659935,-92214841.9226384,-193.227747231722,3173444.48068496,1232732.4047711,-3.67442921694601,0.4452198582509919,0.17294676174549994,-5.155057430747631e-07,-0.5449933144514489,2.574317401248344,0.018096552153157742,128988.86355938508,0.03964181102708413,282559.4682646347,0.1910433138986577,1361721.268330485,2.330465532476927,0.21258857277258408,1515291.8730357348,2.094279351163735
12,case_0012_steps_0250_mesh_21x21,160,250,21,21,0.795,-1233634.43859033,0.222131019749213,3171805.76272523,81.7171386778355,-92167393.3574433,70.9523627832532,3171805.76272523,1233634.43859033,0.222131019749213,0.4449899535584142,0.1730733129965395,3.116397394938727e-08,-0.5447128915794633,2.5711066937703535,0.018096552153157742,128988.86355938508,0.03964181102708413,282559.4682646347,0.19116986514969725,1362623.3021497151,2.3277201833561003,0.21271512402362364,1516193.9068549648,2.0919525849464033
12,case_0012_steps_0250_mesh_21x21,161,250,21,21,0.8,-1234462.4194406,1.84784504363779,3170177.9044637,51.7885209321976,-92121701.6882262,77.2456013262272,3170177.9044637,1234462.4194406,1.84784504363779,0.4447615724322082,0.1731894749521166,2.5924427334573786e-07,-0.5444428520312706,2.56806351861264,0.018096552153157742,128988.86355938508,0.03964181102708413,282559.4682646347,0.19128602710527434,1363451.2829999852,2.325112707722418,0.21283128597920073,1517021.8877052348,2.0897377487803803
12,case_0012_steps_0250_mesh_21x21,162,250,21,21,0.805,-1235124.30974896,2.65441100561293,3168818.60827708,-186.044713139534,-92083838.978783,-50.6997695639729,3168818.60827708,1235124.30974896,2.65441100561293,0.44457086934626755,0.17328233515845054,3.724018172845997e-07,-0.5442190819408673,2.565586786095357,0.018096552153157742,128988.86355938508,0.03964181102708413,282559.4682646347,0.1913788873116083,1364113.173308345,2.3229880557430835,0.21292414618553468,1517683.7780135947,2.0879307364176727
12,case_0012_steps_0250_mesh_21x21,163,250,21,21,0.81,-1235620.655914,3.61705189186614,3167990.26398714,132.547439694405,-92060637.5417033,51.6820307075977,3167990.26398714,1235620.655914,3.61705189186614,0.44445465640175413,0.17335197027278373,5.07455964767828e-07,-0.5440819605422891,2.5638858081760927,0.018096552153157742,128988.86355938508,0.03964181102708413,282559.4682646347,0.1914485224259415,1364609.519473385,2.321536101557972,0.21299378129986787,1518180.1241786347,2.0867025022482655
12,case_0012_steps_0250_mesh_21x21,164,250,21,21,0.815,-1235908.09803357,4.67669822461903,3167670.56767385,-72.7766334712505,-92051011.1000003,127.626094318926,3167670.56767385,1235908.09803357,4.67669822461903,0.4444098044599122,0.1733922970976295,6.561195361445664e-07,-0.544025067896152,2.563030837579162,0.018096552153157742,128988.86355938508,0.03964181102708413,282559.4682646347,0.19148884925078724,1364896.961592955,2.320812967432281,0.21303410812471363,1518467.5662982047,2.0860969558909668
12,case_0012_steps_0250_mesh_21x21,165,250,21,21,0.82,-1236047.29018524,2.25053442711942,3167764.26699823,-62.1440274119377,-92053560.3962958,-86.6035409681499,3167764.26699823,1236047.29018524,2.25053442711942,0.44442295004987686,0.17341182512479789,3.1573976627907363e-07,-0.5440401343367448,2.562818018494659,0.018096552153157742,128988.86355938508,0.03964181102708413,282559.4682646347,0.19150837727795564,1365036.1537446252,2.320644957504081,0.21305363615188203,1518606.7584498748,2.085967449685092
12,case_0012_steps_0250_mesh_21x21,166,250,21,21,0.825,-1236056.15850767,4.39691781299189,3168147.41046445,17.0765224695206,-92063928.1431196,259.444005865604,3168147.41046445,1236056.15850767,4.39691781299189,0.4444767033393257,0.17341306931018674,6.16867614151227e-07,-0.5441014081250753,2.563109603603654,0.018096552153157742,128988.86355938508,0.03964181102708413,282559.4682646347,0.1915096214633445,1365045.022067055,2.3209105628377,0.21305488033727088,1518615.6267723048,2.086207566030446
12,case_0012_steps_0250_mesh_21x21,167,250,21,21,0.83,-1236010.17404029,-0.130310863954946,3168673.60597036,28.9030204713345,-92077709.9763861,-57.9067784287035,3168673.60597036,1236010.17404029,-0.130310863954946,0.44455052618071444,0.17340661789810963,-1.82820228088764e-08,-0.5441828592975171,2.5636306824340678,0.018096552153157742,128988.86355938508,0.03964181102708413,282559.4682646347,0.19150317005126738,1364999.0375996751,2.3213742418034315,0.21304842892519377,1518569.6423049248,2.086617246714391
12,case_0012_steps_0250_mesh_21x21,168,250,21,21,0.835,-1235980.27224864,-3.27617487456882,3169282.13980139,-243.045580416918,-92092821.3834398,-191.396749988198,3169282.13980139,1235980.27224864,-3.27617487456882,0.4446359007154326,0.1734024228124477,-4.5963246628034963e-07,-0.5442721683029278,2.564185052917925,0.018096552153157742,128988.86355938508,0.03964181102708413,282559.4682646347,0.19149897496560545,1364969.135808025,2.321870917561268,0.21304423383953183,1518539.7405132747,2.0870590707953123
12,case_0012_steps_0250_mesh_21x21,169,250,21,21,0.84,-1236026.85053076,-4.59866135416087,3169739.37076471,48.7898847460747,-92103189.2181027,-130.820463314652,3169739.37076471,1236026.85053076,-4.59866135416087,0.4447000481444852,0.17340895753403782,-6.451713173825246e-07,-0.5443334426103907,2.5644583444150895,0.018096552153157742,128988.86355938508,0.03964181102708413,282559.4682646347,0.19150550968719557,1365015.714090145,2.3221266524960913,0.21305076856112196,1518586.3187953946,2.0872961461150776
12,case_0012_steps_0250_mesh_21x21,170,250,21,21,0.845,-1236217.97762387,-2.94307531649247,3169877.94276369,16.2214449346066,-92104695.5245099,83.8787715956569,3169877.94276369,1236217.97762387,-2.94307531649247,0.4447194891670457,0.17343577179778824,-4.129001100242821e-07,-0.5443423449400411,2.564173956486623,0.018096552153157742,128988.86355938508,0.03964181102708413,282559.4682646347,0.191532323950946,1365206.841183255,2.321903060503481,0.21307758282487238,1518777.4458885046,2.0871247142528313
12,case_0012_steps_0250_mesh_21x21,171,250,21,21,0.85,-1236562.16962666,-5.85090081969975,3169665.38531231,49.1727786362171,-92096370.2463013,-217.259304694831,3169665.38531231,1236562.16962666,-5.85090081969975,0.44468966832128975,0.17348406037369557,-8.208548312227232e-07,-0.5442931422209337,2.5632883353283304,0.018096552153157742,128988.86355938508,0.03964181102708413,282559.4682646347,0.19158061252685332,1365551.033186045,2.3211621596572507,0.2131258714007797,1519121.6378912947,2.0865119067832834
12,case_0012_steps_0250_mesh_21x21,172,250,21,21,0.855,-1237041.83822353,-6.42437740141759,3169128.18074911,-177.006586045027,-92078723.7775704,-365.967931598425,3169128.18074911,1237041.83822353,-6.42437740141759,0.4446143009591268,0.17355135570090416,-9.013109929664354e-07,-0.5441888509020799,2.5618601431461507,0.018096552153157742,128988.86355938508,0.03964181102708413,282559.4682646347,0.1916479078540619,1366030.701782915,2.319953846288249,0.2131931667279883,1519601.3064881647,2.0854997736696093
12,case_0012_steps_0250_mesh_21x21,173,250,21,21,0.86,-1237613.59199069,-2.77302607271122,3168126.86123265,-168.190995872021,-92048966.1184801,-156.319871310145,3168126.86123265,1237613.59199069,-2.77302607271122,0.44447382037536504,0.17363157015958422,-3.8904297287479734e-07,-0.5440129819755621,2.5598675400265662,0.018096552153157742,128988.86355938508,0.03964181102708413,282559.4682646347,0.19172812231274197,1366602.455550075,2.3182505258688697,0.21327338118666836,1520173.0602553247,2.084056706478234
12,case_0012_steps_0250_mesh_21x21,174,250,21,21,0.865,-1238254.11998431,-0.140172217041254,3166946.59897585,-321.157998472452,-92014542.2592334,-238.645357798785,3166946.59897585,1238254.11998431,-0.140172217041254,0.44430823493724886,0.17372143333011106,-1.966552589203145e-08,-0.5438095356240213,2.5575901972496395,0.018096552153157742,128988.86355938508,0.03964181102708413,282559.4682646347,0.1918179854832688,1367242.983543695,2.31630122596613,0.2133632443571952,1520813.5882489446,2.0824028818826195
12,case_0012_steps_0250_mesh_21x21,175,250,21,21,0.87,-1238899.12227077,1.98958381562261,3165795.05103531,-71.5712960362434,-91980708.812925,-177.23945517838,3165795.05103531,1238899.12227077,1.98958381562261,0.4441466779873867,0.17381192422361721,2.791295797866845e-07,-0.5436095786359868,2.55532915806151,0.018096552153157742,128988.86355938508,0.03964181102708413,282559.4682646347,0.19190847637677497,1367887.985830155,2.314367173211209,0.21345373525070135,1521458.5905354046,2.080763203631628
12,case_0012_steps_0250_mesh_21x21,176,250,21,21,0.875,-1239474.34516186,8.65255412727129,3164727.57502222,4.06982830166817,-91949606.8311749,437.64287308231,3164727.57502222,1239474.34516186,8.65255412727129,0.443996915947393,0.1738926253846404,1.2139140752263222e-06,-0.5434257647100874,2.553282032319068,0.018096552153157742,128988.86355938508,0.03964181102708413,282559.4682646347,0.19198917753779815,1368463.2087212452,2.3126142923341626,0.21353443641172454,1522033.8134264948,2.0792754714808823
12,case_0012_steps_0250_mesh_21x21,177,250,21,21,0.88,-1239976.32076538,7.9397448101663,3163804.67040423,-64.1861436069012,-91923652.1782194,217.912292942405,3163804.67040423,1239976.32076538,7.9397448101663,0.4438674366180076,0.17396305028364362,1.113910163056738e-06,-0.5432723716982388,2.5515041032810686,0.018096552153157742,128988.86355938508,0.03964181102708413,282559.4682646347,0.19205960243680137,1368965.184324765,2.311092134870296,0.21360486131072776,1522535.7890300148,2.077983777589782
12,case_0012_steps_0250_mesh_21x21,178,250,21,21,0.885,-1240337.76259532,7.81096556474222,3163197.61592622,-225.518962174654,-91906551.9046838,175.04193829,3163197.61592622,1240337.76259532,7.81096556474222,0.4437822696298044,0.17401375893201332,1.0958430193766307e-06,-0.5431713084143044,2.550271153002268,0.018096552153157742,128988.86355938508,0.03964181102708413,282559.4682646347,0.19211031108517107,1369326.626154705,2.3100387851282793,0.21365556995909746,1522897.2308599546,2.077091974315309
12,case_0012_steps_0250_mesh_21x21,179,250,21,21,0.89,-1240554.80750889,3.69392946630251,3162917.44342975,-75.6524233222008,-91898660.6553155,-37.4600929580629,3162917.44342975,1240554.80750889,3.69392946630251,0.443742962700087,0.1740442093483486,5.182415395593722e-07,-0.5431246708225814,2.54959911830182,0.018096552153157742,128988.86355938508,0.03964181102708413,282559.4682646347,0.19214076150150636,1369543.671068275,2.3094681171887004,0.21368602037543274,1523114.2757735248,2.0766120400410792
12,case_0012_steps_0250_mesh_21x21,180,250,21,21,0.895,-1240649.99693094,2.53567382501205,3162900.13758975,-359.181166797876,-91898248.3541194,131.387683317065,3162900.13758975,1240649.99693094,2.53567382501205,0.44374053476927594,0.1740575639922537,3.557435297241896e-07,-0.5431222341064225,2.549389550166428,0.018096552153157742,128988.86355938508,0.03964181102708413,282559.4682646347,0.19215411614541145,1369638.8604903251,2.3092949746310825,0.21369937501933783,1523209.4651955748,2.0764709055846398
12,case_0012_steps_0250_mesh_21x21,181,250,21,21,0.9,-1240656.91968963,-4.39212093787501,3163217.58241279,-180.146771579981,-91906289.0823021,-368.041768215597,3163217.58241279,1240656.91968963,-4.39212093787501,0.44378507083725405,0.17405853522387957,-6.161946343425101e-07,-0.5431697551237719,2.5496311931296196,0.018096552153157742,128988.86355938508,0.03964181102708413,282559.4682646347,0.19215508737703732,1369645.783249015,2.3095150739698123,0.2137003462509637,1523216.3879542646,2.0766698726640587
12,case_0012_steps_0250_mesh_21x21,182,250,21,21,0.905,-1240607.94433801,-4.76615479210159,3163640.07940862,-238.81422740221,-91917058.1716904,-134.086107492447,3163640.07940862,1240607.94433801,-4.76615479210159,0.4438443452483048,0.17405166420431747,-6.686698865718753e-07,-0.5432334008623211,2.550072401073284,0.018096552153157742,128988.86355938508,0.03964181102708413,282559.4682646347,0.19214821635747523,1369596.807897395,2.3099061425715792,0.21369347523140161,1523167.4126026446,2.077014025663069
12,case_0012_steps_0250_mesh_21x21,183,250,21,21,0.91,-1240579.00148099,-7.88224539696239,3163952.11976477,-371.297818243504,-91924972.6083833,-283.618367791176,3163952.11976477,1240579.00148099,-7.88224539696239,0.44388812309410586,0.17404760365283212,-1.105843256340086e-06,-0.5432801754920373,2.5503834225693627,0.018096552153157742,128988.86355938508,0.03964181102708413,282559.4682646347,0.19214415580598987,1369567.8650403752,2.3101827959956522,0.21368941467991626,1523138.4697456248,2.0772583600315557
12,case_0012_steps_0250_mesh_21x21,184,250,21,21,0.915,-1240593.29928671,-8.76671436335891,3164375.41266836,-232.55866959691,-91934263.4107282,-347.947631757706,3164375.41266836,1240593.29928671,-8.76671436335891,0.4439475091674032,0.17404960957008533,-1.229930238243568e-06,-0.5433350844964697,2.550695231457195,0.018096552153157742,128988.86355938508,0.03964181102708413,282559.4682646347,0.1921461617232431,1369582.1628460952,2.31046774593833,0.21369142059716947,1523152.7675513448,2.077516766591628
12,case_0012_steps_0250_mesh_21x21,185,250,21,21,0.92,-1240715.54311464,-6.18622066162061,3164662.84501282,-86.441588550806,-91939230.9512243,-37.5820205099881,3164662.84501282,1240715.54311464,-6.18622066162061,0.4439878346208454,0.1740667598243514,-8.678986832256193e-07,-0.5433644428546601,2.550675586015779,0.018096552153157742,128988.86355938508,0.03964181102708413,282559.4682646347,0.19216331197750916,1369704.406674025,2.3104713904640124,0.21370857085143555,1523275.0113792748,2.077538738160828
12,case_0012_steps_0250_mesh_21x21,186,250,21,21,0.925,-1240938.17215585,-8.17571912665153,3164683.0271239,-78.5605375766754,-91937083.8448498,-551.296043127775,3164683.0271239,1240938.17215585,-8.17571912665153,0.44399066607943527,0.17409799366845152,-1.1470162887116453e-06,-0.5433517533721959,2.5502342486781413,0.018096552153157742,128988.86355938508,0.03964181102708413,282559.4682646347,0.19219454582160928,1369927.0357152352,2.310110644302766,0.21373980469553566,1523497.6404204848,2.0772483941953785
12,case_0012_steps_0250_mesh_21x21,187,250,21,21,0.93,-1241258.00754748,-1.15460905089276,3164305.33323544,57.9727927744389,-91924457.8350183,84.2693026028574,3164305.33323544,1241258.00754748,-1.15460905089276,0.44393767734101364,0.17414286512235339,-1.6198640975210404e-07,-0.5432771331613612,2.5492728457700604,0.018096552153157742,128988.86355938508,0.03964181102708413,282559.4682646347,0.19223941727551114,1370246.8711068651,2.309295791844692,0.21378467614943752,1523817.4758121148,2.076564538380183
12,case_0012_steps_0250_mesh_21x21,188,250,21,21,0.935,-1241644.17033466,1.41255083022406,3163666.6630753,-132.47382748127,-91905017.8120751,2.01827223226428,3163666.6630753,1241644.17033466,1.41255083022406,0.44384807481609245,0.17419704200883004,1.981744707469832e-07,-0.5431622418671189,2.5479656238571136,0.018096552153157742,128988.86355938508,0.03964181102708413,282559.4682646347,0.1922935941619878,1370633.033894045,2.3081792024865666,0.21383885303591418,1524203.6385992947,2.0756194139404043
12,case_0012_steps_0250_mesh_21x21,189,250,21,21,0.94,-1242072.68372084,4.28615522396285,3162818.15767638,-157.000090330839,-91880452.9851983,171.343412317336,3162818.15767638,1242072.68372084,4.28615522396285,0.44372903335948854,0.17425716049214207,6.013281255963877e-07,-0.5430170627816335,2.5464034425116093,0.018096552153157742,128988.86355938508,0.03964181102708413,282559.4682646347,0.19235371264529982,1371061.547280225,2.306838933635374,0.2138989715192262,1524632.1519854746,2.07447950875072
12,case_0012_steps_0250_mesh_21x21,190,250,21,21,0.945,-1242500.05691257,3.90355739998631,3162023.65176316,-79.4315310120583,-91856930.7186245,84.3688002005219,3162023.65176316,1242500.05691257,3.90355739998631,0.4436175677856566,0.17431711901134744,5.476513872779007e-07,-0.5428780452682248,2.544888134347715,0.018096552153157742,128988.86355938508,0.03964181102708413,282559.4682646347,0.1924136711645052,1371488.920471955,2.3055407918826263,0.21395893003843158,1525059.5251772047,2.0733772023723125
12,case_0012_steps_0250_mesh_21x21,191,250,21,21,0.95,-1242891.8978847,3.97682432172587,3161161.88750649,-159.517393499613,-91832797.3256136,53.3432821370661,3161161.88750649,1242891.8978847,3.97682432172587,0.4434966661714845,0.17437209252140268,5.579304038827013e-07,-0.5427354159737235,2.5433924646918435,0.018096552153157742,128988.86355938508,0.03964181102708413,282559.4682646347,0.19246864467456043,1371880.761444085,2.3042541132940384,0.21401390354848682,1525451.3661493347,2.0722796921976907
12,case_0012_steps_0250_mesh_21x21,192,250,21,21,0.955,-1243210.04634933,4.33007950539468,3160484.40330753,-93.0487398207188,-91813744.3423376,161.789424594492,3160484.40330753,1243210.04634933,4.33007950539468,0.44340161821307084,0.17441672730710242,6.074905029349177e-07,-0.5426228120990187,2.5421966405341165,0.018096552153157742,128988.86355938508,0.03964181102708413,282559.4682646347,0.19251327946026017,1372198.9099087152,2.3032261434443053,0.21405853833418656,1525769.5146139648,2.0714035593424245
12,case_0012_steps_0250_mesh_21x21,193,250,21,21,0.96,-1243439.92381151,0.673126391891856,3160076.93547546,-113.946665674448,-91801971.9277993,-34.4694677144289,3160076.93547546,1243439.92381151,0.673126391891856,0.443344452325487,0.1744489780717683,9.443657785952773e-08,-0.5425532366696784,2.541398965049226,0.018096552153157742,128988.86355938508,0.03964181102708413,282559.4682646347,0.19254553022492604,1372428.787370895,2.3025434649539,0.21409078909885243,1525999.3920761447,2.0708245048355676
12,case_0012_steps_0250_mesh_21x21,194,250,21,21,0.965,-1243588.61608514,-4.49840456136735,3159927.68522508,-423.560753822327,-91797871.4376138,-429.658799611032,3159927.68522508,1243588.61608514,-4.49840456136735,0.4433235131927174,0.17446983892293222,-6.311057443599281e-07,-0.5425290026126602,2.5409750815930123,0.018096552153157742,128988.86355938508,0.03964181102708413,282559.4682646347,0.19256639107608997,1372577.479644525,2.302185291604412,0.21411164995001636,1526148.0843497748,2.0705249494654296
12,case_0012_steps_0250_mesh_21x21,195,250,21,21,0.97,-1243642.91346721,-7.88580686209025,3159998.18511163,-223.850496560335,-91799494.1118075,-463.490159139037,3159998.18511163,1243642.91346721,-7.88580686209025,0.44333340400684307,0.17447745659921293,-1.1063429137341391e-06,-0.54253859268047,2.5409208309656375,0.018096552153157742,128988.86355938508,0.03964181102708413,282559.4682646347,0.19257400875237068,1372631.777026595,2.3021455848536747,0.21411926762629707,1526202.3817318447,2.070497479846578
12,case_0012_steps_0250_mesh_21x21,196,250,21,21,0.975,-1243637.98129775,-11.9014540584176,3160183.28757355,-409.788592994213,-91804639.4960133,-560.23660626635,3160183.28757355,1243637.98129775,-11.9014540584176,0.44335937304217976,0.1744767646382219,-1.6697199907293434e-06,-0.5425690021019252,2.541079747561154,0.018096552153157742,128988.86355938508,0.03964181102708413,282559.4682646347,0.19257331679137965,1372626.844857135,2.302288709720278,0.21411857566530604,1526197.4495623847,2.0706254544454175
12,case_0012_steps_0250_mesh_21x21,197,250,21,21,0.98,-1243608.52741992,-14.0410780328675,3160475.8438497,-344.679677784443,-91812502.2641547,-751.338652700186,3160475.8438497,1243608.52741992,-14.0410780328675,0.4434004173599836,0.17447263239283609,-1.9698995238558836e-06,-0.5426154713684858,2.541375178897053,0.018096552153157742,128988.86355938508,0.03964181102708413,282559.4682646347,0.19256918454599384,1372597.3909793051,2.3025512540095967,0.21411444341992023,1526167.9956845548,2.0708571093001362
12,case_0012_steps_0250_mesh_21x21,198,250,21,21,0.985,-1243573.30291071,-12.6952606264967,3160730.3161963,6.96941566467285,-91819219.4591984,-668.911937624216,3160730.3161963,1243573.30291071,-12.6952606264967,0.44343611867531196,0.17446769055405714,-1.781087449611939e-06,-0.5426551702533329,2.5416517939057464,0.018096552153157742,128988.86355938508,0.03964181102708413,282559.4682646347,0.1925642427072149,1372562.166470095,2.3027957446364344,0.21410950158114128,1526132.7711753447,2.0710716497897343
12,case_0012_steps_0250_mesh_21x21,199,250,21,21,0.99,-1243591.36284739,-9.16827647434548,3160882.34813859,-250.192821532488,-91823063.2140503,-619.2175928168,3160882.34813859,1243591.36284739,-9.16827647434548,0.44345744806683207,0.17447022428120995,-1.2862675799618708e-06,-0.5426778869945103,2.541737135341044,0.018096552153157742,128988.86355938508,0.03964181102708413,282559.4682646347,0.1925667764343677,1372580.226406775,2.302876208856179,0.2141120353082941,1526150.8311120246,2.0711467593510555
12,case_0012_steps_0250_mesh_21x21,200,250,21,21,0.995,-1243653.35010601,-6.36427329131402,3160944.76844415,-365.874805241823,-91823109.6382484,-725.301872435957,3160944.76844415,1243653.35010601,-6.36427329131402,0.4434662053524133,0.17447892081227082,-8.92878659095941e-07,-0.5426781613633328,2.5416606389350447,0.018096552153157742,128988.86355938508,0.03964181102708413,282559.4682646347,0.19257547296542857,1372642.213665395,2.302817687650312,0.21412073183935496,1526212.8183706447,2.0711035383772454
12,case_0012_steps_0250_mesh_21x21,201,250,21,21,1.0,-1243796.18446273,1.37682802160271,3160836.27672822,0.130636245012283,-91818916.1225225,-239.871946573257,3160836.27672822,1243796.18446273,1.37682802160271,0.44345098445704806,0.1744989598242779,1.9316272282212527e-07,-0.5426533775217406,2.541281534879104,0.018096552153157742,128988.86355938508,0.03964181102708413,282559.4682646347,0.19259551197743566,1372785.0480221151,2.3024990556841347,0.21414077085136204,1526355.6527273648,2.07083864830604
12,case_0012_steps_0250_mesh_21x21,202,250,21,21,1.005,-1244004.09181058,6.43878548563225,3160461.30869867,124.836701512337,-91807429.01534,-40.9691036939621,3160461.30869867,1244004.09181058,6.43878548563225,0.44339837814426053,0.17452812828161268,9.033323817919727e-07,-0.5425854882700071,2.540555396484903,0.018096552153157742,128988.86355938508,0.03964181102708413,282559.4682646347,0.19262468043477043,1372992.9553699652,2.3018772939348806,0.21416993930869682,1526563.5600752148,2.070310985638195
12,case_0012_steps_0250_mesh_21x21,203,250,21,21,1.01,-1244269.261257,10.4592632133281,3160016.50403423,119.825856387615,-91793697.2696125,30.0524384342134,3160016.50403423,1244269.261257,10.4592632133281,0.4433359740685451,0.174565330351498,1.46738716041525e-06,-0.5425043331168755,2.539656489498006,0.018096552153157742,128988.86355938508,0.03964181102708413,282559.4682646347,0.19266188250465574,1373258.124816385,2.3011089080261207,0.21420714137858213,1526828.7295216348,2.0696601019711514
12,case_0012_steps_0250_mesh_21x21,204,250,21,21,1.015,-1244566.62016602,12.2259096174384,3159474.00497475,101.345055609941,-91777188.3937048,176.051447756588,3159474.00497475,1244566.62016602,12.2259096174384,0.44325986391258265,0.17460704845689712,1.7152396331479205e-06,-0.5424067650160013,2.5386138064294936,0.018096552153157742,128988.86355938508,0.03964181102708413,282559.4682646347,0.19270360061005487,1373555.483725405,2.3002157848079894,0.21424885948398126,1527126.0884306547,2.0689018601087295
12,case_0012_steps_0250_mesh_21x21,205,250,21,21,1.02,-1244870.57290875,11.8880450008437,3158870.58885949,-145.193225562572,-91759398.7063059,171.613689616323,3158870.58885949,1244870.57290875,11.8880450008437,0.44317520737016086,0.17464969164724028,1.667838760807513e-06,-0.5423016272692304,2.5375092460242756,0.018096552153157742,128988.86355938508,0.03964181102708413,282559.4682646347,0.19274624380039804,1373859.436468135,2.2992676725212826,0.21429150267432442,1527430.0411733848,2.068095103349427
12,case_0012_steps_0250_mesh_21x21,206,250,21,21,1.025,-1245142.97351407,9.57262487785192,3158258.28333475,317.861641854048,-91741715.7058251,211.554023448378,3158258.28333475,1245142.97351407,9.57262487785192,0.4430893036839328,0.1746879082159013,1.3429958258753758e-06,-0.5421971200463089,2.536462358552644,0.018096552153157742,128988.86355938508,0.03964181102708413,282559.4682646347,0.19278446036905905,1374131.837073455,2.298366283442659,0.21432971924298544,1527702.4417787048,2.067325545187706
12,case_0012_steps_0250_mesh_21x21,207,250,21,21,1.03,-1245364.65939249,4.38906067394419,3157768.06540101,139.700125455856,-91727749.9184649,-12.7786790169775,3157768.06540101,1245364.65939249,4.38906067394419,0.44302052833263855,0.17471900973854243,6.157652932017456e-07,-0.5421145816979946,2.5356172118626064,0.018096552153157742,128988.86355938508,0.03964181102708413,282559.4682646347,0.19281556189170018,1374353.522951875,2.297638862684084,0.21436082076562657,1527924.1276571248,2.066704758594945
12,case_0012_steps_0250_mesh_21x21,208,250,21,21,1.035,-1245539.16763831,2.46891190647148,3157398.22725636,198.158578664064,-91717581.8760423,173.50746544078,3157398.22725636,1245539.16763831,2.46891190647148,0.4429686417194209,0.17474349245344117,3.46377135545842e-07,-0.5420544881704688,2.534965025020579,0.018096552153157742,128988.86355938508,0.03964181102708413,282559.4682646347,0.19284004460659893,1374528.031197695,2.297078091965255,0.2143853034805253,1528098.6359029447,2.066226716700569
12,case_0012_steps_0250_mesh_21x21,209,250,21,21,1.04,-1245639.0263777,-3.74853069335222,3157227.39183111,481.421755999327,-91712780.0008553,-63.5790142342448,3157227.39183111,1245639.0263777,-3.74853069335222,0.44294467428457945,0.1747575021813778,-5.259018439117442e-07,-0.5420261089007201,2.5346246584873637,0.018096552153157742,128988.86355938508,0.03964181102708413,282559.4682646347,0.19285405433453556,1374627.889937085,2.2967869449932463,0.21439931320846195,1528198.4946423348,2.0659799122299485
12,case_0012_steps_0250_mesh_21x21,210,250,21,21,1.045,-1245671.69887594,-7.05228631920181,3157256.08104371,334.106542527676,-91713309.4619384,-178.103375036269,3157256.08104371,1245671.69887594,-7.05228631920181,0.4429486992509038,0.1747620859845997,-9.89403764424055e-07,-0.5420292380363835,2.534581209393078,0.018096552153157742,128988.86355938508,0.03964181102708413,282559.4682646347,0.19285863813775744,1374660.562435325,2.296753225720224,0.21440389701168383,1528231.1671405747,2.0659545158676176
12,case_0012_steps_0250_mesh_21x21,211,250,21,21,1.05,-1245660.07333578,-8.14632852893556,3157395.79029758,381.127958893776,-91716846.8053022,-264.830843452364,3157395.79029758,1245660.07333578,-8.14632852893556,0.442968299825164,0.17476045497407672,-1.1428929212386491e-06,-0.5420501438737085,2.534717021026709,0.018096552153157742,128988.86355938508,0.03964181102708413,282559.4682646347,0.19285700712723447,1374648.9368951651,2.2968742822651107,0.21440226600116086,1528219.5416004148,2.066061651712047
12,case_0012_steps_0250_mesh_21x21,212,250,21,21,1.055,-1245625.85819457,-8.23365517857019,3157606.87532056,394.093160629272,-91722210.5552993,-398.356432273984,3157606.87532056,1245625.85819457,-8.23365517857019,0.4429979140958979,0.17475565474504726,-1.155144453858332e-06,-0.542081843845512,2.534956106239835,0.018096552153157742,128988.86355938508,0.03964181102708413,282559.4682646347,0.192852206898205,1374614.7217539551,2.2970850125128703,0.2143974657721314,1528185.3264592048,2.0662460374728986
12,case_0012_steps_0250_mesh_21x21,213,250,21,21,1.06,-1245591.47833438,0.35878942348063,3157721.42149898,722.873687416315,-91725266.3471759,173.957641977817,3157721.42149898,1245591.47833438,0.35878942348063,0.44301398440487283,0.17475083140669248,5.0336527781170664e-08,-0.5420999036947551,2.535118035426449,0.018096552153157742,128988.86355938508,0.03964181102708413,282559.4682646347,0.19284738355985023,1374580.3418937651,2.297225797037497,0.21439264243377662,1528150.9465990148,2.0663674805991286
12,case_0012_steps_0250_mesh_21x21,214,250,21,21,1.065,-1245581.01725778,4.93790818791604,3157767.49354613,454.248909920454,-91726465.999562,44.8093610778451,3157767.49354613,1245581.01725778,4.93790818791604,0.4430204481039942,0.17474936376512215,6.92766108517479e-07,-0.5421069936871734,2.5351763151449926,0.018096552153157742,128988.86355938508,0.03964181102708413,282559.4682646347,0.1928459159182799,1374569.8808171651,2.2972767973563304,0.2143911747922063,1528140.4855224148,2.06641177526725
12,case_0012_steps_0250_mesh_21x21,215,250,21,21,1.07,-1245615.46207908,15.3429486509995,3157744.16527963,605.067305088043,-91725167.1775406,613.891669072211,3157744.16527963,1245615.46207908,15.3429486509995,0.44301717525407747,0.17475419621722585,2.1525460631584257e-06,-0.5420993175983404,2.535087481981783,0.018096552153157742,128988.86355938508,0.03964181102708413,282559.4682646347,0.1928507483703836,1374604.3256384651,2.29720226132196,0.21439600724431,1528174.9303437148,2.0663499332300885
12,case_0012_steps_0250_mesh_21x21,216,250,21,21,1.075,-1245697.64558316,19.964474977809,3157675.68931975,504.780913382769,-91721896.4258897,683.002018820494,3157675.68931975,1245697.64558316,19.964474977809,0.4430075683876782,0.1747657261898659,2.8009252324329547e-06,-0.5420799873284423,2.534865262462239,0.018096552153157742,128988.86355938508,0.03964181102708413,282559.4682646347,0.19286227834302366,1374686.509142545,2.2970151145873516,0.21440753721695005,1528257.1138477947,2.066194006693978
12,case_0012_steps_0250_mesh_21x21,217,250,21,21,1.08,-1245838.13330117,23.0932015599683,3157433.73635209,608.879302203655,-91713951.7027088,798.840902134776,3157433.73635209,1245838.13330117,23.0932015599683,0.442973623484397,0.17478543597911197,3.239871372468911e-06,-0.5420330337044,2.534385207800353,0.018096552153157742,128988.86355938508,0.03964181102708413,282559.4682646347,0.19288198813226973,1374826.9968605551,2.296604404453908,0.21442724700619611,1528397.6015658048,2.0658457806511725
12,case_0012_steps_0250_mesh_21x21,218,250,21,21,1.085,-1246015.83265094,22.8433869973524,3157144.57814798,517.360252052546,-91704473.235734,856.865614790469,3157144.57814798,1246015.83265094,22.8433869973524,0.4429330559006786,0.17481036639141237,3.204823523094569e-06,-0.5419770155946814,2.5337917026552144,0.018096552153157742,128988.86355938508,0.03964181102708413,282559.4682646347,0.19290691854457012,1375004.696210325,2.296097305594259,0.2144521774184965,1528575.3009155747,2.0654164543002476
12,case_0012_steps_0250_mesh_21x21,219,250,21,21,1.09,-1246230.55698844,17.0267467454541,3156717.73077227,471.808815896511,-91691578.8521312,683.558643095195,3156717.73077227,1246230.55698844,17.0267467454541,0.4428731711510745,0.17484049124145676,2.3887752940459188e-06,-0.5419008092843849,2.533012621998765,0.018096552153157742,128988.86355938508,0.03964181102708413,282559.4682646347,0.1929370433946145,1375219.420547825,2.2954284120818893,0.2144823022685409,1528790.0252530747,2.0648471527342083
12,case_0012_steps_0250_mesh_21x21,220,250,21,21,1.095,-1246453.56577846,6.64204082317883,3156317.68759051,444.860318779945,-91679393.5464693,230.794940780848,3156317.68759051,1246453.56577846,6.64204082317883,0.4428170469082332,0.17487177836259143,9.318481831938972e-07,-0.5418287936523909,2.532238483845376,0.018096552153157742,128988.86355938508,0.03964181102708413,282559.4682646347,0.1929683305157492,1375442.429337845,2.294765393495968,0.21451358938967557,1529013.0340430946,2.064284356847118
12,case_0012_steps_0250_mesh_21x21,221,250,21,21,1.1,-1246668.29857402,-3.84785637335153,3155870.6092044,257.354909807444,-91666746.5769972,-236.964801587164,3155870.6092044,1246668.29857402,-3.84785637335153,0.4427543238396865,0.17490190439926323,-5.398367860350837e-07,-0.5417540495692622,2.5314436990289946,0.018096552153157742,128988.86355938508,0.03964181102708413,282559.4682646347,0.19299845655242098,1375657.162133405,2.2940822001829244,0.21454371542634737,1529227.7668386546,2.0637021362281924
12,case_0012_steps_0250_mesh_21x21,222,250,21,21,1.105,-1246835.58758723,-5.94244870054536,3155453.58506535,386.535492479801,-91655128.5307147,251.993026129901,3155453.58506535,1246835.58758723,-5.94244870054536,0.4426958172456039,0.17492537428859065,-8.336985834236326e-07,-0.5416853864623378,2.530769587008272,0.018096552153157742,128988.86355938508,0.03964181102708413,282559.4682646347,0.1930219264417484,1375824.451146615,2.2935001499904937,0.21456718531567479,1529395.0558518646,2.0632037307769244
12,case_0012_steps_0250_mesh_21x21,223,250,21,21,1.11,-1246952.34467364,-13.1951965625049,3155199.2211312,246.56270647049,-91647959.747319,-98.7500140108168,3155199.2211312,1246952.34467364,-13.1951965625049,0.44266013114005026,0.17494175477792256,-1.85122619252012e-06,-0.541643018672707,2.5303286325324628,0.018096552153157742,128988.86355938508,0.03964181102708413,282559.4682646347,0.19303830693108032,1375941.2082330252,2.293120666967367,0.2145835658050067,1529511.8129382748,2.0628799296880826
12,case_0012_steps_0250_mesh_21x21,224,250,21,21,1.115,-1247018.91117664,-19.0456026903703,3155143.2077149,378.757346957922,-91645777.27167,-321.462591838092,3155143.2077149,1247018.91117664,-19.0456026903703,0.4426522727119551,0.17495109375618745,-2.6720116207235976e-06,-0.5416301201564503,2.5301486444482433,0.018096552153157742,128988.86355938508,0.03964181102708413,282559.4682646347,0.1930476459093452,1376007.7747360251,2.292969026515992,0.2145929047832716,1529578.3794412748,2.0627535339950427
12,case_0012_steps_0250_mesh_21x21,225,250,21,21,1.12,-1247046.58260665,-17.6900500131887,3155205.93976936,229.288113415241,-91647051.6028137,-256.552708551288,3155205.93976936,1247046.58260665,-17.6900500131887,0.44266107373449215,0.17495497593223355,-2.4818337321675385e-06,-0.5416376515032404,2.530142806032284,0.018096552153157742,128988.86355938508,0.03964181102708413,282559.4682646347,0.1930515280853913,1376035.446166035,2.292968504961497,0.2145967869593177,1529606.0508712847,2.0627572295311665
12,case_0012_steps_0250_mesh_21x21,226,250,21,21,1.125,-1247041.88160934,-16.0669477256597,3155278.51382049,356.81112331152,-91648792.6197498,-258.964034385979,3155278.51382049,1247041.88160934,-16.0669477256597,0.442671255544495,0.17495431640364603,-2.2541198475293086e-06,-0.541647940981276,2.530210540923069,0.018096552153157742,128988.86355938508,0.03964181102708413,282559.4682646347,0.19305086855680378,1376030.745168725,2.2930290801268387,0.21459612743073017,1529601.3498739747,2.062811015484823
12,case_0012_steps_0250_mesh_21x21,227,250,21,21,1.13,-1247007.18819227,-10.0408403207548,3155376.98266306,183.022359848022,-91651708.1605106,216.017645955086,3155376.98266306,1247007.18819227,-10.0408403207548,0.4426850702762157,0.17494944907468402,-1.4086843275614528e-06,-0.5416651719409514,2.5303598989170766,0.018096552153157742,128988.86355938508,0.03964181102708413,282559.4682646347,0.19304600122784177,1375996.051751655,2.293158456847487,0.21459126010176816,1529566.6564569047,2.0629221808300855
12,case_0012_steps_0250_mesh_21x21,228,250,21,21,1.135,-1246971.74802304,-7.37842344952514,3155518.77723451,124.198596477509,-91655173.2879381,156.428935032338,3155518.77723451,1246971.74802304,-7.37842344952514,0.44270496341106835,0.17494447697978302,-1.0351593236647188e-06,-0.5416856509792747,2.530545525379623,0.018096552153157742,128988.86355938508,0.03964181102708413,282559.4682646347,0.19304102913294077,1375960.611582425,2.2933205723131147,0.21458628800686716,1529531.2162876746,2.063062684587288
12,case_0012_steps_0250_mesh_21x21,229,250,21,21,1.14,-1246958.58782042,-6.20200451096753,3155640.4254176,221.505609720945,-91657900.6435911,-109.078524123877,3155640.4254176,1246958.58782042,-6.20200451096753,0.4427220300990667,0.17494263066308183,-8.701130856554276e-07,-0.5417017697576192,2.5306697882673053,0.018096552153157742,128988.86355938508,0.03964181102708413,282559.4682646347,0.19303918281623958,1375947.451379805,2.293430917185909,0.21458444169016597,1529518.0560850548,2.063159969157055
12,case_0012_steps_0250_mesh_21x21,230,250,21,21,1.145,-1246980.53186531,1.72419917536899,3155688.33829887,295.041537106037,-91658493.2685225,287.097377061844,3155688.33829887,1246980.53186531,1.72419917536899,0.44272875205886053,0.17494570931298883,2.418973191831511e-07,-0.5417052721940909,2.5306636773056894,0.018096552153157742,128988.86355938508,0.03964181102708413,282559.4682646347,0.1930422614661466,1375969.395424695,2.2934291625903946,0.21458752034007297,1529540.0001299446,2.0631616943857454
12,case_0012_steps_0250_mesh_21x21,231,250,21,21,1.15,-1247031.6860439,7.32742061960744,3155617.44925343,141.992660880089,-91655703.3731608,447.147826708853,3155617.44925343,1247031.6860439,7.32742061960744,0.44271880664750884,0.17495288601208644,1.0280038580989696e-06,-0.5416887838036274,2.5305030213501256,0.018096552153157742,128988.86355938508,0.03964181102708413,282559.4682646347,0.1930494381652442,1376020.549603285,2.293292385904566,0.21459469703917058,1529591.1543085347,2.0630463508923436
12,case_0012_steps_0250_mesh_21x21,232,250,21,21,1.155,-1247129.96602843,10.0880896386225,3155486.94454215,308.347645580769,-91651226.964472,468.340879611671,3155486.94454215,1247129.96602843,10.0880896386225,0.4427004974288,0.17496667424788123,1.41531319242156e-06,-0.5416623280535846,2.5301989612125286,0.018096552153157742,128988.86355938508,0.03964181102708413,282559.4682646347,0.19306322640103898,1376118.829587815,2.2930337676487604,0.21460848527496537,1529689.4342930648,2.0628284891046764
12,case_0012_steps_0250_mesh_21x21,233,250,21,21,1.16,-1247252.48504225,12.4844845348271,3155279.56587663,320.051960527897,-91644445.6933796,658.191466335207,3155279.56587663,1247252.48504225,12.4844845348271,0.4426714031431968,0.17498386310947878,1.7515165205388134e-06,-0.541622250476789,2.5297841485316797,0.018096552153157742,128988.86355938508,0.03964181102708413,282559.4682646347,0.19308041526263653,1376241.348601635,2.292678946961325,0.21462567413656292,1529811.9533068847,2.0625277237872854
12,case_0012_steps_0250_mesh_21x21,234,250,21,21,1.165,-1247397.28235681,11.3711742095766,3154985.84575879,443.618212848902,-91635358.3406186,602.654524948448,3154985.84575879,1247397.28235681,11.3711742095766,0.4426301955436859,0.1750041775155621,1.5953241345638087e-06,-0.5415685438673372,2.529255025951168,0.018096552153157742,128988.86355938508,0.03964181102708413,282559.4682646347,0.19310072966871986,1376386.1459161951,2.2922243551490165,0.21464598854264624,1529956.7506214448,2.062140543827323
12,case_0012_steps_0250_mesh_21x21,235,250,21,21,1.17,-1247553.11774422,9.82844091305742,3154693.28129397,304.287361055613,-91626875.9254703,620.414456803352,3154693.28129397,1247553.11774422,9.82844091305742,0.4425891500770488,0.175026040513171,1.3788856546169016e-06,-0.541518412462784,2.5287045789266043,0.018096552153157742,128988.86355938508,0.03964181102708413,282559.4682646347,0.19312259266632875,1376541.981303605,2.291752321499436,0.21466785154025514,1530112.5860088547,2.061739319145574
12,case_0012_steps_0250_mesh_21x21,236,250,21,21,1.175,-1247693.09600804,5.44569066807162,3154415.97692834,143.107775360346,-91618689.7370819,449.740698605776,3154415.97692834,1247693.09600804,5.44569066807162,0.44255024553307154,0.17504567882830632,7.640056859587104e-07,-0.5414700317699422,2.528198630753675,0.018096552153157742,128988.86355938508,0.03964181102708413,282559.4682646347,0.19314223098146407,1376681.959567425,2.2913178712093436,0.21468748985539046,1530252.5642726747,2.0613695089134687
12,case_0012_steps_0250_mesh_21x21,237,250,21,21,1.18,-1247809.52860897,1.70433553779731,3154213.7209873,240.158628046513,-91612558.8303373,358.539200205356,3154213.7209873,1247809.52860897,1.70433553779731,0.44252186994246384,0.17506201379379804,2.391105409811566e-07,-0.5414337978718228,2.5278006367715,0.018096552153157742,128988.86355938508,0.03964181102708413,282559.4682646347,0.1931585659469558,1376798.3921683552,2.2909771967554726,0.21470382482088218,1530368.9968736048,2.061080515503811
12,case_0012_steps_0250_mesh_21x21,238,250,21,21,1.185,-1247895.84363359,-0.562910626002122,3154047.45423065,46.0260079205036,-91607948.7004628,290.017773676664,3154047.45423065,1247895.84363359,-0.562910626002122,0.44249854347109235,0.17507412340001935,-7.897380610942594e-08,-0.5414065518243539,2.5274925550250877,0.018096552153157742,128988.86355938508,0.03964181102708413,282559.4682646347,0.1931706755531771,1376884.707192975,2.2907128227611286,0.2147159344271035,1530455.3118982248,2.060855635385187
12,case_0012_steps_0250_mesh_21x21,239,250,21,21,1.19,-1247940.62674483,-4.80754837521818,3153955.35262185,127.790518730879,-91605529.9667112,104.401232749224,3153955.35262185,1247940.62674483,-4.80754837521818,0.44248562203337255,0.17508040626728225,-6.744772184221212e-07,-0.5413922570134907,2.527328051534577,0.018096552153157742,128988.86355938508,0.03964181102708413,282559.4682646347,0.19317695842044,1376929.490304215,2.2905714307310125,0.21472221729436639,1530500.0950094648,2.0607351563753715
12,case_0012_steps_0250_mesh_21x21,240,250,21,21,1.195,-1247952.12570003,-7.16687744070077,3154028.2477086,35.7288004159927,-91607072.3359498,-79.3056424148381,3154028.2477086,1247952.12570003,-7.16687744070077,0.44249584888321586,0.17508201951850982,-1.0054803787089777e-06,-0.5414013724758818,2.5273631758424786,0.018096552153157742,128988.86355938508,0.03964181102708413,282559.4682646347,0.19317857167166758,1376940.989259415,2.290605241844814,0.21472383054559396,1530511.5939646647,2.060767301695735
12,case_0012_steps_0250_mesh_21x21,241,250,21,21,1.2,-1247925.9138346,-5.67955771629931,3154136.73439185,-250.356757938862,-91609876.4200926,179.639222547412,3154136.73439185,1247925.9138346,-5.67955771629931,0.44251106907251886,0.17507834211275017,-7.968161714407302e-07,-0.5414179447225953,2.527503195041352,0.018096552153157742,128988.86355938508,0.03964181102708413,282559.4682646347,0.19317489426590792,1376914.777393985,2.290727637015793,0.2147201531398343,1530485.3820992347,2.0608734792785754
12,case_0012_steps_0250_mesh_21x21,242,250,21,21,1.205,-1247911.80627713,-8.57994364987826,3154258.34598628,38.3529387712479,-91613330.4807168,-114.805811412632,3154258.34598628,1247911.80627713,-8.57994364987826,0.44252813062729424,0.175076362886463,-1.2037271547841266e-06,-0.5414383583556792,2.5276292203663937,0.018096552153157742,128988.86355938508,0.03964181102708413,282559.4682646347,0.19317291503962075,1376900.669836515,2.2908394302406707,0.21471817391354714,1530471.2745417648,2.060971936197032
12,case_0012_steps_0250_mesh_21x21,243,250,21,21,1.21,-1247894.34654862,-7.37573281995719,3154379.28747508,294.114466607571,-91616599.9556086,-106.532091934234,3154379.28747508,1247894.34654862,-7.37573281995719,0.44254509816929094,0.17507391336579242,-1.034781840547513e-06,-0.5414576810798812,2.527761501764429,0.018096552153157742,128988.86355938508,0.03964181102708413,282559.4682646347,0.19317046551895017,1376883.210108005,2.290956316641878,0.21471572439287656,1530453.8148132546,2.061074471469743
12,case_0012_steps_0250_mesh_21x21,244,250,21,21,1.215,-1247884.03507312,0.612019401160069,3154517.13755348,-6.00615683197975,-91620112.5434662,528.00899945572,3154517.13755348,1247884.03507312,0.612019401160069,0.4425644379096704,0.17507246671257745,8.586354438837695e-08,-0.5414784406111985,2.5278928561407876,0.018096552153157742,128988.86355938508,0.03964181102708413,282559.4682646347,0.1931690188657352,1376872.898632505,2.2910735919680834,0.2147142777396616,1530443.5033377546,2.0611784300915206
12,case_0012_steps_0250_mesh_21x21,245,250,21,21,1.22,-1247897.00509808,0.998714752786327,3154619.97100638,263.835969150066,-91622282.5139583,216.31905002147,3154619.97100638,1247897.00509808,0.998714752786327,0.442578864976412,0.1750742863482161,1.4011514723986277e-07,-0.54149126522149,2.527948987872151,0.018096552153157742,128988.86355938508,0.03964181102708413,282559.4682646347,0.19317083850137384,1376885.868657465,2.2911266959855556,0.21471609737530023,1530456.4733627148,2.0612281537645156
12,case_0012_steps_0250_mesh_21x21,246,250,21,21,1.225,-1247940.23418909,4.66978419770021,3154648.53042284,83.1718781292439,-91622518.5165347,297.529489442706,3154648.53042284,1247940.23418909,4.66978419770021,0.442582871732927,0.1750803511934935,6.551495295465381e-07,-0.5414926600059266,2.5278843040690377,0.018096552153157742,128988.86355938508,0.03964181102708413,282559.4682646347,0.19317690334665125,1376929.0977484751,2.2910755067790007,0.21472216222057763,1530499.7024537248,2.0611885943951838
12,case_0012_steps_0250_mesh_21x21,247,250,21,21,1.23,-1248015.64254771,7.53433304384816,3154553.50835629,209.854647904634,-91619646.267385,461.266653176397,3154553.50835629,1248015.64254771,7.53433304384816,0.44256954056823905,0.1750909306439739,1.0570327321667267e-06,-0.5414756849013622,2.5276554241872775,0.018096552153157742,128988.86355938508,0.03964181102708413,282559.4682646347,0.19318748279713166,1377004.5061070952,2.290881035149603,0.21473274167105805,1530575.1108123448,2.0610249611873193
12,case_0012_steps_0250_mesh_21x21,248,250,21,21,1.235,-1248114.93959414,10.3131977497833,3154407.6959898,385.319034934044,-91615363.9712553,601.337310459465,3154407.6959898,1248114.93959414,10.3131977497833,0.4425490837549767,0.17510486156893743,1.446894838784734e-06,-0.5414503763641189,2.527337503880488,0.018096552153157742,128988.86355938508,0.03964181102708413,282559.4682646347,0.19320141372209518,1377103.803153525,2.2906099661959427,0.21474667259602156,1530674.4078587748,2.0607959993284455
12,case_0012_steps_0250_mesh_21x21,249,250,21,21,1.24,-1248230.83961447,9.07714829174802,3154233.81937028,385.474313557148,-91610224.5528436,526.75853908062,3154233.81937028,1248230.83961447,9.07714829174802,0.44252468965438124,0.175121121815788,1.2734827095204145e-06,-0.5414200022007397,2.526963538526656,0.018096552153157742,128988.86355938508,0.03964181102708413,282559.4682646347,0.19321767396894576,1377219.703173855,2.290290947843128,0.21476293284287215,1530790.3078791047,2.060526385054293
12,case_0012_steps_0250_mesh_21x21,250,250,21,21,1.245,-1248351.57779859,8.92040458857082,3154086.47421466,347.26915588975,-91605694.1198301,566.853598855436,3154086.47421466,1248351.57779859,8.92040458857082,0.44250401779776033,0.17513806083506078,1.2514922793316922e-06,-0.5413932271648295,2.5266011036544245,0.018096552153157742,128988.86355938508,0.03964181102708413,282559.4682646347,0.19323461298821853,1377340.4413579751,2.2899832020505544,0.21477987186214492,1530911.0460632248,2.0602676310458863
