case_index,case_tag,step_index,n_steps,mesh_span_stations,mesh_chord_stations,time_s,fx_reference_n,fy_reference_n,fz_reference_n,mx_reference_nm,my_reference_nm,mz_reference_nm,lift_n,drag_n,side_n,cl,cd,cy,cm,ld
1,case_0001_steps_0050_mesh_49x45,1,50,49,45,0.0,3491533.20863563,7.43848087292331e-10,10826738.8069174,1.79071147954346e-06,-274973189.395258,1.58087003043761e-07,10826738.8069174,-3491533.20863563,7.43848087292331e-10,1.518942318441274,-0.4898462631657136,1.043585107602329e-16,-1.6251022801679602,-3.100855171630492
1,case_0001_steps_0050_mesh_49x45,2,50,49,45,0.005,-87636.1012533442,1.10999670566159e-09,1074672.03220235,1.98229088255175e-06,-23731232.888722,1.91545751704325e-07,1074672.03220235,87636.1012533442,1.10999670566159e-09,0.1507716088167275,0.01229494727737034,1.5572750018524162e-16,-0.14025251248485568,12.262891854301202
1,case_0001_steps_0050_mesh_49x45,3,50,49,45,0.01,-91045.3263465591,-3.11718822976204e-09,1128090.66788507,2.71868213985726e-06,-25199511.0661146,5.4625502343697e-08,1128090.66788507,91045.3263465591,-3.11718822976204e-09,0.1582660009673942,0.01277324608549042,-4.373273615603838e-16,-0.1489300938128727,12.39042917580474
1,case_0001_steps_0050_mesh_49x45,4,50,49,45,0.015,-93599.3341556633,-1.84365078759186e-09,1177234.10826321,1.40816644034203e-06,-26592537.3891489,1.9276251350675e-07,1177234.10826321,93599.3341556633,-1.84365078759186e-09,0.16516060261941334,0.01313156178997562,-2.586558382577434e-16,-0.15716293374492488,12.577376953401975
1,case_0001_steps_0050_mesh_49x45,5,50,49,45,0.02,-95918.3087113476,-9.7918251285023e-10,1221319.30782227,1.55113184518996e-06,-27857379.1697142,1.62589429919535e-07,1221319.30782227,95918.3087113476,-9.7918251285023e-10,0.17134555604088145,0.013456903395683048,-1.3737486262212258e-16,-0.16463819802857732,12.7329112056975
1,case_0001_steps_0050_mesh_49x45,6,50,49,45,0.025,-98069.5336773609,4.81319945011549e-09,1265226.12710469,2.15301872685814e-06,-29162254.551238,2.56679754784273e-07,1265226.12710469,98069.5336773609,4.81319945011549e-09,0.17750548351909956,0.013758710495275888,6.752700385833244e-16,-0.1723500624562077,12.901316847974003
1,case_0001_steps_0050_mesh_49x45,7,50,49,45,0.03,-100215.868121339,-6.44799991178502e-10,1304848.13184265,1.96288738152361e-06,-30348725.3654573,1.35502943976462e-07,1304848.13184265,100215.868121339,-6.44799991178502e-10,0.18306427096297098,0.014059831476822379,-9.046251239623714e-17,-0.17936215127032457,13.020374480643833
1,case_0001_steps_0050_mesh_49x45,8,50,49,45,0.035,-102307.601698871,-2.48953746506686e-10,1340745.83693881,2.01006582756236e-06,-31433414.1129707,7.44199724067585e-08,1340745.83693881,102307.601698871,-2.48953746506686e-10,0.18810055606949305,0.01435329220460755,-3.4927080780955234e-17,-0.18577270409815946,13.105046102880209
1,case_0001_steps_0050_mesh_49x45,9,50,49,45,0.04,-104363.501845516,-1.23045734712335e-09,1374878.05308795,1.82747317012399e-06,-32478482.1013823,1.24219241115497e-07,1374878.05308795,104363.501845516,-1.23045734712335e-09,0.19288915108925916,0.01464172566466604,-1.7262758148266281e-16,-0.19194909669350071,13.173935607518347
1,case_0001_steps_0050_mesh_49x45,10,50,49,45,0.045,-106335.316877091,7.45683959024745e-10,1407301.53863134,2.96551138490031e-06,-33482006.5038156,1.73471619291377e-07,1407301.53863134,106335.316877091,7.45683959024745e-10,0.19743801895995702,0.014918362364692853,1.0461607523235372e-16,-0.19787996507446973,13.234563830359269
1,case_0001_steps_0050_mesh_49x45,11,50,49,45,0.05,-107908.503993809,-3.41809125448123e-09,1434921.37900911,2.60861270362511e-06,-34319207.4833529,9.65426636412303e-08,1434921.37900911,107908.503993809,-3.41809125448123e-09,0.20131295721482498,0.015139073377401764,-4.795426903074796e-16,-0.2028278555353438,13.297574573839288
1,case_0001_steps_0050_mesh_49x45,12,50,49,45,0.055,-109333.520265704,3.2162695284832e-09,1458174.23998957,1.85802605301433e-06,-35003721.6655935,1.93999085240648e-07,1458174.23998957,109333.520265704,3.2162695284832e-09,0.20457522807938913,0.015338996693041907,4.512280180995012e-16,-0.20687336106558474,13.336936709308294
1,case_0001_steps_0050_mesh_49x45,13,50,49,45,0.06,-110691.377792349,-2.66375616009284e-09,1479920.25571623,2.24525024350442e-06,-35646998.1883374,1.01350877912409e-07,1479920.25571623,110691.377792349,-2.66375616009284e-09,0.20762609539352525,0.01552949794151733,-3.737129000459975e-16,-0.21067515041889853,13.369788010882653
1,case_0001_steps_0050_mesh_49x45,14,50,49,45,0.065,-111952.693893643,1.44733125484464e-09,1499751.66258176,2.29139891416708e-06,-36230662.423038,2.15222144106519e-07,1499751.66258176,111952.693893643,1.44733125484464e-09,0.21040835177372297,0.015706454866160485,2.0305400647345724e-16,-0.214124628823504,13.396298118619193
1,case_0001_steps_0050_mesh_49x45,15,50,49,45,0.07,-113077.510768845,3.45128953194163e-09,1517904.65012081,1.62711728535214e-06,-36762382.6274204,1.45583697985785e-07,1517904.65012081,113077.510768845,3.45128953194163e-09,0.212955133539769,0.015864261568872256,4.842002579678114e-16,-0.21726711598181064,13.423576799667416
1,case_0001_steps_0050_mesh_49x45,16,50,49,45,0.075,-114067.835002429,-3.22285709231096e-09,1534370.3827034,1.37989877657674e-06,-37242143.7855894,7.02279407960305e-08,1534370.3827034,114067.835002429,-3.22285709231096e-09,0.21526520109287683,0.01600319956434764,-4.521522234074766e-16,-0.22010252314929174,13.451385157531275
1,case_0001_steps_0050_mesh_49x45,17,50,49,45,0.08,-114957.882992086,4.05540279135863e-09,1548715.86663146,3.80539063371543e-07,-37653571.594259,2.01420135681474e-07,1548715.86663146,114957.882992086,4.05540279135863e-09,0.21727780738230976,0.01612806925789468,5.689546065509409e-16,-0.2225340775545192,13.472028418773835
1,case_0001_steps_0050_mesh_49x45,18,50,49,45,0.085,-115869.555601715,8.28912494199585e-11,1561746.86795322,1.2894543033326e-06,-38024280.5316309,1.80772758540115e-07,1561746.86795322,115869.555601715,8.28912494199585e-11,0.21910599772773853,0.016255972787482417,1.1629266099224764e-17,-0.2247249818413213,13.478491911382669
1,case_0001_steps_0050_mesh_49x45,19,50,49,45,0.09,-116728.114386955,2.6837648769984e-09,1573614.82414509,1.76916978489317e-06,-38359582.6918498,1.52679007214829e-07,1573614.82414509,116728.114386955,2.6837648769984e-09,0.22077101811981828,0.01637642468856064,3.7652003222010594e-16,-0.22670663069339797,13.481026678187737
1,case_0001_steps_0050_mesh_49x45,20,50,49,45,0.095,-117527.242391254,-4.36339675502495e-09,1584500.93548707,8.56466044751869e-07,-38665711.2593353,6.11748021128733e-08,1584500.93548707,117527.242391254,-4.36339675502495e-09,0.22229829013547198,0.016488538720794033,-6.121647618507377e-16,-0.22851586247391942,13.48198854366197
1,case_0001_steps_0050_mesh_49x45,21,50,49,45,0.1,-118324.510928348,1.8170707161147e-09,1594539.58898428,1.63972629252385e-06,-38947234.3142695,1.95365942090575e-07,1594539.58898428,118324.510928348,1.8170707161147e-09,0.2237066676616148,0.016600391878217588,2.549267748607344e-16,-0.2301796747150313,13.47598715155359
1,case_0001_steps_0050_mesh_49x45,22,50,49,45,0.105,-119013.187544211,-5.66129521040182e-09,1603907.3329391,2.51752942403982e-06,-39209809.0938274,5.5263001286221e-08,1603907.3329391,119013.187544211,-5.66129521040182e-09,0.22502091962382223,0.01669701008192699,-7.942540247460342e-16,-0.23173150190921193,13.476719395850823
1,case_0001_steps_0050_mesh_49x45,23,50,49,45,0.11,-119635.774766522,-1.13970877180236e-09,1612616.17746997,1.47532171013154e-06,-39453757.0051422,2.08829618486561e-07,1612616.17746997,119635.774766522,-1.13970877180236e-09,0.22624273098720457,0.016784356243661747,-1.598959682192822e-16,-0.23317324358516142,13.479380901048277
1,case_0001_steps_0050_mesh_49x45,24,50,49,45,0.115,-120241.145625554,-1.25524640681718e-09,1620765.18592321,2.32811646583286e-06,-39682107.924629,4.89903868583497e-08,1620765.18592321,120241.145625554,-1.25524640681718e-09,0.22738599988966054,0.01686928702776336,-1.7610537405481463e-16,-0.2345228064307341,13.479289285636684
1,case_0001_steps_0050_mesh_49x45,25,50,49,45,0.12,-120811.161157402,-4.04435429590677e-09,1628354.12349969,1.30481316773512e-06,-39894708.9498739,7.31593843283918e-08,1628354.12349969,120811.161157402,-4.04435429590677e-09,0.22845069338993781,0.016949257619917994,-5.674045527816364e-16,-0.2357792867866967,13.478507348986954
1,case_0001_steps_0050_mesh_49x45,26,50,49,45,0.125,-121349.424460388,-1.56476914758841e-09,1635460.24569551,1.78379775661597e-06,-40093882.4622931,1.29059031905854e-07,1635460.24569551,121349.424460388,-1.56476914758841e-09,0.22944765008352216,0.017024773518467894,-2.195300098442145e-16,-0.23695641001785012,13.477280613138564
1,case_0001_steps_0050_mesh_49x45,27,50,49,45,0.13,-121857.69418934,1.11278414260951e-09,1642130.44098756,2.04974867301644e-06,-40280894.7915987,2.11919427783869e-07,1642130.44098756,121857.69418934,1.11278414260951e-09,0.2303834482109222,0.01709608145470393,1.5611856493850578e-16,-0.2380616601822114,13.475804313481028
1,case_0001_steps_0050_mesh_49x45,28,50,49,45,0.135,-122327.000720653,-2.66843119822724e-09,1648386.45081311,8.65448214426578e-07,-40456369.0715823,8.40325924400531e-08,1648386.45081311,122327.000720653,-2.66843119822724e-09,0.23126113799711534,0.01716192303114214,-3.743687866790185e-16,-0.23909872002480673,13.475246193417098
1,case_0001_steps_0050_mesh_49x45,29,50,49,45,0.14,-122759.769864467,2.3140145355427e-10,1654275.22943408,1.67367591075163e-06,-40621657.7844619,1.91099189805755e-07,1654275.22943408,122759.769864467,2.3140145355427e-10,0.2320873069119513,0.01722263857793585,3.2464573739216214e-17,-0.24007558276832514,13.475711393565527
1,case_0001_steps_0050_mesh_49x45,30,50,49,45,0.145,-123162.603396029,-8.57494242278989e-10,1659808.09958324,1.12537895802234e-06,-40776979.8807139,2.86556200990162e-08,1659808.09958324,123162.603396029,-8.57494242278989e-10,0.2328635434834506,0.01727915429419066,-1.2030255053212426e-16,-0.24099354241862678,13.476559067577776
1,case_0001_steps_0050_mesh_49x45,31,50,49,45,0.15,-123547.692793358,-2.39469999385733e-09,1665005.86465848,2.11790199955431e-06,-40922921.7391582,9.96843141365389e-08,1665005.86465848,123547.692793358,-2.39469999385733e-09,0.23359276633392279,0.017333180588942718,-3.359655410100916e-16,-0.24185606449742061,13.476624508426205
1,case_0001_steps_0050_mesh_49x45,32,50,49,45,0.155,-123912.373032091,-1.76758679915068e-09,1669894.55633764,2.06118045298354e-06,-41060229.9854774,1.36532605665707e-07,1669894.55633764,123912.373032091,-1.76758679915068e-09,0.23427862758962642,0.017384343571368865,-2.4798440588893835e-16,-0.24266756159162806,13.476414949338178
1,case_0001_steps_0050_mesh_49x45,33,50,49,45,0.16,-124262.008121211,-2.6067532021834e-09,1674498.19290115,2.20653839733131e-06,-41189585.2561353,1.32081936499162e-07,1674498.19290115,124262.008121211,-2.6067532021834e-09,0.2349244969063011,0.017433395787585352,-3.657156437540423e-16,-0.24343205628931192,13.475544281143163
1,case_0001_steps_0050_mesh_49x45,34,50,49,45,0.165,-124591.812153911,-9.12452891022042e-10,1678844.45009149,1.60066417720373e-06,-41311745.4429206,9.7113911579072e-08,1678844.45009149,124591.812153911,-9.12452891022042e-10,0.2355342570650129,0.01747966579658756,-1.280129995259465e-16,-0.24415402776052025,13.474757458520441
1,case_0001_steps_0050_mesh_49x45,35,50,49,45,0.17,-124902.159414494,6.46204922905014e-10,1682941.68381949,1.20350455290463e-06,-41426939.5797554,1.88403049605768e-07,1682941.68381949,124902.159414494,6.46204922905014e-10,0.23610908036212871,0.017523206108764545,9.065961794131192e-17,-0.24483482960467065,13.474079965539785
1,case_0001_steps_0050_mesh_49x45,36,50,49,45,0.175,-125194.409370636,-3.87031401372084e-09,1686810.10798853,1.2800924196199e-06,-41535734.9545574,1.15419538815331e-07,1686810.10798853,125194.409370636,-3.87031401372084e-09,0.23665180271655384,0.017564207451261426,-5.429874910569399e-16,-0.2454778145154952,13.47352582649882
1,case_0001_steps_0050_mesh_49x45,37,50,49,45,0.18,-125470.582424759,1.0114031834263e-09,1690462.23619765,1.01631815141445e-06,-41638454.6868324,1.17746765226912e-07,1690462.23619765,125470.582424759,1.0114031834263e-09,0.23716417972944168,0.017602953277368598,1.4189527647336267e-16,-0.24608489214188295,13.472976721147925
1,case_0001_steps_0050_mesh_49x45,38,50,49,45,0.185,-125731.77885191,-1.90119586740423e-11,1693910.90460094,1.97057840978232e-06,-41735489.6697628,1.095650645766e-07,1693910.90460094,125731.77885191,-1.90119586740423e-11,0.23764801225495544,0.01763959795068166,-2.6672915179230873e-18,-0.2466583726777965,13.47241660038923
1,case_0001_steps_0050_mesh_49x45,39,50,49,45,0.19,-125980.863370136,1.45729661671368e-09,1697180.02433538,1.8617739669935e-06,-41827493.2689392,2.45834968382042e-07,1697180.02433538,125980.863370136,1.45729661671368e-09,0.23810665491709482,0.017674543378141335,2.0445210151679516e-16,-0.24720211753937393,13.471728792245282
1,case_0001_steps_0050_mesh_49x45,40,50,49,45,0.195,-126217.114133512,-5.45657813377787e-09,1700272.03291468,2.38235554661514e-06,-41914539.3204949,6.99439510754019e-08,1700272.03291468,126217.114133512,-5.45657813377787e-09,0.23854044968797092,0.017707688288040393,-7.655331479855245e-16,-0.24771656310104448,13.471010207982877
1,case_0001_steps_0050_mesh_49x45,41,50,49,45,0.2,-126438.972625879,-5.80967496333074e-10,1703196.62882457,8.24762082629604e-07,-41996874.8971097,1.32428397137119e-07,1703196.62882457,126438.972625879,-5.80967496333074e-10,0.238950757221116,0.017738814027634893,-8.150710306739501e-17,-0.24820316957198782,13.470503543746501
1,case_0001_steps_0050_mesh_49x45,42,50,49,45,0.205,-126650.067772674,-1.12159076470775e-09,1705969.28435702,1.40434156037372e-06,-42074959.1723623,7.79056676947221e-08,1705969.28435702,126650.067772674,-1.12159076470775e-09,0.2393397482088738,0.01776842971869411,-1.5735409405083552e-16,-0.2486646506859733,13.469943714669686
1,case_0001_steps_0050_mesh_49x45,43,50,49,45,0.21,-126848.944420426,-8.06717970203152e-10,1708591.57946717,1.22733797525143e-06,-42148811.964484,8.74696013397624e-08,1708591.57946717,126848.944420426,-8.06717970203152e-10,0.23970764431178002,0.017796331209790142,-1.1317887000337635e-16,-0.2491011235695213,13.46949781311733
1,case_0001_steps_0050_mesh_49x45,44,50,49,45,0.215,-127038.985863304,1.02285524494761e-09,1711074.94426397,-2.11986048270774e-07,-42218755.5739194,1.43118029427569e-07,1711074.94426397,127038.985863304,1.02285524494761e-09,0.24005604912224585,0.017822993161740124,1.43501948730663e-16,-0.24951449303083725,13.468896438650056
1,case_0001_steps_0050_mesh_49x45,45,50,49,45,0.22,-127220.069392619,1.55765261800056e-09,1713445.59819112,6.5333665588696e-07,-42285549.3270176,1.69744339473255e-07,1713445.59819112,127220.069392619,1.55765261800056e-09,0.24038864110922778,0.01784839835907189,2.1853159304076135e-16,-0.24990924671827705,13.46835924843891
1,case_0001_steps_0050_mesh_49x45,46,50,49,45,0.225,-127392.680066477,-6.48199061092924e-09,1715693.00891293,1.87006742180529e-06,-42348877.5974737,-6.47541185117007e-08,1715693.00891293,127392.680066477,-6.48199061092924e-09,0.2407039426338286,0.017872614853236327,-9.093938647886092e-16,-0.25028351926806147,13.467751899227132
1,case_0001_steps_0050_mesh_49x45,47,50,49,45,0.23,-127556.45479786,7.816168268171e-10,1717826.08282507,3.66698600373638e-07,-42408991.0707133,1.43372346883552e-07,1717826.08282507,127556.45479786,7.816168268171e-10,0.24100320322293992,0.017895591704772642,1.0965729350556923e-16,-0.2506387922408386,13.467182711743803
1,case_0001_steps_0050_mesh_49x45,48,50,49,45,0.235,-127712.466478137,-5.4142514915867e-09,1719854.14629432,2.60065417023725e-06,-42466150.0429511,4.73571049042221e-09,1719854.14629432,127712.466478137,-5.4142514915867e-09,0.2412877313234941,0.017917479435470684,-7.595949121817188e-16,-0.2509766039973957,13.466611316200213
1,case_0001_steps_0050_mesh_49x45,49,50,49,45,0.24,-127860.927706383,-3.85147480574943e-09,1721782.34346133,1.02155229342316e-06,-42520507.5179849,3.50134143900505e-08,1721782.34346133,127860.927706383,-3.85147480574943e-09,0.24155824863507816,0.017938307872015818,-5.403444356785828e-16,-0.2512978587961485,13.466055458436786
1,case_0001_steps_0050_mesh_49x45,50,50,49,45,0.245,-128001.982103567,4.91553175940851e-09,1723613.47603272,6.54516497888835e-07,-42572107.5581335,2.01898757268282e-07,1723613.47603272,128001.982103567,4.91553175940851e-09,0.24181514822441558,0.017958097163778185,6.896267971512579e-16,-0.25160281704712084,13.465521765421853
2,case_0002_steps_0060_mesh_49x45,1,60,49,45,0.0,3491533.20863563,7.43848087292331e-10,10826738.8069174,1.79071147954346e-06,-274973189.395258,1.58087003043761e-07,10826738.8069174,-3491533.20863563,7.43848087292331e-10,1.518942318441274,-0.4898462631657136,1.043585107602329e-16,-1.6251022801679602,-3.100855171630492
2,case_0002_steps_0060_mesh_49x45,2,60,49,45,0.005,-87636.1012533442,1.10999670566159e-09,1074672.03220235,1.98229088255175e-06,-23731232.888722,1.91545751704325e-07,1074672.03220235,87636.1012533442,1.10999670566159e-09,0.1507716088167275,0.01229494727737034,1.5572750018524162e-16,-0.14025251248485568,12.262891854301202
2,case_0002_steps_0060_mesh_49x45,3,60,49,45,0.01,-91045.3263465591,-3.11718822976204e-09,1128090.66788507,2.71868213985726e-06,-25199511.0661146,5.4625502343697e-08,1128090.66788507,91045.3263465591,-3.11718822976204e-09,0.1582660009673942,0.01277324608549042,-4.373273615603838e-16,-0.1489300938128727,12.39042917580474
2,case_0002_steps_0060_mesh_49x45,4,60,49,45,0.015,-93599.3341556633,-1.84365078759186e-09,1177234.10826321,1.40816644034203e-06,-26592537.3891489,1.9276251350675e-07,1177234.10826321,93599.3341556633,-1.84365078759186e-09,0.16516060261941334,0.01313156178997562,-2.586558382577434e-16,-0.15716293374492488,12.577376953401975
2,case_0002_steps_0060_mesh_49x45,5,60,49,45,0.02,-95918.3087113476,-9.7918251285023e-10,1221319.30782227,1.55113184518996e-06,-27857379.1697142,1.62589429919535e-07,1221319.30782227,95918.3087113476,-9.7918251285023e-10,0.17134555604088145,0.013456903395683048,-1.3737486262212258e-16,-0.16463819802857732,12.7329112056975
2,case_0002_steps_0060_mesh_49x45,6,60,49,45,0.025,-98069.5336773609,4.81319945011549e-09,1265226.12710469,2.15301872685814e-06,-29162254.551238,2.56679754784273e-07,1265226.12710469,98069.5336773609,4.81319945011549e-09,0.17750548351909956,0.013758710495275888,6.752700385833244e-16,-0.1723500624562077,12.901316847974003
2,case_0002_steps_0060_mesh_49x45,7,60,49,45,0.03,-100215.868121339,-6.44799991178502e-10,1304848.13184265,1.96288738152361e-06,-30348725.3654573,1.35502943976462e-07,1304848.13184265,100215.868121339,-6.44799991178502e-10,0.18306427096297098,0.014059831476822379,-9.046251239623714e-17,-0.17936215127032457,13.020374480643833
2,case_0002_steps_0060_mesh_49x45,8,60,49,45,0.035,-102307.601698871,-2.48953746506686e-10,1340745.83693881,2.01006582756236e-06,-31433414.1129707,7.44199724067585e-08,1340745.83693881,102307.601698871,-2.48953746506686e-10,0.18810055606949305,0.01435329220460755,-3.4927080780955234e-17,-0.18577270409815946,13.105046102880209
2,case_0002_steps_0060_mesh_49x45,9,60,49,45,0.04,-104363.501845516,-1.23045734712335e-09,1374878.05308795,1.82747317012399e-06,-32478482.1013823,1.24219241115497e-07,1374878.05308795,104363.501845516,-1.23045734712335e-09,0.19288915108925916,0.01464172566466604,-1.7262758148266281e-16,-0.19194909669350071,13.173935607518347
2,case_0002_steps_0060_mesh_49x45,10,60,49,45,0.045,-106335.316877091,7.45683959024745e-10,1407301.53863134,2.96551138490031e-06,-33482006.5038156,1.73471619291377e-07,1407301.53863134,106335.316877091,7.45683959024745e-10,0.19743801895995702,0.014918362364692853,1.0461607523235372e-16,-0.19787996507446973,13.234563830359269
2,case_0002_steps_0060_mesh_49x45,11,60,49,45,0.05,-107908.503993809,-3.41809125448123e-09,1434921.37900911,2.60861270362511e-06,-34319207.4833529,9.65426636412303e-08,1434921.37900911,107908.503993809,-3.41809125448123e-09,0.20131295721482498,0.015139073377401764,-4.795426903074796e-16,-0.2028278555353438,13.297574573839288
2,case_0002_steps_0060_mesh_49x45,12,60,49,45,0.055,-109333.520265704,3.2162695284832e-09,1458174.23998957,1.85802605301433e-06,-35003721.6655935,1.93999085240648e-07,1458174.23998957,109333.520265704,3.2162695284832e-09,0.20457522807938913,0.015338996693041907,4.512280180995012e-16,-0.20687336106558474,13.336936709308294
2,case_0002_steps_0060_mesh_49x45,13,60,49,45,0.06,-110691.377792349,-2.66375616009284e-09,1479920.25571623,2.24525024350442e-06,-35646998.1883374,1.01350877912409e-07,1479920.25571623,110691.377792349,-2.66375616009284e-09,0.20762609539352525,0.01552949794151733,-3.737129000459975e-16,-0.21067515041889853,13.369788010882653
2,case_0002_steps_0060_mesh_49x45,14,60,49,45,0.065,-111952.693893643,1.44733125484464e-09,1499751.66258176,2.29139891416708e-06,-36230662.423038,2.15222144106519e-07,1499751.66258176,111952.693893643,1.44733125484464e-09,0.21040835177372297,0.015706454866160485,2.0305400647345724e-16,-0.214124628823504,13.396298118619193
2,case_0002_steps_0060_mesh_49x45,15,60,49,45,0.07,-113077.510768845,3.45128953194163e-09,1517904.65012081,1.62711728535214e-06,-36762382.6274204,1.45583697985785e-07,1517904.65012081,113077.510768845,3.45128953194163e-09,0.212955133539769,0.015864261568872256,4.842002579678114e-16,-0.21726711598181064,13.423576799667416
2,case_0002_steps_0060_mesh_49x45,16,60,49,45,0.075,-114067.835002429,-3.22285709231096e-09,1534370.3827034,1.37989877657674e-06,-37242143.7855894,7.02279407960305e-08,1534370.3827034,114067.835002429,-3.22285709231096e-09,0.21526520109287683,0.01600319956434764,-4.521522234074766e-16,-0.22010252314929174,13.451385157531275
2,case_0002_steps_0060_mesh_49x45,17,60,49,45,0.08,-114957.882992086,4.05540279135863e-09,1548715.86663146,3.80539063371543e-07,-37653571.594259,2.01420135681474e-07,1548715.86663146,114957.882992086,4.05540279135863e-09,0.21727780738230976,0.01612806925789468,5.689546065509409e-16,-0.2225340775545192,13.472028418773835
2,case_0002_steps_0060_mesh_49x45,18,60,49,45,0.085,-115869.555601715,8.28912494199585e-11,1561746.86795322,1.2894543033326e-06,-38024280.5316309,1.80772758540115e-07,1561746.86795322,115869.555601715,8.28912494199585e-11,0.21910599772773853,0.016255972787482417,1.1629266099224764e-17,-0.2247249818413213,13.478491911382669
2,case_0002_steps_0060_mesh_49x45,19,60,49,45,0.09,-116728.114386955,2.6837648769984e-09,1573614.82414509,1.76916978489317e-06,-38359582.6918498,1.52679007214829e-07,1573614.82414509,116728.114386955,2.6837648769984e-09,0.22077101811981828,0.01637642468856064,3.7652003222010594e-16,-0.22670663069339797,13.481026678187737
2,case_0002_steps_0060_mesh_49x45,20,60,49,45,0.095,-117527.242391254,-4.36339675502495e-09,1584500.93548707,8.56466044751869e-07,-38665711.2593353,6.11748021128733e-08,1584500.93548707,117527.242391254,-4.36339675502495e-09,0.22229829013547198,0.016488538720794033,-6.121647618507377e-16,-0.22851586247391942,13.48198854366197
2,case_0002_steps_0060_mesh_49x45,21,60,49,45,0.1,-118324.510928348,1.8170707161147e-09,1594539.58898428,1.63972629252385e-06,-38947234.3142695,1.95365942090575e-07,1594539.58898428,118324.510928348,1.8170707161147e-09,0.2237066676616148,0.016600391878217588,2.549267748607344e-16,-0.2301796747150313,13.47598715155359
2,case_0002_steps_0060_mesh_49x45,22,60,49,45,0.105,-119013.187544211,-5.66129521040182e-09,1603907.3329391,2.51752942403982e-06,-39209809.0938274,5.5263001286221e-08,1603907.3329391,119013.187544211,-5.66129521040182e-09,0.22502091962382223,0.01669701008192699,-7.942540247460342e-16,-0.23173150190921193,13.476719395850823
2,case_0002_steps_0060_mesh_49x45,23,60,49,45,0.11,-119635.774766522,-1.13970877180236e-09,1612616.17746997,1.47532171013154e-06,-39453757.0051422,2.08829618486561e-07,1612616.17746997,119635.774766522,-1.13970877180236e-09,0.22624273098720457,0.016784356243661747,-1.598959682192822e-16,-0.23317324358516142,13.479380901048277
2,case_0002_steps_0060_mesh_49x45,24,60,49,45,0.115,-120241.145625554,-1.25524640681718e-09,1620765.18592321,2.32811646583286e-06,-39682107.924629,4.89903868583497e-08,1620765.18592321,120241.145625554,-1.25524640681718e-09,0.22738599988966054,0.01686928702776336,-1.7610537405481463e-16,-0.2345228064307341,13.479289285636684
2,case_0002_steps_0060_mesh_49x45,25,60,49,45,0.12,-120811.161157402,-4.04435429590677e-09,1628354.12349969,1.30481316773512e-06,-39894708.9498739,7.31593843283918e-08,1628354.12349969,120811.161157402,-4.04435429590677e-09,0.22845069338993781,0.016949257619917994,-5.674045527816364e-16,-0.2357792867866967,13.478507348986954
2,case_0002_steps_0060_mesh_49x45,26,60,49,45,0.125,-121349.424460388,-1.56476914758841e-09,1635460.24569551,1.78379775661597e-06,-40093882.4622931,1.29059031905854e-07,1635460.24569551,121349.424460388,-1.56476914758841e-09,0.22944765008352216,0.017024773518467894,-2.195300098442145e-16,-0.23695641001785012,13.477280613138564
2,case_0002_steps_0060_mesh_49x45,27,60,49,45,0.13,-121857.69418934,1.11278414260951e-09,1642130.44098756,2.04974867301644e-06,-40280894.7915987,2.11919427783869e-07,1642130.44098756,121857.69418934,1.11278414260951e-09,0.2303834482109222,0.01709608145470393,1.5611856493850578e-16,-0.2380616601822114,13.475804313481028
2,case_0002_steps_0060_mesh_49x45,28,60,49,45,0.135,-122327.000720653,-2.66843119822724e-09,1648386.45081311,8.65448214426578e-07,-40456369.0715823,8.40325924400531e-08,1648386.45081311,122327.000720653,-2.66843119822724e-09,0.23126113799711534,0.01716192303114214,-3.743687866790185e-16,-0.23909872002480673,13.475246193417098
2,case_0002_steps_0060_mesh_49x45,29,60,49,45,0.14,-122759.769864467,2.3140145355427e-10,1654275.22943408,1.67367591075163e-06,-40621657.7844619,1.91099189805755e-07,1654275.22943408,122759.769864467,2.3140145355427e-10,0.2320873069119513,0.01722263857793585,3.2464573739216214e-17,-0.24007558276832514,13.475711393565527
2,case_0002_steps_0060_mesh_49x45,30,60,49,45,0.145,-123162.603396029,-8.57494242278989e-10,1659808.09958324,1.12537895802234e-06,-40776979.8807139,2.86556200990162e-08,1659808.09958324,123162.603396029,-8.57494242278989e-10,0.2328635434834506,0.01727915429419066,-1.2030255053212426e-16,-0.24099354241862678,13.476559067577776
2,case_0002_steps_0060_mesh_49x45,31,60,49,45,0.15,-123547.692793358,-2.39469999385733e-09,1665005.86465848,2.11790199955431e-06,-40922921.7391582,9.96843141365389e-08,1665005.86465848,123547.692793358,-2.39469999385733e-09,0.23359276633392279,0.017333180588942718,-3.359655410100916e-16,-0.24185606449742061,13.476624508426205
2,case_0002_steps_0060_mesh_49x45,32,60,49,45,0.155,-123912.373032091,-1.76758679915068e-09,1669894.55633764,2.06118045298354e-06,-41060229.9854774,1.36532605665707e-07,1669894.55633764,123912.373032091,-1.76758679915068e-09,0.23427862758962642,0.017384343571368865,-2.4798440588893835e-16,-0.24266756159162806,13.476414949338178
2,case_0002_steps_0060_mesh_49x45,33,60,49,45,0.16,-124262.008121211,-2.6067532021834e-09,1674498.19290115,2.20653839733131e-06,-41189585.2561353,1.32081936499162e-07,1674498.19290115,124262.008121211,-2.6067532021834e-09,0.2349244969063011,0.017433395787585352,-3.657156437540423e-16,-0.24343205628931192,13.475544281143163
2,case_0002_steps_0060_mesh_49x45,34,60,49,45,0.165,-124591.812153911,-9.12452891022042e-10,1678844.45009149,1.60066417720373e-06,-41311745.4429206,9.7113911579072e-08,1678844.45009149,124591.812153911,-9.12452891022042e-10,0.2355342570650129,0.01747966579658756,-1.280129995259465e-16,-0.24415402776052025,13.474757458520441
2,case_0002_steps_0060_mesh_49x45,35,60,49,45,0.17,-124902.159414494,6.46204922905014e-10,1682941.68381949,1.20350455290463e-06,-41426939.5797554,1.88403049605768e-07,1682941.68381949,124902.159414494,6.46204922905014e-10,0.23610908036212871,0.017523206108764545,9.065961794131192e-17,-0.24483482960467065,13.474079965539785
2,case_0002_steps_0060_mesh_49x45,36,60,49,45,0.175,-125194.409370636,-3.87031401372084e-09,1686810.10798853,1.2800924196199e-06,-41535734.9545574,1.15419538815331e-07,1686810.10798853,125194.409370636,-3.87031401372084e-09,0.23665180271655384,0.017564207451261426,-5.429874910569399e-16,-0.2454778145154952,13.47352582649882
2,case_0002_steps_0060_mesh_49x45,37,60,49,45,0.18,-125470.582424759,1.0114031834263e-09,1690462.23619765,1.01631815141445e-06,-41638454.6868324,1.17746765226912e-07,1690462.23619765,125470.582424759,1.0114031834263e-09,0.23716417972944168,0.017602953277368598,1.4189527647336267e-16,-0.24608489214188295,13.472976721147925
2,case_0002_steps_0060_mesh_49x45,38,60,49,45,0.185,-125731.77885191,-1.90119586740423e-11,1693910.90460094,1.97057840978232e-06,-41735489.6697628,1.095650645766e-07,1693910.90460094,125731.77885191,-1.90119586740423e-11,0.23764801225495544,0.01763959795068166,-2.6672915179230873e-18,-0.2466583726777965,13.47241660038923
2,case_0002_steps_0060_mesh_49x45,39,60,49,45,0.19,-125980.863370136,1.45729661671368e-09,1697180.02433538,1.8617739669935e-06,-41827493.2689392,2.45834968382042e-07,1697180.02433538,125980.863370136,1.45729661671368e-09,0.23810665491709482,0.017674543378141335,2.0445210151679516e-16,-0.24720211753937393,13.471728792245282
2,case_0002_steps_0060_mesh_49x45,40,60,49,45,0.195,-126217.114133512,-5.45657813377787e-09,1700272.03291468,2.38235554661514e-06,-41914539.3204949,6.99439510754019e-08,1700272.03291468,126217.114133512,-5.45657813377787e-09,0.23854044968797092,0.017707688288040393,-7.655331479855245e-16,-0.24771656310104448,13.471010207982877
2,case_0002_steps_0060_mesh_49x45,41,60,49,45,0.2,-126438.972625879,-5.80967496333074e-10,1703196.62882457,8.24762082629604e-07,-41996874.8971097,1.32428397137119e-07,1703196.62882457,126438.972625879,-5.80967496333074e-10,0.238950757221116,0.017738814027634893,-8.150710306739501e-17,-0.24820316957198782,13.470503543746501
2,case_0002_steps_0060_mesh_49x45,42,60,49,45,0.205,-126650.067772674,-1.12159076470775e-09,1705969.28435702,1.40434156037372e-06,-42074959.1723623,7.79056676947221e-08,1705969.28435702,126650.067772674,-1.12159076470775e-09,0.2393397482088738,0.01776842971869411,-1.5735409405083552e-16,-0.2486646506859733,13.469943714669686
2,case_0002_steps_0060_mesh_49x45,43,60,49,45,0.21,-126848.944420426,-8.06717970203152e-10,1708591.57946717,1.22733797525143e-06,-42148811.964484,8.74696013397624e-08,1708591.57946717,126848.944420426,-8.06717970203152e-10,0.23970764431178002,0.017796331209790142,-1.1317887000337635e-16,-0.2491011235695213,13.46949781311733
2,case_0002_steps_0060_mesh_49x45,44,60,49,45,0.215,-127038.985863304,1.02285524494761e-09,1711074.94426397,-2.11986048270774e-07,-42218755.5739194,1.43118029427569e-07,1711074.94426397,127038.985863304,1.02285524494761e-09,0.24005604912224585,0.017822993161740124,1.43501948730663e-16,-0.24951449303083725,13.468896438650056
2,case_0002_steps_0060_mesh_49x45,45,60,49,45,0.22,-127220.069392619,1.55765261800056e-09,1713445.59819112,6.5333665588696e-07,-42285549.3270176,1.69744339473255e-07,1713445.59819112,127220.069392619,1.55765261800056e-09,0.24038864110922778,0.01784839835907189,2.1853159304076135e-16,-0.24990924671827705,13.46835924843891
2,case_0002_steps_0060_mesh_49x45,46,60,49,45,0.225,-127392.680066477,-6.48199061092924e-09,1715693.00891293,1.87006742180529e-06,-42348877.5974737,-6.47541185117007e-08,1715693.00891293,127392.680066477,-6.48199061092924e-09,0.2407039426338286,0.017872614853236327,-9.093938647886092e-16,-0.25028351926806147,13.467751899227132
2,case_0002_steps_0060_mesh_49x45,47,60,49,45,0.23,-127556.45479786,7.816168268171e-10,1717826.08282507,3.66698600373638e-07,-42408991.0707133,1.43372346883552e-07,1717826.08282507,127556.45479786,7.816168268171e-10,0.24100320322293992,0.017895591704772642,1.0965729350556923e-16,-0.2506387922408386,13.467182711743803
2,case_0002_steps_0060_mesh_49x45,48,60,49,45,0.235,-127712.466478137,-5.4142514915867e-09,1719854.14629432,2.60065417023725e-06,-42466150.0429511,4.73571049042221e-09,1719854.14629432,127712.466478137,-5.4142514915867e-09,0.2412877313234941,0.017917479435470684,-7.595949121817188e-16,-0.2509766039973957,13.466611316200213
2,case_0002_steps_0060_mesh_49x45,49,60,49,45,0.24,-127860.927706383,-3.85147480574943e-09,1721782.34346133,1.02155229342316e-06,-42520507.5179849,3.50134143900505e-08,1721782.34346133,127860.927706383,-3.85147480574943e-09,0.24155824863507816,0.017938307872015818,-5.403444356785828e-16,-0.2512978587961485,13.466055458436786
2,case_0002_steps_0060_mesh_49x45,50,60,49,45,0.245,-128001.982103567,4.91553175940851e-09,1723613.47603272,6.54516497888835e-07,-42572107.5581335,2.01898757268282e-07,1723613.47603272,128001.982103567,4.91553175940851e-09,0.24181514822441558,0.017958097163778185,6.896267971512579e-16,-0.25160281704712084,13.465521765421853
2,case_0002_steps_0060_mesh_49x45,51,60,49,45,0.25,-128135.535369484,-4.25481561094898e-09,1725362.15977321,2.65661731191358e-06,-42621414.4475567,4.04134539166989e-08,1725362.15977321,128135.535369484,-4.25481561094898e-09,0.24206048061696425,0.01797683408086699,-5.969313201225246e-16,-0.25189422268781564,13.465134045743504
2,case_0002_steps_0060_mesh_49x45,52,60,49,45,0.255,-128263.074600288,-1.56384860616754e-09,1727026.83070863,1.61942750764865e-06,-42668345.3596823,9.49393665905518e-08,1727026.83070863,128263.074600288,-1.56384860616754e-09,0.24229402639424602,0.017994727256123593,-2.1940086206065994e-16,-0.2521715862099591,13.464723468470106
2,case_0002_steps_0060_mesh_49x45,53,60,49,45,0.26,-128384.784455683,2.54301413260549e-09,1728613.57871809,1.1550440603969e-06,-42713112.3905101,2.71322875278202e-07,1728613.57871809,128384.784455683,2.54301413260549e-09,0.24251663993866177,0.018011802596466404,3.5677334156623093e-16,-0.25243616110918693,13.464318112515803
2,case_0002_steps_0060_mesh_49x45,54,60,49,45,0.265,-128500.75739231,-4.53597404082018e-09,1730120.27468668,2.09432221254247e-06,-42755554.6556124,2.71317333044863e-08,1730120.27468668,128500.75739231,-4.53597404082018e-09,0.24272802254505235,0.018028073073142546,-6.363765718214951e-16,-0.25268699655225296,13.463891651662882
2,case_0002_steps_0060_mesh_49x45,55,60,49,45,0.27,-128611.427728284,-4.53151222101766e-09,1731559.87586489,1.98944746898633e-06,-42796150.5282108,1.28827934986475e-08,1731559.87586489,128611.427728284,-4.53151222101766e-09,0.2429299920568562,0.01804359961901245,-6.357505987527649e-16,-0.25292691974356535,13.463499367436757
2,case_0002_steps_0060_mesh_49x45,56,60,49,45,0.275,-128717.433836763,5.78815012586276e-09,1732937.16263346,1.38117923143e-06,-42834981.7746753,3.70175229136294e-07,1732937.16263346,128717.433836763,5.78815012586276e-09,0.24312321913979587,0.01805847179493297,8.120511936657095e-16,-0.2531564139255619,13.463111491417223
2,case_0002_steps_0060_mesh_49x45,57,60,49,45,0.28,-128819.858666327,2.65958666201271e-09,1734246.80485146,3.68544192497211e-07,-42871912.4839918,2.7575487138165e-07,1734246.80485146,128819.858666327,2.65958666201271e-09,0.2433069559992892,0.018072841533675027,3.7312793838824297e-16,-0.2533746758588451,13.46257341691049
2,case_0002_steps_0060_mesh_49x45,58,60,49,45,0.285,-128916.632678065,2.61725846550931e-09,1735497.68943547,1.05590606835904e-06,-42907183.5225472,8.00417012669641e-08,1735497.68943547,128916.632678065,2.61725846550931e-09,0.2434824494293999,0.01808641848832182,3.671894845214855e-16,-0.2535831290731615,13.462170500290787
2,case_0002_steps_0060_mesh_49x45,59,60,49,45,0.29,-129009.594582888,2.0676167444833e-09,1736690.5805001,1.10470898562198e-06,-42940813.0042911,1.35509850451854e-07,1736690.5805001,129009.594582888,2.0676167444833e-09,0.2436498066319399,0.01809946062166934,2.9007724556048984e-16,-0.2537818806226601,13.461716441440991
2,case_0002_steps_0060_mesh_49x45,60,60,49,45,0.295,-129098.656631966,-5.46685252622581e-10,1737830.17333132,1.8279966980117e-06,-42972946.568181,1.18963185968823e-07,1737830.17333132,129098.656631966,-5.46685252622581e-10,0.24380968633422168,0.018111955622954975,-7.66974598616575e-17,-0.2539717912392633,13.46125683000343
3,case_0003_steps_0070_mesh_49x45,1,70,49,45,0.0,3491533.20863563,7.43848087292331e-10,10826738.8069174,1.79071147954346e-06,-274973189.395258,1.58087003043761e-07,10826738.8069174,-3491533.20863563,7.43848087292331e-10,1.518942318441274,-0.4898462631657136,1.043585107602329e-16,-1.6251022801679602,-3.100855171630492
3,case_0003_steps_0070_mesh_49x45,2,70,49,45,0.005,-87636.1012533442,1.10999670566159e-09,1074672.03220235,1.98229088255175e-06,-23731232.888722,1.91545751704325e-07,1074672.03220235,87636.1012533442,1.10999670566159e-09,0.1507716088167275,0.01229494727737034,1.5572750018524162e-16,-0.14025251248485568,12.262891854301202
3,case_0003_steps_0070_mesh_49x45,3,70,49,45,0.01,-91045.3263465591,-3.11718822976204e-09,1128090.66788507,2.71868213985726e-06,-25199511.0661146,5.4625502343697e-08,1128090.66788507,91045.3263465591,-3.11718822976204e-09,0.1582660009673942,0.01277324608549042,-4.373273615603838e-16,-0.1489300938128727,12.39042917580474
3,case_0003_steps_0070_mesh_49x45,4,70,49,45,0.015,-93599.3341556633,-1.84365078759186e-09,1177234.10826321,1.40816644034203e-06,-26592537.3891489,1.9276251350675e-07,1177234.10826321,93599.3341556633,-1.84365078759186e-09,0.16516060261941334,0.01313156178997562,-2.586558382577434e-16,-0.15716293374492488,12.577376953401975
3,case_0003_steps_0070_mesh_49x45,5,70,49,45,0.02,-95918.3087113476,-9.7918251285023e-10,1221319.30782227,1.55113184518996e-06,-27857379.1697142,1.62589429919535e-07,1221319.30782227,95918.3087113476,-9.7918251285023e-10,0.17134555604088145,0.013456903395683048,-1.3737486262212258e-16,-0.16463819802857732,12.7329112056975
3,case_0003_steps_0070_mesh_49x45,6,70,49,45,0.025,-98069.5336773609,4.81319945011549e-09,1265226.12710469,2.15301872685814e-06,-29162254.551238,2.56679754784273e-07,1265226.12710469,98069.5336773609,4.81319945011549e-09,0.17750548351909956,0.013758710495275888,6.752700385833244e-16,-0.1723500624562077,12.901316847974003
3,case_0003_steps_0070_mesh_49x45,7,70,49,45,0.03,-100215.868121339,-6.44799991178502e-10,1304848.13184265,1.96288738152361e-06,-30348725.3654573,1.35502943976462e-07,1304848.13184265,100215.868121339,-6.44799991178502e-10,0.18306427096297098,0.014059831476822379,-9.046251239623714e-17,-0.17936215127032457,13.020374480643833
3,case_0003_steps_0070_mesh_49x45,8,70,49,45,0.035,-102307.601698871,-2.48953746506686e-10,1340745.83693881,2.01006582756236e-06,-31433414.1129707,7.44199724067585e-08,1340745.83693881,102307.601698871,-2.48953746506686e-10,0.18810055606949305,0.01435329220460755,-3.4927080780955234e-17,-0.18577270409815946,13.105046102880209
3,case_0003_steps_0070_mesh_49x45,9,70,49,45,0.04,-104363.501845516,-1.23045734712335e-09,1374878.05308795,1.82747317012399e-06,-32478482.1013823,1.24219241115497e-07,1374878.05308795,104363.501845516,-1.23045734712335e-09,0.19288915108925916,0.01464172566466604,-1.7262758148266281e-16,-0.19194909669350071,13.173935607518347
3,case_0003_steps_0070_mesh_49x45,10,70,49,45,0.045,-106335.316877091,7.45683959024745e-10,1407301.53863134,2.96551138490031e-06,-33482006.5038156,1.73471619291377e-07,1407301.53863134,106335.316877091,7.45683959024745e-10,0.19743801895995702,0.014918362364692853,1.0461607523235372e-16,-0.19787996507446973,13.234563830359269
3,case_0003_steps_0070_mesh_49x45,11,70,49,45,0.05,-107908.503993809,-3.41809125448123e-09,1434921.37900911,2.60861270362511e-06,-34319207.4833529,9.65426636412303e-08,1434921.37900911,107908.503993809,-3.41809125448123e-09,0.20131295721482498,0.015139073377401764,-4.795426903074796e-16,-0.2028278555353438,13.297574573839288
3,case_0003_steps_0070_mesh_49x45,12,70,49,45,0.055,-109333.520265704,3.2162695284832e-09,1458174.23998957,1.85802605301433e-06,-35003721.6655935,1.93999085240648e-07,1458174.23998957,109333.520265704,3.2162695284832e-09,0.20457522807938913,0.015338996693041907,4.512280180995012e-16,-0.20687336106558474,13.336936709308294
3,case_0003_steps_0070_mesh_49x45,13,70,49,45,0.06,-110691.377792349,-2.66375616009284e-09,1479920.25571623,2.24525024350442e-06,-35646998.1883374,1.01350877912409e-07,1479920.25571623,110691.377792349,-2.66375616009284e-09,0.20762609539352525,0.01552949794151733,-3.737129000459975e-16,-0.21067515041889853,13.369788010882653
3,case_0003_steps_0070_mesh_49x45,14,70,49,45,0.065,-111952.693893643,1.44733125484464e-09,1499751.66258176,2.29139891416708e-06,-36230662.423038,2.15222144106519e-07,1499751.66258176,111952.693893643,1.44733125484464e-09,0.21040835177372297,0.015706454866160485,2.0305400647345724e-16,-0.214124628823504,13.396298118619193
3,case_0003_steps_0070_mesh_49x45,15,70,49,45,0.07,-113077.510768845,3.45128953194163e-09,1517904.65012081,1.62711728535214e-06,-36762382.6274204,1.45583697985785e-07,1517904.65012081,113077.510768845,3.45128953194163e-09,0.212955133539769,0.015864261568872256,4.842002579678114e-16,-0.21726711598181064,13.423576799667416
3,case_0003_steps_0070_mesh_49x45,16,70,49,45,0.075,-114067.835002429,-3.22285709231096e-09,1534370.3827034,1.37989877657674e-06,-37242143.7855894,7.02279407960305e-08,1534370.3827034,114067.835002429,-3.22285709231096e-09,0.21526520109287683,0.01600319956434764,-4.521522234074766e-16,-0.22010252314929174,13.451385157531275
3,case_0003_steps_0070_mesh_49x45,17,70,49,45,0.08,-114957.882992086,4.05540279135863e-09,1548715.86663146,3.80539063371543e-07,-37653571.594259,2.01420135681474e-07,1548715.86663146,114957.882992086,4.05540279135863e-09,0.21727780738230976,0.01612806925789468,5.689546065509409e-16,-0.2225340775545192,13.472028418773835
3,case_0003_steps_0070_mesh_49x45,18,70,49,45,0.085,-115869.555601715,8.28912494199585e-11,1561746.86795322,1.2894543033326e-06,-38024280.5316309,1.80772758540115e-07,1561746.86795322,115869.555601715,8.28912494199585e-11,0.21910599772773853,0.016255972787482417,1.1629266099224764e-17,-0.2247249818413213,13.478491911382669
3,case_0003_steps_0070_mesh_49x45,19,70,49,45,0.09,-116728.114386955,2.6837648769984e-09,1573614.82414509,1.76916978489317e-06,-38359582.6918498,1.52679007214829e-07,1573614.82414509,116728.114386955,2.6837648769984e-09,0.22077101811981828,0.01637642468856064,3.7652003222010594e-16,-0.22670663069339797,13.481026678187737
3,case_0003_steps_0070_mesh_49x45,20,70,49,45,0.095,-117527.242391254,-4.36339675502495e-09,1584500.93548707,8.56466044751869e-07,-38665711.2593353,6.11748021128733e-08,1584500.93548707,117527.242391254,-4.36339675502495e-09,0.22229829013547198,0.016488538720794033,-6.121647618507377e-16,-0.22851586247391942,13.48198854366197
3,case_0003_steps_0070_mesh_49x45,21,70,49,45,0.1,-118324.510928348,1.8170707161147e-09,1594539.58898428,1.63972629252385e-06,-38947234.3142695,1.95365942090575e-07,1594539.58898428,118324.510928348,1.8170707161147e-09,0.2237066676616148,0.016600391878217588,2.549267748607344e-16,-0.2301796747150313,13.47598715155359
3,case_0003_steps_0070_mesh_49x45,22,70,49,45,0.105,-119013.187544211,-5.66129521040182e-09,1603907.3329391,2.51752942403982e-06,-39209809.0938274,5.5263001286221e-08,1603907.3329391,119013.187544211,-5.66129521040182e-09,0.22502091962382223,0.01669701008192699,-7.942540247460342e-16,-0.23173150190921193,13.476719395850823
3,case_0003_steps_0070_mesh_49x45,23,70,49,45,0.11,-119635.774766522,-1.13970877180236e-09,1612616.17746997,1.47532171013154e-06,-39453757.0051422,2.08829618486561e-07,1612616.17746997,119635.774766522,-1.13970877180236e-09,0.22624273098720457,0.016784356243661747,-1.598959682192822e-16,-0.23317324358516142,13.479380901048277
3,case_0003_steps_0070_mesh_49x45,24,70,49,45,0.115,-120241.145625554,-1.25524640681718e-09,1620765.18592321,2.32811646583286e-06,-39682107.924629,4.89903868583497e-08,1620765.18592321,120241.145625554,-1.25524640681718e-09,0.22738599988966054,0.01686928702776336,-1.7610537405481463e-16,-0.2345228064307341,13.479289285636684
3,case_0003_steps_0070_mesh_49x45,25,70,49,45,0.12,-120811.161157402,-4.04435429590677e-09,1628354.12349969,1.30481316773512e-06,-39894708.9498739,7.31593843283918e-08,1628354.12349969,120811.161157402,-4.04435429590677e-09,0.22845069338993781,0.016949257619917994,-5.674045527816364e-16,-0.2357792867866967,13.478507348986954
3,case_0003_steps_0070_mesh_49x45,26,70,49,45,0.125,-121349.424460388,-1.56476914758841e-09,1635460.24569551,1.78379775661597e-06,-40093882.4622931,1.29059031905854e-07,1635460.24569551,121349.424460388,-1.56476914758841e-09,0.22944765008352216,0.017024773518467894,-2.195300098442145e-16,-0.23695641001785012,13.477280613138564
3,case_0003_steps_0070_mesh_49x45,27,70,49,45,0.13,-121857.69418934,1.11278414260951e-09,1642130.44098756,2.04974867301644e-06,-40280894.7915987,2.11919427783869e-07,1642130.44098756,121857.69418934,1.11278414260951e-09,0.2303834482109222,0.01709608145470393,1.5611856493850578e-16,-0.2380616601822114,13.475804313481028
3,case_0003_steps_0070_mesh_49x45,28,70,49,45,0.135,-122327.000720653,-2.66843119822724e-09,1648386.45081311,8.65448214426578e-07,-40456369.0715823,8.40325924400531e-08,1648386.45081311,122327.000720653,-2.66843119822724e-09,0.23126113799711534,0.01716192303114214,-3.743687866790185e-16,-0.23909872002480673,13.475246193417098
3,case_0003_steps_0070_mesh_49x45,29,70,49,45,0.14,-122759.769864467,2.3140145355427e-10,1654275.22943408,1.67367591075163e-06,-40621657.7844619,1.91099189805755e-07,1654275.22943408,122759.769864467,2.3140145355427e-10,0.2320873069119513,0.01722263857793585,3.2464573739216214e-17,-0.24007558276832514,13.475711393565527
3,case_0003_steps_0070_mesh_49x45,30,70,49,45,0.145,-123162.603396029,-8.57494242278989e-10,1659808.09958324,1.12537895802234e-06,-40776979.8807139,2.86556200990162e-08,1659808.09958324,123162.603396029,-8.57494242278989e-10,0.2328635434834506,0.01727915429419066,-1.2030255053212426e-16,-0.24099354241862678,13.476559067577776
3,case_0003_steps_0070_mesh_49x45,31,70,49,45,0.15,-123547.692793358,-2.39469999385733e-09,1665005.86465848,2.11790199955431e-06,-40922921.7391582,9.96843141365389e-08,1665005.86465848,123547.692793358,-2.39469999385733e-09,0.23359276633392279,0.017333180588942718,-3.359655410100916e-16,-0.24185606449742061,13.476624508426205
3,case_0003_steps_0070_mesh_49x45,32,70,49,45,0.155,-123912.373032091,-1.76758679915068e-09,1669894.55633764,2.06118045298354e-06,-41060229.9854774,1.36532605665707e-07,1669894.55633764,123912.373032091,-1.76758679915068e-09,0.23427862758962642,0.017384343571368865,-2.4798440588893835e-16,-0.24266756159162806,13.476414949338178
3,case_0003_steps_0070_mesh_49x45,33,70,49,45,0.16,-124262.008121211,-2.6067532021834e-09,1674498.19290115,2.20653839733131e-06,-41189585.2561353,1.32081936499162e-07,1674498.19290115,124262.008121211,-2.6067532021834e-09,0.2349244969063011,0.017433395787585352,-3.657156437540423e-16,-0.24343205628931192,13.475544281143163
3,case_0003_steps_0070_mesh_49x45,34,70,49,45,0.165,-124591.812153911,-9.12452891022042e-10,1678844.45009149,1.60066417720373e-06,-41311745.4429206,9.7113911579072e-08,1678844.45009149,124591.812153911,-9.12452891022042e-10,0.2355342570650129,0.01747966579658756,-1.280129995259465e-16,-0.24415402776052025,13.474757458520441
3,case_0003_steps_0070_mesh_49x45,35,70,49,45,0.17,-124902.159414494,6.46204922905014e-10,1682941.68381949,1.20350455290463e-06,-41426939.5797554,1.88403049605768e-07,1682941.68381949,124902.159414494,6.46204922905014e-10,0.23610908036212871,0.017523206108764545,9.065961794131192e-17,-0.24483482960467065,13.474079965539785
3,case_0003_steps_0070_mesh_49x45,36,70,49,45,0.175,-125194.409370636,-3.87031401372084e-09,1686810.10798853,1.2800924196199e-06,-41535734.9545574,1.15419538815331e-07,1686810.10798853,125194.409370636,-3.87031401372084e-09,0.23665180271655384,0.017564207451261426,-5.429874910569399e-16,-0.2454778145154952,13.47352582649882
3,case_0003_steps_0070_mesh_49x45,37,70,49,45,0.18,-125470.582424759,1.0114031834263e-09,1690462.23619765,1.01631815141445e-06,-41638454.6868324,1.17746765226912e-07,1690462.23619765,125470.582424759,1.0114031834263e-09,0.23716417972944168,0.017602953277368598,1.4189527647336267e-16,-0.24608489214188295,13.472976721147925
3,case_0003_steps_0070_mesh_49x45,38,70,49,45,0.185,-125731.77885191,-1.90119586740423e-11,1693910.90460094,1.97057840978232e-06,-41735489.6697628,1.095650645766e-07,1693910.90460094,125731.77885191,-1.90119586740423e-11,0.23764801225495544,0.01763959795068166,-2.6672915179230873e-18,-0.2466583726777965,13.47241660038923
3,case_0003_steps_0070_mesh_49x45,39,70,49,45,0.19,-125980.863370136,1.45729661671368e-09,1697180.02433538,1.8617739669935e-06,-41827493.2689392,2.45834968382042e-07,1697180.02433538,125980.863370136,1.45729661671368e-09,0.23810665491709482,0.017674543378141335,2.0445210151679516e-16,-0.24720211753937393,13.471728792245282
3,case_0003_steps_0070_mesh_49x45,40,70,49,45,0.195,-126217.114133512,-5.45657813377787e-09,1700272.03291468,2.38235554661514e-06,-41914539.3204949,6.99439510754019e-08,1700272.03291468,126217.114133512,-5.45657813377787e-09,0.23854044968797092,0.017707688288040393,-7.655331479855245e-16,-0.24771656310104448,13.471010207982877
3,case_0003_steps_0070_mesh_49x45,41,70,49,45,0.2,-126438.972625879,-5.80967496333074e-10,1703196.62882457,8.24762082629604e-07,-41996874.8971097,1.32428397137119e-07,1703196.62882457,126438.972625879,-5.80967496333074e-10,0.238950757221116,0.017738814027634893,-8.150710306739501e-17,-0.24820316957198782,13.470503543746501
3,case_0003_steps_0070_mesh_49x45,42,70,49,45,0.205,-126650.067772674,-1.12159076470775e-09,1705969.28435702,1.40434156037372e-06,-42074959.1723623,7.79056676947221e-08,1705969.28435702,126650.067772674,-1.12159076470775e-09,0.2393397482088738,0.01776842971869411,-1.5735409405083552e-16,-0.2486646506859733,13.469943714669686
3,case_0003_steps_0070_mesh_49x45,43,70,49,45,0.21,-126848.944420426,-8.06717970203152e-10,1708591.57946717,1.22733797525143e-06,-42148811.964484,8.74696013397624e-08,1708591.57946717,126848.944420426,-8.06717970203152e-10,0.23970764431178002,0.017796331209790142,-1.1317887000337635e-16,-0.2491011235695213,13.46949781311733
3,case_0003_steps_0070_mesh_49x45,44,70,49,45,0.215,-127038.985863304,1.02285524494761e-09,1711074.94426397,-2.11986048270774e-07,-42218755.5739194,1.43118029427569e-07,1711074.94426397,127038.985863304,1.02285524494761e-09,0.24005604912224585,0.017822993161740124,1.43501948730663e-16,-0.24951449303083725,13.468896438650056
3,case_0003_steps_0070_mesh_49x45,45,70,49,45,0.22,-127220.069392619,1.55765261800056e-09,1713445.59819112,6.5333665588696e-07,-42285549.3270176,1.69744339473255e-07,1713445.59819112,127220.069392619,1.55765261800056e-09,0.24038864110922778,0.01784839835907189,2.1853159304076135e-16,-0.24990924671827705,13.46835924843891
3,case_0003_steps_0070_mesh_49x45,46,70,49,45,0.225,-127392.680066477,-6.48199061092924e-09,1715693.00891293,1.87006742180529e-06,-42348877.5974737,-6.47541185117007e-08,1715693.00891293,127392.680066477,-6.48199061092924e-09,0.2407039426338286,0.017872614853236327,-9.093938647886092e-16,-0.25028351926806147,13.467751899227132
3,case_0003_steps_0070_mesh_49x45,47,70,49,45,0.23,-127556.45479786,7.816168268171e-10,1717826.08282507,3.66698600373638e-07,-42408991.0707133,1.43372346883552e-07,1717826.08282507,127556.45479786,7.816168268171e-10,0.24100320322293992,0.017895591704772642,1.0965729350556923e-16,-0.2506387922408386,13.467182711743803
3,case_0003_steps_0070_mesh_49x45,48,70,49,45,0.235,-127712.466478137,-5.4142514915867e-09,1719854.14629432,2.60065417023725e-06,-42466150.0429511,4.73571049042221e-09,1719854.14629432,127712.466478137,-5.4142514915867e-09,0.2412877313234941,0.017917479435470684,-7.595949121817188e-16,-0.2509766039973957,13.466611316200213
3,case_0003_steps_0070_mesh_49x45,49,70,49,45,0.24,-127860.927706383,-3.85147480574943e-09,1721782.34346133,1.02155229342316e-06,-42520507.5179849,3.50134143900505e-08,1721782.34346133,127860.927706383,-3.85147480574943e-09,0.24155824863507816,0.017938307872015818,-5.403444356785828e-16,-0.2512978587961485,13.466055458436786
3,case_0003_steps_0070_mesh_49x45,50,70,49,45,0.245,-128001.982103567,4.91553175940851e-09,1723613.47603272,6.54516497888835e-07,-42572107.5581335,2.01898757268282e-07,1723613.47603272,128001.982103567,4.91553175940851e-09,0.24181514822441558,0.017958097163778185,6.896267971512579e-16,-0.25160281704712084,13.465521765421853
3,case_0003_steps_0070_mesh_49x45,51,70,49,45,0.25,-128135.535369484,-4.25481561094898e-09,1725362.15977321,2.65661731191358e-06,-42621414.4475567,4.04134539166989e-08,1725362.15977321,128135.535369484,-4.25481561094898e-09,0.24206048061696425,0.01797683408086699,-5.969313201225246e-16,-0.25189422268781564,13.465134045743504
3,case_0003_steps_0070_mesh_49x45,52,70,49,45,0.255,-128263.074600288,-1.56384860616754e-09,1727026.83070863,1.61942750764865e-06,-42668345.3596823,9.49393665905518e-08,1727026.83070863,128263.074600288,-1.56384860616754e-09,0.24229402639424602,0.017994727256123593,-2.1940086206065994e-16,-0.2521715862099591,13.464723468470106
3,case_0003_steps_0070_mesh_49x45,53,70,49,45,0.26,-128384.784455683,2.54301413260549e-09,1728613.57871809,1.1550440603969e-06,-42713112.3905101,2.71322875278202e-07,1728613.57871809,128384.784455683,2.54301413260549e-09,0.24251663993866177,0.018011802596466404,3.5677334156623093e-16,-0.25243616110918693,13.464318112515803
3,case_0003_steps_0070_mesh_49x45,54,70,49,45,0.265,-128500.75739231,-4.53597404082018e-09,1730120.27468668,2.09432221254247e-06,-42755554.6556124,2.71317333044863e-08,1730120.27468668,128500.75739231,-4.53597404082018e-09,0.24272802254505235,0.018028073073142546,-6.363765718214951e-16,-0.25268699655225296,13.463891651662882
3,case_0003_steps_0070_mesh_49x45,55,70,49,45,0.27,-128611.427728284,-4.53151222101766e-09,1731559.87586489,1.98944746898633e-06,-42796150.5282108,1.28827934986475e-08,1731559.87586489,128611.427728284,-4.53151222101766e-09,0.2429299920568562,0.01804359961901245,-6.357505987527649e-16,-0.25292691974356535,13.463499367436757
3,case_0003_steps_0070_mesh_49x45,56,70,49,45,0.275,-128717.433836763,5.78815012586276e-09,1732937.16263346,1.38117923143e-06,-42834981.7746753,3.70175229136294e-07,1732937.16263346,128717.433836763,5.78815012586276e-09,0.24312321913979587,0.01805847179493297,8.120511936657095e-16,-0.2531564139255619,13.463111491417223
3,case_0003_steps_0070_mesh_49x45,57,70,49,45,0.28,-128819.858666327,2.65958666201271e-09,1734246.80485146,3.68544192497211e-07,-42871912.4839918,2.7575487138165e-07,1734246.80485146,128819.858666327,2.65958666201271e-09,0.2433069559992892,0.018072841533675027,3.7312793838824297e-16,-0.2533746758588451,13.46257341691049
3,case_0003_steps_0070_mesh_49x45,58,70,49,45,0.285,-128916.632678065,2.61725846550931e-09,1735497.68943547,1.05590606835904e-06,-42907183.5225472,8.00417012669641e-08,1735497.68943547,128916.632678065,2.61725846550931e-09,0.2434824494293999,0.01808641848832182,3.671894845214855e-16,-0.2535831290731615,13.462170500290787
3,case_0003_steps_0070_mesh_49x45,59,70,49,45,0.29,-129009.594582888,2.0676167444833e-09,1736690.5805001,1.10470898562198e-06,-42940813.0042911,1.35509850451854e-07,1736690.5805001,129009.594582888,2.0676167444833e-09,0.2436498066319399,0.01809946062166934,2.9007724556048984e-16,-0.2537818806226601,13.461716441440991
3,case_0003_steps_0070_mesh_49x45,60,70,49,45,0.295,-129098.656631966,-5.46685252622581e-10,1737830.17333132,1.8279966980117e-06,-42972946.568181,1.18963185968823e-07,1737830.17333132,129098.656631966,-5.46685252622581e-10,0.24380968633422168,0.018111955622954975,-7.66974598616575e-17,-0.2539717912392633,13.46125683000343
3,case_0003_steps_0070_mesh_49x45,61,70,49,45,0.3,-129182.871382043,-1.95283467174789e-09,1738921.21337592,1.93955486338382e-06,-43003708.717619,5.08796631493169e-08,1738921.21337592,129182.871382043,-1.95283467174789e-09,0.24396275430089304,0.018123770570189792,-2.7397384168370793e-16,-0.25415359674293625,13.460927093292941
3,case_0003_steps_0070_mesh_49x45,62,70,49,45,0.305,-129261.855312316,3.30532184955601e-09,1739964.92003789,2.3955376491358e-06,-43033127.1137395,2.44883381128602e-07,1739964.92003789,129261.855312316,3.30532184955601e-09,0.2441091816087997,0.01813485165714571,4.637216545901576e-16,-0.2543274606120627,13.460776312036327
3,case_0003_steps_0070_mesh_49x45,63,70,49,45,0.31,-129337.219476603,-3.98398369849673e-10,1740964.50462626,1.98090890535241e-06,-43061310.8217205,1.18319405828515e-07,1740964.50462626,129337.219476603,-3.98398369849673e-10,0.24424941879002426,0.018145424907361773,-5.589348319514727e-17,-0.254494027426101,13.460661298205803
3,case_0003_steps_0070_mesh_49x45,64,70,49,45,0.315,-129411.503831322,1.12589576550803e-08,1741915.32871724,1.25910128190299e-06,-43088114.6563785,4.51195603545784e-07,1741915.32871724,129411.503831322,1.12589576550803e-08,0.24438281509476012,0.01815584666519606,1.5795806612526028e-15,-0.25465243913495067,13.46028194670926
3,case_0003_steps_0070_mesh_49x45,65,70,49,45,0.32,-129482.563561347,3.43071338004819e-09,1742822.92233767,1.2490800145315e-06,-43113699.0023416,2.7571050509323e-07,1742822.92233767,129482.563561347,3.43071338004819e-09,0.2445101463606754,0.018165816022820448,4.813135172401554e-16,-0.25480364361802293,13.459904363972107
3,case_0003_steps_0070_mesh_49x45,66,70,49,45,0.325,-129550.261001023,2.75559486340171e-09,1743692.80690085,1.1647805422399e-06,-43138220.2218684,1.97286993852686e-07,1743692.80690085,129550.261001023,2.75559486340171e-09,0.24463218721699756,0.01817531366636832,3.8659745331863096e-16,-0.2549485649823681,13.459585441414749
3,case_0003_steps_0070_mesh_49x45,67,70,49,45,0.33,-129614.675698912,-3.93189902858637e-09,1744530.80984913,2.16690682464105e-06,-43161841.2589949,2.16045634715556e-08,1744530.80984913,129614.675698912,-3.93189902858637e-09,0.24474975522744108,0.0181843507561419,-5.516275891445859e-16,-0.2550881662335978,13.459361761638645
3,case_0003_steps_0070_mesh_49x45,68,70,49,45,0.335,-129677.017013712,-7.58874491024741e-09,1745334.28568666,1.1642287063296e-06,-43184492.7732878,-8.9768974476101e-08,1745334.28568666,129677.017013712,-7.58874491024741e-09,0.24486247924094456,0.018193096959677954,-1.0646664700792354e-15,-0.2552220375670453,13.459087245214077
3,case_0003_steps_0070_mesh_49x45,69,70,49,45,0.34,-129737.028310817,3.71821662348282e-09,1746103.9730872,3.32727029217494e-06,-43206187.8281859,3.18225460205213e-07,1746103.9730872,129737.028310817,3.71821662348282e-09,0.24497046289008403,0.01820151627230597,5.21648917486716e-16,-0.25535025618814366,13.458794268849584
3,case_0003_steps_0070_mesh_49x45,70,70,49,45,0.345,-129794.725729711,-1.27611948785855e-09,1746843.26344147,2.10902965136484e-06,-43227025.6944806,1.68457404470246e-07,1746843.26344147,129794.725729711,-1.27611948785855e-09,0.24507418197158612,0.018209610958322315,-1.7903377259433924e-16,-0.25547340879114405,13.458507297739944
4,case_0004_steps_0080_mesh_49x45,1,80,49,45,0.0,3491533.20863563,7.43848087292331e-10,10826738.8069174,1.79071147954346e-06,-274973189.395258,1.58087003043761e-07,10826738.8069174,-3491533.20863563,7.43848087292331e-10,1.518942318441274,-0.4898462631657136,1.043585107602329e-16,-1.6251022801679602,-3.100855171630492
4,case_0004_steps_0080_mesh_49x45,2,80,49,45,0.005,-87636.1012533442,1.10999670566159e-09,1074672.03220235,1.98229088255175e-06,-23731232.888722,1.91545751704325e-07,1074672.03220235,87636.1012533442,1.10999670566159e-09,0.1507716088167275,0.01229494727737034,1.5572750018524162e-16,-0.14025251248485568,12.262891854301202
4,case_0004_steps_0080_mesh_49x45,3,80,49,45,0.01,-91045.3263465591,-3.11718822976204e-09,1128090.66788507,2.71868213985726e-06,-25199511.0661146,5.4625502343697e-08,1128090.66788507,91045.3263465591,-3.11718822976204e-09,0.1582660009673942,0.01277324608549042,-4.373273615603838e-16,-0.1489300938128727,12.39042917580474
4,case_0004_steps_0080_mesh_49x45,4,80,49,45,0.015,-93599.3341556633,-1.84365078759186e-09,1177234.10826321,1.40816644034203e-06,-26592537.3891489,1.9276251350675e-07,1177234.10826321,93599.3341556633,-1.84365078759186e-09,0.16516060261941334,0.01313156178997562,-2.586558382577434e-16,-0.15716293374492488,12.577376953401975
4,case_0004_steps_0080_mesh_49x45,5,80,49,45,0.02,-95918.3087113476,-9.7918251285023e-10,1221319.30782227,1.55113184518996e-06,-27857379.1697142,1.62589429919535e-07,1221319.30782227,95918.3087113476,-9.7918251285023e-10,0.17134555604088145,0.013456903395683048,-1.3737486262212258e-16,-0.16463819802857732,12.7329112056975
4,case_0004_steps_0080_mesh_49x45,6,80,49,45,0.025,-98069.5336773609,4.81319945011549e-09,1265226.12710469,2.15301872685814e-06,-29162254.551238,2.56679754784273e-07,1265226.12710469,98069.5336773609,4.81319945011549e-09,0.17750548351909956,0.013758710495275888,6.752700385833244e-16,-0.1723500624562077,12.901316847974003
4,case_0004_steps_0080_mesh_49x45,7,80,49,45,0.03,-100215.868121339,-6.44799991178502e-10,1304848.13184265,1.96288738152361e-06,-30348725.3654573,1.35502943976462e-07,1304848.13184265,100215.868121339,-6.44799991178502e-10,0.18306427096297098,0.014059831476822379,-9.046251239623714e-17,-0.17936215127032457,13.020374480643833
4,case_0004_steps_0080_mesh_49x45,8,80,49,45,0.035,-102307.601698871,-2.48953746506686e-10,1340745.83693881,2.01006582756236e-06,-31433414.1129707,7.44199724067585e-08,1340745.83693881,102307.601698871,-2.48953746506686e-10,0.18810055606949305,0.01435329220460755,-3.4927080780955234e-17,-0.18577270409815946,13.105046102880209
4,case_0004_steps_0080_mesh_49x45,9,80,49,45,0.04,-104363.501845516,-1.23045734712335e-09,1374878.05308795,1.82747317012399e-06,-32478482.1013823,1.24219241115497e-07,1374878.05308795,104363.501845516,-1.23045734712335e-09,0.19288915108925916,0.01464172566466604,-1.7262758148266281e-16,-0.19194909669350071,13.173935607518347
4,case_0004_steps_0080_mesh_49x45,10,80,49,45,0.045,-106335.316877091,7.45683959024745e-10,1407301.53863134,2.96551138490031e-06,-33482006.5038156,1.73471619291377e-07,1407301.53863134,106335.316877091,7.45683959024745e-10,0.19743801895995702,0.014918362364692853,1.0461607523235372e-16,-0.19787996507446973,13.234563830359269
4,case_0004_steps_0080_mesh_49x45,11,80,49,45,0.05,-107908.503993809,-3.41809125448123e-09,1434921.37900911,2.60861270362511e-06,-34319207.4833529,9.65426636412303e-08,1434921.37900911,107908.503993809,-3.41809125448123e-09,0.20131295721482498,0.015139073377401764,-4.795426903074796e-16,-0.2028278555353438,13.297574573839288
4,case_0004_steps_0080_mesh_49x45,12,80,49,45,0.055,-109333.520265704,3.2162695284832e-09,1458174.23998957,1.85802605301433e-06,-35003721.6655935,1.93999085240648e-07,1458174.23998957,109333.520265704,3.2162695284832e-09,0.20457522807938913,0.015338996693041907,4.512280180995012e-16,-0.20687336106558474,13.336936709308294
4,case_0004_steps_0080_mesh_49x45,13,80,49,45,0.06,-110691.377792349,-2.66375616009284e-09,1479920.25571623,2.24525024350442e-06,-35646998.1883374,1.01350877912409e-07,1479920.25571623,110691.377792349,-2.66375616009284e-09,0.20762609539352525,0.01552949794151733,-3.737129000459975e-16,-0.21067515041889853,13.369788010882653
4,case_0004_steps_0080_mesh_49x45,14,80,49,45,0.065,-111952.693893643,1.44733125484464e-09,1499751.66258176,2.29139891416708e-06,-36230662.423038,2.15222144106519e-07,1499751.66258176,111952.693893643,1.44733125484464e-09,0.21040835177372297,0.015706454866160485,2.0305400647345724e-16,-0.214124628823504,13.396298118619193
4,case_0004_steps_0080_mesh_49x45,15,80,49,45,0.07,-113077.510768845,3.45128953194163e-09,1517904.65012081,1.62711728535214e-06,-36762382.6274204,1.45583697985785e-07,1517904.65012081,113077.510768845,3.45128953194163e-09,0.212955133539769,0.015864261568872256,4.842002579678114e-16,-0.21726711598181064,13.423576799667416
4,case_0004_steps_0080_mesh_49x45,16,80,49,45,0.075,-114067.835002429,-3.22285709231096e-09,1534370.3827034,1.37989877657674e-06,-37242143.7855894,7.02279407960305e-08,1534370.3827034,114067.835002429,-3.22285709231096e-09,0.21526520109287683,0.01600319956434764,-4.521522234074766e-16,-0.22010252314929174,13.451385157531275
4,case_0004_steps_0080_mesh_49x45,17,80,49,45,0.08,-114957.882992086,4.05540279135863e-09,1548715.86663146,3.80539063371543e-07,-37653571.594259,2.01420135681474e-07,1548715.86663146,114957.882992086,4.05540279135863e-09,0.21727780738230976,0.01612806925789468,5.689546065509409e-16,-0.2225340775545192,13.472028418773835
4,case_0004_steps_0080_mesh_49x45,18,80,49,45,0.085,-115869.555601715,8.28912494199585e-11,1561746.86795322,1.2894543033326e-06,-38024280.5316309,1.80772758540115e-07,1561746.86795322,115869.555601715,8.28912494199585e-11,0.21910599772773853,0.016255972787482417,1.1629266099224764e-17,-0.2247249818413213,13.478491911382669
4,case_0004_steps_0080_mesh_49x45,19,80,49,45,0.09,-116728.114386955,2.6837648769984e-09,1573614.82414509,1.76916978489317e-06,-38359582.6918498,1.52679007214829e-07,1573614.82414509,116728.114386955,2.6837648769984e-09,0.22077101811981828,0.01637642468856064,3.7652003222010594e-16,-0.22670663069339797,13.481026678187737
4,case_0004_steps_0080_mesh_49x45,20,80,49,45,0.095,-117527.242391254,-4.36339675502495e-09,1584500.93548707,8.56466044751869e-07,-38665711.2593353,6.11748021128733e-08,1584500.93548707,117527.242391254,-4.36339675502495e-09,0.22229829013547198,0.016488538720794033,-6.121647618507377e-16,-0.22851586247391942,13.48198854366197
4,case_0004_steps_0080_mesh_49x45,21,80,49,45,0.1,-118324.510928348,1.8170707161147e-09,1594539.58898428,1.63972629252385e-06,-38947234.3142695,1.95365942090575e-07,1594539.58898428,118324.510928348,1.8170707161147e-09,0.2237066676616148,0.016600391878217588,2.549267748607344e-16,-0.2301796747150313,13.47598715155359
4,case_0004_steps_0080_mesh_49x45,22,80,49,45,0.105,-119013.187544211,-5.66129521040182e-09,1603907.3329391,2.51752942403982e-06,-39209809.0938274,5.5263001286221e-08,1603907.3329391,119013.187544211,-5.66129521040182e-09,0.22502091962382223,0.01669701008192699,-7.942540247460342e-16,-0.23173150190921193,13.476719395850823
4,case_0004_steps_0080_mesh_49x45,23,80,49,45,0.11,-119635.774766522,-1.13970877180236e-09,1612616.17746997,1.47532171013154e-06,-39453757.0051422,2.08829618486561e-07,1612616.17746997,119635.774766522,-1.13970877180236e-09,0.22624273098720457,0.016784356243661747,-1.598959682192822e-16,-0.23317324358516142,13.479380901048277
4,case_0004_steps_0080_mesh_49x45,24,80,49,45,0.115,-120241.145625554,-1.25524640681718e-09,1620765.18592321,2.32811646583286e-06,-39682107.924629,4.89903868583497e-08,1620765.18592321,120241.145625554,-1.25524640681718e-09,0.22738599988966054,0.01686928702776336,-1.7610537405481463e-16,-0.2345228064307341,13.479289285636684
4,case_0004_steps_0080_mesh_49x45,25,80,49,45,0.12,-120811.161157402,-4.04435429590677e-09,1628354.12349969,1.30481316773512e-06,-39894708.9498739,7.31593843283918e-08,1628354.12349969,120811.161157402,-4.04435429590677e-09,0.22845069338993781,0.016949257619917994,-5.674045527816364e-16,-0.2357792867866967,13.478507348986954
4,case_0004_steps_0080_mesh_49x45,26,80,49,45,0.125,-121349.424460388,-1.56476914758841e-09,1635460.24569551,1.78379775661597e-06,-40093882.4622931,1.29059031905854e-07,1635460.24569551,121349.424460388,-1.56476914758841e-09,0.22944765008352216,0.017024773518467894,-2.195300098442145e-16,-0.23695641001785012,13.477280613138564
4,case_0004_steps_0080_mesh_49x45,27,80,49,45,0.13,-121857.69418934,1.11278414260951e-09,1642130.44098756,2.04974867301644e-06,-40280894.7915987,2.11919427783869e-07,1642130.44098756,121857.69418934,1.11278414260951e-09,0.2303834482109222,0.01709608145470393,1.5611856493850578e-16,-0.2380616601822114,13.475804313481028
4,case_0004_steps_0080_mesh_49x45,28,80,49,45,0.135,-122327.000720653,-2.66843119822724e-09,1648386.45081311,8.65448214426578e-07,-40456369.0715823,8.40325924400531e-08,1648386.45081311,122327.000720653,-2.66843119822724e-09,0.23126113799711534,0.01716192303114214,-3.743687866790185e-16,-0.23909872002480673,13.475246193417098
4,case_0004_steps_0080_mesh_49x45,29,80,49,45,0.14,-122759.769864467,2.3140145355427e-10,1654275.22943408,1.67367591075163e-06,-40621657.7844619,1.91099189805755e-07,1654275.22943408,122759.769864467,2.3140145355427e-10,0.2320873069119513,0.01722263857793585,3.2464573739216214e-17,-0.24007558276832514,13.475711393565527
4,case_0004_steps_0080_mesh_49x45,30,80,49,45,0.145,-123162.603396029,-8.57494242278989e-10,1659808.09958324,1.12537895802234e-06,-40776979.8807139,2.86556200990162e-08,1659808.09958324,123162.603396029,-8.57494242278989e-10,0.2328635434834506,0.01727915429419066,-1.2030255053212426e-16,-0.24099354241862678,13.476559067577776
4,case_0004_steps_0080_mesh_49x45,31,80,49,45,0.15,-123547.692793358,-2.39469999385733e-09,1665005.86465848,2.11790199955431e-06,-40922921.7391582,9.96843141365389e-08,1665005.86465848,123547.692793358,-2.39469999385733e-09,0.23359276633392279,0.017333180588942718,-3.359655410100916e-16,-0.24185606449742061,13.476624508426205
4,case_0004_steps_0080_mesh_49x45,32,80,49,45,0.155,-123912.373032091,-1.76758679915068e-09,1669894.55633764,2.06118045298354e-06,-41060229.9854774,1.36532605665707e-07,1669894.55633764,123912.373032091,-1.76758679915068e-09,0.23427862758962642,0.017384343571368865,-2.4798440588893835e-16,-0.24266756159162806,13.476414949338178
4,case_0004_steps_0080_mesh_49x45,33,80,49,45,0.16,-124262.008121211,-2.6067532021834e-09,1674498.19290115,2.20653839733131e-06,-41189585.2561353,1.32081936499162e-07,1674498.19290115,124262.008121211,-2.6067532021834e-09,0.2349244969063011,0.017433395787585352,-3.657156437540423e-16,-0.24343205628931192,13.475544281143163
4,case_0004_steps_0080_mesh_49x45,34,80,49,45,0.165,-124591.812153911,-9.12452891022042e-10,1678844.45009149,1.60066417720373e-06,-41311745.4429206,9.7113911579072e-08,1678844.45009149,124591.812153911,-9.12452891022042e-10,0.2355342570650129,0.01747966579658756,-1.280129995259465e-16,-0.24415402776052025,13.474757458520441
4,case_0004_steps_0080_mesh_49x45,35,80,49,45,0.17,-124902.159414494,6.46204922905014e-10,1682941.68381949,1.20350455290463e-06,-41426939.5797554,1.88403049605768e-07,1682941.68381949,124902.159414494,6.46204922905014e-10,0.23610908036212871,0.017523206108764545,9.065961794131192e-17,-0.24483482960467065,13.474079965539785
4,case_0004_steps_0080_mesh_49x45,36,80,49,45,0.175,-125194.409370636,-3.87031401372084e-09,1686810.10798853,1.2800924196199e-06,-41535734.9545574,1.15419538815331e-07,1686810.10798853,125194.409370636,-3.87031401372084e-09,0.23665180271655384,0.017564207451261426,-5.429874910569399e-16,-0.2454778145154952,13.47352582649882
4,case_0004_steps_0080_mesh_49x45,37,80,49,45,0.18,-125470.582424759,1.0114031834263e-09,1690462.23619765,1.01631815141445e-06,-41638454.6868324,1.17746765226912e-07,1690462.23619765,125470.582424759,1.0114031834263e-09,0.23716417972944168,0.017602953277368598,1.4189527647336267e-16,-0.24608489214188295,13.472976721147925
4,case_0004_steps_0080_mesh_49x45,38,80,49,45,0.185,-125731.77885191,-1.90119586740423e-11,1693910.90460094,1.97057840978232e-06,-41735489.6697628,1.095650645766e-07,1693910.90460094,125731.77885191,-1.90119586740423e-11,0.23764801225495544,0.01763959795068166,-2.6672915179230873e-18,-0.2466583726777965,13.47241660038923
4,case_0004_steps_0080_mesh_49x45,39,80,49,45,0.19,-125980.863370136,1.45729661671368e-09,1697180.02433538,1.8617739669935e-06,-41827493.2689392,2.45834968382042e-07,1697180.02433538,125980.863370136,1.45729661671368e-09,0.23810665491709482,0.017674543378141335,2.0445210151679516e-16,-0.24720211753937393,13.471728792245282
4,case_0004_steps_0080_mesh_49x45,40,80,49,45,0.195,-126217.114133512,-5.45657813377787e-09,1700272.03291468,2.38235554661514e-06,-41914539.3204949,6.99439510754019e-08,1700272.03291468,126217.114133512,-5.45657813377787e-09,0.23854044968797092,0.017707688288040393,-7.655331479855245e-16,-0.24771656310104448,13.471010207982877
4,case_0004_steps_0080_mesh_49x45,41,80,49,45,0.2,-126438.972625879,-5.80967496333074e-10,1703196.62882457,8.24762082629604e-07,-41996874.8971097,1.32428397137119e-07,1703196.62882457,126438.972625879,-5.80967496333074e-10,0.238950757221116,0.017738814027634893,-8.150710306739501e-17,-0.24820316957198782,13.470503543746501
4,case_0004_steps_0080_mesh_49x45,42,80,49,45,0.205,-126650.067772674,-1.12159076470775e-09,1705969.28435702,1.40434156037372e-06,-42074959.1723623,7.79056676947221e-08,1705969.28435702,126650.067772674,-1.12159076470775e-09,0.2393397482088738,0.01776842971869411,-1.5735409405083552e-16,-0.2486646506859733,13.469943714669686
4,case_0004_steps_0080_mesh_49x45,43,80,49,45,0.21,-126848.944420426,-8.06717970203152e-10,1708591.57946717,1.22733797525143e-06,-42148811.964484,8.74696013397624e-08,1708591.57946717,126848.944420426,-8.06717970203152e-10,0.23970764431178002,0.017796331209790142,-1.1317887000337635e-16,-0.2491011235695213,13.46949781311733
4,case_0004_steps_0080_mesh_49x45,44,80,49,45,0.215,-127038.985863304,1.02285524494761e-09,1711074.94426397,-2.11986048270774e-07,-42218755.5739194,1.43118029427569e-07,1711074.94426397,127038.985863304,1.02285524494761e-09,0.24005604912224585,0.017822993161740124,1.43501948730663e-16,-0.24951449303083725,13.468896438650056
4,case_0004_steps_0080_mesh_49x45,45,80,49,45,0.22,-127220.069392619,1.55765261800056e-09,1713445.59819112,6.5333665588696e-07,-42285549.3270176,1.69744339473255e-07,1713445.59819112,127220.069392619,1.55765261800056e-09,0.24038864110922778,0.01784839835907189,2.1853159304076135e-16,-0.24990924671827705,13.46835924843891
4,case_0004_steps_0080_mesh_49x45,46,80,49,45,0.225,-127392.680066477,-6.48199061092924e-09,1715693.00891293,1.87006742180529e-06,-42348877.5974737,-6.47541185117007e-08,1715693.00891293,127392.680066477,-6.48199061092924e-09,0.2407039426338286,0.017872614853236327,-9.093938647886092e-16,-0.25028351926806147,13.467751899227132
4,case_0004_steps_0080_mesh_49x45,47,80,49,45,0.23,-127556.45479786,7.816168268171e-10,1717826.08282507,3.66698600373638e-07,-42408991.0707133,1.43372346883552e-07,1717826.08282507,127556.45479786,7.816168268171e-10,0.24100320322293992,0.017895591704772642,1.0965729350556923e-16,-0.2506387922408386,13.467182711743803
4,case_0004_steps_0080_mesh_49x45,48,80,49,45,0.235,-127712.466478137,-5.4142514915867e-09,1719854.14629432,2.60065417023725e-06,-42466150.0429511,4.73571049042221e-09,1719854.14629432,127712.466478137,-5.4142514915867e-09,0.2412877313234941,0.017917479435470684,-7.595949121817188e-16,-0.2509766039973957,13.466611316200213
4,case_0004_steps_0080_mesh_49x45,49,80,49,45,0.24,-127860.927706383,-3.85147480574943e-09,1721782.34346133,1.02155229342316e-06,-42520507.5179849,3.50134143900505e-08,1721782.34346133,127860.927706383,-3.85147480574943e-09,0.24155824863507816,0.017938307872015818,-5.403444356785828e-16,-0.2512978587961485,13.466055458436786
4,case_0004_steps_0080_mesh_49x45,50,80,49,45,0.245,-128001.982103567,4.91553175940851e-09,1723613.47603272,6.54516497888835e-07,-42572107.5581335,2.01898757268282e-07,1723613.47603272,128001.982103567,4.91553175940851e-09,0.24181514822441558,0.017958097163778185,6.896267971512579e-16,-0.25160281704712084,13.465521765421853
4,case_0004_steps_0080_mesh_49x45,51,80,49,45,0.25,-128135.535369484,-4.25481561094898e-09,1725362.15977321,2.65661731191358e-06,-42621414.4475567,4.04134539166989e-08,1725362.15977321,128135.535369484,-4.25481561094898e-09,0.24206048061696425,0.01797683408086699,-5.969313201225246e-16,-0.25189422268781564,13.465134045743504
4,case_0004_steps_0080_mesh_49x45,52,80,49,45,0.255,-128263.074600288,-1.56384860616754e-09,1727026.83070863,1.61942750764865e-06,-42668345.3596823,9.49393665905518e-08,1727026.83070863,128263.074600288,-1.56384860616754e-09,0.24229402639424602,0.017994727256123593,-2.1940086206065994e-16,-0.2521715862099591,13.464723468470106
4,case_0004_steps_0080_mesh_49x45,53,80,49,45,0.26,-128384.784455683,2.54301413260549e-09,1728613.57871809,1.1550440603969e-06,-42713112.3905101,2.71322875278202e-07,1728613.57871809,128384.784455683,2.54301413260549e-09,0.24251663993866177,0.018011802596466404,3.5677334156623093e-16,-0.25243616110918693,13.464318112515803
4,case_0004_steps_0080_mesh_49x45,54,80,49,45,0.265,-128500.75739231,-4.53597404082018e-09,1730120.27468668,2.09432221254247e-06,-42755554.6556124,2.71317333044863e-08,1730120.27468668,128500.75739231,-4.53597404082018e-09,0.24272802254505235,0.018028073073142546,-6.363765718214951e-16,-0.25268699655225296,13.463891651662882
4,case_0004_steps_0080_mesh_49x45,55,80,49,45,0.27,-128611.427728284,-4.53151222101766e-09,1731559.87586489,1.98944746898633e-06,-42796150.5282108,1.28827934986475e-08,1731559.87586489,128611.427728284,-4.53151222101766e-09,0.2429299920568562,0.01804359961901245,-6.357505987527649e-16,-0.25292691974356535,13.463499367436757
4,case_0004_steps_0080_mesh_49x45,56,80,49,45,0.275,-128717.433836763,5.78815012586276e-09,1732937.16263346,1.38117923143e-06,-42834981.7746753,3.70175229136294e-07,1732937.16263346,128717.433836763,5.78815012586276e-09,0.24312321913979587,0.01805847179493297,8.120511936657095e-16,-0.2531564139255619,13.463111491417223
4,case_0004_steps_0080_mesh_49x45,57,80,49,45,0.28,-128819.858666327,2.65958666201271e-09,1734246.80485146,3.68544192497211e-07,-42871912.4839918,2.7575487138165e-07,1734246.80485146,128819.858666327,2.65958666201271e-09,0.2433069559992892,0.018072841533675027,3.7312793838824297e-16,-0.2533746758588451,13.46257341691049
4,case_0004_steps_0080_mesh_49x45,58,80,49,45,0.285,-128916.632678065,2.61725846550931e-09,1735497.68943547,1.05590606835904e-06,-42907183.5225472,8.00417012669641e-08,1735497.68943547,128916.632678065,2.61725846550931e-09,0.2434824494293999,0.01808641848832182,3.671894845214855e-16,-0.2535831290731615,13.462170500290787
4,case_0004_steps_0080_mesh_49x45,59,80,49,45,0.29,-129009.594582888,2.0676167444833e-09,1736690.5805001,1.10470898562198e-06,-42940813.0042911,1.35509850451854e-07,1736690.5805001,129009.594582888,2.0676167444833e-09,0.2436498066319399,0.01809946062166934,2.9007724556048984e-16,-0.2537818806226601,13.461716441440991
4,case_0004_steps_0080_mesh_49x45,60,80,49,45,0.295,-129098.656631966,-5.46685252622581e-10,1737830.17333132,1.8279966980117e-06,-42972946.568181,1.18963185968823e-07,1737830.17333132,129098.656631966,-5.46685252622581e-10,0.24380968633422168,0.018111955622954975,-7.66974598616575e-17,-0.2539717912392633,13.46125683000343
4,case_0004_steps_0080_mesh_49x45,61,80,49,45,0.3,-129182.871382043,-1.95283467174789e-09,1738921.21337592,1.93955486338382e-06,-43003708.717619,5.08796631493169e-08,1738921.21337592,129182.871382043,-1.95283467174789e-09,0.24396275430089304,0.018123770570189792,-2.7397384168370793e-16,-0.25415359674293625,13.460927093292941
4,case_0004_steps_0080_mesh_49x45,62,80,49,45,0.305,-129261.855312316,3.30532184955601e-09,1739964.92003789,2.3955376491358e-06,-43033127.1137395,2.44883381128602e-07,1739964.92003789,129261.855312316,3.30532184955601e-09,0.2441091816087997,0.01813485165714571,4.637216545901576e-16,-0.2543274606120627,13.460776312036327
4,case_0004_steps_0080_mesh_49x45,63,80,49,45,0.31,-129337.219476603,-3.98398369849673e-10,1740964.50462626,1.98090890535241e-06,-43061310.8217205,1.18319405828515e-07,1740964.50462626,129337.219476603,-3.98398369849673e-10,0.24424941879002426,0.018145424907361773,-5.589348319514727e-17,-0.254494027426101,13.460661298205803
4,case_0004_steps_0080_mesh_49x45,64,80,49,45,0.315,-129411.503831322,1.12589576550803e-08,1741915.32871724,1.25910128190299e-06,-43088114.6563785,4.51195603545784e-07,1741915.32871724,129411.503831322,1.12589576550803e-08,0.24438281509476012,0.01815584666519606,1.5795806612526028e-15,-0.25465243913495067,13.46028194670926
4,case_0004_steps_0080_mesh_49x45,65,80,49,45,0.32,-129482.563561347,3.43071338004819e-09,1742822.92233767,1.2490800145315e-06,-43113699.0023416,2.7571050509323e-07,1742822.92233767,129482.563561347,3.43071338004819e-09,0.2445101463606754,0.018165816022820448,4.813135172401554e-16,-0.25480364361802293,13.459904363972107
4,case_0004_steps_0080_mesh_49x45,66,80,49,45,0.325,-129550.261001023,2.75559486340171e-09,1743692.80690085,1.1647805422399e-06,-43138220.2218684,1.97286993852686e-07,1743692.80690085,129550.261001023,2.75559486340171e-09,0.24463218721699756,0.01817531366636832,3.8659745331863096e-16,-0.2549485649823681,13.459585441414749
4,case_0004_steps_0080_mesh_49x45,67,80,49,45,0.33,-129614.675698912,-3.93189902858637e-09,1744530.80984913,2.16690682464105e-06,-43161841.2589949,2.16045634715556e-08,1744530.80984913,129614.675698912,-3.93189902858637e-09,0.24474975522744108,0.0181843507561419,-5.516275891445859e-16,-0.2550881662335978,13.459361761638645
4,case_0004_steps_0080_mesh_49x45,68,80,49,45,0.335,-129677.017013712,-7.58874491024741e-09,1745334.28568666,1.1642287063296e-06,-43184492.7732878,-8.9768974476101e-08,1745334.28568666,129677.017013712,-7.58874491024741e-09,0.24486247924094456,0.018193096959677954,-1.0646664700792354e-15,-0.2552220375670453,13.459087245214077
4,case_0004_steps_0080_mesh_49x45,69,80,49,45,0.34,-129737.028310817,3.71821662348282e-09,1746103.9730872,3.32727029217494e-06,-43206187.8281859,3.18225460205213e-07,1746103.9730872,129737.028310817,3.71821662348282e-09,0.24497046289008403,0.01820151627230597,5.21648917486716e-16,-0.25535025618814366,13.458794268849584
4,case_0004_steps_0080_mesh_49x45,70,80,49,45,0.345,-129794.725729711,-1.27611948785855e-09,1746843.26344147,2.10902965136484e-06,-43227025.6944806,1.68457404470246e-07,1746843.26344147,129794.725729711,-1.27611948785855e-09,0.24507418197158612,0.018209610958322315,-1.7903377259433924e-16,-0.25547340879114405,13.458507297739944
4,case_0004_steps_0080_mesh_49x45,71,80,49,45,0.35,-129849.944959374,-5.92314708391939e-09,1747552.68345464,3.11480869186198e-06,-43247019.127168,-1.82975270490715e-08,1747552.68345464,129849.944959374,-5.92314708391939e-09,0.24517371037979566,0.01821735796563658,-8.309906542096403e-16,-0.25559157075857125,13.458247394724694
4,case_0004_steps_0080_mesh_49x45,72,80,49,45,0.355,-129902.958874839,7.97513100003755e-09,1748232.66817131,4.2266162836313e-07,-43266181.7100395,3.35268822482249e-07,1748232.66817131,129902.958874839,7.97513100003755e-09,0.24526910914949568,0.018224795577377488,1.1188746848986705e-15,-0.25570482237116254,13.457989589411321
4,case_0004_steps_0080_mesh_49x45,73,80,49,45,0.36,-129954.416949244,6.00169158815334e-09,1748886.73011946,1.21975801903318e-06,-43284613.534732,2.28558690196223e-07,1748886.73011946,129954.416949244,6.00169158815334e-09,0.24536087107242047,0.01823201491167872,8.420100916865757e-16,-0.2558137551743981,13.457693637319913
4,case_0004_steps_0080_mesh_49x45,74,80,49,45,0.365,-130004.208059093,-4.46729075953556e-09,1749516.39413642,2.83865028904984e-06,-43302355.539486,2.27167902266956e-08,1749516.39413642,130004.208059093,-4.46729075953556e-09,0.24544921007632708,0.01823900037841811,-6.267406191700874e-16,-0.2559186111148768,13.45738280518722
4,case_0004_steps_0080_mesh_49x45,75,80,49,45,0.37,-130051.864601513,-6.16836143274568e-09,1750120.99625339,1.96857467926748e-06,-43319389.0619544,4.69435974537191e-08,1750120.99625339,130051.864601513,-6.16836143274568e-09,0.2455340330094063,0.018245686375034754,-8.653931144669523e-16,-0.2560192798973991,13.457100377729066
4,case_0004_steps_0080_mesh_49x45,76,80,49,45,0.375,-130097.447236253,-1.08220243322243e-08,1750701.99123479,3.31727665070503e-06,-43335758.8617429,-1.22331613283677e-07,1750701.99123479,130097.447236253,-1.08220243322243e-08,0.24561554396850382,0.018252081411816137,-1.5182808990380468e-15,-0.25611602605298134,13.456851217499821
4,case_0004_steps_0080_mesh_49x45,77,80,49,45,0.38,-130141.021688645,5.72793545927652e-09,1751260.06662375,2.10775874620595e-06,-43351480.465458,2.0458736571527e-07,1751260.06662375,130141.021688645,5.72793545927652e-09,0.2456938394128005,0.018258194709728046,8.036033492224469e-16,-0.2562089413444739,13.456633764667531
4,case_0004_steps_0080_mesh_49x45,78,80,49,45,0.385,-130182.89275883,4.10232009473432e-09,1751796.23743486,1.49647803482367e-06,-43366581.7218572,2.52244888088171e-07,1751796.23743486,130182.89275883,4.10232009473432e-09,0.2457690617442368,0.018264069030846954,5.755368912846366e-16,-0.25629819035912044,13.456424268280363
4,case_0004_steps_0080_mesh_49x45,79,80,49,45,0.39,-130223.098471557,1.34590641964749e-08,1752312.29708003,2.55176018981729e-07,-43381116.8510424,5.02677409031094e-07,1752312.29708003,130223.098471557,1.34590641964749e-08,0.24584146257036438,0.018269709709872583,1.8882456240268563e-15,-0.2563840935398391,13.45623255510823
4,case_0004_steps_0080_mesh_49x45,80,80,49,45,0.395,-130261.821756545,1.69548830530886e-09,1752807.79101577,7.28392592463933e-07,-43395070.1793719,1.55968194803791e-07,1752807.79101577,130261.821756545,1.69548830530886e-09,0.24591097812079457,0.018275142411014293,2.37869314415387e-16,-0.2564665582547958,13.456036215213613
5,case_0005_steps_0100_mesh_49x45,1,100,49,45,0.0,3491533.20863563,7.43848087292331e-10,10826738.8069174,1.79071147954346e-06,-274973189.395258,1.58087003043761e-07,10826738.8069174,-3491533.20863563,7.43848087292331e-10,1.518942318441274,-0.4898462631657136,1.043585107602329e-16,-1.6251022801679602,-3.100855171630492
5,case_0005_steps_0100_mesh_49x45,2,100,49,45,0.005,-87636.1012533442,1.10999670566159e-09,1074672.03220235,1.98229088255175e-06,-23731232.888722,1.91545751704325e-07,1074672.03220235,87636.1012533442,1.10999670566159e-09,0.1507716088167275,0.01229494727737034,1.5572750018524162e-16,-0.14025251248485568,12.262891854301202
5,case_0005_steps_0100_mesh_49x45,3,100,49,45,0.01,-91045.3263465591,-3.11718822976204e-09,1128090.66788507,2.71868213985726e-06,-25199511.0661146,5.4625502343697e-08,1128090.66788507,91045.3263465591,-3.11718822976204e-09,0.1582660009673942,0.01277324608549042,-4.373273615603838e-16,-0.1489300938128727,12.39042917580474
5,case_0005_steps_0100_mesh_49x45,4,100,49,45,0.015,-93599.3341556633,-1.84365078759186e-09,1177234.10826321,1.40816644034203e-06,-26592537.3891489,1.9276251350675e-07,1177234.10826321,93599.3341556633,-1.84365078759186e-09,0.16516060261941334,0.01313156178997562,-2.586558382577434e-16,-0.15716293374492488,12.577376953401975
5,case_0005_steps_0100_mesh_49x45,5,100,49,45,0.02,-95918.3087113476,-9.7918251285023e-10,1221319.30782227,1.55113184518996e-06,-27857379.1697142,1.62589429919535e-07,1221319.30782227,95918.3087113476,-9.7918251285023e-10,0.17134555604088145,0.013456903395683048,-1.3737486262212258e-16,-0.16463819802857732,12.7329112056975
5,case_0005_steps_0100_mesh_49x45,6,100,49,45,0.025,-98069.5336773609,4.81319945011549e-09,1265226.12710469,2.15301872685814e-06,-29162254.551238,2.56679754784273e-07,1265226.12710469,98069.5336773609,4.81319945011549e-09,0.17750548351909956,0.013758710495275888,6.752700385833244e-16,-0.1723500624562077,12.901316847974003
5,case_0005_steps_0100_mesh_49x45,7,100,49,45,0.03,-100215.868121339,-6.44799991178502e-10,1304848.13184265,1.96288738152361e-06,-30348725.3654573,1.35502943976462e-07,1304848.13184265,100215.868121339,-6.44799991178502e-10,0.18306427096297098,0.014059831476822379,-9.046251239623714e-17,-0.17936215127032457,13.020374480643833
5,case_0005_steps_0100_mesh_49x45,8,100,49,45,0.035,-102307.601698871,-2.48953746506686e-10,1340745.83693881,2.01006582756236e-06,-31433414.1129707,7.44199724067585e-08,1340745.83693881,102307.601698871,-2.48953746506686e-10,0.18810055606949305,0.01435329220460755,-3.4927080780955234e-17,-0.18577270409815946,13.105046102880209
5,case_0005_steps_0100_mesh_49x45,9,100,49,45,0.04,-104363.501845516,-1.23045734712335e-09,1374878.05308795,1.82747317012399e-06,-32478482.1013823,1.24219241115497e-07,1374878.05308795,104363.501845516,-1.23045734712335e-09,0.19288915108925916,0.01464172566466604,-1.7262758148266281e-16,-0.19194909669350071,13.173935607518347
5,case_0005_steps_0100_mesh_49x45,10,100,49,45,0.045,-106335.316877091,7.45683959024745e-10,1407301.53863134,2.96551138490031e-06,-33482006.5038156,1.73471619291377e-07,1407301.53863134,106335.316877091,7.45683959024745e-10,0.19743801895995702,0.014918362364692853,1.0461607523235372e-16,-0.19787996507446973,13.234563830359269
5,case_0005_steps_0100_mesh_49x45,11,100,49,45,0.05,-107908.503993809,-3.41809125448123e-09,1434921.37900911,2.60861270362511e-06,-34319207.4833529,9.65426636412303e-08,1434921.37900911,107908.503993809,-3.41809125448123e-09,0.20131295721482498,0.015139073377401764,-4.795426903074796e-16,-0.2028278555353438,13.297574573839288
5,case_0005_steps_0100_mesh_49x45,12,100,49,45,0.055,-109333.520265704,3.2162695284832e-09,1458174.23998957,1.85802605301433e-06,-35003721.6655935,1.93999085240648e-07,1458174.23998957,109333.520265704,3.2162695284832e-09,0.20457522807938913,0.015338996693041907,4.512280180995012e-16,-0.20687336106558474,13.336936709308294
5,case_0005_steps_0100_mesh_49x45,13,100,49,45,0.06,-110691.377792349,-2.66375616009284e-09,1479920.25571623,2.24525024350442e-06,-35646998.1883374,1.01350877912409e-07,1479920.25571623,110691.377792349,-2.66375616009284e-09,0.20762609539352525,0.01552949794151733,-3.737129000459975e-16,-0.21067515041889853,13.369788010882653
5,case_0005_steps_0100_mesh_49x45,14,100,49,45,0.065,-111952.693893643,1.44733125484464e-09,1499751.66258176,2.29139891416708e-06,-36230662.423038,2.15222144106519e-07,1499751.66258176,111952.693893643,1.44733125484464e-09,0.21040835177372297,0.015706454866160485,2.0305400647345724e-16,-0.214124628823504,13.396298118619193
5,case_0005_steps_0100_mesh_49x45,15,100,49,45,0.07,-113077.510768845,3.45128953194163e-09,1517904.65012081,1.62711728535214e-06,-36762382.6274204,1.45583697985785e-07,1517904.65012081,113077.510768845,3.45128953194163e-09,0.212955133539769,0.015864261568872256,4.842002579678114e-16,-0.21726711598181064,13.423576799667416
5,case_0005_steps_0100_mesh_49x45,16,100,49,45,0.075,-114067.835002429,-3.22285709231096e-09,1534370.3827034,1.37989877657674e-06,-37242143.7855894,7.02279407960305e-08,1534370.3827034,114067.835002429,-3.22285709231096e-09,0.21526520109287683,0.01600319956434764,-4.521522234074766e-16,-0.22010252314929174,13.451385157531275
5,case_0005_steps_0100_mesh_49x45,17,100,49,45,0.08,-114957.882992086,4.05540279135863e-09,1548715.86663146,3.80539063371543e-07,-37653571.594259,2.01420135681474e-07,1548715.86663146,114957.882992086,4.05540279135863e-09,0.21727780738230976,0.01612806925789468,5.689546065509409e-16,-0.2225340775545192,13.472028418773835
5,case_0005_steps_0100_mesh_49x45,18,100,49,45,0.085,-115869.555601715,8.28912494199585e-11,1561746.86795322,1.2894543033326e-06,-38024280.5316309,1.80772758540115e-07,1561746.86795322,115869.555601715,8.28912494199585e-11,0.21910599772773853,0.016255972787482417,1.1629266099224764e-17,-0.2247249818413213,13.478491911382669
5,case_0005_steps_0100_mesh_49x45,19,100,49,45,0.09,-116728.114386955,2.6837648769984e-09,1573614.82414509,1.76916978489317e-06,-38359582.6918498,1.52679007214829e-07,1573614.82414509,116728.114386955,2.6837648769984e-09,0.22077101811981828,0.01637642468856064,3.7652003222010594e-16,-0.22670663069339797,13.481026678187737
5,case_0005_steps_0100_mesh_49x45,20,100,49,45,0.095,-117527.242391254,-4.36339675502495e-09,1584500.93548707,8.56466044751869e-07,-38665711.2593353,6.11748021128733e-08,1584500.93548707,117527.242391254,-4.36339675502495e-09,0.22229829013547198,0.016488538720794033,-6.121647618507377e-16,-0.22851586247391942,13.48198854366197
5,case_0005_steps_0100_mesh_49x45,21,100,49,45,0.1,-118324.510928348,1.8170707161147e-09,1594539.58898428,1.63972629252385e-06,-38947234.3142695,1.95365942090575e-07,1594539.58898428,118324.510928348,1.8170707161147e-09,0.2237066676616148,0.016600391878217588,2.549267748607344e-16,-0.2301796747150313,13.47598715155359
5,case_0005_steps_0100_mesh_49x45,22,100,49,45,0.105,-119013.187544211,-5.66129521040182e-09,1603907.3329391,2.51752942403982e-06,-39209809.0938274,5.5263001286221e-08,1603907.3329391,119013.187544211,-5.66129521040182e-09,0.22502091962382223,0.01669701008192699,-7.942540247460342e-16,-0.23173150190921193,13.476719395850823
5,case_0005_steps_0100_mesh_49x45,23,100,49,45,0.11,-119635.774766522,-1.13970877180236e-09,1612616.17746997,1.47532171013154e-06,-39453757.0051422,2.08829618486561e-07,1612616.17746997,119635.774766522,-1.13970877180236e-09,0.22624273098720457,0.016784356243661747,-1.598959682192822e-16,-0.23317324358516142,13.479380901048277
5,case_0005_steps_0100_mesh_49x45,24,100,49,45,0.115,-120241.145625554,-1.25524640681718e-09,1620765.18592321,2.32811646583286e-06,-39682107.924629,4.89903868583497e-08,1620765.18592321,120241.145625554,-1.25524640681718e-09,0.22738599988966054,0.01686928702776336,-1.7610537405481463e-16,-0.2345228064307341,13.479289285636684
5,case_0005_steps_0100_mesh_49x45,25,100,49,45,0.12,-120811.161157402,-4.04435429590677e-09,1628354.12349969,1.30481316773512e-06,-39894708.9498739,7.31593843283918e-08,1628354.12349969,120811.161157402,-4.04435429590677e-09,0.22845069338993781,0.016949257619917994,-5.674045527816364e-16,-0.2357792867866967,13.478507348986954
5,case_0005_steps_0100_mesh_49x45,26,100,49,45,0.125,-121349.424460388,-1.56476914758841e-09,1635460.24569551,1.78379775661597e-06,-40093882.4622931,1.29059031905854e-07,1635460.24569551,121349.424460388,-1.56476914758841e-09,0.22944765008352216,0.017024773518467894,-2.195300098442145e-16,-0.23695641001785012,13.477280613138564
5,case_0005_steps_0100_mesh_49x45,27,100,49,45,0.13,-121857.69418934,1.11278414260951e-09,1642130.44098756,2.04974867301644e-06,-40280894.7915987,2.11919427783869e-07,1642130.44098756,121857.69418934,1.11278414260951e-09,0.2303834482109222,0.01709608145470393,1.5611856493850578e-16,-0.2380616601822114,13.475804313481028
5,case_0005_steps_0100_mesh_49x45,28,100,49,45,0.135,-122327.000720653,-2.66843119822724e-09,1648386.45081311,8.65448214426578e-07,-40456369.0715823,8.40325924400531e-08,1648386.45081311,122327.000720653,-2.66843119822724e-09,0.23126113799711534,0.01716192303114214,-3.743687866790185e-16,-0.23909872002480673,13.475246193417098
5,case_0005_steps_0100_mesh_49x45,29,100,49,45,0.14,-122759.769864467,2.3140145355427e-10,1654275.22943408,1.67367591075163e-06,-40621657.7844619,1.91099189805755e-07,1654275.22943408,122759.769864467,2.3140145355427e-10,0.2320873069119513,0.01722263857793585,3.2464573739216214e-17,-0.24007558276832514,13.475711393565527
5,case_0005_steps_0100_mesh_49x45,30,100,49,45,0.145,-123162.603396029,-8.57494242278989e-10,1659808.09958324,1.12537895802234e-06,-40776979.8807139,2.86556200990162e-08,1659808.09958324,123162.603396029,-8.57494242278989e-10,0.2328635434834506,0.01727915429419066,-1.2030255053212426e-16,-0.24099354241862678,13.476559067577776
5,case_0005_steps_0100_mesh_49x45,31,100,49,45,0.15,-123547.692793358,-2.39469999385733e-09,1665005.86465848,2.11790199955431e-06,-40922921.7391582,9.96843141365389e-08,1665005.86465848,123547.692793358,-2.39469999385733e-09,0.23359276633392279,0.017333180588942718,-3.359655410100916e-16,-0.24185606449742061,13.476624508426205
5,case_0005_steps_0100_mesh_49x45,32,100,49,45,0.155,-123912.373032091,-1.76758679915068e-09,1669894.55633764,2.06118045298354e-06,-41060229.9854774,1.36532605665707e-07,1669894.55633764,123912.373032091,-1.76758679915068e-09,0.23427862758962642,0.017384343571368865,-2.4798440588893835e-16,-0.24266756159162806,13.476414949338178
5,case_0005_steps_0100_mesh_49x45,33,100,49,45,0.16,-124262.008121211,-2.6067532021834e-09,1674498.19290115,2.20653839733131e-06,-41189585.2561353,1.32081936499162e-07,1674498.19290115,124262.008121211,-2.6067532021834e-09,0.2349244969063011,0.017433395787585352,-3.657156437540423e-16,-0.24343205628931192,13.475544281143163
5,case_0005_steps_0100_mesh_49x45,34,100,49,45,0.165,-124591.812153911,-9.12452891022042e-10,1678844.45009149,1.60066417720373e-06,-41311745.4429206,9.7113911579072e-08,1678844.45009149,124591.812153911,-9.12452891022042e-10,0.2355342570650129,0.01747966579658756,-1.280129995259465e-16,-0.24415402776052025,13.474757458520441
5,case_0005_steps_0100_mesh_49x45,35,100,49,45,0.17,-124902.159414494,6.46204922905014e-10,1682941.68381949,1.20350455290463e-06,-41426939.5797554,1.88403049605768e-07,1682941.68381949,124902.159414494,6.46204922905014e-10,0.23610908036212871,0.017523206108764545,9.065961794131192e-17,-0.24483482960467065,13.474079965539785
5,case_0005_steps_0100_mesh_49x45,36,100,49,45,0.175,-125194.409370636,-3.87031401372084e-09,1686810.10798853,1.2800924196199e-06,-41535734.9545574,1.15419538815331e-07,1686810.10798853,125194.409370636,-3.87031401372084e-09,0.23665180271655384,0.017564207451261426,-5.429874910569399e-16,-0.2454778145154952,13.47352582649882
5,case_0005_steps_0100_mesh_49x45,37,100,49,45,0.18,-125470.582424759,1.0114031834263e-09,1690462.23619765,1.01631815141445e-06,-41638454.6868324,1.17746765226912e-07,1690462.23619765,125470.582424759,1.0114031834263e-09,0.23716417972944168,0.017602953277368598,1.4189527647336267e-16,-0.24608489214188295,13.472976721147925
5,case_0005_steps_0100_mesh_49x45,38,100,49,45,0.185,-125731.77885191,-1.90119586740423e-11,1693910.90460094,1.97057840978232e-06,-41735489.6697628,1.095650645766e-07,1693910.90460094,125731.77885191,-1.90119586740423e-11,0.23764801225495544,0.01763959795068166,-2.6672915179230873e-18,-0.2466583726777965,13.47241660038923
5,case_0005_steps_0100_mesh_49x45,39,100,49,45,0.19,-125980.863370136,1.45729661671368e-09,1697180.02433538,1.8617739669935e-06,-41827493.2689392,2.45834968382042e-07,1697180.02433538,125980.863370136,1.45729661671368e-09,0.23810665491709482,0.017674543378141335,2.0445210151679516e-16,-0.24720211753937393,13.471728792245282
5,case_0005_steps_0100_mesh_49x45,40,100,49,45,0.195,-126217.114133512,-5.45657813377787e-09,1700272.03291468,2.38235554661514e-06,-41914539.3204949,6.99439510754019e-08,1700272.03291468,126217.114133512,-5.45657813377787e-09,0.23854044968797092,0.017707688288040393,-7.655331479855245e-16,-0.24771656310104448,13.471010207982877
5,case_0005_steps_0100_mesh_49x45,41,100,49,45,0.2,-126438.972625879,-5.80967496333074e-10,1703196.62882457,8.24762082629604e-07,-41996874.8971097,1.32428397137119e-07,1703196.62882457,126438.972625879,-5.80967496333074e-10,0.238950757221116,0.017738814027634893,-8.150710306739501e-17,-0.24820316957198782,13.470503543746501
5,case_0005_steps_0100_mesh_49x45,42,100,49,45,0.205,-126650.067772674,-1.12159076470775e-09,1705969.28435702,1.40434156037372e-06,-42074959.1723623,7.79056676947221e-08,1705969.28435702,126650.067772674,-1.12159076470775e-09,0.2393397482088738,0.01776842971869411,-1.5735409405083552e-16,-0.2486646506859733,13.469943714669686
5,case_0005_steps_0100_mesh_49x45,43,100,49,45,0.21,-126848.944420426,-8.06717970203152e-10,1708591.57946717,1.22733797525143e-06,-42148811.964484,8.74696013397624e-08,1708591.57946717,126848.944420426,-8.06717970203152e-10,0.23970764431178002,0.017796331209790142,-1.1317887000337635e-16,-0.2491011235695213,13.46949781311733
5,case_0005_steps_0100_mesh_49x45,44,100,49,45,0.215,-127038.985863304,1.02285524494761e-09,1711074.94426397,-2.11986048270774e-07,-42218755.5739194,1.43118029427569e-07,1711074.94426397,127038.985863304,1.02285524494761e-09,0.24005604912224585,0.017822993161740124,1.43501948730663e-16,-0.24951449303083725,13.468896438650056
5,case_0005_steps_0100_mesh_49x45,45,100,49,45,0.22,-127220.069392619,1.55765261800056e-09,1713445.59819112,6.5333665588696e-07,-42285549.3270176,1.69744339473255e-07,1713445.59819112,127220.069392619,1.55765261800056e-09,0.24038864110922778,0.01784839835907189,2.1853159304076135e-16,-0.24990924671827705,13.46835924843891
5,case_0005_steps_0100_mesh_49x45,46,100,49,45,0.225,-127392.680066477,-6.48199061092924e-09,1715693.00891293,1.87006742180529e-06,-42348877.5974737,-6.47541185117007e-08,1715693.00891293,127392.680066477,-6.48199061092924e-09,0.2407039426338286,0.017872614853236327,-9.093938647886092e-16,-0.25028351926806147,13.467751899227132
5,case_0005_steps_0100_mesh_49x45,47,100,49,45,0.23,-127556.45479786,7.816168268171e-10,1717826.08282507,3.66698600373638e-07,-42408991.0707133,1.43372346883552e-07,1717826.08282507,127556.45479786,7.816168268171e-10,0.24100320322293992,0.017895591704772642,1.0965729350556923e-16,-0.2506387922408386,13.467182711743803
5,case_0005_steps_0100_mesh_49x45,48,100,49,45,0.235,-127712.466478137,-5.4142514915867e-09,1719854.14629432,2.60065417023725e-06,-42466150.0429511,4.73571049042221e-09,1719854.14629432,127712.466478137,-5.4142514915867e-09,0.2412877313234941,0.017917479435470684,-7.595949121817188e-16,-0.2509766039973957,13.466611316200213
5,case_0005_steps_0100_mesh_49x45,49,100,49,45,0.24,-127860.927706383,-3.85147480574943e-09,1721782.34346133,1.02155229342316e-06,-42520507.5179849,3.50134143900505e-08,1721782.34346133,127860.927706383,-3.85147480574943e-09,0.24155824863507816,0.017938307872015818,-5.403444356785828e-16,-0.2512978587961485,13.466055458436786
5,case_0005_steps_0100_mesh_49x45,50,100,49,45,0.245,-128001.982103567,4.91553175940851e-09,1723613.47603272,6.54516497888835e-07,-42572107.5581335,2.01898757268282e-07,1723613.47603272,128001.982103567,4.91553175940851e-09,0.24181514822441558,0.017958097163778185,6.896267971512579e-16,-0.25160281704712084,13.465521765421853
5,case_0005_steps_0100_mesh_49x45,51,100,49,45,0.25,-128135.535369484,-4.25481561094898e-09,1725362.15977321,2.65661731191358e-06,-42621414.4475567,4.04134539166989e-08,1725362.15977321,128135.535369484,-4.25481561094898e-09,0.24206048061696425,0.01797683408086699,-5.969313201225246e-16,-0.25189422268781564,13.465134045743504
5,case_0005_steps_0100_mesh_49x45,52,100,49,45,0.255,-128263.074600288,-1.56384860616754e-09,1727026.83070863,1.61942750764865e-06,-42668345.3596823,9.49393665905518e-08,1727026.83070863,128263.074600288,-1.56384860616754e-09,0.24229402639424602,0.017994727256123593,-2.1940086206065994e-16,-0.2521715862099591,13.464723468470106
5,case_0005_steps_0100_mesh_49x45,53,100,49,45,0.26,-128384.784455683,2.54301413260549e-09,1728613.57871809,1.1550440603969e-06,-42713112.3905101,2.71322875278202e-07,1728613.57871809,128384.784455683,2.54301413260549e-09,0.24251663993866177,0.018011802596466404,3.5677334156623093e-16,-0.25243616110918693,13.464318112515803
5,case_0005_steps_0100_mesh_49x45,54,100,49,45,0.265,-128500.75739231,-4.53597404082018e-09,1730120.27468668,2.09432221254247e-06,-42755554.6556124,2.71317333044863e-08,1730120.27468668,128500.75739231,-4.53597404082018e-09,0.24272802254505235,0.018028073073142546,-6.363765718214951e-16,-0.25268699655225296,13.463891651662882
5,case_0005_steps_0100_mesh_49x45,55,100,49,45,0.27,-128611.427728284,-4.53151222101766e-09,1731559.87586489,1.98944746898633e-06,-42796150.5282108,1.28827934986475e-08,1731559.87586489,128611.427728284,-4.53151222101766e-09,0.2429299920568562,0.01804359961901245,-6.357505987527649e-16,-0.25292691974356535,13.463499367436757
5,case_0005_steps_0100_mesh_49x45,56,100,49,45,0.275,-128717.433836763,5.78815012586276e-09,1732937.16263346,1.38117923143e-06,-42834981.7746753,3.70175229136294e-07,1732937.16263346,128717.433836763,5.78815012586276e-09,0.24312321913979587,0.01805847179493297,8.120511936657095e-16,-0.2531564139255619,13.463111491417223
5,case_0005_steps_0100_mesh_49x45,57,100,49,45,0.28,-128819.858666327,2.65958666201271e-09,1734246.80485146,3.68544192497211e-07,-42871912.4839918,2.7575487138165e-07,1734246.80485146,128819.858666327,2.65958666201271e-09,0.2433069559992892,0.018072841533675027,3.7312793838824297e-16,-0.2533746758588451,13.46257341691049
5,case_0005_steps_0100_mesh_49x45,58,100,49,45,0.285,-128916.632678065,2.61725846550931e-09,1735497.68943547,1.05590606835904e-06,-42907183.5225472,8.00417012669641e-08,1735497.68943547,128916.632678065,2.61725846550931e-09,0.2434824494293999,0.01808641848832182,3.671894845214855e-16,-0.2535831290731615,13.462170500290787
5,case_0005_steps_0100_mesh_49x45,59,100,49,45,0.29,-129009.594582888,2.0676167444833e-09,1736690.5805001,1.10470898562198e-06,-42940813.0042911,1.35509850451854e-07,1736690.5805001,129009.594582888,2.0676167444833e-09,0.2436498066319399,0.01809946062166934,2.9007724556048984e-16,-0.2537818806226601,13.461716441440991
5,case_0005_steps_0100_mesh_49x45,60,100,49,45,0.295,-129098.656631966,-5.46685252622581e-10,1737830.17333132,1.8279966980117e-06,-42972946.568181,1.18963185968823e-07,1737830.17333132,129098.656631966,-5.46685252622581e-10,0.24380968633422168,0.018111955622954975,-7.66974598616575e-17,-0.2539717912392633,13.46125683000343
5,case_0005_steps_0100_mesh_49x45,61,100,49,45,0.3,-129182.871382043,-1.95283467174789e-09,1738921.21337592,1.93955486338382e-06,-43003708.717619,5.08796631493169e-08,1738921.21337592,129182.871382043,-1.95283467174789e-09,0.24396275430089304,0.018123770570189792,-2.7397384168370793e-16,-0.25415359674293625,13.460927093292941
5,case_0005_steps_0100_mesh_49x45,62,100,49,45,0.305,-129261.855312316,3.30532184955601e-09,1739964.92003789,2.3955376491358e-06,-43033127.1137395,2.44883381128602e-07,1739964.92003789,129261.855312316,3.30532184955601e-09,0.2441091816087997,0.01813485165714571,4.637216545901576e-16,-0.2543274606120627,13.460776312036327
5,case_0005_steps_0100_mesh_49x45,63,100,49,45,0.31,-129337.219476603,-3.98398369849673e-10,1740964.50462626,1.98090890535241e-06,-43061310.8217205,1.18319405828515e-07,1740964.50462626,129337.219476603,-3.98398369849673e-10,0.24424941879002426,0.018145424907361773,-5.589348319514727e-17,-0.254494027426101,13.460661298205803
5,case_0005_steps_0100_mesh_49x45,64,100,49,45,0.315,-129411.503831322,1.12589576550803e-08,1741915.32871724,1.25910128190299e-06,-43088114.6563785,4.51195603545784e-07,1741915.32871724,129411.503831322,1.12589576550803e-08,0.24438281509476012,0.01815584666519606,1.5795806612526028e-15,-0.25465243913495067,13.46028194670926
5,case_0005_steps_0100_mesh_49x45,65,100,49,45,0.32,-129482.563561347,3.43071338004819e-09,1742822.92233767,1.2490800145315e-06,-43113699.0023416,2.7571050509323e-07,1742822.92233767,129482.563561347,3.43071338004819e-09,0.2445101463606754,0.018165816022820448,4.813135172401554e-16,-0.25480364361802293,13.459904363972107
5,case_0005_steps_0100_mesh_49x45,66,100,49,45,0.325,-129550.261001023,2.75559486340171e-09,1743692.80690085,1.1647805422399e-06,-43138220.2218684,1.97286993852686e-07,1743692.80690085,129550.261001023,2.75559486340171e-09,0.24463218721699756,0.01817531366636832,3.8659745331863096e-16,-0.2549485649823681,13.459585441414749
5,case_0005_steps_0100_mesh_49x45,67,100,49,45,0.33,-129614.675698912,-3.93189902858637e-09,1744530.80984913,2.16690682464105e-06,-43161841.2589949,2.16045634715556e-08,1744530.80984913,129614.675698912,-3.93189902858637e-09,0.24474975522744108,0.0181843507561419,-5.516275891445859e-16,-0.2550881662335978,13.459361761638645
5,case_0005_steps_0100_mesh_49x45,68,100,49,45,0.335,-129677.017013712,-7.58874491024741e-09,1745334.28568666,1.1642287063296e-06,-43184492.7732878,-8.9768974476101e-08,1745334.28568666,129677.017013712,-7.58874491024741e-09,0.24486247924094456,0.018193096959677954,-1.0646664700792354e-15,-0.2552220375670453,13.459087245214077
5,case_0005_steps_0100_mesh_49x45,69,100,49,45,0.34,-129737.028310817,3.71821662348282e-09,1746103.9730872,3.32727029217494e-06,-43206187.8281859,3.18225460205213e-07,1746103.9730872,129737.028310817,3.71821662348282e-09,0.24497046289008403,0.01820151627230597,5.21648917486716e-16,-0.25535025618814366,13.458794268849584
5,case_0005_steps_0100_mesh_49x45,70,100,49,45,0.345,-129794.725729711,-1.27611948785855e-09,1746843.26344147,2.10902965136484e-06,-43227025.6944806,1.68457404470246e-07,1746843.26344147,129794.725729711,-1.27611948785855e-09,0.24507418197158612,0.018209610958322315,-1.7903377259433924e-16,-0.25547340879114405,13.458507297739944
5,case_0005_steps_0100_mesh_49x45,71,100,49,45,0.35,-129849.944959374,-5.92314708391939e-09,1747552.68345464,3.11480869186198e-06,-43247019.127168,-1.82975270490715e-08,1747552.68345464,129849.944959374,-5.92314708391939e-09,0.24517371037979566,0.01821735796563658,-8.309906542096403e-16,-0.25559157075857125,13.458247394724694
5,case_0005_steps_0100_mesh_49x45,72,100,49,45,0.355,-129902.958874839,7.97513100003755e-09,1748232.66817131,4.2266162836313e-07,-43266181.7100395,3.35268822482249e-07,1748232.66817131,129902.958874839,7.97513100003755e-09,0.24526910914949568,0.018224795577377488,1.1188746848986705e-15,-0.25570482237116254,13.457989589411321
5,case_0005_steps_0100_mesh_49x45,73,100,49,45,0.36,-129954.416949244,6.00169158815334e-09,1748886.73011946,1.21975801903318e-06,-43284613.534732,2.28558690196223e-07,1748886.73011946,129954.416949244,6.00169158815334e-09,0.24536087107242047,0.01823201491167872,8.420100916865757e-16,-0.2558137551743981,13.457693637319913
5,case_0005_steps_0100_mesh_49x45,74,100,49,45,0.365,-130004.208059093,-4.46729075953556e-09,1749516.39413642,2.83865028904984e-06,-43302355.539486,2.27167902266956e-08,1749516.39413642,130004.208059093,-4.46729075953556e-09,0.24544921007632708,0.01823900037841811,-6.267406191700874e-16,-0.2559186111148768,13.45738280518722
5,case_0005_steps_0100_mesh_49x45,75,100,49,45,0.37,-130051.864601513,-6.16836143274568e-09,1750120.99625339,1.96857467926748e-06,-43319389.0619544,4.69435974537191e-08,1750120.99625339,130051.864601513,-6.16836143274568e-09,0.2455340330094063,0.018245686375034754,-8.653931144669523e-16,-0.2560192798973991,13.457100377729066
5,case_0005_steps_0100_mesh_49x45,76,100,49,45,0.375,-130097.447236253,-1.08220243322243e-08,1750701.99123479,3.31727665070503e-06,-43335758.8617429,-1.22331613283677e-07,1750701.99123479,130097.447236253,-1.08220243322243e-08,0.24561554396850382,0.018252081411816137,-1.5182808990380468e-15,-0.25611602605298134,13.456851217499821
5,case_0005_steps_0100_mesh_49x45,77,100,49,45,0.38,-130141.021688645,5.72793545927652e-09,1751260.06662375,2.10775874620595e-06,-43351480.465458,2.0458736571527e-07,1751260.06662375,130141.021688645,5.72793545927652e-09,0.2456938394128005,0.018258194709728046,8.036033492224469e-16,-0.2562089413444739,13.456633764667531
5,case_0005_steps_0100_mesh_49x45,78,100,49,45,0.385,-130182.89275883,4.10232009473432e-09,1751796.23743486,1.49647803482367e-06,-43366581.7218572,2.52244888088171e-07,1751796.23743486,130182.89275883,4.10232009473432e-09,0.2457690617442368,0.018264069030846954,5.755368912846366e-16,-0.25629819035912044,13.456424268280363
5,case_0005_steps_0100_mesh_49x45,79,100,49,45,0.39,-130223.098471557,1.34590641964749e-08,1752312.29708003,2.55176018981729e-07,-43381116.8510424,5.02677409031094e-07,1752312.29708003,130223.098471557,1.34590641964749e-08,0.24584146257036438,0.018269709709872583,1.8882456240268563e-15,-0.2563840935398391,13.45623255510823
5,case_0005_steps_0100_mesh_49x45,80,100,49,45,0.395,-130261.821756545,1.69548830530886e-09,1752807.79101577,7.28392592463933e-07,-43395070.1793719,1.55968194803791e-07,1752807.79101577,130261.821756545,1.69548830530886e-09,0.24591097812079457,0.018275142411014293,2.37869314415387e-16,-0.2564665582547958,13.456036215213613
5,case_0005_steps_0100_mesh_49x45,81,100,49,45,0.4,-130299.044025744,3.36773409159719e-09,1753285.76754002,1.45154569963779e-06,-43408534.7263721,2.57986414453626e-07,1753285.76754002,130299.044025744,3.36773409159719e-09,0.24597803605789384,0.01828036452645303,4.72477808896252e-16,-0.2565461342530216,13.45586056021725
5,case_0005_steps_0100_mesh_49x45,82,100,49,45,0.405,-130334.749629712,-6.69951205622965e-09,1753746.27183995,1.89917989246169e-06,-43421497.0361498,-3.65891139608721e-08,1753746.27183995,130334.749629712,-6.69951205622965e-09,0.24604264272121715,0.018285373860643106,-9.399111363629638e-16,-0.2566227420096625,13.455707528670882
5,case_0005_steps_0100_mesh_49x45,83,100,49,45,0.41,-130369.331885287,-1.07660841353052e-08,1754190.78514525,6.97011728334473e-07,-43434010.9210923,-1.26444291481675e-07,1754190.78514525,130369.331885287,-1.07660841353052e-08,0.24610500592056753,0.018290225594151856,-1.5104327432897924e-15,-0.25669669955802765,13.455547863732063
5,case_0005_steps_0100_mesh_49x45,84,100,49,45,0.415,-130402.847182264,-1.0794258598068e-08,1754619.19395291,1.35042762394733e-06,-43446071.8950838,-5.79724996896402e-08,1754619.19395291,130402.847182264,-1.0794258598068e-08,0.24616510973198782,0.018294927638211604,-1.5143854925481767e-15,-0.25676798038499754,13.455374877670266
5,case_0005_steps_0100_mesh_49x45,85,100,49,45,0.42,-130434.906714875,-1.09519848190409e-08,1755031.60241649,1.65553331044066e-06,-43457679.9944368,-1.20087861432694e-07,1755031.60241649,130434.906714875,-1.09519848190409e-08,0.24622296876774982,0.018299425445137654,-1.536513765524568e-15,-0.2568365847051804,13.45522948280181
5,case_0005_steps_0100_mesh_49x45,86,100,49,45,0.425,-130465.855524821,-1.86813202684988e-08,1755429.46885205,2.15488410049147e-06,-43468879.4298505,-4.3411722572273e-07,1755429.46885205,130465.855524821,-1.86813202684988e-08,0.24627878762297825,0.01830376742271472,-2.6209044501976614e-15,-0.25690277380553384,13.455087247084975
5,case_0005_steps_0100_mesh_49x45,87,100,49,45,0.43,-130495.906035278,-1.24619792818415e-08,1755813.44006921,2.07129949103546e-06,-43479684.9370563,-1.01381743888851e-07,1755813.44006921,130495.906035278,-1.24619792818415e-08,0.24633265704212737,0.01830798337295033,-1.7483591356829773e-15,-0.2569666347748056,13.454931219026495
5,case_0005_steps_0100_mesh_49x45,88,100,49,45,0.435,-130524.903935255,-1.12298005894296e-08,1756184.15665905,1.48932736010465e-06,-43490115.8996364,-2.17518504541658e-07,1756184.15665905,130524.903935255,-1.12298005894296e-08,0.24638466689721839,0.01831205164671277,-1.5754900572684998e-15,-0.2570282821707228,13.454782219415996
5,case_0005_steps_0100_mesh_49x45,89,100,49,45,0.44,-130553.122306142,-1.89728711630366e-08,1756541.69134818,8.45881231725798e-08,-43500176.7701633,-2.95647168968571e-07,1756541.69134818,130553.122306142,-1.89728711630366e-08,0.24643482739146466,0.018316010556081706,-2.6618077175241007e-15,-0.2570877423081627,13.454612653607455
5,case_0005_steps_0100_mesh_49x45,90,100,49,45,0.445,-130580.524007749,-1.39608952176573e-08,1756884.03964552,1.89408206097141e-06,-43509803.9874589,-1.50622895489505e-07,1756884.03964552,130580.524007749,-1.39608952176573e-08,0.24648285730386488,0.018319854890457038,-1.9586502387843057e-15,-0.25714463953808236,13.454411008040232
5,case_0005_steps_0100_mesh_49x45,91,100,49,45,0.45,-130606.943871645,-1.51856029972919e-08,1757215.15784103,2.31851015541906e-06,-43519124.6307378,-2.25700944156415e-07,1757215.15784103,130606.943871645,-1.51856029972919e-08,0.24652931168394512,0.018323561477457496,-2.130471182042186e-15,-0.25719972490359916,13.454224605147695
5,case_0005_steps_0100_mesh_49x45,92,100,49,45,0.455,-130632.367932708,-1.60912991820084e-08,1757534.72707417,2.29796148687456e-06,-43528113.7388164,-2.13262353554455e-07,1757534.72707417,130632.367932708,-1.60912991820084e-08,0.24657414579701875,0.01832712835783985,-2.257536246338162e-15,-0.25725285088314415,13.454052428870616
5,case_0005_steps_0100_mesh_49x45,93,100,49,45,0.46,-130656.849862098,-1.3136902177191e-08,1757843.44704483,1.85824228537967e-06,-43536796.9200808,-2.65510095687205e-07,1757843.44704483,130656.849862098,-1.3136902177191e-08,0.24661745780780486,0.018330563061424256,-1.843047754824345e-15,-0.2573041688232783,13.453894295631258
5,case_0005_steps_0100_mesh_49x45,94,100,49,45,0.465,-130680.436966963,-1.99425636004946e-08,1758142.18279268,2.47208333803428e-06,-43545199.6440054,-1.95196435015532e-07,1758142.18279268,130680.436966963,-1.99425636004946e-08,0.2466593690774432,0.018333872225188886,-2.7978511656385372e-15,-0.2573538292495894,13.453751943277874
5,case_0005_steps_0100_mesh_49x45,95,100,49,45,0.47,-130703.212807475,-1.46074071727398e-08,1758431.86856205,1.22281755920994e-06,-43553346.8635825,-1.8340713836551e-07,1758431.86856205,130703.212807475,-1.46074071727398e-08,0.24670001067617328,0.01833706757224664,-2.0493529319466814e-15,-0.25740197963523564,13.453623907104785
5,case_0005_steps_0100_mesh_49x45,96,100,49,45,0.475,-130725.026080463,-5.29461563480993e-09,1758712.32950419,1.73827663729753e-06,-43561234.408622,4.73784211862949e-09,1758712.32950419,130725.026080463,-5.29461563480993e-09,0.24673935807350905,0.018340127875449298,-7.428105444323914e-16,-0.2574485953342309,13.453524411015831
5,case_0005_steps_0100_mesh_49x45,97,100,49,45,0.48,-130745.88630887,-1.68357805474528e-08,1758983.85175808,1.68280200796289e-06,-43568866.3317127,-2.198401887199e-07,1758983.85175808,130745.88630887,-1.68357805474528e-08,0.24677745141345078,0.018343054470822552,-2.361983603149055e-15,-0.25749370029753316,13.453454647152045
5,case_0005_steps_0100_mesh_49x45,98,100,49,45,0.485,-130766.034968968,-1.17112664010932e-08,1759247.54602072,2.2191416064743e-06,-43576277.9691196,-1.36079535195677e-07,1759247.54602072,130766.034968968,-1.17112664010932e-08,0.24681444652174672,0.018345881236391443,-1.6430375255561126e-15,-0.25753750336384745,13.453398250074692
5,case_0005_steps_0100_mesh_49x45,99,100,49,45,0.49,-130785.576725244,-1.09401001591181e-08,1759503.18730891,1.05473725398042e-06,-43583463.2256104,-9.93914284208586e-08,1759503.18730891,130785.576725244,-1.09401001591181e-08,0.24685031183427505,0.01834862285610848,-1.534846401674847e-15,-0.257579968510113,13.453342726050723
5,case_0005_steps_0100_mesh_49x45,100,100,49,45,0.495,-130804.942939965,-2.33718347453227e-08,1759750.37461786,8.83378334037843e-07,-43590407.9674353,-3.56939608536777e-07,1759750.37461786,130804.942939965,-2.33718347453227e-08,0.2468849910918836,0.018351339848142034,-3.278962343822767e-15,-0.2576210122053171,13.453240642637834
6,case_0006_steps_0120_mesh_49x45,1,120,49,45,0.0,3491533.20863563,7.43848087292331e-10,10826738.8069174,1.79071147954346e-06,-274973189.395258,1.58087003043761e-07,10826738.8069174,-3491533.20863563,7.43848087292331e-10,1.518942318441274,-0.4898462631657136,1.043585107602329e-16,-1.6251022801679602,-3.100855171630492
6,case_0006_steps_0120_mesh_49x45,2,120,49,45,0.005,-87636.1012533442,1.10999670566159e-09,1074672.03220235,1.98229088255175e-06,-23731232.888722,1.91545751704325e-07,1074672.03220235,87636.1012533442,1.10999670566159e-09,0.1507716088167275,0.01229494727737034,1.5572750018524162e-16,-0.14025251248485568,12.262891854301202
6,case_0006_steps_0120_mesh_49x45,3,120,49,45,0.01,-91045.3263465591,-3.11718822976204e-09,1128090.66788507,2.71868213985726e-06,-25199511.0661146,5.4625502343697e-08,1128090.66788507,91045.3263465591,-3.11718822976204e-09,0.1582660009673942,0.01277324608549042,-4.373273615603838e-16,-0.1489300938128727,12.39042917580474
6,case_0006_steps_0120_mesh_49x45,4,120,49,45,0.015,-93599.3341556633,-1.84365078759186e-09,1177234.10826321,1.40816644034203e-06,-26592537.3891489,1.9276251350675e-07,1177234.10826321,93599.3341556633,-1.84365078759186e-09,0.16516060261941334,0.01313156178997562,-2.586558382577434e-16,-0.15716293374492488,12.577376953401975
6,case_0006_steps_0120_mesh_49x45,5,120,49,45,0.02,-95918.3087113476,-9.7918251285023e-10,1221319.30782227,1.55113184518996e-06,-27857379.1697142,1.62589429919535e-07,1221319.30782227,95918.3087113476,-9.7918251285023e-10,0.17134555604088145,0.013456903395683048,-1.3737486262212258e-16,-0.16463819802857732,12.7329112056975
6,case_0006_steps_0120_mesh_49x45,6,120,49,45,0.025,-98069.5336773609,4.81319945011549e-09,1265226.12710469,2.15301872685814e-06,-29162254.551238,2.56679754784273e-07,1265226.12710469,98069.5336773609,4.81319945011549e-09,0.17750548351909956,0.013758710495275888,6.752700385833244e-16,-0.1723500624562077,12.901316847974003
6,case_0006_steps_0120_mesh_49x45,7,120,49,45,0.03,-100215.868121339,-6.44799991178502e-10,1304848.13184265,1.96288738152361e-06,-30348725.3654573,1.35502943976462e-07,1304848.13184265,100215.868121339,-6.44799991178502e-10,0.18306427096297098,0.014059831476822379,-9.046251239623714e-17,-0.17936215127032457,13.020374480643833
6,case_0006_steps_0120_mesh_49x45,8,120,49,45,0.035,-102307.601698871,-2.48953746506686e-10,1340745.83693881,2.01006582756236e-06,-31433414.1129707,7.44199724067585e-08,1340745.83693881,102307.601698871,-2.48953746506686e-10,0.18810055606949305,0.01435329220460755,-3.4927080780955234e-17,-0.18577270409815946,13.105046102880209
6,case_0006_steps_0120_mesh_49x45,9,120,49,45,0.04,-104363.501845516,-1.23045734712335e-09,1374878.05308795,1.82747317012399e-06,-32478482.1013823,1.24219241115497e-07,1374878.05308795,104363.501845516,-1.23045734712335e-09,0.19288915108925916,0.01464172566466604,-1.7262758148266281e-16,-0.19194909669350071,13.173935607518347
6,case_0006_steps_0120_mesh_49x45,10,120,49,45,0.045,-106335.316877091,7.45683959024745e-10,1407301.53863134,2.96551138490031e-06,-33482006.5038156,1.73471619291377e-07,1407301.53863134,106335.316877091,7.45683959024745e-10,0.19743801895995702,0.014918362364692853,1.0461607523235372e-16,-0.19787996507446973,13.234563830359269
6,case_0006_steps_0120_mesh_49x45,11,120,49,45,0.05,-107908.503993809,-3.41809125448123e-09,1434921.37900911,2.60861270362511e-06,-34319207.4833529,9.65426636412303e-08,1434921.37900911,107908.503993809,-3.41809125448123e-09,0.20131295721482498,0.015139073377401764,-4.795426903074796e-16,-0.2028278555353438,13.297574573839288
6,case_0006_steps_0120_mesh_49x45,12,120,49,45,0.055,-109333.520265704,3.2162695284832e-09,1458174.23998957,1.85802605301433e-06,-35003721.6655935,1.93999085240648e-07,1458174.23998957,109333.520265704,3.2162695284832e-09,0.20457522807938913,0.015338996693041907,4.512280180995012e-16,-0.20687336106558474,13.336936709308294
6,case_0006_steps_0120_mesh_49x45,13,120,49,45,0.06,-110691.377792349,-2.66375616009284e-09,1479920.25571623,2.24525024350442e-06,-35646998.1883374,1.01350877912409e-07,1479920.25571623,110691.377792349,-2.66375616009284e-09,0.20762609539352525,0.01552949794151733,-3.737129000459975e-16,-0.21067515041889853,13.369788010882653
6,case_0006_steps_0120_mesh_49x45,14,120,49,45,0.065,-111952.693893643,1.44733125484464e-09,1499751.66258176,2.29139891416708e-06,-36230662.423038,2.15222144106519e-07,1499751.66258176,111952.693893643,1.44733125484464e-09,0.21040835177372297,0.015706454866160485,2.0305400647345724e-16,-0.214124628823504,13.396298118619193
6,case_0006_steps_0120_mesh_49x45,15,120,49,45,0.07,-113077.510768845,3.45128953194163e-09,1517904.65012081,1.62711728535214e-06,-36762382.6274204,1.45583697985785e-07,1517904.65012081,113077.510768845,3.45128953194163e-09,0.212955133539769,0.015864261568872256,4.842002579678114e-16,-0.21726711598181064,13.423576799667416
6,case_0006_steps_0120_mesh_49x45,16,120,49,45,0.075,-114067.835002429,-3.22285709231096e-09,1534370.3827034,1.37989877657674e-06,-37242143.7855894,7.02279407960305e-08,1534370.3827034,114067.835002429,-3.22285709231096e-09,0.21526520109287683,0.01600319956434764,-4.521522234074766e-16,-0.22010252314929174,13.451385157531275
6,case_0006_steps_0120_mesh_49x45,17,120,49,45,0.08,-114957.882992086,4.05540279135863e-09,1548715.86663146,3.80539063371543e-07,-37653571.594259,2.01420135681474e-07,1548715.86663146,114957.882992086,4.05540279135863e-09,0.21727780738230976,0.01612806925789468,5.689546065509409e-16,-0.2225340775545192,13.472028418773835
6,case_0006_steps_0120_mesh_49x45,18,120,49,45,0.085,-115869.555601715,8.28912494199585e-11,1561746.86795322,1.2894543033326e-06,-38024280.5316309,1.80772758540115e-07,1561746.86795322,115869.555601715,8.28912494199585e-11,0.21910599772773853,0.016255972787482417,1.1629266099224764e-17,-0.2247249818413213,13.478491911382669
6,case_0006_steps_0120_mesh_49x45,19,120,49,45,0.09,-116728.114386955,2.6837648769984e-09,1573614.82414509,1.76916978489317e-06,-38359582.6918498,1.52679007214829e-07,1573614.82414509,116728.114386955,2.6837648769984e-09,0.22077101811981828,0.01637642468856064,3.7652003222010594e-16,-0.22670663069339797,13.481026678187737
6,case_0006_steps_0120_mesh_49x45,20,120,49,45,0.095,-117527.242391254,-4.36339675502495e-09,1584500.93548707,8.56466044751869e-07,-38665711.2593353,6.11748021128733e-08,1584500.93548707,117527.242391254,-4.36339675502495e-09,0.22229829013547198,0.016488538720794033,-6.121647618507377e-16,-0.22851586247391942,13.48198854366197
6,case_0006_steps_0120_mesh_49x45,21,120,49,45,0.1,-118324.510928348,1.8170707161147e-09,1594539.58898428,1.63972629252385e-06,-38947234.3142695,1.95365942090575e-07,1594539.58898428,118324.510928348,1.8170707161147e-09,0.2237066676616148,0.016600391878217588,2.549267748607344e-16,-0.2301796747150313,13.47598715155359
6,case_0006_steps_0120_mesh_49x45,22,120,49,45,0.105,-119013.187544211,-5.66129521040182e-09,1603907.3329391,2.51752942403982e-06,-39209809.0938274,5.5263001286221e-08,1603907.3329391,119013.187544211,-5.66129521040182e-09,0.22502091962382223,0.01669701008192699,-7.942540247460342e-16,-0.23173150190921193,13.476719395850823
6,case_0006_steps_0120_mesh_49x45,23,120,49,45,0.11,-119635.774766522,-1.13970877180236e-09,1612616.17746997,1.47532171013154e-06,-39453757.0051422,2.08829618486561e-07,1612616.17746997,119635.774766522,-1.13970877180236e-09,0.22624273098720457,0.016784356243661747,-1.598959682192822e-16,-0.23317324358516142,13.479380901048277
6,case_0006_steps_0120_mesh_49x45,24,120,49,45,0.115,-120241.145625554,-1.25524640681718e-09,1620765.18592321,2.32811646583286e-06,-39682107.924629,4.89903868583497e-08,1620765.18592321,120241.145625554,-1.25524640681718e-09,0.22738599988966054,0.01686928702776336,-1.7610537405481463e-16,-0.2345228064307341,13.479289285636684
6,case_0006_steps_0120_mesh_49x45,25,120,49,45,0.12,-120811.161157402,-4.04435429590677e-09,1628354.12349969,1.30481316773512e-06,-39894708.9498739,7.31593843283918e-08,1628354.12349969,120811.161157402,-4.04435429590677e-09,0.22845069338993781,0.016949257619917994,-5.674045527816364e-16,-0.2357792867866967,13.478507348986954
6,case_0006_steps_0120_mesh_49x45,26,120,49,45,0.125,-121349.424460388,-1.56476914758841e-09,1635460.24569551,1.78379775661597e-06,-40093882.4622931,1.29059031905854e-07,1635460.24569551,121349.424460388,-1.56476914758841e-09,0.22944765008352216,0.017024773518467894,-2.195300098442145e-16,-0.23695641001785012,13.477280613138564
6,case_0006_steps_0120_mesh_49x45,27,120,49,45,0.13,-121857.69418934,1.11278414260951e-09,1642130.44098756,2.04974867301644e-06,-40280894.7915987,2.11919427783869e-07,1642130.44098756,121857.69418934,1.11278414260951e-09,0.2303834482109222,0.01709608145470393,1.5611856493850578e-16,-0.2380616601822114,13.475804313481028
6,case_0006_steps_0120_mesh_49x45,28,120,49,45,0.135,-122327.000720653,-2.66843119822724e-09,1648386.45081311,8.65448214426578e-07,-40456369.0715823,8.40325924400531e-08,1648386.45081311,122327.000720653,-2.66843119822724e-09,0.23126113799711534,0.01716192303114214,-3.743687866790185e-16,-0.23909872002480673,13.475246193417098
6,case_0006_steps_0120_mesh_49x45,29,120,49,45,0.14,-122759.769864467,2.3140145355427e-10,1654275.22943408,1.67367591075163e-06,-40621657.7844619,1.91099189805755e-07,1654275.22943408,122759.769864467,2.3140145355427e-10,0.2320873069119513,0.01722263857793585,3.2464573739216214e-17,-0.24007558276832514,13.475711393565527
6,case_0006_steps_0120_mesh_49x45,30,120,49,45,0.145,-123162.603396029,-8.57494242278989e-10,1659808.09958324,1.12537895802234e-06,-40776979.8807139,2.86556200990162e-08,1659808.09958324,123162.603396029,-8.57494242278989e-10,0.2328635434834506,0.01727915429419066,-1.2030255053212426e-16,-0.24099354241862678,13.476559067577776
6,case_0006_steps_0120_mesh_49x45,31,120,49,45,0.15,-123547.692793358,-2.39469999385733e-09,1665005.86465848,2.11790199955431e-06,-40922921.7391582,9.96843141365389e-08,1665005.86465848,123547.692793358,-2.39469999385733e-09,0.23359276633392279,0.017333180588942718,-3.359655410100916e-16,-0.24185606449742061,13.476624508426205
6,case_0006_steps_0120_mesh_49x45,32,120,49,45,0.155,-123912.373032091,-1.76758679915068e-09,1669894.55633764,2.06118045298354e-06,-41060229.9854774,1.36532605665707e-07,1669894.55633764,123912.373032091,-1.76758679915068e-09,0.23427862758962642,0.017384343571368865,-2.4798440588893835e-16,-0.24266756159162806,13.476414949338178
6,case_0006_steps_0120_mesh_49x45,33,120,49,45,0.16,-124262.008121211,-2.6067532021834e-09,1674498.19290115,2.20653839733131e-06,-41189585.2561353,1.32081936499162e-07,1674498.19290115,124262.008121211,-2.6067532021834e-09,0.2349244969063011,0.017433395787585352,-3.657156437540423e-16,-0.24343205628931192,13.475544281143163
6,case_0006_steps_0120_mesh_49x45,34,120,49,45,0.165,-124591.812153911,-9.12452891022042e-10,1678844.45009149,1.60066417720373e-06,-41311745.4429206,9.7113911579072e-08,1678844.45009149,124591.812153911,-9.12452891022042e-10,0.2355342570650129,0.01747966579658756,-1.280129995259465e-16,-0.24415402776052025,13.474757458520441
6,case_0006_steps_0120_mesh_49x45,35,120,49,45,0.17,-124902.159414494,6.46204922905014e-10,1682941.68381949,1.20350455290463e-06,-41426939.5797554,1.88403049605768e-07,1682941.68381949,124902.159414494,6.46204922905014e-10,0.23610908036212871,0.017523206108764545,9.065961794131192e-17,-0.24483482960467065,13.474079965539785
6,case_0006_steps_0120_mesh_49x45,36,120,49,45,0.175,-125194.409370636,-3.87031401372084e-09,1686810.10798853,1.2800924196199e-06,-41535734.9545574,1.15419538815331e-07,1686810.10798853,125194.409370636,-3.87031401372084e-09,0.23665180271655384,0.017564207451261426,-5.429874910569399e-16,-0.2454778145154952,13.47352582649882
6,case_0006_steps_0120_mesh_49x45,37,120,49,45,0.18,-125470.582424759,1.0114031834263e-09,1690462.23619765,1.01631815141445e-06,-41638454.6868324,1.17746765226912e-07,1690462.23619765,125470.582424759,1.0114031834263e-09,0.23716417972944168,0.017602953277368598,1.4189527647336267e-16,-0.24608489214188295,13.472976721147925
6,case_0006_steps_0120_mesh_49x45,38,120,49,45,0.185,-125731.77885191,-1.90119586740423e-11,1693910.90460094,1.97057840978232e-06,-41735489.6697628,1.095650645766e-07,1693910.90460094,125731.77885191,-1.90119586740423e-11,0.23764801225495544,0.01763959795068166,-2.6672915179230873e-18,-0.2466583726777965,13.47241660038923
6,case_0006_steps_0120_mesh_49x45,39,120,49,45,0.19,-125980.863370136,1.45729661671368e-09,1697180.02433538,1.8617739669935e-06,-41827493.2689392,2.45834968382042e-07,1697180.02433538,125980.863370136,1.45729661671368e-09,0.23810665491709482,0.017674543378141335,2.0445210151679516e-16,-0.24720211753937393,13.471728792245282
6,case_0006_steps_0120_mesh_49x45,40,120,49,45,0.195,-126217.114133512,-5.45657813377787e-09,1700272.03291468,2.38235554661514e-06,-41914539.3204949,6.99439510754019e-08,1700272.03291468,126217.114133512,-5.45657813377787e-09,0.23854044968797092,0.017707688288040393,-7.655331479855245e-16,-0.24771656310104448,13.471010207982877
6,case_0006_steps_0120_mesh_49x45,41,120,49,45,0.2,-126438.972625879,-5.80967496333074e-10,1703196.62882457,8.24762082629604e-07,-41996874.8971097,1.32428397137119e-07,1703196.62882457,126438.972625879,-5.80967496333074e-10,0.238950757221116,0.017738814027634893,-8.150710306739501e-17,-0.24820316957198782,13.470503543746501
6,case_0006_steps_0120_mesh_49x45,42,120,49,45,0.205,-126650.067772674,-1.12159076470775e-09,1705969.28435702,1.40434156037372e-06,-42074959.1723623,7.79056676947221e-08,1705969.28435702,126650.067772674,-1.12159076470775e-09,0.2393397482088738,0.01776842971869411,-1.5735409405083552e-16,-0.2486646506859733,13.469943714669686
6,case_0006_steps_0120_mesh_49x45,43,120,49,45,0.21,-126848.944420426,-8.06717970203152e-10,1708591.57946717,1.22733797525143e-06,-42148811.964484,8.74696013397624e-08,1708591.57946717,126848.944420426,-8.06717970203152e-10,0.23970764431178002,0.017796331209790142,-1.1317887000337635e-16,-0.2491011235695213,13.46949781311733
6,case_0006_steps_0120_mesh_49x45,44,120,49,45,0.215,-127038.985863304,1.02285524494761e-09,1711074.94426397,-2.11986048270774e-07,-42218755.5739194,1.43118029427569e-07,1711074.94426397,127038.985863304,1.02285524494761e-09,0.24005604912224585,0.017822993161740124,1.43501948730663e-16,-0.24951449303083725,13.468896438650056
6,case_0006_steps_0120_mesh_49x45,45,120,49,45,0.22,-127220.069392619,1.55765261800056e-09,1713445.59819112,6.5333665588696e-07,-42285549.3270176,1.69744339473255e-07,1713445.59819112,127220.069392619,1.55765261800056e-09,0.24038864110922778,0.01784839835907189,2.1853159304076135e-16,-0.24990924671827705,13.46835924843891
6,case_0006_steps_0120_mesh_49x45,46,120,49,45,0.225,-127392.680066477,-6.48199061092924e-09,1715693.00891293,1.87006742180529e-06,-42348877.5974737,-6.47541185117007e-08,1715693.00891293,127392.680066477,-6.48199061092924e-09,0.2407039426338286,0.017872614853236327,-9.093938647886092e-16,-0.25028351926806147,13.467751899227132
6,case_0006_steps_0120_mesh_49x45,47,120,49,45,0.23,-127556.45479786,7.816168268171e-10,1717826.08282507,3.66698600373638e-07,-42408991.0707133,1.43372346883552e-07,1717826.08282507,127556.45479786,7.816168268171e-10,0.24100320322293992,0.017895591704772642,1.0965729350556923e-16,-0.2506387922408386,13.467182711743803
6,case_0006_steps_0120_mesh_49x45,48,120,49,45,0.235,-127712.466478137,-5.4142514915867e-09,1719854.14629432,2.60065417023725e-06,-42466150.0429511,4.73571049042221e-09,1719854.14629432,127712.466478137,-5.4142514915867e-09,0.2412877313234941,0.017917479435470684,-7.595949121817188e-16,-0.2509766039973957,13.466611316200213
6,case_0006_steps_0120_mesh_49x45,49,120,49,45,0.24,-127860.927706383,-3.85147480574943e-09,1721782.34346133,1.02155229342316e-06,-42520507.5179849,3.50134143900505e-08,1721782.34346133,127860.927706383,-3.85147480574943e-09,0.24155824863507816,0.017938307872015818,-5.403444356785828e-16,-0.2512978587961485,13.466055458436786
6,case_0006_steps_0120_mesh_49x45,50,120,49,45,0.245,-128001.982103567,4.91553175940851e-09,1723613.47603272,6.54516497888835e-07,-42572107.5581335,2.01898757268282e-07,1723613.47603272,128001.982103567,4.91553175940851e-09,0.24181514822441558,0.017958097163778185,6.896267971512579e-16,-0.25160281704712084,13.465521765421853
6,case_0006_steps_0120_mesh_49x45,51,120,49,45,0.25,-128135.535369484,-4.25481561094898e-09,1725362.15977321,2.65661731191358e-06,-42621414.4475567,4.04134539166989e-08,1725362.15977321,128135.535369484,-4.25481561094898e-09,0.24206048061696425,0.01797683408086699,-5.969313201225246e-16,-0.25189422268781564,13.465134045743504
6,case_0006_steps_0120_mesh_49x45,52,120,49,45,0.255,-128263.074600288,-1.56384860616754e-09,1727026.83070863,1.61942750764865e-06,-42668345.3596823,9.49393665905518e-08,1727026.83070863,128263.074600288,-1.56384860616754e-09,0.24229402639424602,0.017994727256123593,-2.1940086206065994e-16,-0.2521715862099591,13.464723468470106
6,case_0006_steps_0120_mesh_49x45,53,120,49,45,0.26,-128384.784455683,2.54301413260549e-09,1728613.57871809,1.1550440603969e-06,-42713112.3905101,2.71322875278202e-07,1728613.57871809,128384.784455683,2.54301413260549e-09,0.24251663993866177,0.018011802596466404,3.5677334156623093e-16,-0.25243616110918693,13.464318112515803
6,case_0006_steps_0120_mesh_49x45,54,120,49,45,0.265,-128500.75739231,-4.53597404082018e-09,1730120.27468668,2.09432221254247e-06,-42755554.6556124,2.71317333044863e-08,1730120.27468668,128500.75739231,-4.53597404082018e-09,0.24272802254505235,0.018028073073142546,-6.363765718214951e-16,-0.25268699655225296,13.463891651662882
6,case_0006_steps_0120_mesh_49x45,55,120,49,45,0.27,-128611.427728284,-4.53151222101766e-09,1731559.87586489,1.98944746898633e-06,-42796150.5282108,1.28827934986475e-08,1731559.87586489,128611.427728284,-4.53151222101766e-09,0.2429299920568562,0.01804359961901245,-6.357505987527649e-16,-0.25292691974356535,13.463499367436757
6,case_0006_steps_0120_mesh_49x45,56,120,49,45,0.275,-128717.433836763,5.78815012586276e-09,1732937.16263346,1.38117923143e-06,-42834981.7746753,3.70175229136294e-07,1732937.16263346,128717.433836763,5.78815012586276e-09,0.24312321913979587,0.01805847179493297,8.120511936657095e-16,-0.2531564139255619,13.463111491417223
6,case_0006_steps_0120_mesh_49x45,57,120,49,45,0.28,-128819.858666327,2.65958666201271e-09,1734246.80485146,3.68544192497211e-07,-42871912.4839918,2.7575487138165e-07,1734246.80485146,128819.858666327,2.65958666201271e-09,0.2433069559992892,0.018072841533675027,3.7312793838824297e-16,-0.2533746758588451,13.46257341691049
6,case_0006_steps_0120_mesh_49x45,58,120,49,45,0.285,-128916.632678065,2.61725846550931e-09,1735497.68943547,1.05590606835904e-06,-42907183.5225472,8.00417012669641e-08,1735497.68943547,128916.632678065,2.61725846550931e-09,0.2434824494293999,0.01808641848832182,3.671894845214855e-16,-0.2535831290731615,13.462170500290787
6,case_0006_steps_0120_mesh_49x45,59,120,49,45,0.29,-129009.594582888,2.0676167444833e-09,1736690.5805001,1.10470898562198e-06,-42940813.0042911,1.35509850451854e-07,1736690.5805001,129009.594582888,2.0676167444833e-09,0.2436498066319399,0.01809946062166934,2.9007724556048984e-16,-0.2537818806226601,13.461716441440991
6,case_0006_steps_0120_mesh_49x45,60,120,49,45,0.295,-129098.656631966,-5.46685252622581e-10,1737830.17333132,1.8279966980117e-06,-42972946.568181,1.18963185968823e-07,1737830.17333132,129098.656631966,-5.46685252622581e-10,0.24380968633422168,0.018111955622954975,-7.66974598616575e-17,-0.2539717912392633,13.46125683000343
6,case_0006_steps_0120_mesh_49x45,61,120,49,45,0.3,-129182.871382043,-1.95283467174789e-09,1738921.21337592,1.93955486338382e-06,-43003708.717619,5.08796631493169e-08,1738921.21337592,129182.871382043,-1.95283467174789e-09,0.24396275430089304,0.018123770570189792,-2.7397384168370793e-16,-0.25415359674293625,13.460927093292941
6,case_0006_steps_0120_mesh_49x45,62,120,49,45,0.305,-129261.855312316,3.30532184955601e-09,1739964.92003789,2.3955376491358e-06,-43033127.1137395,2.44883381128602e-07,1739964.92003789,129261.855312316,3.30532184955601e-09,0.2441091816087997,0.01813485165714571,4.637216545901576e-16,-0.2543274606120627,13.460776312036327
6,case_0006_steps_0120_mesh_49x45,63,120,49,45,0.31,-129337.219476603,-3.98398369849673e-10,1740964.50462626,1.98090890535241e-06,-43061310.8217205,1.18319405828515e-07,1740964.50462626,129337.219476603,-3.98398369849673e-10,0.24424941879002426,0.018145424907361773,-5.589348319514727e-17,-0.254494027426101,13.460661298205803
6,case_0006_steps_0120_mesh_49x45,64,120,49,45,0.315,-129411.503831322,1.12589576550803e-08,1741915.32871724,1.25910128190299e-06,-43088114.6563785,4.51195603545784e-07,1741915.32871724,129411.503831322,1.12589576550803e-08,0.24438281509476012,0.01815584666519606,1.5795806612526028e-15,-0.25465243913495067,13.46028194670926
6,case_0006_steps_0120_mesh_49x45,65,120,49,45,0.32,-129482.563561347,3.43071338004819e-09,1742822.92233767,1.2490800145315e-06,-43113699.0023416,2.7571050509323e-07,1742822.92233767,129482.563561347,3.43071338004819e-09,0.2445101463606754,0.018165816022820448,4.813135172401554e-16,-0.25480364361802293,13.459904363972107
6,case_0006_steps_0120_mesh_49x45,66,120,49,45,0.325,-129550.261001023,2.75559486340171e-09,1743692.80690085,1.1647805422399e-06,-43138220.2218684,1.97286993852686e-07,1743692.80690085,129550.261001023,2.75559486340171e-09,0.24463218721699756,0.01817531366636832,3.8659745331863096e-16,-0.2549485649823681,13.459585441414749
6,case_0006_steps_0120_mesh_49x45,67,120,49,45,0.33,-129614.675698912,-3.93189902858637e-09,1744530.80984913,2.16690682464105e-06,-43161841.2589949,2.16045634715556e-08,1744530.80984913,129614.675698912,-3.93189902858637e-09,0.24474975522744108,0.0181843507561419,-5.516275891445859e-16,-0.2550881662335978,13.459361761638645
6,case_0006_steps_0120_mesh_49x45,68,120,49,45,0.335,-129677.017013712,-7.58874491024741e-09,1745334.28568666,1.1642287063296e-06,-43184492.7732878,-8.9768974476101e-08,1745334.28568666,129677.017013712,-7.58874491024741e-09,0.24486247924094456,0.018193096959677954,-1.0646664700792354e-15,-0.2552220375670453,13.459087245214077
6,case_0006_steps_0120_mesh_49x45,69,120,49,45,0.34,-129737.028310817,3.71821662348282e-09,1746103.9730872,3.32727029217494e-06,-43206187.8281859,3.18225460205213e-07,1746103.9730872,129737.028310817,3.71821662348282e-09,0.24497046289008403,0.01820151627230597,5.21648917486716e-16,-0.25535025618814366,13.458794268849584
6,case_0006_steps_0120_mesh_49x45,70,120,49,45,0.345,-129794.725729711,-1.27611948785855e-09,1746843.26344147,2.10902965136484e-06,-43227025.6944806,1.68457404470246e-07,1746843.26344147,129794.725729711,-1.27611948785855e-09,0.24507418197158612,0.018209610958322315,-1.7903377259433924e-16,-0.25547340879114405,13.458507297739944
6,case_0006_steps_0120_mesh_49x45,71,120,49,45,0.35,-129849.944959374,-5.92314708391939e-09,1747552.68345464,3.11480869186198e-06,-43247019.127168,-1.82975270490715e-08,1747552.68345464,129849.944959374,-5.92314708391939e-09,0.24517371037979566,0.01821735796563658,-8.309906542096403e-16,-0.25559157075857125,13.458247394724694
6,case_0006_steps_0120_mesh_49x45,72,120,49,45,0.355,-129902.958874839,7.97513100003755e-09,1748232.66817131,4.2266162836313e-07,-43266181.7100395,3.35268822482249e-07,1748232.66817131,129902.958874839,7.97513100003755e-09,0.24526910914949568,0.018224795577377488,1.1188746848986705e-15,-0.25570482237116254,13.457989589411321
6,case_0006_steps_0120_mesh_49x45,73,120,49,45,0.36,-129954.416949244,6.00169158815334e-09,1748886.73011946,1.21975801903318e-06,-43284613.534732,2.28558690196223e-07,1748886.73011946,129954.416949244,6.00169158815334e-09,0.24536087107242047,0.01823201491167872,8.420100916865757e-16,-0.2558137551743981,13.457693637319913
6,case_0006_steps_0120_mesh_49x45,74,120,49,45,0.365,-130004.208059093,-4.46729075953556e-09,1749516.39413642,2.83865028904984e-06,-43302355.539486,2.27167902266956e-08,1749516.39413642,130004.208059093,-4.46729075953556e-09,0.24544921007632708,0.01823900037841811,-6.267406191700874e-16,-0.2559186111148768,13.45738280518722
6,case_0006_steps_0120_mesh_49x45,75,120,49,45,0.37,-130051.864601513,-6.16836143274568e-09,1750120.99625339,1.96857467926748e-06,-43319389.0619544,4.69435974537191e-08,1750120.99625339,130051.864601513,-6.16836143274568e-09,0.2455340330094063,0.018245686375034754,-8.653931144669523e-16,-0.2560192798973991,13.457100377729066
6,case_0006_steps_0120_mesh_49x45,76,120,49,45,0.375,-130097.447236253,-1.08220243322243e-08,1750701.99123479,3.31727665070503e-06,-43335758.8617429,-1.22331613283677e-07,1750701.99123479,130097.447236253,-1.08220243322243e-08,0.24561554396850382,0.018252081411816137,-1.5182808990380468e-15,-0.25611602605298134,13.456851217499821
6,case_0006_steps_0120_mesh_49x45,77,120,49,45,0.38,-130141.021688645,5.72793545927652e-09,1751260.06662375,2.10775874620595e-06,-43351480.465458,2.0458736571527e-07,1751260.06662375,130141.021688645,5.72793545927652e-09,0.2456938394128005,0.018258194709728046,8.036033492224469e-16,-0.2562089413444739,13.456633764667531
6,case_0006_steps_0120_mesh_49x45,78,120,49,45,0.385,-130182.89275883,4.10232009473432e-09,1751796.23743486,1.49647803482367e-06,-43366581.7218572,2.52244888088171e-07,1751796.23743486,130182.89275883,4.10232009473432e-09,0.2457690617442368,0.018264069030846954,5.755368912846366e-16,-0.25629819035912044,13.456424268280363
6,case_0006_steps_0120_mesh_49x45,79,120,49,45,0.39,-130223.098471557,1.34590641964749e-08,1752312.29708003,2.55176018981729e-07,-43381116.8510424,5.02677409031094e-07,1752312.29708003,130223.098471557,1.34590641964749e-08,0.24584146257036438,0.018269709709872583,1.8882456240268563e-15,-0.2563840935398391,13.45623255510823
6,case_0006_steps_0120_mesh_49x45,80,120,49,45,0.395,-130261.821756545,1.69548830530886e-09,1752807.79101577,7.28392592463933e-07,-43395070.1793719,1.55968194803791e-07,1752807.79101577,130261.821756545,1.69548830530886e-09,0.24591097812079457,0.018275142411014293,2.37869314415387e-16,-0.2564665582547958,13.456036215213613
6,case_0006_steps_0120_mesh_49x45,81,120,49,45,0.4,-130299.044025744,3.36773409159719e-09,1753285.76754002,1.45154569963779e-06,-43408534.7263721,2.57986414453626e-07,1753285.76754002,130299.044025744,3.36773409159719e-09,0.24597803605789384,0.01828036452645303,4.72477808896252e-16,-0.2565461342530216,13.45586056021725
6,case_0006_steps_0120_mesh_49x45,82,120,49,45,0.405,-130334.749629712,-6.69951205622965e-09,1753746.27183995,1.89917989246169e-06,-43421497.0361498,-3.65891139608721e-08,1753746.27183995,130334.749629712,-6.69951205622965e-09,0.24604264272121715,0.018285373860643106,-9.399111363629638e-16,-0.2566227420096625,13.455707528670882
6,case_0006_steps_0120_mesh_49x45,83,120,49,45,0.41,-130369.331885287,-1.07660841353052e-08,1754190.78514525,6.97011728334473e-07,-43434010.9210923,-1.26444291481675e-07,1754190.78514525,130369.331885287,-1.07660841353052e-08,0.24610500592056753,0.018290225594151856,-1.5104327432897924e-15,-0.25669669955802765,13.455547863732063
6,case_0006_steps_0120_mesh_49x45,84,120,49,45,0.415,-130402.847182264,-1.0794258598068e-08,1754619.19395291,1.35042762394733e-06,-43446071.8950838,-5.79724996896402e-08,1754619.19395291,130402.847182264,-1.0794258598068e-08,0.24616510973198782,0.018294927638211604,-1.5143854925481767e-15,-0.25676798038499754,13.455374877670266
6,case_0006_steps_0120_mesh_49x45,85,120,49,45,0.42,-130434.906714875,-1.09519848190409e-08,1755031.60241649,1.65553331044066e-06,-43457679.9944368,-1.20087861432694e-07,1755031.60241649,130434.906714875,-1.09519848190409e-08,0.24622296876774982,0.018299425445137654,-1.536513765524568e-15,-0.2568365847051804,13.45522948280181
6,case_0006_steps_0120_mesh_49x45,86,120,49,45,0.425,-130465.855524821,-1.86813202684988e-08,1755429.46885205,2.15488410049147e-06,-43468879.4298505,-4.3411722572273e-07,1755429.46885205,130465.855524821,-1.86813202684988e-08,0.24627878762297825,0.01830376742271472,-2.6209044501976614e-15,-0.25690277380553384,13.455087247084975
6,case_0006_steps_0120_mesh_49x45,87,120,49,45,0.43,-130495.906035278,-1.24619792818415e-08,1755813.44006921,2.07129949103546e-06,-43479684.9370563,-1.01381743888851e-07,1755813.44006921,130495.906035278,-1.24619792818415e-08,0.24633265704212737,0.01830798337295033,-1.7483591356829773e-15,-0.2569666347748056,13.454931219026495
6,case_0006_steps_0120_mesh_49x45,88,120,49,45,0.435,-130524.903935255,-1.12298005894296e-08,1756184.15665905,1.48932736010465e-06,-43490115.8996364,-2.17518504541658e-07,1756184.15665905,130524.903935255,-1.12298005894296e-08,0.24638466689721839,0.01831205164671277,-1.5754900572684998e-15,-0.2570282821707228,13.454782219415996
6,case_0006_steps_0120_mesh_49x45,89,120,49,45,0.44,-130553.122306142,-1.89728711630366e-08,1756541.69134818,8.45881231725798e-08,-43500176.7701633,-2.95647168968571e-07,1756541.69134818,130553.122306142,-1.89728711630366e-08,0.24643482739146466,0.018316010556081706,-2.6618077175241007e-15,-0.2570877423081627,13.454612653607455
6,case_0006_steps_0120_mesh_49x45,90,120,49,45,0.445,-130580.524007749,-1.39608952176573e-08,1756884.03964552,1.89408206097141e-06,-43509803.9874589,-1.50622895489505e-07,1756884.03964552,130580.524007749,-1.39608952176573e-08,0.24648285730386488,0.018319854890457038,-1.9586502387843057e-15,-0.25714463953808236,13.454411008040232
6,case_0006_steps_0120_mesh_49x45,91,120,49,45,0.45,-130606.943871645,-1.51856029972919e-08,1757215.15784103,2.31851015541906e-06,-43519124.6307378,-2.25700944156415e-07,1757215.15784103,130606.943871645,-1.51856029972919e-08,0.24652931168394512,0.018323561477457496,-2.130471182042186e-15,-0.25719972490359916,13.454224605147695
6,case_0006_steps_0120_mesh_49x45,92,120,49,45,0.455,-130632.367932708,-1.60912991820084e-08,1757534.72707417,2.29796148687456e-06,-43528113.7388164,-2.13262353554455e-07,1757534.72707417,130632.367932708,-1.60912991820084e-08,0.24657414579701875,0.01832712835783985,-2.257536246338162e-15,-0.25725285088314415,13.454052428870616
6,case_0006_steps_0120_mesh_49x45,93,120,49,45,0.46,-130656.849862098,-1.3136902177191e-08,1757843.44704483,1.85824228537967e-06,-43536796.9200808,-2.65510095687205e-07,1757843.44704483,130656.849862098,-1.3136902177191e-08,0.24661745780780486,0.018330563061424256,-1.843047754824345e-15,-0.2573041688232783,13.453894295631258
6,case_0006_steps_0120_mesh_49x45,94,120,49,45,0.465,-130680.436966963,-1.99425636004946e-08,1758142.18279268,2.47208333803428e-06,-43545199.6440054,-1.95196435015532e-07,1758142.18279268,130680.436966963,-1.99425636004946e-08,0.2466593690774432,0.018333872225188886,-2.7978511656385372e-15,-0.2573538292495894,13.453751943277874
6,case_0006_steps_0120_mesh_49x45,95,120,49,45,0.47,-130703.212807475,-1.46074071727398e-08,1758431.86856205,1.22281755920994e-06,-43553346.8635825,-1.8340713836551e-07,1758431.86856205,130703.212807475,-1.46074071727398e-08,0.24670001067617328,0.01833706757224664,-2.0493529319466814e-15,-0.25740197963523564,13.453623907104785
6,case_0006_steps_0120_mesh_49x45,96,120,49,45,0.475,-130725.026080463,-5.29461563480993e-09,1758712.32950419,1.73827663729753e-06,-43561234.408622,4.73784211862949e-09,1758712.32950419,130725.026080463,-5.29461563480993e-09,0.24673935807350905,0.018340127875449298,-7.428105444323914e-16,-0.2574485953342309,13.453524411015831
6,case_0006_steps_0120_mesh_49x45,97,120,49,45,0.48,-130745.88630887,-1.68357805474528e-08,1758983.85175808,1.68280200796289e-06,-43568866.3317127,-2.198401887199e-07,1758983.85175808,130745.88630887,-1.68357805474528e-08,0.24677745141345078,0.018343054470822552,-2.361983603149055e-15,-0.25749370029753316,13.453454647152045
6,case_0006_steps_0120_mesh_49x45,98,120,49,45,0.485,-130766.034968968,-1.17112664010932e-08,1759247.54602072,2.2191416064743e-06,-43576277.9691196,-1.36079535195677e-07,1759247.54602072,130766.034968968,-1.17112664010932e-08,0.24681444652174672,0.018345881236391443,-1.6430375255561126e-15,-0.25753750336384745,13.453398250074692
6,case_0006_steps_0120_mesh_49x45,99,120,49,45,0.49,-130785.576725244,-1.09401001591181e-08,1759503.18730891,1.05473725398042e-06,-43583463.2256104,-9.93914284208586e-08,1759503.18730891,130785.576725244,-1.09401001591181e-08,0.24685031183427505,0.01834862285610848,-1.534846401674847e-15,-0.257579968510113,13.453342726050723
6,case_0006_steps_0120_mesh_49x45,100,120,49,45,0.495,-130804.942939965,-2.33718347453227e-08,1759750.37461786,8.83378334037843e-07,-43590407.9674353,-3.56939608536777e-07,1759750.37461786,130804.942939965,-2.33718347453227e-08,0.2468849910918836,0.018351339848142034,-3.278962343822767e-15,-0.2576210122053171,13.453240642637834
6,case_0006_steps_0120_mesh_49x45,101,120,49,45,0.5,-130823.932060256,-1.36854613752568e-08,1759989.38203593,6.6474433424446e-07,-43597125.4536679,-2.09330409006725e-07,1759989.38203593,130823.932060256,-1.36854613752568e-08,0.24691852274792542,0.018354003935538467,-1.9200081207269552e-15,-0.257660712811102,13.45311484159717
6,case_0006_steps_0120_mesh_49x45,102,120,49,45,0.505,-130842.431542879,-2.49718655198627e-08,1760220.59884573,1.48630783769477e-06,-43603621.0613819,-4.68749732362994e-07,1760220.59884573,130842.431542879,-2.49718655198627e-08,0.24695096141698392,0.018356599328992255,-3.5034393998966033e-15,-0.25769910210618313,13.452979878846715
6,case_0006_steps_0120_mesh_49x45,103,120,49,45,0.51,-130860.600505996,-5.63000946973702e-08,1760444.29512777,1.72576039858541e-06,-43609906.2236909,-1.12905436822075e-06,1760444.29512777,130860.600505996,-5.63000946973702e-08,0.2469823449901289,0.01835914835205938,-7.89864777318251e-15,-0.2577362476607081,13.452821462844401
6,case_0006_steps_0120_mesh_49x45,104,120,49,45,0.515,-130878.25463788,-6.47548258903008e-08,1760660.90059492,3.54721532858093e-06,-43615990.1914903,-1.37590595272741e-06,1760660.90059492,130878.25463788,-6.47548258903008e-08,0.2470127337541258,0.018361625146641036,-9.084808188522225e-15,-0.25777220414782964,13.452661830388843
6,case_0006_steps_0120_mesh_49x45,105,120,49,45,0.52,-130895.410026545,1.36349365686961e-08,1760870.57760711,1.16366800284595e-06,-43621879.7214608,5.57668755618579e-07,1760870.57760711,130895.410026545,1.36349365686961e-08,0.24704215048733602,0.018364031969812563,1.9129197196687273e-15,-0.2578070114997945,13.45250056705589
6,case_0006_steps_0120_mesh_49x45,106,120,49,45,0.525,-130911.522835142,7.18632524043805e-08,1761072.66845245,1.84831947080966e-07,-43627555.6848255,1.84450914275658e-06,1761072.66845245,130911.522835142,7.18632524043805e-08,0.24707050291576632,0.018366292523732206,1.0082088167500481e-14,-0.2578405566647846,13.452388531681692
6,case_0006_steps_0120_mesh_49x45,107,120,49,45,0.53,-130926.535181228,-1.52406113840264e-08,1761269.16785193,2.71393048478785e-06,-43633072.9169121,-2.10310219017629e-07,1761269.16785193,130926.535181228,-1.52406113840264e-08,0.24709807088971872,0.018368398687755905,-2.138188609050477e-15,-0.2578731637217267,13.45234688609141
6,case_0006_steps_0120_mesh_49x45,108,120,49,45,0.535,-130941.268164964,-3.91693232293377e-08,1761460.35465722,3.13472594370978e-06,-43638441.6259072,-7.34266052404564e-07,1761460.35465722,130941.268164964,-3.91693232293377e-08,0.24712489353081696,0.01837046565850976,-5.495278282665582e-15,-0.25790489300140185,13.452293378112666
6,case_0006_steps_0120_mesh_49x45,109,120,49,45,0.54,-130955.733524129,4.07481443032154e-09,1761646.06546977,1.96991732082097e-06,-43643654.0039645,2.7704177796295e-07,1761646.06546977,130955.733524129,4.07481443032154e-09,0.2471509479149861,0.018372495082750892,5.716779713994795e-16,-0.25793569835913377,13.45222555792245
6,case_0006_steps_0120_mesh_49x45,110,120,49,45,0.545,-130969.86352599,1.67978889131781e-08,1761826.40460847,6.97055156706483e-07,-43648716.5485809,5.20021956162964e-07,1761826.40460847,130969.86352599,1.67978889131781e-08,0.24717624867769292,0.018374477457884262,2.3566675788280502e-15,-0.2579656181953828,13.452151183305222
6,case_0006_steps_0120_mesh_49x45,111,120,49,45,0.55,-130983.72915373,2.28932219292766e-08,1762001.20429389,6.4651362663426e-07,-43653623.3762797,6.36380548257875e-07,1762001.20429389,130983.72915373,2.28932219292766e-08,0.2472007722802449,0.018376422742528296,3.2118151378722286e-15,-0.25799461773857185,13.452061684897552
6,case_0006_steps_0120_mesh_49x45,112,120,49,45,0.555,-130997.306068467,1.9398491812872e-08,1762170.65868577,1.03295349163091e-06,-43658378.961137,6.78431490541698e-07,1762170.65868577,130997.306068467,1.9398491812872e-08,0.2472245459623723,0.018378327522048304,2.721520363055404e-15,-0.2580227234306654,13.451961048456633
6,case_0006_steps_0120_mesh_49x45,113,120,49,45,0.56,-131010.382974018,-5.65493481485824e-08,1762335.27459518,5.7653812746139e-07,-43662998.0087845,-1.23511958349809e-06,1762335.27459518,131010.382974018,-5.65493481485824e-08,0.24724764082736822,0.01838016215254876,-7.933616901173466e-15,-0.2580500221825207,13.451874840673405
6,case_0006_steps_0120_mesh_49x45,114,120,49,45,0.565,-131022.785417683,1.11386237455768e-08,1762495.50867556,-4.21411300521868e-07,-43667493.9499149,4.15283977872605e-07,1762495.50867556,131022.785417683,1.11386237455768e-08,0.2472701209416377,0.0183819021591076,1.5626983598737641e-15,-0.25807659337005573,13.451824452189452
6,case_0006_steps_0120_mesh_49x45,115,120,49,45,0.57,-131034.7188214,1.94046431645223e-07,1762650.88671054,1.54462077261996e-06,-43671852.8470215,4.84139090417557e-06,1762650.88671054,131034.7188214,1.94046431645223e-07,0.24729191977477633,0.018383576361490427,2.722383369774591e-14,-0.2581023546220619,13.451785164762544
6,case_0006_steps_0120_mesh_49x45,116,120,49,45,0.575,-131046.326484778,2.20368269410187e-07,1762801.19089325,1.13834175863303e-06,-43676068.3610888,5.40969242024403e-06,1762801.19089325,131046.326484778,2.20368269410187e-07,0.24731300676946869,0.018385204863982034,3.091666807690399e-14,-0.25812726847471024,13.451740603335512
6,case_0006_steps_0120_mesh_49x45,117,120,49,45,0.58,-131057.805151058,3.43078516373829e-07,1762947.19548149,1.64552693604492e-06,-43680163.7524788,8.42274556589473e-06,1762947.19548149,131057.805151058,3.43078516373829e-07,0.24733349055057025,0.018386815268766236,4.813235881660927e-14,-0.258151472397648,13.45167648313282
6,case_0006_steps_0120_mesh_49x45,118,120,49,45,0.585,-131069.255956479,2.38643848848863e-07,1763088.94689255,1.14782494620158e-06,-43684139.6004979,5.97204729047007e-06,1763088.94689255,131069.255956479,2.38643848848863e-07,0.24735337763021606,0.018388421764798366,3.3480648930095365e-14,-0.25817496981459853,13.451582783669545
6,case_0006_steps_0120_mesh_49x45,119,120,49,45,0.59,-131080.535614446,1.8071876994874e-08,1763226.63095499,1.02879607766226e-06,-43688001.0655637,5.67912906035417e-07,1763226.63095499,131080.535614446,1.8071876994874e-08,0.24737269407930979,0.018390004249619434,2.5354023248109622e-15,-0.2581977912238313,13.45147563434788
6,case_0006_steps_0120_mesh_49x45,120,120,49,45,0.595,-131091.501819727,-4.0268852891101e-07,1763361.43756663,1.83490521976637e-06,-43691781.3812476,-9.6581333082213e-06,1763361.43756663,131091.501819727,-4.0268852891101e-07,0.24739160683511535,0.018391542758451233,-5.6495373040956206e-14,-0.25822013303705016,13.451378717070083
7,case_0007_steps_0160_mesh_49x45,1,160,49,45,0.0,3491533.20863563,7.43848087292331e-10,10826738.8069174,1.79071147954346e-06,-274973189.395258,1.58087003043761e-07,10826738.8069174,-3491533.20863563,7.43848087292331e-10,1.518942318441274,-0.4898462631657136,1.043585107602329e-16,-1.6251022801679602,-3.100855171630492
7,case_0007_steps_0160_mesh_49x45,2,160,49,45,0.005,-87636.1012533442,1.10999670566159e-09,1074672.03220235,1.98229088255175e-06,-23731232.888722,1.91545751704325e-07,1074672.03220235,87636.1012533442,1.10999670566159e-09,0.1507716088167275,0.01229494727737034,1.5572750018524162e-16,-0.14025251248485568,12.262891854301202
7,case_0007_steps_0160_mesh_49x45,3,160,49,45,0.01,-91045.3263465591,-3.11718822976204e-09,1128090.66788507,2.71868213985726e-06,-25199511.0661146,5.4625502343697e-08,1128090.66788507,91045.3263465591,-3.11718822976204e-09,0.1582660009673942,0.01277324608549042,-4.373273615603838e-16,-0.1489300938128727,12.39042917580474
7,case_0007_steps_0160_mesh_49x45,4,160,49,45,0.015,-93599.3341556633,-1.84365078759186e-09,1177234.10826321,1.40816644034203e-06,-26592537.3891489,1.9276251350675e-07,1177234.10826321,93599.3341556633,-1.84365078759186e-09,0.16516060261941334,0.01313156178997562,-2.586558382577434e-16,-0.15716293374492488,12.577376953401975
7,case_0007_steps_0160_mesh_49x45,5,160,49,45,0.02,-95918.3087113476,-9.7918251285023e-10,1221319.30782227,1.55113184518996e-06,-27857379.1697142,1.62589429919535e-07,1221319.30782227,95918.3087113476,-9.7918251285023e-10,0.17134555604088145,0.013456903395683048,-1.3737486262212258e-16,-0.16463819802857732,12.7329112056975
7,case_0007_steps_0160_mesh_49x45,6,160,49,45,0.025,-98069.5336773609,4.81319945011549e-09,1265226.12710469,2.15301872685814e-06,-29162254.551238,2.56679754784273e-07,1265226.12710469,98069.5336773609,4.81319945011549e-09,0.17750548351909956,0.013758710495275888,6.752700385833244e-16,-0.1723500624562077,12.901316847974003
7,case_0007_steps_0160_mesh_49x45,7,160,49,45,0.03,-100215.868121339,-6.44799991178502e-10,1304848.13184265,1.96288738152361e-06,-30348725.3654573,1.35502943976462e-07,1304848.13184265,100215.868121339,-6.44799991178502e-10,0.18306427096297098,0.014059831476822379,-9.046251239623714e-17,-0.17936215127032457,13.020374480643833
7,case_0007_steps_0160_mesh_49x45,8,160,49,45,0.035,-102307.601698871,-2.48953746506686e-10,1340745.83693881,2.01006582756236e-06,-31433414.1129707,7.44199724067585e-08,1340745.83693881,102307.601698871,-2.48953746506686e-10,0.18810055606949305,0.01435329220460755,-3.4927080780955234e-17,-0.18577270409815946,13.105046102880209
7,case_0007_steps_0160_mesh_49x45,9,160,49,45,0.04,-104363.501845516,-1.23045734712335e-09,1374878.05308795,1.82747317012399e-06,-32478482.1013823,1.24219241115497e-07,1374878.05308795,104363.501845516,-1.23045734712335e-09,0.19288915108925916,0.01464172566466604,-1.7262758148266281e-16,-0.19194909669350071,13.173935607518347
7,case_0007_steps_0160_mesh_49x45,10,160,49,45,0.045,-106335.316877091,7.45683959024745e-10,1407301.53863134,2.96551138490031e-06,-33482006.5038156,1.73471619291377e-07,1407301.53863134,106335.316877091,7.45683959024745e-10,0.19743801895995702,0.014918362364692853,1.0461607523235372e-16,-0.19787996507446973,13.234563830359269
7,case_0007_steps_0160_mesh_49x45,11,160,49,45,0.05,-107908.503993809,-3.41809125448123e-09,1434921.37900911,2.60861270362511e-06,-34319207.4833529,9.65426636412303e-08,1434921.37900911,107908.503993809,-3.41809125448123e-09,0.20131295721482498,0.015139073377401764,-4.795426903074796e-16,-0.2028278555353438,13.297574573839288
7,case_0007_steps_0160_mesh_49x45,12,160,49,45,0.055,-109333.520265704,3.2162695284832e-09,1458174.23998957,1.85802605301433e-06,-35003721.6655935,1.93999085240648e-07,1458174.23998957,109333.520265704,3.2162695284832e-09,0.20457522807938913,0.015338996693041907,4.512280180995012e-16,-0.20687336106558474,13.336936709308294
7,case_0007_steps_0160_mesh_49x45,13,160,49,45,0.06,-110691.377792349,-2.66375616009284e-09,1479920.25571623,2.24525024350442e-06,-35646998.1883374,1.01350877912409e-07,1479920.25571623,110691.377792349,-2.66375616009284e-09,0.20762609539352525,0.01552949794151733,-3.737129000459975e-16,-0.21067515041889853,13.369788010882653
7,case_0007_steps_0160_mesh_49x45,14,160,49,45,0.065,-111952.693893643,1.44733125484464e-09,1499751.66258176,2.29139891416708e-06,-36230662.423038,2.15222144106519e-07,1499751.66258176,111952.693893643,1.44733125484464e-09,0.21040835177372297,0.015706454866160485,2.0305400647345724e-16,-0.214124628823504,13.396298118619193
7,case_0007_steps_0160_mesh_49x45,15,160,49,45,0.07,-113077.510768845,3.45128953194163e-09,1517904.65012081,1.62711728535214e-06,-36762382.6274204,1.45583697985785e-07,1517904.65012081,113077.510768845,3.45128953194163e-09,0.212955133539769,0.015864261568872256,4.842002579678114e-16,-0.21726711598181064,13.423576799667416
7,case_0007_steps_0160_mesh_49x45,16,160,49,45,0.075,-114067.835002429,-3.22285709231096e-09,1534370.3827034,1.37989877657674e-06,-37242143.7855894,7.02279407960305e-08,1534370.3827034,114067.835002429,-3.22285709231096e-09,0.21526520109287683,0.01600319956434764,-4.521522234074766e-16,-0.22010252314929174,13.451385157531275
7,case_0007_steps_0160_mesh_49x45,17,160,49,45,0.08,-114957.882992086,4.05540279135863e-09,1548715.86663146,3.80539063371543e-07,-37653571.594259,2.01420135681474e-07,1548715.86663146,114957.882992086,4.05540279135863e-09,0.21727780738230976,0.01612806925789468,5.689546065509409e-16,-0.2225340775545192,13.472028418773835
7,case_0007_steps_0160_mesh_49x45,18,160,49,45,0.085,-115869.555601715,8.28912494199585e-11,1561746.86795322,1.2894543033326e-06,-38024280.5316309,1.80772758540115e-07,1561746.86795322,115869.555601715,8.28912494199585e-11,0.21910599772773853,0.016255972787482417,1.1629266099224764e-17,-0.2247249818413213,13.478491911382669
7,case_0007_steps_0160_mesh_49x45,19,160,49,45,0.09,-116728.114386955,2.6837648769984e-09,1573614.82414509,1.76916978489317e-06,-38359582.6918498,1.52679007214829e-07,1573614.82414509,116728.114386955,2.6837648769984e-09,0.22077101811981828,0.01637642468856064,3.7652003222010594e-16,-0.22670663069339797,13.481026678187737
7,case_0007_steps_0160_mesh_49x45,20,160,49,45,0.095,-117527.242391254,-4.36339675502495e-09,1584500.93548707,8.56466044751869e-07,-38665711.2593353,6.11748021128733e-08,1584500.93548707,117527.242391254,-4.36339675502495e-09,0.22229829013547198,0.016488538720794033,-6.121647618507377e-16,-0.22851586247391942,13.48198854366197
7,case_0007_steps_0160_mesh_49x45,21,160,49,45,0.1,-118324.510928348,1.8170707161147e-09,1594539.58898428,1.63972629252385e-06,-38947234.3142695,1.95365942090575e-07,1594539.58898428,118324.510928348,1.8170707161147e-09,0.2237066676616148,0.016600391878217588,2.549267748607344e-16,-0.2301796747150313,13.47598715155359
7,case_0007_steps_0160_mesh_49x45,22,160,49,45,0.105,-119013.187544211,-5.66129521040182e-09,1603907.3329391,2.51752942403982e-06,-39209809.0938274,5.5263001286221e-08,1603907.3329391,119013.187544211,-5.66129521040182e-09,0.22502091962382223,0.01669701008192699,-7.942540247460342e-16,-0.23173150190921193,13.476719395850823
7,case_0007_steps_0160_mesh_49x45,23,160,49,45,0.11,-119635.774766522,-1.13970877180236e-09,1612616.17746997,1.47532171013154e-06,-39453757.0051422,2.08829618486561e-07,1612616.17746997,119635.774766522,-1.13970877180236e-09,0.22624273098720457,0.016784356243661747,-1.598959682192822e-16,-0.23317324358516142,13.479380901048277
7,case_0007_steps_0160_mesh_49x45,24,160,49,45,0.115,-120241.145625554,-1.25524640681718e-09,1620765.18592321,2.32811646583286e-06,-39682107.924629,4.89903868583497e-08,1620765.18592321,120241.145625554,-1.25524640681718e-09,0.22738599988966054,0.01686928702776336,-1.7610537405481463e-16,-0.2345228064307341,13.479289285636684
7,case_0007_steps_0160_mesh_49x45,25,160,49,45,0.12,-120811.161157402,-4.04435429590677e-09,1628354.12349969,1.30481316773512e-06,-39894708.9498739,7.31593843283918e-08,1628354.12349969,120811.161157402,-4.04435429590677e-09,0.22845069338993781,0.016949257619917994,-5.674045527816364e-16,-0.2357792867866967,13.478507348986954
7,case_0007_steps_0160_mesh_49x45,26,160,49,45,0.125,-121349.424460388,-1.56476914758841e-09,1635460.24569551,1.78379775661597e-06,-40093882.4622931,1.29059031905854e-07,1635460.24569551,121349.424460388,-1.56476914758841e-09,0.22944765008352216,0.017024773518467894,-2.195300098442145e-16,-0.23695641001785012,13.477280613138564
7,case_0007_steps_0160_mesh_49x45,27,160,49,45,0.13,-121857.69418934,1.11278414260951e-09,1642130.44098756,2.04974867301644e-06,-40280894.7915987,2.11919427783869e-07,1642130.44098756,121857.69418934,1.11278414260951e-09,0.2303834482109222,0.01709608145470393,1.5611856493850578e-16,-0.2380616601822114,13.475804313481028
7,case_0007_steps_0160_mesh_49x45,28,160,49,45,0.135,-122327.000720653,-2.66843119822724e-09,1648386.45081311,8.65448214426578e-07,-40456369.0715823,8.40325924400531e-08,1648386.45081311,122327.000720653,-2.66843119822724e-09,0.23126113799711534,0.01716192303114214,-3.743687866790185e-16,-0.23909872002480673,13.475246193417098
7,case_0007_steps_0160_mesh_49x45,29,160,49,45,0.14,-122759.769864467,2.3140145355427e-10,1654275.22943408,1.67367591075163e-06,-40621657.7844619,1.91099189805755e-07,1654275.22943408,122759.769864467,2.3140145355427e-10,0.2320873069119513,0.01722263857793585,3.2464573739216214e-17,-0.24007558276832514,13.475711393565527
7,case_0007_steps_0160_mesh_49x45,30,160,49,45,0.145,-123162.603396029,-8.57494242278989e-10,1659808.09958324,1.12537895802234e-06,-40776979.8807139,2.86556200990162e-08,1659808.09958324,123162.603396029,-8.57494242278989e-10,0.2328635434834506,0.01727915429419066,-1.2030255053212426e-16,-0.24099354241862678,13.476559067577776
7,case_0007_steps_0160_mesh_49x45,31,160,49,45,0.15,-123547.692793358,-2.39469999385733e-09,1665005.86465848,2.11790199955431e-06,-40922921.7391582,9.96843141365389e-08,1665005.86465848,123547.692793358,-2.39469999385733e-09,0.23359276633392279,0.017333180588942718,-3.359655410100916e-16,-0.24185606449742061,13.476624508426205
7,case_0007_steps_0160_mesh_49x45,32,160,49,45,0.155,-123912.373032091,-1.76758679915068e-09,1669894.55633764,2.06118045298354e-06,-41060229.9854774,1.36532605665707e-07,1669894.55633764,123912.373032091,-1.76758679915068e-09,0.23427862758962642,0.017384343571368865,-2.4798440588893835e-16,-0.24266756159162806,13.476414949338178
7,case_0007_steps_0160_mesh_49x45,33,160,49,45,0.16,-124262.008121211,-2.6067532021834e-09,1674498.19290115,2.20653839733131e-06,-41189585.2561353,1.32081936499162e-07,1674498.19290115,124262.008121211,-2.6067532021834e-09,0.2349244969063011,0.017433395787585352,-3.657156437540423e-16,-0.24343205628931192,13.475544281143163
7,case_0007_steps_0160_mesh_49x45,34,160,49,45,0.165,-124591.812153911,-9.12452891022042e-10,1678844.45009149,1.60066417720373e-06,-41311745.4429206,9.7113911579072e-08,1678844.45009149,124591.812153911,-9.12452891022042e-10,0.2355342570650129,0.01747966579658756,-1.280129995259465e-16,-0.24415402776052025,13.474757458520441
7,case_0007_steps_0160_mesh_49x45,35,160,49,45,0.17,-124902.159414494,6.46204922905014e-10,1682941.68381949,1.20350455290463e-06,-41426939.5797554,1.88403049605768e-07,1682941.68381949,124902.159414494,6.46204922905014e-10,0.23610908036212871,0.017523206108764545,9.065961794131192e-17,-0.24483482960467065,13.474079965539785
7,case_0007_steps_0160_mesh_49x45,36,160,49,45,0.175,-125194.409370636,-3.87031401372084e-09,1686810.10798853,1.2800924196199e-06,-41535734.9545574,1.15419538815331e-07,1686810.10798853,125194.409370636,-3.87031401372084e-09,0.23665180271655384,0.017564207451261426,-5.429874910569399e-16,-0.2454778145154952,13.47352582649882
7,case_0007_steps_0160_mesh_49x45,37,160,49,45,0.18,-125470.582424759,1.0114031834263e-09,1690462.23619765,1.01631815141445e-06,-41638454.6868324,1.17746765226912e-07,1690462.23619765,125470.582424759,1.0114031834263e-09,0.23716417972944168,0.017602953277368598,1.4189527647336267e-16,-0.24608489214188295,13.472976721147925
7,case_0007_steps_0160_mesh_49x45,38,160,49,45,0.185,-125731.77885191,-1.90119586740423e-11,1693910.90460094,1.97057840978232e-06,-41735489.6697628,1.095650645766e-07,1693910.90460094,125731.77885191,-1.90119586740423e-11,0.23764801225495544,0.01763959795068166,-2.6672915179230873e-18,-0.2466583726777965,13.47241660038923
7,case_0007_steps_0160_mesh_49x45,39,160,49,45,0.19,-125980.863370136,1.45729661671368e-09,1697180.02433538,1.8617739669935e-06,-41827493.2689392,2.45834968382042e-07,1697180.02433538,125980.863370136,1.45729661671368e-09,0.23810665491709482,0.017674543378141335,2.0445210151679516e-16,-0.24720211753937393,13.471728792245282
7,case_0007_steps_0160_mesh_49x45,40,160,49,45,0.195,-126217.114133512,-5.45657813377787e-09,1700272.03291468,2.38235554661514e-06,-41914539.3204949,6.99439510754019e-08,1700272.03291468,126217.114133512,-5.45657813377787e-09,0.23854044968797092,0.017707688288040393,-7.655331479855245e-16,-0.24771656310104448,13.471010207982877
7,case_0007_steps_0160_mesh_49x45,41,160,49,45,0.2,-126438.972625879,-5.80967496333074e-10,1703196.62882457,8.24762082629604e-07,-41996874.8971097,1.32428397137119e-07,1703196.62882457,126438.972625879,-5.80967496333074e-10,0.238950757221116,0.017738814027634893,-8.150710306739501e-17,-0.24820316957198782,13.470503543746501
7,case_0007_steps_0160_mesh_49x45,42,160,49,45,0.205,-126650.067772674,-1.12159076470775e-09,1705969.28435702,1.40434156037372e-06,-42074959.1723623,7.79056676947221e-08,1705969.28435702,126650.067772674,-1.12159076470775e-09,0.2393397482088738,0.01776842971869411,-1.5735409405083552e-16,-0.2486646506859733,13.469943714669686
7,case_0007_steps_0160_mesh_49x45,43,160,49,45,0.21,-126848.944420426,-8.06717970203152e-10,1708591.57946717,1.22733797525143e-06,-42148811.964484,8.74696013397624e-08,1708591.57946717,126848.944420426,-8.06717970203152e-10,0.23970764431178002,0.017796331209790142,-1.1317887000337635e-16,-0.2491011235695213,13.46949781311733
7,case_0007_steps_0160_mesh_49x45,44,160,49,45,0.215,-127038.985863304,1.02285524494761e-09,1711074.94426397,-2.11986048270774e-07,-42218755.5739194,1.43118029427569e-07,1711074.94426397,127038.985863304,1.02285524494761e-09,0.24005604912224585,0.017822993161740124,1.43501948730663e-16,-0.24951449303083725,13.468896438650056
7,case_0007_steps_0160_mesh_49x45,45,160,49,45,0.22,-127220.069392619,1.55765261800056e-09,1713445.59819112,6.5333665588696e-07,-42285549.3270176,1.69744339473255e-07,1713445.59819112,127220.069392619,1.55765261800056e-09,0.24038864110922778,0.01784839835907189,2.1853159304076135e-16,-0.24990924671827705,13.46835924843891
7,case_0007_steps_0160_mesh_49x45,46,160,49,45,0.225,-127392.680066477,-6.48199061092924e-09,1715693.00891293,1.87006742180529e-06,-42348877.5974737,-6.47541185117007e-08,1715693.00891293,127392.680066477,-6.48199061092924e-09,0.2407039426338286,0.017872614853236327,-9.093938647886092e-16,-0.25028351926806147,13.467751899227132
7,case_0007_steps_0160_mesh_49x45,47,160,49,45,0.23,-127556.45479786,7.816168268171e-10,1717826.08282507,3.66698600373638e-07,-42408991.0707133,1.43372346883552e-07,1717826.08282507,127556.45479786,7.816168268171e-10,0.24100320322293992,0.017895591704772642,1.0965729350556923e-16,-0.2506387922408386,13.467182711743803
7,case_0007_steps_0160_mesh_49x45,48,160,49,45,0.235,-127712.466478137,-5.4142514915867e-09,1719854.14629432,2.60065417023725e-06,-42466150.0429511,4.73571049042221e-09,1719854.14629432,127712.466478137,-5.4142514915867e-09,0.2412877313234941,0.017917479435470684,-7.595949121817188e-16,-0.2509766039973957,13.466611316200213
7,case_0007_steps_0160_mesh_49x45,49,160,49,45,0.24,-127860.927706383,-3.85147480574943e-09,1721782.34346133,1.02155229342316e-06,-42520507.5179849,3.50134143900505e-08,1721782.34346133,127860.927706383,-3.85147480574943e-09,0.24155824863507816,0.017938307872015818,-5.403444356785828e-16,-0.2512978587961485,13.466055458436786
7,case_0007_steps_0160_mesh_49x45,50,160,49,45,0.245,-128001.982103567,4.91553175940851e-09,1723613.47603272,6.54516497888835e-07,-42572107.5581335,2.01898757268282e-07,1723613.47603272,128001.982103567,4.91553175940851e-09,0.24181514822441558,0.017958097163778185,6.896267971512579e-16,-0.25160281704712084,13.465521765421853
7,case_0007_steps_0160_mesh_49x45,51,160,49,45,0.25,-128135.535369484,-4.25481561094898e-09,1725362.15977321,2.65661731191358e-06,-42621414.4475567,4.04134539166989e-08,1725362.15977321,128135.535369484,-4.25481561094898e-09,0.24206048061696425,0.01797683408086699,-5.969313201225246e-16,-0.25189422268781564,13.465134045743504
7,case_0007_steps_0160_mesh_49x45,52,160,49,45,0.255,-128263.074600288,-1.56384860616754e-09,1727026.83070863,1.61942750764865e-06,-42668345.3596823,9.49393665905518e-08,1727026.83070863,128263.074600288,-1.56384860616754e-09,0.24229402639424602,0.017994727256123593,-2.1940086206065994e-16,-0.2521715862099591,13.464723468470106
7,case_0007_steps_0160_mesh_49x45,53,160,49,45,0.26,-128384.784455683,2.54301413260549e-09,1728613.57871809,1.1550440603969e-06,-42713112.3905101,2.71322875278202e-07,1728613.57871809,128384.784455683,2.54301413260549e-09,0.24251663993866177,0.018011802596466404,3.5677334156623093e-16,-0.25243616110918693,13.464318112515803
7,case_0007_steps_0160_mesh_49x45,54,160,49,45,0.265,-128500.75739231,-4.53597404082018e-09,1730120.27468668,2.09432221254247e-06,-42755554.6556124,2.71317333044863e-08,1730120.27468668,128500.75739231,-4.53597404082018e-09,0.24272802254505235,0.018028073073142546,-6.363765718214951e-16,-0.25268699655225296,13.463891651662882
7,case_0007_steps_0160_mesh_49x45,55,160,49,45,0.27,-128611.427728284,-4.53151222101766e-09,1731559.87586489,1.98944746898633e-06,-42796150.5282108,1.28827934986475e-08,1731559.87586489,128611.427728284,-4.53151222101766e-09,0.2429299920568562,0.01804359961901245,-6.357505987527649e-16,-0.25292691974356535,13.463499367436757
7,case_0007_steps_0160_mesh_49x45,56,160,49,45,0.275,-128717.433836763,5.78815012586276e-09,1732937.16263346,1.38117923143e-06,-42834981.7746753,3.70175229136294e-07,1732937.16263346,128717.433836763,5.78815012586276e-09,0.24312321913979587,0.01805847179493297,8.120511936657095e-16,-0.2531564139255619,13.463111491417223
7,case_0007_steps_0160_mesh_49x45,57,160,49,45,0.28,-128819.858666327,2.65958666201271e-09,1734246.80485146,3.68544192497211e-07,-42871912.4839918,2.7575487138165e-07,1734246.80485146,128819.858666327,2.65958666201271e-09,0.2433069559992892,0.018072841533675027,3.7312793838824297e-16,-0.2533746758588451,13.46257341691049
7,case_0007_steps_0160_mesh_49x45,58,160,49,45,0.285,-128916.632678065,2.61725846550931e-09,1735497.68943547,1.05590606835904e-06,-42907183.5225472,8.00417012669641e-08,1735497.68943547,128916.632678065,2.61725846550931e-09,0.2434824494293999,0.01808641848832182,3.671894845214855e-16,-0.2535831290731615,13.462170500290787
7,case_0007_steps_0160_mesh_49x45,59,160,49,45,0.29,-129009.594582888,2.0676167444833e-09,1736690.5805001,1.10470898562198e-06,-42940813.0042911,1.35509850451854e-07,1736690.5805001,129009.594582888,2.0676167444833e-09,0.2436498066319399,0.01809946062166934,2.9007724556048984e-16,-0.2537818806226601,13.461716441440991
7,case_0007_steps_0160_mesh_49x45,60,160,49,45,0.295,-129098.656631966,-5.46685252622581e-10,1737830.17333132,1.8279966980117e-06,-42972946.568181,1.18963185968823e-07,1737830.17333132,129098.656631966,-5.46685252622581e-10,0.24380968633422168,0.018111955622954975,-7.66974598616575e-17,-0.2539717912392633,13.46125683000343
7,case_0007_steps_0160_mesh_49x45,61,160,49,45,0.3,-129182.871382043,-1.95283467174789e-09,1738921.21337592,1.93955486338382e-06,-43003708.717619,5.08796631493169e-08,1738921.21337592,129182.871382043,-1.95283467174789e-09,0.24396275430089304,0.018123770570189792,-2.7397384168370793e-16,-0.25415359674293625,13.460927093292941
7,case_0007_steps_0160_mesh_49x45,62,160,49,45,0.305,-129261.855312316,3.30532184955601e-09,1739964.92003789,2.3955376491358e-06,-43033127.1137395,2.44883381128602e-07,1739964.92003789,129261.855312316,3.30532184955601e-09,0.2441091816087997,0.01813485165714571,4.637216545901576e-16,-0.2543274606120627,13.460776312036327
7,case_0007_steps_0160_mesh_49x45,63,160,49,45,0.31,-129337.219476603,-3.98398369849673e-10,1740964.50462626,1.98090890535241e-06,-43061310.8217205,1.18319405828515e-07,1740964.50462626,129337.219476603,-3.98398369849673e-10,0.24424941879002426,0.018145424907361773,-5.589348319514727e-17,-0.254494027426101,13.460661298205803
7,case_0007_steps_0160_mesh_49x45,64,160,49,45,0.315,-129411.503831322,1.12589576550803e-08,1741915.32871724,1.25910128190299e-06,-43088114.6563785,4.51195603545784e-07,1741915.32871724,129411.503831322,1.12589576550803e-08,0.24438281509476012,0.01815584666519606,1.5795806612526028e-15,-0.25465243913495067,13.46028194670926
7,case_0007_steps_0160_mesh_49x45,65,160,49,45,0.32,-129482.563561347,3.43071338004819e-09,1742822.92233767,1.2490800145315e-06,-43113699.0023416,2.7571050509323e-07,1742822.92233767,129482.563561347,3.43071338004819e-09,0.2445101463606754,0.018165816022820448,4.813135172401554e-16,-0.25480364361802293,13.459904363972107
7,case_0007_steps_0160_mesh_49x45,66,160,49,45,0.325,-129550.261001023,2.75559486340171e-09,1743692.80690085,1.1647805422399e-06,-43138220.2218684,1.97286993852686e-07,1743692.80690085,129550.261001023,2.75559486340171e-09,0.24463218721699756,0.01817531366636832,3.8659745331863096e-16,-0.2549485649823681,13.459585441414749
7,case_0007_steps_0160_mesh_49x45,67,160,49,45,0.33,-129614.675698912,-3.93189902858637e-09,1744530.80984913,2.16690682464105e-06,-43161841.2589949,2.16045634715556e-08,1744530.80984913,129614.675698912,-3.93189902858637e-09,0.24474975522744108,0.0181843507561419,-5.516275891445859e-16,-0.2550881662335978,13.459361761638645
7,case_0007_steps_0160_mesh_49x45,68,160,49,45,0.335,-129677.017013712,-7.58874491024741e-09,1745334.28568666,1.1642287063296e-06,-43184492.7732878,-8.9768974476101e-08,1745334.28568666,129677.017013712,-7.58874491024741e-09,0.24486247924094456,0.018193096959677954,-1.0646664700792354e-15,-0.2552220375670453,13.459087245214077
7,case_0007_steps_0160_mesh_49x45,69,160,49,45,0.34,-129737.028310817,3.71821662348282e-09,1746103.9730872,3.32727029217494e-06,-43206187.8281859,3.18225460205213e-07,1746103.9730872,129737.028310817,3.71821662348282e-09,0.24497046289008403,0.01820151627230597,5.21648917486716e-16,-0.25535025618814366,13.458794268849584
7,case_0007_steps_0160_mesh_49x45,70,160,49,45,0.345,-129794.725729711,-1.27611948785855e-09,1746843.26344147,2.10902965136484e-06,-43227025.6944806,1.68457404470246e-07,1746843.26344147,129794.725729711,-1.27611948785855e-09,0.24507418197158612,0.018209610958322315,-1.7903377259433924e-16,-0.25547340879114405,13.458507297739944
7,case_0007_steps_0160_mesh_49x45,71,160,49,45,0.35,-129849.944959374,-5.92314708391939e-09,1747552.68345464,3.11480869186198e-06,-43247019.127168,-1.82975270490715e-08,1747552.68345464,129849.944959374,-5.92314708391939e-09,0.24517371037979566,0.01821735796563658,-8.309906542096403e-16,-0.25559157075857125,13.458247394724694
7,case_0007_steps_0160_mesh_49x45,72,160,49,45,0.355,-129902.958874839,7.97513100003755e-09,1748232.66817131,4.2266162836313e-07,-43266181.7100395,3.35268822482249e-07,1748232.66817131,129902.958874839,7.97513100003755e-09,0.24526910914949568,0.018224795577377488,1.1188746848986705e-15,-0.25570482237116254,13.457989589411321
7,case_0007_steps_0160_mesh_49x45,73,160,49,45,0.36,-129954.416949244,6.00169158815334e-09,1748886.73011946,1.21975801903318e-06,-43284613.534732,2.28558690196223e-07,1748886.73011946,129954.416949244,6.00169158815334e-09,0.24536087107242047,0.01823201491167872,8.420100916865757e-16,-0.2558137551743981,13.457693637319913
7,case_0007_steps_0160_mesh_49x45,74,160,49,45,0.365,-130004.208059093,-4.46729075953556e-09,1749516.39413642,2.83865028904984e-06,-43302355.539486,2.27167902266956e-08,1749516.39413642,130004.208059093,-4.46729075953556e-09,0.24544921007632708,0.01823900037841811,-6.267406191700874e-16,-0.2559186111148768,13.45738280518722
7,case_0007_steps_0160_mesh_49x45,75,160,49,45,0.37,-130051.864601513,-6.16836143274568e-09,1750120.99625339,1.96857467926748e-06,-43319389.0619544,4.69435974537191e-08,1750120.99625339,130051.864601513,-6.16836143274568e-09,0.2455340330094063,0.018245686375034754,-8.653931144669523e-16,-0.2560192798973991,13.457100377729066
7,case_0007_steps_0160_mesh_49x45,76,160,49,45,0.375,-130097.447236253,-1.08220243322243e-08,1750701.99123479,3.31727665070503e-06,-43335758.8617429,-1.22331613283677e-07,1750701.99123479,130097.447236253,-1.08220243322243e-08,0.24561554396850382,0.018252081411816137,-1.5182808990380468e-15,-0.25611602605298134,13.456851217499821
7,case_0007_steps_0160_mesh_49x45,77,160,49,45,0.38,-130141.021688645,5.72793545927652e-09,1751260.06662375,2.10775874620595e-06,-43351480.465458,2.0458736571527e-07,1751260.06662375,130141.021688645,5.72793545927652e-09,0.2456938394128005,0.018258194709728046,8.036033492224469e-16,-0.2562089413444739,13.456633764667531
7,case_0007_steps_0160_mesh_49x45,78,160,49,45,0.385,-130182.89275883,4.10232009473432e-09,1751796.23743486,1.49647803482367e-06,-43366581.7218572,2.52244888088171e-07,1751796.23743486,130182.89275883,4.10232009473432e-09,0.2457690617442368,0.018264069030846954,5.755368912846366e-16,-0.25629819035912044,13.456424268280363
7,case_0007_steps_0160_mesh_49x45,79,160,49,45,0.39,-130223.098471557,1.34590641964749e-08,1752312.29708003,2.55176018981729e-07,-43381116.8510424,5.02677409031094e-07,1752312.29708003,130223.098471557,1.34590641964749e-08,0.24584146257036438,0.018269709709872583,1.8882456240268563e-15,-0.2563840935398391,13.45623255510823
7,case_0007_steps_0160_mesh_49x45,80,160,49,45,0.395,-130261.821756545,1.69548830530886e-09,1752807.79101577,7.28392592463933e-07,-43395070.1793719,1.55968194803791e-07,1752807.79101577,130261.821756545,1.69548830530886e-09,0.24591097812079457,0.018275142411014293,2.37869314415387e-16,-0.2564665582547958,13.456036215213613
7,case_0007_steps_0160_mesh_49x45,81,160,49,45,0.4,-130299.044025744,3.36773409159719e-09,1753285.76754002,1.45154569963779e-06,-43408534.7263721,2.57986414453626e-07,1753285.76754002,130299.044025744,3.36773409159719e-09,0.24597803605789384,0.01828036452645303,4.72477808896252e-16,-0.2565461342530216,13.45586056021725
7,case_0007_steps_0160_mesh_49x45,82,160,49,45,0.405,-130334.749629712,-6.69951205622965e-09,1753746.27183995,1.89917989246169e-06,-43421497.0361498,-3.65891139608721e-08,1753746.27183995,130334.749629712,-6.69951205622965e-09,0.24604264272121715,0.018285373860643106,-9.399111363629638e-16,-0.2566227420096625,13.455707528670882
7,case_0007_steps_0160_mesh_49x45,83,160,49,45,0.41,-130369.331885287,-1.07660841353052e-08,1754190.78514525,6.97011728334473e-07,-43434010.9210923,-1.26444291481675e-07,1754190.78514525,130369.331885287,-1.07660841353052e-08,0.24610500592056753,0.018290225594151856,-1.5104327432897924e-15,-0.25669669955802765,13.455547863732063
7,case_0007_steps_0160_mesh_49x45,84,160,49,45,0.415,-130402.847182264,-1.0794258598068e-08,1754619.19395291,1.35042762394733e-06,-43446071.8950838,-5.79724996896402e-08,1754619.19395291,130402.847182264,-1.0794258598068e-08,0.24616510973198782,0.018294927638211604,-1.5143854925481767e-15,-0.25676798038499754,13.455374877670266
7,case_0007_steps_0160_mesh_49x45,85,160,49,45,0.42,-130434.906714875,-1.09519848190409e-08,1755031.60241649,1.65553331044066e-06,-43457679.9944368,-1.20087861432694e-07,1755031.60241649,130434.906714875,-1.09519848190409e-08,0.24622296876774982,0.018299425445137654,-1.536513765524568e-15,-0.2568365847051804,13.45522948280181
7,case_0007_steps_0160_mesh_49x45,86,160,49,45,0.425,-130465.855524821,-1.86813202684988e-08,1755429.46885205,2.15488410049147e-06,-43468879.4298505,-4.3411722572273e-07,1755429.46885205,130465.855524821,-1.86813202684988e-08,0.24627878762297825,0.01830376742271472,-2.6209044501976614e-15,-0.25690277380553384,13.455087247084975
7,case_0007_steps_0160_mesh_49x45,87,160,49,45,0.43,-130495.906035278,-1.24619792818415e-08,1755813.44006921,2.07129949103546e-06,-43479684.9370563,-1.01381743888851e-07,1755813.44006921,130495.906035278,-1.24619792818415e-08,0.24633265704212737,0.01830798337295033,-1.7483591356829773e-15,-0.2569666347748056,13.454931219026495
7,case_0007_steps_0160_mesh_49x45,88,160,49,45,0.435,-130524.903935255,-1.12298005894296e-08,1756184.15665905,1.48932736010465e-06,-43490115.8996364,-2.17518504541658e-07,1756184.15665905,130524.903935255,-1.12298005894296e-08,0.24638466689721839,0.01831205164671277,-1.5754900572684998e-15,-0.2570282821707228,13.454782219415996
7,case_0007_steps_0160_mesh_49x45,89,160,49,45,0.44,-130553.122306142,-1.89728711630366e-08,1756541.69134818,8.45881231725798e-08,-43500176.7701633,-2.95647168968571e-07,1756541.69134818,130553.122306142,-1.89728711630366e-08,0.24643482739146466,0.018316010556081706,-2.6618077175241007e-15,-0.2570877423081627,13.454612653607455
7,case_0007_steps_0160_mesh_49x45,90,160,49,45,0.445,-130580.524007749,-1.39608952176573e-08,1756884.03964552,1.89408206097141e-06,-43509803.9874589,-1.50622895489505e-07,1756884.03964552,130580.524007749,-1.39608952176573e-08,0.24648285730386488,0.018319854890457038,-1.9586502387843057e-15,-0.25714463953808236,13.454411008040232
7,case_0007_steps_0160_mesh_49x45,91,160,49,45,0.45,-130606.943871645,-1.51856029972919e-08,1757215.15784103,2.31851015541906e-06,-43519124.6307378,-2.25700944156415e-07,1757215.15784103,130606.943871645,-1.51856029972919e-08,0.24652931168394512,0.018323561477457496,-2.130471182042186e-15,-0.25719972490359916,13.454224605147695
7,case_0007_steps_0160_mesh_49x45,92,160,49,45,0.455,-130632.367932708,-1.60912991820084e-08,1757534.72707417,2.29796148687456e-06,-43528113.7388164,-2.13262353554455e-07,1757534.72707417,130632.367932708,-1.60912991820084e-08,0.24657414579701875,0.01832712835783985,-2.257536246338162e-15,-0.25725285088314415,13.454052428870616
7,case_0007_steps_0160_mesh_49x45,93,160,49,45,0.46,-130656.849862098,-1.3136902177191e-08,1757843.44704483,1.85824228537967e-06,-43536796.9200808,-2.65510095687205e-07,1757843.44704483,130656.849862098,-1.3136902177191e-08,0.24661745780780486,0.018330563061424256,-1.843047754824345e-15,-0.2573041688232783,13.453894295631258
7,case_0007_steps_0160_mesh_49x45,94,160,49,45,0.465,-130680.436966963,-1.99425636004946e-08,1758142.18279268,2.47208333803428e-06,-43545199.6440054,-1.95196435015532e-07,1758142.18279268,130680.436966963,-1.99425636004946e-08,0.2466593690774432,0.018333872225188886,-2.7978511656385372e-15,-0.2573538292495894,13.453751943277874
7,case_0007_steps_0160_mesh_49x45,95,160,49,45,0.47,-130703.212807475,-1.46074071727398e-08,1758431.86856205,1.22281755920994e-06,-43553346.8635825,-1.8340713836551e-07,1758431.86856205,130703.212807475,-1.46074071727398e-08,0.24670001067617328,0.01833706757224664,-2.0493529319466814e-15,-0.25740197963523564,13.453623907104785
7,case_0007_steps_0160_mesh_49x45,96,160,49,45,0.475,-130725.026080463,-5.29461563480993e-09,1758712.32950419,1.73827663729753e-06,-43561234.408622,4.73784211862949e-09,1758712.32950419,130725.026080463,-5.29461563480993e-09,0.24673935807350905,0.018340127875449298,-7.428105444323914e-16,-0.2574485953342309,13.453524411015831
7,case_0007_steps_0160_mesh_49x45,97,160,49,45,0.48,-130745.88630887,-1.68357805474528e-08,1758983.85175808,1.68280200796289e-06,-43568866.3317127,-2.198401887199e-07,1758983.85175808,130745.88630887,-1.68357805474528e-08,0.24677745141345078,0.018343054470822552,-2.361983603149055e-15,-0.25749370029753316,13.453454647152045
7,case_0007_steps_0160_mesh_49x45,98,160,49,45,0.485,-130766.034968968,-1.17112664010932e-08,1759247.54602072,2.2191416064743e-06,-43576277.9691196,-1.36079535195677e-07,1759247.54602072,130766.034968968,-1.17112664010932e-08,0.24681444652174672,0.018345881236391443,-1.6430375255561126e-15,-0.25753750336384745,13.453398250074692
7,case_0007_steps_0160_mesh_49x45,99,160,49,45,0.49,-130785.576725244,-1.09401001591181e-08,1759503.18730891,1.05473725398042e-06,-43583463.2256104,-9.93914284208586e-08,1759503.18730891,130785.576725244,-1.09401001591181e-08,0.24685031183427505,0.01834862285610848,-1.534846401674847e-15,-0.257579968510113,13.453342726050723
7,case_0007_steps_0160_mesh_49x45,100,160,49,45,0.495,-130804.942939965,-2.33718347453227e-08,1759750.37461786,8.83378334037843e-07,-43590407.9674353,-3.56939608536777e-07,1759750.37461786,130804.942939965,-2.33718347453227e-08,0.2468849910918836,0.018351339848142034,-3.278962343822767e-15,-0.2576210122053171,13.453240642637834
7,case_0007_steps_0160_mesh_49x45,101,160,49,45,0.5,-130823.932060256,-1.36854613752568e-08,1759989.38203593,6.6474433424446e-07,-43597125.4536679,-2.09330409006725e-07,1759989.38203593,130823.932060256,-1.36854613752568e-08,0.24691852274792542,0.018354003935538467,-1.9200081207269552e-15,-0.257660712811102,13.45311484159717
7,case_0007_steps_0160_mesh_49x45,102,160,49,45,0.505,-130842.431542879,-2.49718655198627e-08,1760220.59884573,1.48630783769477e-06,-43603621.0613819,-4.68749732362994e-07,1760220.59884573,130842.431542879,-2.49718655198627e-08,0.24695096141698392,0.018356599328992255,-3.5034393998966033e-15,-0.25769910210618313,13.452979878846715
7,case_0007_steps_0160_mesh_49x45,103,160,49,45,0.51,-130860.600505996,-5.63000946973702e-08,1760444.29512777,1.72576039858541e-06,-43609906.2236909,-1.12905436822075e-06,1760444.29512777,130860.600505996,-5.63000946973702e-08,0.2469823449901289,0.01835914835205938,-7.89864777318251e-15,-0.2577362476607081,13.452821462844401
7,case_0007_steps_0160_mesh_49x45,104,160,49,45,0.515,-130878.25463788,-6.47548258903008e-08,1760660.90059492,3.54721532858093e-06,-43615990.1914903,-1.37590595272741e-06,1760660.90059492,130878.25463788,-6.47548258903008e-08,0.2470127337541258,0.018361625146641036,-9.084808188522225e-15,-0.25777220414782964,13.452661830388843
7,case_0007_steps_0160_mesh_49x45,105,160,49,45,0.52,-130895.410026545,1.36349365686961e-08,1760870.57760711,1.16366800284595e-06,-43621879.7214608,5.57668755618579e-07,1760870.57760711,130895.410026545,1.36349365686961e-08,0.24704215048733602,0.018364031969812563,1.9129197196687273e-15,-0.2578070114997945,13.45250056705589
7,case_0007_steps_0160_mesh_49x45,106,160,49,45,0.525,-130911.522835142,7.18632524043805e-08,1761072.66845245,1.84831947080966e-07,-43627555.6848255,1.84450914275658e-06,1761072.66845245,130911.522835142,7.18632524043805e-08,0.24707050291576632,0.018366292523732206,1.0082088167500481e-14,-0.2578405566647846,13.452388531681692
7,case_0007_steps_0160_mesh_49x45,107,160,49,45,0.53,-130926.535181228,-1.52406113840264e-08,1761269.16785193,2.71393048478785e-06,-43633072.9169121,-2.10310219017629e-07,1761269.16785193,130926.535181228,-1.52406113840264e-08,0.24709807088971872,0.018368398687755905,-2.138188609050477e-15,-0.2578731637217267,13.45234688609141
7,case_0007_steps_0160_mesh_49x45,108,160,49,45,0.535,-130941.268164964,-3.91693232293377e-08,1761460.35465722,3.13472594370978e-06,-43638441.6259072,-7.34266052404564e-07,1761460.35465722,130941.268164964,-3.91693232293377e-08,0.24712489353081696,0.01837046565850976,-5.495278282665582e-15,-0.25790489300140185,13.452293378112666
7,case_0007_steps_0160_mesh_49x45,109,160,49,45,0.54,-130955.733524129,4.07481443032154e-09,1761646.06546977,1.96991732082097e-06,-43643654.0039645,2.7704177796295e-07,1761646.06546977,130955.733524129,4.07481443032154e-09,0.2471509479149861,0.018372495082750892,5.716779713994795e-16,-0.25793569835913377,13.45222555792245
7,case_0007_steps_0160_mesh_49x45,110,160,49,45,0.545,-130969.86352599,1.67978889131781e-08,1761826.40460847,6.97055156706483e-07,-43648716.5485809,5.20021956162964e-07,1761826.40460847,130969.86352599,1.67978889131781e-08,0.24717624867769292,0.018374477457884262,2.3566675788280502e-15,-0.2579656181953828,13.452151183305222
7,case_0007_steps_0160_mesh_49x45,111,160,49,45,0.55,-130983.72915373,2.28932219292766e-08,1762001.20429389,6.4651362663426e-07,-43653623.3762797,6.36380548257875e-07,1762001.20429389,130983.72915373,2.28932219292766e-08,0.2472007722802449,0.018376422742528296,3.2118151378722286e-15,-0.25799461773857185,13.452061684897552
7,case_0007_steps_0160_mesh_49x45,112,160,49,45,0.555,-130997.306068467,1.9398491812872e-08,1762170.65868577,1.03295349163091e-06,-43658378.961137,6.78431490541698e-07,1762170.65868577,130997.306068467,1.9398491812872e-08,0.2472245459623723,0.018378327522048304,2.721520363055404e-15,-0.2580227234306654,13.451961048456633
7,case_0007_steps_0160_mesh_49x45,113,160,49,45,0.56,-131010.382974018,-5.65493481485824e-08,1762335.27459518,5.7653812746139e-07,-43662998.0087845,-1.23511958349809e-06,1762335.27459518,131010.382974018,-5.65493481485824e-08,0.24724764082736822,0.01838016215254876,-7.933616901173466e-15,-0.2580500221825207,13.451874840673405
7,case_0007_steps_0160_mesh_49x45,114,160,49,45,0.565,-131022.785417683,1.11386237455768e-08,1762495.50867556,-4.21411300521868e-07,-43667493.9499149,4.15283977872605e-07,1762495.50867556,131022.785417683,1.11386237455768e-08,0.2472701209416377,0.0183819021591076,1.5626983598737641e-15,-0.25807659337005573,13.451824452189452
7,case_0007_steps_0160_mesh_49x45,115,160,49,45,0.57,-131034.7188214,1.94046431645223e-07,1762650.88671054,1.54462077261996e-06,-43671852.8470215,4.84139090417557e-06,1762650.88671054,131034.7188214,1.94046431645223e-07,0.24729191977477633,0.018383576361490427,2.722383369774591e-14,-0.2581023546220619,13.451785164762544
7,case_0007_steps_0160_mesh_49x45,116,160,49,45,0.575,-131046.326484778,2.20368269410187e-07,1762801.19089325,1.13834175863303e-06,-43676068.3610888,5.40969242024403e-06,1762801.19089325,131046.326484778,2.20368269410187e-07,0.24731300676946869,0.018385204863982034,3.091666807690399e-14,-0.25812726847471024,13.451740603335512
7,case_0007_steps_0160_mesh_49x45,117,160,49,45,0.58,-131057.805151058,3.43078516373829e-07,1762947.19548149,1.64552693604492e-06,-43680163.7524788,8.42274556589473e-06,1762947.19548149,131057.805151058,3.43078516373829e-07,0.24733349055057025,0.018386815268766236,4.813235881660927e-14,-0.258151472397648,13.45167648313282
7,case_0007_steps_0160_mesh_49x45,118,160,49,45,0.585,-131069.255956479,2.38643848848863e-07,1763088.94689255,1.14782494620158e-06,-43684139.6004979,5.97204729047007e-06,1763088.94689255,131069.255956479,2.38643848848863e-07,0.24735337763021606,0.018388421764798366,3.3480648930095365e-14,-0.25817496981459853,13.451582783669545
7,case_0007_steps_0160_mesh_49x45,119,160,49,45,0.59,-131080.535614446,1.8071876994874e-08,1763226.63095499,1.02879607766226e-06,-43688001.0655637,5.67912906035417e-07,1763226.63095499,131080.535614446,1.8071876994874e-08,0.24737269407930979,0.018390004249619434,2.5354023248109622e-15,-0.2581977912238313,13.45147563434788
7,case_0007_steps_0160_mesh_49x45,120,160,49,45,0.595,-131091.501819727,-4.0268852891101e-07,1763361.43756663,1.83490521976637e-06,-43691781.3812476,-9.6581333082213e-06,1763361.43756663,131091.501819727,-4.0268852891101e-07,0.24739160683511535,0.018391542758451233,-5.6495373040956206e-14,-0.25822013303705016,13.451378717070083
7,case_0007_steps_0160_mesh_49x45,121,160,49,45,0.6,-131102.054496462,-1.26692088708857e-07,1763492.83564727,6.84235942571831e-07,-43695465.398073,-2.98642780194314e-06,1763492.83564727,131102.054496462,-1.26692088708857e-07,0.2474100413894909,0.018393023251104788,-1.7774325065332388e-14,-0.2582419057202572,13.451298245633984
7,case_0007_steps_0160_mesh_49x45,122,160,49,45,0.605,-131112.236249726,3.94563999250863e-08,1763620.90755332,1.64275422775972e-06,-43699055.876688,1.14645246185319e-06,1763620.90755332,131112.236249726,3.94563999250863e-08,0.24742800929666703,0.01839445170487877,5.535553840207641e-15,-0.25826312558899045,13.45123047244956
7,case_0007_steps_0160_mesh_49x45,123,160,49,45,0.61,-131122.073024573,2.47948188702996e-07,1763745.53386657,1.97115343780752e-06,-43702548.3241279,6.10154830837928e-06,1763745.53386657,131122.073024573,2.47948188702996e-07,0.2474454938028108,0.018395831759746496,3.478600558473015e-14,-0.25828376608965314,13.451171821666016
7,case_0007_steps_0160_mesh_49x45,124,160,49,45,0.615,-131131.685892422,3.14467697382081e-07,1763866.88495546,-1.54240183292131e-07,-43705949.0583067,7.59078255896384e-06,1763866.88495546,131131.685892422,3.14467697382081e-07,0.2474625188098412,0.018397180401478586,4.411839075966648e-14,-0.2583038645613637,13.451111170815752
7,case_0007_steps_0160_mesh_49x45,125,160,49,45,0.62,-131141.025303029,-1.12538097729598e-08,1763985.20304929,-1.64287030202104e-07,-43709264.4719407,-2.42715827880602e-07,1763985.20304929,131141.025303029,-1.12538097729598e-08,0.24747911830142963,0.018398490678400676,-1.5788584367542914e-15,-0.25832345878532487,13.451055449453976
7,case_0007_steps_0160_mesh_49x45,126,160,49,45,0.625,-131150.000358782,2.19295956838117e-07,1764100.62424599,2.33092157486681e-06,-43712498.6973062,5.26290656921446e-06,1764100.62424599,131150.000358782,2.19295956838117e-07,0.24749531137149805,0.01839974983799035,3.0766227489635635e-14,-0.2583425731834507,13.451015016546
7,case_0007_steps_0160_mesh_49x45,127,160,49,45,0.63,-131158.73014361,4.81612837388568e-08,1764212.92457852,-1.33273135816125e-06,-43715643.6875999,1.06800158050646e-06,1764212.92457852,131158.73014361,4.81612837388568e-08,0.24751106659848715,0.018400974587182387,6.7568095329562794e-15,-0.2583611601988199,13.450975948355289
7,case_0007_steps_0160_mesh_49x45,128,160,49,45,0.635,-131167.311882336,4.9452752315382e-07,1764322.48390819,-2.2289043499768e-07,-43718712.0096949,1.18134370836742e-05,1764322.48390819,131167.311882336,4.9452752315382e-07,0.24752643727521478,0.018402178566178203,6.937996713030107e-14,-0.2583792941021427,13.45093117019033
7,case_0007_steps_0160_mesh_49x45,129,160,49,45,0.64,-131175.662223039,4.92151629616355e-07,1764429.38528848,1.52710515521903e-06,-43721705.4408152,1.17467580764696e-05,1764429.38528848,131175.662223039,4.92151629616355e-07,0.2475414350537073,0.01840335008108157,6.904664004977142e-14,-0.25839698539688255,13.4508898631547
7,case_0007_steps_0160_mesh_49x45,130,160,49,45,0.645,-131183.750287409,7.27388128562989e-07,1764533.47915709,2.59713419836771e-06,-43724619.5847921,1.75147348784321e-05,1764533.47915709,131183.750287409,7.27388128562989e-07,0.24755603895105271,0.018404484799805738,1.0204925325253165e-13,-0.2584142081015106,13.45085405235933
7,case_0007_steps_0160_mesh_49x45,131,160,49,45,0.65,-131191.632830026,6.56085122674455e-07,1764634.67892729,8.58430894368212e-07,-43727452.7697815,1.5688492510435e-05,1764634.67892729,131191.632830026,6.56085122674455e-07,0.24757023681952584,0.018405590684760702,9.204576512857659e-14,-0.2584309523353632,13.450817257633947
7,case_0007_steps_0160_mesh_49x45,132,160,49,45,0.655,-131199.344491319,6.85831751112698e-07,1764733.01440715,7.07836534274975e-07,-43730205.6077812,1.63326918425355e-05,1764733.01440715,131199.344491319,6.85831751112698e-07,0.24758403284106356,0.018406672595841434,9.621908209609476e-14,-0.25844722171537104,13.450776154784188
7,case_0007_steps_0160_mesh_49x45,133,160,49,45,0.66,-131206.899674655,2.09064947742643e-07,1764828.96067409,-2.85619648821012e-07,-43732891.2081403,4.72212104796199e-06,1764828.96067409,131206.899674655,2.09064947742643e-07,0.24759749366687187,0.018407732553774963,2.933086334604477e-14,-0.25846309371829895,13.450732888668346
7,case_0007_steps_0160_mesh_49x45,134,160,49,45,0.665,-131214.314352711,2.0720162596799e-07,1764922.29883187,6.731841040164e-08,-43735503.8755217,4.69649964429664e-06,1764922.29883187,131214.314352711,2.0720162596799e-07,0.24761058858680166,0.018408772799455377,2.906944775757733e-14,-0.2584785346844825,13.450684153922916
7,case_0007_steps_0160_mesh_49x45,135,160,49,45,0.67,-131221.600643467,-1.45505713589067e-08,1765013.19937845,5.47793774785532e-07,-43738047.8478418,-7.24063539792041e-07,1765013.19937845,131221.600643467,-1.45505713589067e-08,0.24762334152094295,0.018409795032980278,-2.0413791252100687e-15,-0.25849356966017295,13.450630008500227
7,case_0007_steps_0160_mesh_49x45,136,160,49,45,0.675,-131228.715848214,-1.69966072327554e-07,1765101.88909239,6.49314529255207e-07,-43740530.2355911,-4.41908204606989e-06,1765101.88909239,131228.715848214,-1.69966072327554e-07,0.24763578428529853,0.018410793263914572,-2.3845468571997277e-14,-0.2585082406686466,13.450576557755845
7,case_0007_steps_0160_mesh_49x45,137,160,49,45,0.68,-131235.684086714,-1.63675872466573e-07,1765188.44959231,1.52379050177842e-06,-43742952.4847097,-4.27912780764927e-06,1765188.44959231,131235.684086714,-1.63675872466573e-07,0.24764792833059035,0.018411770876151406,-2.2962982079001536e-14,-0.25852255625546594,13.450521951224497
7,case_0007_steps_0160_mesh_49x45,138,160,49,45,0.685,-131242.447006582,3.20797284680818e-07,1765272.92061539,6.61716171634907e-07,-43745315.7642739,7.37537661166243e-06,1765272.92061539,131242.447006582,3.20797284680818e-07,0.2476597792317644,0.01841271968311599,4.5006403131423084e-14,-0.25853652332991744,13.450472471965256
7,case_0007_steps_0160_mesh_49x45,139,160,49,45,0.69,-131249.042804229,1.83964901034894e-07,1765355.45474374,-1.18852710784267e-06,-43747625.0205321,4.03209793375936e-06,1765355.45474374,131249.042804229,1.83964901034894e-07,0.24767135839539828,0.018413645043591432,2.5809440707226375e-14,-0.2585501711245223,13.45042536711634
7,case_0007_steps_0160_mesh_49x45,140,160,49,45,0.695,-131255.432428807,-4.16727752305945e-09,1765436.04755089,8.57942836773873e-07,-43749879.2405122,-5.57029892434002e-07,1765436.04755089,131255.432428807,-4.16727752305945e-09,0.2476826652004783,0.018414541478920996,-5.846501236752726e-16,-0.2585634936525757,13.450384604145533
7,case_0007_steps_0160_mesh_49x45,141,160,49,45,0.7,-131261.677873812,4.20908343234938e-07,1765514.78510229,2.66069969256932e-06,-43752081.8485384,9.82205733635055e-06,1765514.78510229,131261.677873812,4.20908343234938e-07,0.24769371172159654,0.018415417686510817,5.905153030163332e-14,-0.2585765111519674,13.450344485155538
7,case_0007_steps_0160_mesh_49x45,142,160,49,45,0.705,-131267.824092178,1.08204777127252e-06,1765591.64755426,-3.61212528332544e-07,-43754231.8702827,2.55833281812556e-05,1765591.64755426,131267.824092178,1.08204777127252e-06,0.24770449517477466,0.018416279973053513,1.5180639153415151e-13,-0.25858921786438094,13.450300252668455
7,case_0007_steps_0160_mesh_49x45,143,160,49,45,0.71,-131273.846819274,8.72717071331852e-07,1765666.62122023,-1.56436146880878e-06,-43756328.4328088,2.04844408244753e-05,1765666.62122023,131273.846819274,8.72717071331852e-07,0.24771501363984907,0.018417124934331484,1.22438244360816e-13,-0.2586016086307286,13.450254289043883
7,case_0007_steps_0160_mesh_49x45,144,160,49,45,0.715,-131279.692594929,3.48039717490423e-07,1765740.01786625,-6.75125306770497e-07,-43758380.6464322,7.71435020396893e-06,1765740.01786625,131279.692594929,3.48039717490423e-07,0.24772531085618169,0.018417945070125355,4.882839281730743e-14,-0.25861373729333065,13.450214446453206
7,case_0007_steps_0160_mesh_49x45,145,160,49,45,0.72,-131285.384516774,-1.05511142672876e-06,1765811.86288844,1.11992039819597e-06,-43760389.2942757,-2.60545452874794e-05,1765811.86288844,131285.384516774,-1.05511142672876e-06,0.24773539038673287,0.018418743620927942,-1.4802734464281147e-13,-0.25862560848047333,13.450178551008674
7,case_0007_steps_0160_mesh_49x45,146,160,49,45,0.725,-131291.002729709,-9.95146378079959e-07,1765882.07675056,3.09730239678174e-07,-43762352.0417153,-2.44766117134532e-05,1765882.07675056,131291.002729709,-9.95146378079959e-07,0.24774524107292906,0.018419531830704973,-1.3961452046330333e-13,-0.2586372083944377,13.45013778580099
7,case_0007_steps_0160_mesh_49x45,147,160,49,45,0.73,-131296.483712594,-1.3656262194961e-06,1765950.79714706,2.03654224151251e-06,-43764272.6750662,-3.31429267248495e-05,1765950.79714706,131296.483712594,-1.3656262194961e-06,0.24775488223267675,0.018420300787728796,-1.9159116082492782e-13,-0.2586485594124943,13.450099707260245
7,case_0007_steps_0160_mesh_49x45,148,160,49,45,0.735,-131301.800348025,1.42801809321913e-07,1766017.83686396,-1.15181853743707e-06,-43766146.1203129,3.1981672918846e-06,1766017.83686396,131301.800348025,1.42801809321913e-07,0.24776428760070415,0.0184210466875507,2.003444575484254e-14,-0.2586596315470136,13.450065666906326
7,case_0007_steps_0160_mesh_49x45,149,160,49,45,0.74,-131307.03875339,6.36411922882996e-07,1766083.0878994,-1.78267725914338e-06,-43767969.6083932,1.5170846552337e-05,1766083.0878994,131307.03875339,6.36411922882996e-07,0.2477734420248405,0.01842178161204938,8.928570448286259e-14,-0.25867040843272987,13.450026020435287
7,case_0007_steps_0160_mesh_49x45,150,160,49,45,0.745,-131312.089109511,8.57703162049361e-07,1766146.91024348,-4.54450764664216e-06,-43769753.0129247,2.02000492208754e-05,1766146.91024348,131312.089109511,8.57703162049361e-07,0.24778239601006302,0.01842249015409258,1.203318610277441e-13,-0.2586809484231085,13.449994758445719
7,case_0007_steps_0160_mesh_49x45,151,160,49,45,0.75,-131316.967732313,2.80304187144642e-06,1766209.50284075,-6.79960817251413e-06,-43771501.5811609,6.69151237673304e-05,1766209.50284075,131316.967732313,2.80304187144642e-06,0.24779117746738918,0.018423174602730512,3.9325405321337366e-13,-0.2586912825296224,13.449971723693258
7,case_0007_steps_0160_mesh_49x45,152,160,49,45,0.755,-131321.845870713,3.61876293841767e-06,1766270.66353285,-8.18061346308241e-06,-43773210.1599584,8.61393971547386e-05,1766270.66353285,131321.845870713,3.61876293841767e-06,0.2477997580349186,0.018423858983409046,5.076960168335785e-13,-0.25870138029699297,13.449937836479638
7,case_0007_steps_0160_mesh_49x45,153,160,49,45,0.76,-131326.646841522,3.65498582799439e-06,1766330.46321193,-6.24808330940141e-06,-43774880.675348,8.66090774991335e-05,1766330.46321193,131326.646841522,3.65498582799439e-06,0.2478081476584981,0.018424532537824778,5.127779238469029e-13,-0.2587112531081375,13.44990149138159
7,case_0007_steps_0160_mesh_49x45,154,160,49,45,0.765,-131331.237272886,2.66091890988029e-06,1766389.12547686,-7.42533666198142e-06,-43776519.0057231,6.2424302115005e-05,1766389.12547686,131331.237272886,2.66091890988029e-06,0.24781637770803444,0.018425176554511893,3.7331484671777876e-13,-0.2587209357045902,13.44987805000707
7,case_0007_steps_0160_mesh_49x45,155,160,49,45,0.77,-131335.669424655,2.339114360983e-06,1766446.60924254,-6.40605287571816e-06,-43778124.1409487,5.44502136676783e-05,1766446.60924254,131335.669424655,2.339114360983e-06,0.24782444241947452,0.018425798365290166,3.2816712898816167e-13,-0.258730422116414,13.44986184622084
7,case_0007_steps_0160_mesh_49x45,156,160,49,45,0.775,-131340.084358781,-4.52956301744134e-06,1766502.66658332,-1.81572340807179e-06,-43779689.5750732,-0.000110558863383403,1766502.66658332,131340.084358781,-4.52956301744134e-06,0.24783230700997477,0.018426417760511266,-6.354771343372904e-13,-0.2587396738931809,13.449836546151243
7,case_0007_steps_0160_mesh_49x45,157,160,49,45,0.78,-131344.335188578,-4.51014156196972e-05,1766557.06031478,4.19750967921573e-05,-43781206.9794884,-0.00108428586537457,1766557.06031478,131344.335188578,-4.51014156196972e-05,0.24783993820363764,0.018427014132639783,-6.327523922771311e-12,-0.2587486418124916,13.449815386239846
7,case_0007_steps_0160_mesh_49x45,158,160,49,45,0.785,-131348.818158037,4.36572112158529e-05,1766611.07382211,-4.43741961362321e-05,-43782715.7018393,0.00104977413252527,1766611.07382211,131348.818158037,4.36572112158529e-05,0.24784751605358063,0.018427643072909332,6.124908599302272e-12,-0.25875755842046333,13.449767562404324
7,case_0007_steps_0160_mesh_49x45,159,160,49,45,0.79,-131353.050791296,2.42825214541442e-06,1766663.92118138,-6.4391829255328e-06,-43784191.0091355,5.64607820479068e-05,1766663.92118138,131353.050791296,2.42825214541442e-06,0.2478549302982433,0.018428236892146146,3.406727556001635e-13,-0.2587662775441578,13.449736496706072
7,case_0007_steps_0160_mesh_49x45,160,160,49,45,0.795,-131357.185675168,2.66295572698416e-06,1766715.50617788,-6.42683903606667e-06,-43785630.9371625,6.20566561906344e-05,1766715.50617788,131357.185675168,2.66295572698416e-06,0.24786216743913844,0.018428816997587597,3.736006029135425e-13,-0.2587747875749907,13.449705831447812
8,case_0008_steps_0200_mesh_49x45,1,200,49,45,0.0,3491533.20863563,7.43848087292331e-10,10826738.8069174,1.79071147954346e-06,-274973189.395258,1.58087003043761e-07,10826738.8069174,-3491533.20863563,7.43848087292331e-10,1.518942318441274,-0.4898462631657136,1.043585107602329e-16,-1.6251022801679602,-3.100855171630492
8,case_0008_steps_0200_mesh_49x45,2,200,49,45,0.005,-87636.1012533442,1.10999670566159e-09,1074672.03220235,1.98229088255175e-06,-23731232.888722,1.91545751704325e-07,1074672.03220235,87636.1012533442,1.10999670566159e-09,0.1507716088167275,0.01229494727737034,1.5572750018524162e-16,-0.14025251248485568,12.262891854301202
8,case_0008_steps_0200_mesh_49x45,3,200,49,45,0.01,-91045.3263465591,-3.11718822976204e-09,1128090.66788507,2.71868213985726e-06,-25199511.0661146,5.4625502343697e-08,1128090.66788507,91045.3263465591,-3.11718822976204e-09,0.1582660009673942,0.01277324608549042,-4.373273615603838e-16,-0.1489300938128727,12.39042917580474
8,case_0008_steps_0200_mesh_49x45,4,200,49,45,0.015,-93599.3341556633,-1.84365078759186e-09,1177234.10826321,1.40816644034203e-06,-26592537.3891489,1.9276251350675e-07,1177234.10826321,93599.3341556633,-1.84365078759186e-09,0.16516060261941334,0.01313156178997562,-2.586558382577434e-16,-0.15716293374492488,12.577376953401975
8,case_0008_steps_0200_mesh_49x45,5,200,49,45,0.02,-95918.3087113476,-9.7918251285023e-10,1221319.30782227,1.55113184518996e-06,-27857379.1697142,1.62589429919535e-07,1221319.30782227,95918.3087113476,-9.7918251285023e-10,0.17134555604088145,0.013456903395683048,-1.3737486262212258e-16,-0.16463819802857732,12.7329112056975
8,case_0008_steps_0200_mesh_49x45,6,200,49,45,0.025,-98069.5336773609,4.81319945011549e-09,1265226.12710469,2.15301872685814e-06,-29162254.551238,2.56679754784273e-07,1265226.12710469,98069.5336773609,4.81319945011549e-09,0.17750548351909956,0.013758710495275888,6.752700385833244e-16,-0.1723500624562077,12.901316847974003
8,case_0008_steps_0200_mesh_49x45,7,200,49,45,0.03,-100215.868121339,-6.44799991178502e-10,1304848.13184265,1.96288738152361e-06,-30348725.3654573,1.35502943976462e-07,1304848.13184265,100215.868121339,-6.44799991178502e-10,0.18306427096297098,0.014059831476822379,-9.046251239623714e-17,-0.17936215127032457,13.020374480643833
8,case_0008_steps_0200_mesh_49x45,8,200,49,45,0.035,-102307.601698871,-2.48953746506686e-10,1340745.83693881,2.01006582756236e-06,-31433414.1129707,7.44199724067585e-08,1340745.83693881,102307.601698871,-2.48953746506686e-10,0.18810055606949305,0.01435329220460755,-3.4927080780955234e-17,-0.18577270409815946,13.105046102880209
8,case_0008_steps_0200_mesh_49x45,9,200,49,45,0.04,-104363.501845516,-1.23045734712335e-09,1374878.05308795,1.82747317012399e-06,-32478482.1013823,1.24219241115497e-07,1374878.05308795,104363.501845516,-1.23045734712335e-09,0.19288915108925916,0.01464172566466604,-1.7262758148266281e-16,-0.19194909669350071,13.173935607518347
8,case_0008_steps_0200_mesh_49x45,10,200,49,45,0.045,-106335.316877091,7.45683959024745e-10,1407301.53863134,2.96551138490031e-06,-33482006.5038156,1.73471619291377e-07,1407301.53863134,106335.316877091,7.45683959024745e-10,0.19743801895995702,0.014918362364692853,1.0461607523235372e-16,-0.19787996507446973,13.234563830359269
8,case_0008_steps_0200_mesh_49x45,11,200,49,45,0.05,-107908.503993809,-3.41809125448123e-09,1434921.37900911,2.60861270362511e-06,-34319207.4833529,9.65426636412303e-08,1434921.37900911,107908.503993809,-3.41809125448123e-09,0.20131295721482498,0.015139073377401764,-4.795426903074796e-16,-0.2028278555353438,13.297574573839288
8,case_0008_steps_0200_mesh_49x45,12,200,49,45,0.055,-109333.520265704,3.2162695284832e-09,1458174.23998957,1.85802605301433e-06,-35003721.6655935,1.93999085240648e-07,1458174.23998957,109333.520265704,3.2162695284832e-09,0.20457522807938913,0.015338996693041907,4.512280180995012e-16,-0.20687336106558474,13.336936709308294
8,case_0008_steps_0200_mesh_49x45,13,200,49,45,0.06,-110691.377792349,-2.66375616009284e-09,1479920.25571623,2.24525024350442e-06,-35646998.1883374,1.01350877912409e-07,1479920.25571623,110691.377792349,-2.66375616009284e-09,0.20762609539352525,0.01552949794151733,-3.737129000459975e-16,-0.21067515041889853,13.369788010882653
8,case_0008_steps_0200_mesh_49x45,14,200,49,45,0.065,-111952.693893643,1.44733125484464e-09,1499751.66258176,2.29139891416708e-06,-36230662.423038,2.15222144106519e-07,1499751.66258176,111952.693893643,1.44733125484464e-09,0.21040835177372297,0.015706454866160485,2.0305400647345724e-16,-0.214124628823504,13.396298118619193
8,case_0008_steps_0200_mesh_49x45,15,200,49,45,0.07,-113077.510768845,3.45128953194163e-09,1517904.65012081,1.62711728535214e-06,-36762382.6274204,1.45583697985785e-07,1517904.65012081,113077.510768845,3.45128953194163e-09,0.212955133539769,0.015864261568872256,4.842002579678114e-16,-0.21726711598181064,13.423576799667416
8,case_0008_steps_0200_mesh_49x45,16,200,49,45,0.075,-114067.835002429,-3.22285709231096e-09,1534370.3827034,1.37989877657674e-06,-37242143.7855894,7.02279407960305e-08,1534370.3827034,114067.835002429,-3.22285709231096e-09,0.21526520109287683,0.01600319956434764,-4.521522234074766e-16,-0.22010252314929174,13.451385157531275
8,case_0008_steps_0200_mesh_49x45,17,200,49,45,0.08,-114957.882992086,4.05540279135863e-09,1548715.86663146,3.80539063371543e-07,-37653571.594259,2.01420135681474e-07,1548715.86663146,114957.882992086,4.05540279135863e-09,0.21727780738230976,0.01612806925789468,5.689546065509409e-16,-0.2225340775545192,13.472028418773835
8,case_0008_steps_0200_mesh_49x45,18,200,49,45,0.085,-115869.555601715,8.28912494199585e-11,1561746.86795322,1.2894543033326e-06,-38024280.5316309,1.80772758540115e-07,1561746.86795322,115869.555601715,8.28912494199585e-11,0.21910599772773853,0.016255972787482417,1.1629266099224764e-17,-0.2247249818413213,13.478491911382669
8,case_0008_steps_0200_mesh_49x45,19,200,49,45,0.09,-116728.114386955,2.6837648769984e-09,1573614.82414509,1.76916978489317e-06,-38359582.6918498,1.52679007214829e-07,1573614.82414509,116728.114386955,2.6837648769984e-09,0.22077101811981828,0.01637642468856064,3.7652003222010594e-16,-0.22670663069339797,13.481026678187737
8,case_0008_steps_0200_mesh_49x45,20,200,49,45,0.095,-117527.242391254,-4.36339675502495e-09,1584500.93548707,8.56466044751869e-07,-38665711.2593353,6.11748021128733e-08,1584500.93548707,117527.242391254,-4.36339675502495e-09,0.22229829013547198,0.016488538720794033,-6.121647618507377e-16,-0.22851586247391942,13.48198854366197
8,case_0008_steps_0200_mesh_49x45,21,200,49,45,0.1,-118324.510928348,1.8170707161147e-09,1594539.58898428,1.63972629252385e-06,-38947234.3142695,1.95365942090575e-07,1594539.58898428,118324.510928348,1.8170707161147e-09,0.2237066676616148,0.016600391878217588,2.549267748607344e-16,-0.2301796747150313,13.47598715155359
8,case_0008_steps_0200_mesh_49x45,22,200,49,45,0.105,-119013.187544211,-5.66129521040182e-09,1603907.3329391,2.51752942403982e-06,-39209809.0938274,5.5263001286221e-08,1603907.3329391,119013.187544211,-5.66129521040182e-09,0.22502091962382223,0.01669701008192699,-7.942540247460342e-16,-0.23173150190921193,13.476719395850823
8,case_0008_steps_0200_mesh_49x45,23,200,49,45,0.11,-119635.774766522,-1.13970877180236e-09,1612616.17746997,1.47532171013154e-06,-39453757.0051422,2.08829618486561e-07,1612616.17746997,119635.774766522,-1.13970877180236e-09,0.22624273098720457,0.016784356243661747,-1.598959682192822e-16,-0.23317324358516142,13.479380901048277
8,case_0008_steps_0200_mesh_49x45,24,200,49,45,0.115,-120241.145625554,-1.25524640681718e-09,1620765.18592321,2.32811646583286e-06,-39682107.924629,4.89903868583497e-08,1620765.18592321,120241.145625554,-1.25524640681718e-09,0.22738599988966054,0.01686928702776336,-1.7610537405481463e-16,-0.2345228064307341,13.479289285636684
8,case_0008_steps_0200_mesh_49x45,25,200,49,45,0.12,-120811.161157402,-4.04435429590677e-09,1628354.12349969,1.30481316773512e-06,-39894708.9498739,7.31593843283918e-08,1628354.12349969,120811.161157402,-4.04435429590677e-09,0.22845069338993781,0.016949257619917994,-5.674045527816364e-16,-0.2357792867866967,13.478507348986954
8,case_0008_steps_0200_mesh_49x45,26,200,49,45,0.125,-121349.424460388,-1.56476914758841e-09,1635460.24569551,1.78379775661597e-06,-40093882.4622931,1.29059031905854e-07,1635460.24569551,121349.424460388,-1.56476914758841e-09,0.22944765008352216,0.017024773518467894,-2.195300098442145e-16,-0.23695641001785012,13.477280613138564
8,case_0008_steps_0200_mesh_49x45,27,200,49,45,0.13,-121857.69418934,1.11278414260951e-09,1642130.44098756,2.04974867301644e-06,-40280894.7915987,2.11919427783869e-07,1642130.44098756,121857.69418934,1.11278414260951e-09,0.2303834482109222,0.01709608145470393,1.5611856493850578e-16,-0.2380616601822114,13.475804313481028
8,case_0008_steps_0200_mesh_49x45,28,200,49,45,0.135,-122327.000720653,-2.66843119822724e-09,1648386.45081311,8.65448214426578e-07,-40456369.0715823,8.40325924400531e-08,1648386.45081311,122327.000720653,-2.66843119822724e-09,0.23126113799711534,0.01716192303114214,-3.743687866790185e-16,-0.23909872002480673,13.475246193417098
8,case_0008_steps_0200_mesh_49x45,29,200,49,45,0.14,-122759.769864467,2.3140145355427e-10,1654275.22943408,1.67367591075163e-06,-40621657.7844619,1.91099189805755e-07,1654275.22943408,122759.769864467,2.3140145355427e-10,0.2320873069119513,0.01722263857793585,3.2464573739216214e-17,-0.24007558276832514,13.475711393565527
8,case_0008_steps_0200_mesh_49x45,30,200,49,45,0.145,-123162.603396029,-8.57494242278989e-10,1659808.09958324,1.12537895802234e-06,-40776979.8807139,2.86556200990162e-08,1659808.09958324,123162.603396029,-8.57494242278989e-10,0.2328635434834506,0.01727915429419066,-1.2030255053212426e-16,-0.24099354241862678,13.476559067577776
8,case_0008_steps_0200_mesh_49x45,31,200,49,45,0.15,-123547.692793358,-2.39469999385733e-09,1665005.86465848,2.11790199955431e-06,-40922921.7391582,9.96843141365389e-08,1665005.86465848,123547.692793358,-2.39469999385733e-09,0.23359276633392279,0.017333180588942718,-3.359655410100916e-16,-0.24185606449742061,13.476624508426205
8,case_0008_steps_0200_mesh_49x45,32,200,49,45,0.155,-123912.373032091,-1.76758679915068e-09,1669894.55633764,2.06118045298354e-06,-41060229.9854774,1.36532605665707e-07,1669894.55633764,123912.373032091,-1.76758679915068e-09,0.23427862758962642,0.017384343571368865,-2.4798440588893835e-16,-0.24266756159162806,13.476414949338178
8,case_0008_steps_0200_mesh_49x45,33,200,49,45,0.16,-124262.008121211,-2.6067532021834e-09,1674498.19290115,2.20653839733131e-06,-41189585.2561353,1.32081936499162e-07,1674498.19290115,124262.008121211,-2.6067532021834e-09,0.2349244969063011,0.017433395787585352,-3.657156437540423e-16,-0.24343205628931192,13.475544281143163
8,case_0008_steps_0200_mesh_49x45,34,200,49,45,0.165,-124591.812153911,-9.12452891022042e-10,1678844.45009149,1.60066417720373e-06,-41311745.4429206,9.7113911579072e-08,1678844.45009149,124591.812153911,-9.12452891022042e-10,0.2355342570650129,0.01747966579658756,-1.280129995259465e-16,-0.24415402776052025,13.474757458520441
8,case_0008_steps_0200_mesh_49x45,35,200,49,45,0.17,-124902.159414494,6.46204922905014e-10,1682941.68381949,1.20350455290463e-06,-41426939.5797554,1.88403049605768e-07,1682941.68381949,124902.159414494,6.46204922905014e-10,0.23610908036212871,0.017523206108764545,9.065961794131192e-17,-0.24483482960467065,13.474079965539785
8,case_0008_steps_0200_mesh_49x45,36,200,49,45,0.175,-125194.409370636,-3.87031401372084e-09,1686810.10798853,1.2800924196199e-06,-41535734.9545574,1.15419538815331e-07,1686810.10798853,125194.409370636,-3.87031401372084e-09,0.23665180271655384,0.017564207451261426,-5.429874910569399e-16,-0.2454778145154952,13.47352582649882
8,case_0008_steps_0200_mesh_49x45,37,200,49,45,0.18,-125470.582424759,1.0114031834263e-09,1690462.23619765,1.01631815141445e-06,-41638454.6868324,1.17746765226912e-07,1690462.23619765,125470.582424759,1.0114031834263e-09,0.23716417972944168,0.017602953277368598,1.4189527647336267e-16,-0.24608489214188295,13.472976721147925
8,case_0008_steps_0200_mesh_49x45,38,200,49,45,0.185,-125731.77885191,-1.90119586740423e-11,1693910.90460094,1.97057840978232e-06,-41735489.6697628,1.095650645766e-07,1693910.90460094,125731.77885191,-1.90119586740423e-11,0.23764801225495544,0.01763959795068166,-2.6672915179230873e-18,-0.2466583726777965,13.47241660038923
8,case_0008_steps_0200_mesh_49x45,39,200,49,45,0.19,-125980.863370136,1.45729661671368e-09,1697180.02433538,1.8617739669935e-06,-41827493.2689392,2.45834968382042e-07,1697180.02433538,125980.863370136,1.45729661671368e-09,0.23810665491709482,0.017674543378141335,2.0445210151679516e-16,-0.24720211753937393,13.471728792245282
8,case_0008_steps_0200_mesh_49x45,40,200,49,45,0.195,-126217.114133512,-5.45657813377787e-09,1700272.03291468,2.38235554661514e-06,-41914539.3204949,6.99439510754019e-08,1700272.03291468,126217.114133512,-5.45657813377787e-09,0.23854044968797092,0.017707688288040393,-7.655331479855245e-16,-0.24771656310104448,13.471010207982877
8,case_0008_steps_0200_mesh_49x45,41,200,49,45,0.2,-126438.972625879,-5.80967496333074e-10,1703196.62882457,8.24762082629604e-07,-41996874.8971097,1.32428397137119e-07,1703196.62882457,126438.972625879,-5.80967496333074e-10,0.238950757221116,0.017738814027634893,-8.150710306739501e-17,-0.24820316957198782,13.470503543746501
8,case_0008_steps_0200_mesh_49x45,42,200,49,45,0.205,-126650.067772674,-1.12159076470775e-09,1705969.28435702,1.40434156037372e-06,-42074959.1723623,7.79056676947221e-08,1705969.28435702,126650.067772674,-1.12159076470775e-09,0.2393397482088738,0.01776842971869411,-1.5735409405083552e-16,-0.2486646506859733,13.469943714669686
8,case_0008_steps_0200_mesh_49x45,43,200,49,45,0.21,-126848.944420426,-8.06717970203152e-10,1708591.57946717,1.22733797525143e-06,-42148811.964484,8.74696013397624e-08,1708591.57946717,126848.944420426,-8.06717970203152e-10,0.23970764431178002,0.017796331209790142,-1.1317887000337635e-16,-0.2491011235695213,13.46949781311733
8,case_0008_steps_0200_mesh_49x45,44,200,49,45,0.215,-127038.985863304,1.02285524494761e-09,1711074.94426397,-2.11986048270774e-07,-42218755.5739194,1.43118029427569e-07,1711074.94426397,127038.985863304,1.02285524494761e-09,0.24005604912224585,0.017822993161740124,1.43501948730663e-16,-0.24951449303083725,13.468896438650056
8,case_0008_steps_0200_mesh_49x45,45,200,49,45,0.22,-127220.069392619,1.55765261800056e-09,1713445.59819112,6.5333665588696e-07,-42285549.3270176,1.69744339473255e-07,1713445.59819112,127220.069392619,1.55765261800056e-09,0.24038864110922778,0.01784839835907189,2.1853159304076135e-16,-0.24990924671827705,13.46835924843891
8,case_0008_steps_0200_mesh_49x45,46,200,49,45,0.225,-127392.680066477,-6.48199061092924e-09,1715693.00891293,1.87006742180529e-06,-42348877.5974737,-6.47541185117007e-08,1715693.00891293,127392.680066477,-6.48199061092924e-09,0.2407039426338286,0.017872614853236327,-9.093938647886092e-16,-0.25028351926806147,13.467751899227132
8,case_0008_steps_0200_mesh_49x45,47,200,49,45,0.23,-127556.45479786,7.816168268171e-10,1717826.08282507,3.66698600373638e-07,-42408991.0707133,1.43372346883552e-07,1717826.08282507,127556.45479786,7.816168268171e-10,0.24100320322293992,0.017895591704772642,1.0965729350556923e-16,-0.2506387922408386,13.467182711743803
8,case_0008_steps_0200_mesh_49x45,48,200,49,45,0.235,-127712.466478137,-5.4142514915867e-09,1719854.14629432,2.60065417023725e-06,-42466150.0429511,4.73571049042221e-09,1719854.14629432,127712.466478137,-5.4142514915867e-09,0.2412877313234941,0.017917479435470684,-7.595949121817188e-16,-0.2509766039973957,13.466611316200213
8,case_0008_steps_0200_mesh_49x45,49,200,49,45,0.24,-127860.927706383,-3.85147480574943e-09,1721782.34346133,1.02155229342316e-06,-42520507.5179849,3.50134143900505e-08,1721782.34346133,127860.927706383,-3.85147480574943e-09,0.24155824863507816,0.017938307872015818,-5.403444356785828e-16,-0.2512978587961485,13.466055458436786
8,case_0008_steps_0200_mesh_49x45,50,200,49,45,0.245,-128001.982103567,4.91553175940851e-09,1723613.47603272,6.54516497888835e-07,-42572107.5581335,2.01898757268282e-07,1723613.47603272,128001.982103567,4.91553175940851e-09,0.24181514822441558,0.017958097163778185,6.896267971512579e-16,-0.25160281704712084,13.465521765421853
8,case_0008_steps_0200_mesh_49x45,51,200,49,45,0.25,-128135.535369484,-4.25481561094898e-09,1725362.15977321,2.65661731191358e-06,-42621414.4475567,4.04134539166989e-08,1725362.15977321,128135.535369484,-4.25481561094898e-09,0.24206048061696425,0.01797683408086699,-5.969313201225246e-16,-0.25189422268781564,13.465134045743504
8,case_0008_steps_0200_mesh_49x45,52,200,49,45,0.255,-128263.074600288,-1.56384860616754e-09,1727026.83070863,1.61942750764865e-06,-42668345.3596823,9.49393665905518e-08,1727026.83070863,128263.074600288,-1.56384860616754e-09,0.24229402639424602,0.017994727256123593,-2.1940086206065994e-16,-0.2521715862099591,13.464723468470106
8,case_0008_steps_0200_mesh_49x45,53,200,49,45,0.26,-128384.784455683,2.54301413260549e-09,1728613.57871809,1.1550440603969e-06,-42713112.3905101,2.71322875278202e-07,1728613.57871809,128384.784455683,2.54301413260549e-09,0.24251663993866177,0.018011802596466404,3.5677334156623093e-16,-0.25243616110918693,13.464318112515803
8,case_0008_steps_0200_mesh_49x45,54,200,49,45,0.265,-128500.75739231,-4.53597404082018e-09,1730120.27468668,2.09432221254247e-06,-42755554.6556124,2.71317333044863e-08,1730120.27468668,128500.75739231,-4.53597404082018e-09,0.24272802254505235,0.018028073073142546,-6.363765718214951e-16,-0.25268699655225296,13.463891651662882
8,case_0008_steps_0200_mesh_49x45,55,200,49,45,0.27,-128611.427728284,-4.53151222101766e-09,1731559.87586489,1.98944746898633e-06,-42796150.5282108,1.28827934986475e-08,1731559.87586489,128611.427728284,-4.53151222101766e-09,0.2429299920568562,0.01804359961901245,-6.357505987527649e-16,-0.25292691974356535,13.463499367436757
8,case_0008_steps_0200_mesh_49x45,56,200,49,45,0.275,-128717.433836763,5.78815012586276e-09,1732937.16263346,1.38117923143e-06,-42834981.7746753,3.70175229136294e-07,1732937.16263346,128717.433836763,5.78815012586276e-09,0.24312321913979587,0.01805847179493297,8.120511936657095e-16,-0.2531564139255619,13.463111491417223
8,case_0008_steps_0200_mesh_49x45,57,200,49,45,0.28,-128819.858666327,2.65958666201271e-09,1734246.80485146,3.68544192497211e-07,-42871912.4839918,2.7575487138165e-07,1734246.80485146,128819.858666327,2.65958666201271e-09,0.2433069559992892,0.018072841533675027,3.7312793838824297e-16,-0.2533746758588451,13.46257341691049
8,case_0008_steps_0200_mesh_49x45,58,200,49,45,0.285,-128916.632678065,2.61725846550931e-09,1735497.68943547,1.05590606835904e-06,-42907183.5225472,8.00417012669641e-08,1735497.68943547,128916.632678065,2.61725846550931e-09,0.2434824494293999,0.01808641848832182,3.671894845214855e-16,-0.2535831290731615,13.462170500290787
8,case_0008_steps_0200_mesh_49x45,59,200,49,45,0.29,-129009.594582888,2.0676167444833e-09,1736690.5805001,1.10470898562198e-06,-42940813.0042911,1.35509850451854e-07,1736690.5805001,129009.594582888,2.0676167444833e-09,0.2436498066319399,0.01809946062166934,2.9007724556048984e-16,-0.2537818806226601,13.461716441440991
8,case_0008_steps_0200_mesh_49x45,60,200,49,45,0.295,-129098.656631966,-5.46685252622581e-10,1737830.17333132,1.8279966980117e-06,-42972946.568181,1.18963185968823e-07,1737830.17333132,129098.656631966,-5.46685252622581e-10,0.24380968633422168,0.018111955622954975,-7.66974598616575e-17,-0.2539717912392633,13.46125683000343
8,case_0008_steps_0200_mesh_49x45,61,200,49,45,0.3,-129182.871382043,-1.95283467174789e-09,1738921.21337592,1.93955486338382e-06,-43003708.717619,5.08796631493169e-08,1738921.21337592,129182.871382043,-1.95283467174789e-09,0.24396275430089304,0.018123770570189792,-2.7397384168370793e-16,-0.25415359674293625,13.460927093292941
8,case_0008_steps_0200_mesh_49x45,62,200,49,45,0.305,-129261.855312316,3.30532184955601e-09,1739964.92003789,2.3955376491358e-06,-43033127.1137395,2.44883381128602e-07,1739964.92003789,129261.855312316,3.30532184955601e-09,0.2441091816087997,0.01813485165714571,4.637216545901576e-16,-0.2543274606120627,13.460776312036327
8,case_0008_steps_0200_mesh_49x45,63,200,49,45,0.31,-129337.219476603,-3.98398369849673e-10,1740964.50462626,1.98090890535241e-06,-43061310.8217205,1.18319405828515e-07,1740964.50462626,129337.219476603,-3.98398369849673e-10,0.24424941879002426,0.018145424907361773,-5.589348319514727e-17,-0.254494027426101,13.460661298205803
8,case_0008_steps_0200_mesh_49x45,64,200,49,45,0.315,-129411.503831322,1.12589576550803e-08,1741915.32871724,1.25910128190299e-06,-43088114.6563785,4.51195603545784e-07,1741915.32871724,129411.503831322,1.12589576550803e-08,0.24438281509476012,0.01815584666519606,1.5795806612526028e-15,-0.25465243913495067,13.46028194670926
8,case_0008_steps_0200_mesh_49x45,65,200,49,45,0.32,-129482.563561347,3.43071338004819e-09,1742822.92233767,1.2490800145315e-06,-43113699.0023416,2.7571050509323e-07,1742822.92233767,129482.563561347,3.43071338004819e-09,0.2445101463606754,0.018165816022820448,4.813135172401554e-16,-0.25480364361802293,13.459904363972107
8,case_0008_steps_0200_mesh_49x45,66,200,49,45,0.325,-129550.261001023,2.75559486340171e-09,1743692.80690085,1.1647805422399e-06,-43138220.2218684,1.97286993852686e-07,1743692.80690085,129550.261001023,2.75559486340171e-09,0.24463218721699756,0.01817531366636832,3.8659745331863096e-16,-0.2549485649823681,13.459585441414749
8,case_0008_steps_0200_mesh_49x45,67,200,49,45,0.33,-129614.675698912,-3.93189902858637e-09,1744530.80984913,2.16690682464105e-06,-43161841.2589949,2.16045634715556e-08,1744530.80984913,129614.675698912,-3.93189902858637e-09,0.24474975522744108,0.0181843507561419,-5.516275891445859e-16,-0.2550881662335978,13.459361761638645
8,case_0008_steps_0200_mesh_49x45,68,200,49,45,0.335,-129677.017013712,-7.58874491024741e-09,1745334.28568666,1.1642287063296e-06,-43184492.7732878,-8.9768974476101e-08,1745334.28568666,129677.017013712,-7.58874491024741e-09,0.24486247924094456,0.018193096959677954,-1.0646664700792354e-15,-0.2552220375670453,13.459087245214077
8,case_0008_steps_0200_mesh_49x45,69,200,49,45,0.34,-129737.028310817,3.71821662348282e-09,1746103.9730872,3.32727029217494e-06,-43206187.8281859,3.18225460205213e-07,1746103.9730872,129737.028310817,3.71821662348282e-09,0.24497046289008403,0.01820151627230597,5.21648917486716e-16,-0.25535025618814366,13.458794268849584
8,case_0008_steps_0200_mesh_49x45,70,200,49,45,0.345,-129794.725729711,-1.27611948785855e-09,1746843.26344147,2.10902965136484e-06,-43227025.6944806,1.68457404470246e-07,1746843.26344147,129794.725729711,-1.27611948785855e-09,0.24507418197158612,0.018209610958322315,-1.7903377259433924e-16,-0.25547340879114405,13.458507297739944
8,case_0008_steps_0200_mesh_49x45,71,200,49,45,0.35,-129849.944959374,-5.92314708391939e-09,1747552.68345464,3.11480869186198e-06,-43247019.127168,-1.82975270490715e-08,1747552.68345464,129849.944959374,-5.92314708391939e-09,0.24517371037979566,0.01821735796563658,-8.309906542096403e-16,-0.25559157075857125,13.458247394724694
8,case_0008_steps_0200_mesh_49x45,72,200,49,45,0.355,-129902.958874839,7.97513100003755e-09,1748232.66817131,4.2266162836313e-07,-43266181.7100395,3.35268822482249e-07,1748232.66817131,129902.958874839,7.97513100003755e-09,0.24526910914949568,0.018224795577377488,1.1188746848986705e-15,-0.25570482237116254,13.457989589411321
8,case_0008_steps_0200_mesh_49x45,73,200,49,45,0.36,-129954.416949244,6.00169158815334e-09,1748886.73011946,1.21975801903318e-06,-43284613.534732,2.28558690196223e-07,1748886.73011946,129954.416949244,6.00169158815334e-09,0.24536087107242047,0.01823201491167872,8.420100916865757e-16,-0.2558137551743981,13.457693637319913
8,case_0008_steps_0200_mesh_49x45,74,200,49,45,0.365,-130004.208059093,-4.46729075953556e-09,1749516.39413642,2.83865028904984e-06,-43302355.539486,2.27167902266956e-08,1749516.39413642,130004.208059093,-4.46729075953556e-09,0.24544921007632708,0.01823900037841811,-6.267406191700874e-16,-0.2559186111148768,13.45738280518722
8,case_0008_steps_0200_mesh_49x45,75,200,49,45,0.37,-130051.864601513,-6.16836143274568e-09,1750120.99625339,1.96857467926748e-06,-43319389.0619544,4.69435974537191e-08,1750120.99625339,130051.864601513,-6.16836143274568e-09,0.2455340330094063,0.018245686375034754,-8.653931144669523e-16,-0.2560192798973991,13.457100377729066
8,case_0008_steps_0200_mesh_49x45,76,200,49,45,0.375,-130097.447236253,-1.08220243322243e-08,1750701.99123479,3.31727665070503e-06,-43335758.8617429,-1.22331613283677e-07,1750701.99123479,130097.447236253,-1.08220243322243e-08,0.24561554396850382,0.018252081411816137,-1.5182808990380468e-15,-0.25611602605298134,13.456851217499821
8,case_0008_steps_0200_mesh_49x45,77,200,49,45,0.38,-130141.021688645,5.72793545927652e-09,1751260.06662375,2.10775874620595e-06,-43351480.465458,2.0458736571527e-07,1751260.06662375,130141.021688645,5.72793545927652e-09,0.2456938394128005,0.018258194709728046,8.036033492224469e-16,-0.2562089413444739,13.456633764667531
8,case_0008_steps_0200_mesh_49x45,78,200,49,45,0.385,-130182.89275883,4.10232009473432e-09,1751796.23743486,1.49647803482367e-06,-43366581.7218572,2.52244888088171e-07,1751796.23743486,130182.89275883,4.10232009473432e-09,0.2457690617442368,0.018264069030846954,5.755368912846366e-16,-0.25629819035912044,13.456424268280363
8,case_0008_steps_0200_mesh_49x45,79,200,49,45,0.39,-130223.098471557,1.34590641964749e-08,1752312.29708003,2.55176018981729e-07,-43381116.8510424,5.02677409031094e-07,1752312.29708003,130223.098471557,1.34590641964749e-08,0.24584146257036438,0.018269709709872583,1.8882456240268563e-15,-0.2563840935398391,13.45623255510823
8,case_0008_steps_0200_mesh_49x45,80,200,49,45,0.395,-130261.821756545,1.69548830530886e-09,1752807.79101577,7.28392592463933e-07,-43395070.1793719,1.55968194803791e-07,1752807.79101577,130261.821756545,1.69548830530886e-09,0.24591097812079457,0.018275142411014293,2.37869314415387e-16,-0.2564665582547958,13.456036215213613
8,case_0008_steps_0200_mesh_49x45,81,200,49,45,0.4,-130299.044025744,3.36773409159719e-09,1753285.76754002,1.45154569963779e-06,-43408534.7263721,2.57986414453626e-07,1753285.76754002,130299.044025744,3.36773409159719e-09,0.24597803605789384,0.01828036452645303,4.72477808896252e-16,-0.2565461342530216,13.45586056021725
8,case_0008_steps_0200_mesh_49x45,82,200,49,45,0.405,-130334.749629712,-6.69951205622965e-09,1753746.27183995,1.89917989246169e-06,-43421497.0361498,-3.65891139608721e-08,1753746.27183995,130334.749629712,-6.69951205622965e-09,0.24604264272121715,0.018285373860643106,-9.399111363629638e-16,-0.2566227420096625,13.455707528670882
8,case_0008_steps_0200_mesh_49x45,83,200,49,45,0.41,-130369.331885287,-1.07660841353052e-08,1754190.78514525,6.97011728334473e-07,-43434010.9210923,-1.26444291481675e-07,1754190.78514525,130369.331885287,-1.07660841353052e-08,0.24610500592056753,0.018290225594151856,-1.5104327432897924e-15,-0.25669669955802765,13.455547863732063
8,case_0008_steps_0200_mesh_49x45,84,200,49,45,0.415,-130402.847182264,-1.0794258598068e-08,1754619.19395291,1.35042762394733e-06,-43446071.8950838,-5.79724996896402e-08,1754619.19395291,130402.847182264,-1.0794258598068e-08,0.24616510973198782,0.018294927638211604,-1.5143854925481767e-15,-0.25676798038499754,13.455374877670266
8,case_0008_steps_0200_mesh_49x45,85,200,49,45,0.42,-130434.906714875,-1.09519848190409e-08,1755031.60241649,1.65553331044066e-06,-43457679.9944368,-1.20087861432694e-07,1755031.60241649,130434.906714875,-1.09519848190409e-08,0.24622296876774982,0.018299425445137654,-1.536513765524568e-15,-0.2568365847051804,13.45522948280181
8,case_0008_steps_0200_mesh_49x45,86,200,49,45,0.425,-130465.855524821,-1.86813202684988e-08,1755429.46885205,2.15488410049147e-06,-43468879.4298505,-4.3411722572273e-07,1755429.46885205,130465.855524821,-1.86813202684988e-08,0.24627878762297825,0.01830376742271472,-2.6209044501976614e-15,-0.25690277380553384,13.455087247084975
8,case_0008_steps_0200_mesh_49x45,87,200,49,45,0.43,-130495.906035278,-1.24619792818415e-08,1755813.44006921,2.07129949103546e-06,-43479684.9370563,-1.01381743888851e-07,1755813.44006921,130495.906035278,-1.24619792818415e-08,0.24633265704212737,0.01830798337295033,-1.7483591356829773e-15,-0.2569666347748056,13.454931219026495
8,case_0008_steps_0200_mesh_49x45,88,200,49,45,0.435,-130524.903935255,-1.12298005894296e-08,1756184.15665905,1.48932736010465e-06,-43490115.8996364,-2.17518504541658e-07,1756184.15665905,130524.903935255,-1.12298005894296e-08,0.24638466689721839,0.01831205164671277,-1.5754900572684998e-15,-0.2570282821707228,13.454782219415996
8,case_0008_steps_0200_mesh_49x45,89,200,49,45,0.44,-130553.122306142,-1.89728711630366e-08,1756541.69134818,8.45881231725798e-08,-43500176.7701633,-2.95647168968571e-07,1756541.69134818,130553.122306142,-1.89728711630366e-08,0.24643482739146466,0.018316010556081706,-2.6618077175241007e-15,-0.2570877423081627,13.454612653607455
8,case_0008_steps_0200_mesh_49x45,90,200,49,45,0.445,-130580.524007749,-1.39608952176573e-08,1756884.03964552,1.89408206097141e-06,-43509803.9874589,-1.50622895489505e-07,1756884.03964552,130580.524007749,-1.39608952176573e-08,0.24648285730386488,0.018319854890457038,-1.9586502387843057e-15,-0.25714463953808236,13.454411008040232
8,case_0008_steps_0200_mesh_49x45,91,200,49,45,0.45,-130606.943871645,-1.51856029972919e-08,1757215.15784103,2.31851015541906e-06,-43519124.6307378,-2.25700944156415e-07,1757215.15784103,130606.943871645,-1.51856029972919e-08,0.24652931168394512,0.018323561477457496,-2.130471182042186e-15,-0.25719972490359916,13.454224605147695
8,case_0008_steps_0200_mesh_49x45,92,200,49,45,0.455,-130632.367932708,-1.60912991820084e-08,1757534.72707417,2.29796148687456e-06,-43528113.7388164,-2.13262353554455e-07,1757534.72707417,130632.367932708,-1.60912991820084e-08,0.24657414579701875,0.01832712835783985,-2.257536246338162e-15,-0.25725285088314415,13.454052428870616
8,case_0008_steps_0200_mesh_49x45,93,200,49,45,0.46,-130656.849862098,-1.3136902177191e-08,1757843.44704483,1.85824228537967e-06,-43536796.9200808,-2.65510095687205e-07,1757843.44704483,130656.849862098,-1.3136902177191e-08,0.24661745780780486,0.018330563061424256,-1.843047754824345e-15,-0.2573041688232783,13.453894295631258
8,case_0008_steps_0200_mesh_49x45,94,200,49,45,0.465,-130680.436966963,-1.99425636004946e-08,1758142.18279268,2.47208333803428e-06,-43545199.6440054,-1.95196435015532e-07,1758142.18279268,130680.436966963,-1.99425636004946e-08,0.2466593690774432,0.018333872225188886,-2.7978511656385372e-15,-0.2573538292495894,13.453751943277874
8,case_0008_steps_0200_mesh_49x45,95,200,49,45,0.47,-130703.212807475,-1.46074071727398e-08,1758431.86856205,1.22281755920994e-06,-43553346.8635825,-1.8340713836551e-07,1758431.86856205,130703.212807475,-1.46074071727398e-08,0.24670001067617328,0.01833706757224664,-2.0493529319466814e-15,-0.25740197963523564,13.453623907104785
8,case_0008_steps_0200_mesh_49x45,96,200,49,45,0.475,-130725.026080463,-5.29461563480993e-09,1758712.32950419,1.73827663729753e-06,-43561234.408622,4.73784211862949e-09,1758712.32950419,130725.026080463,-5.29461563480993e-09,0.24673935807350905,0.018340127875449298,-7.428105444323914e-16,-0.2574485953342309,13.453524411015831
8,case_0008_steps_0200_mesh_49x45,97,200,49,45,0.48,-130745.88630887,-1.68357805474528e-08,1758983.85175808,1.68280200796289e-06,-43568866.3317127,-2.198401887199e-07,1758983.85175808,130745.88630887,-1.68357805474528e-08,0.24677745141345078,0.018343054470822552,-2.361983603149055e-15,-0.25749370029753316,13.453454647152045
8,case_0008_steps_0200_mesh_49x45,98,200,49,45,0.485,-130766.034968968,-1.17112664010932e-08,1759247.54602072,2.2191416064743e-06,-43576277.9691196,-1.36079535195677e-07,1759247.54602072,130766.034968968,-1.17112664010932e-08,0.24681444652174672,0.018345881236391443,-1.6430375255561126e-15,-0.25753750336384745,13.453398250074692
8,case_0008_steps_0200_mesh_49x45,99,200,49,45,0.49,-130785.576725244,-1.09401001591181e-08,1759503.18730891,1.05473725398042e-06,-43583463.2256104,-9.93914284208586e-08,1759503.18730891,130785.576725244,-1.09401001591181e-08,0.24685031183427505,0.01834862285610848,-1.534846401674847e-15,-0.257579968510113,13.453342726050723
8,case_0008_steps_0200_mesh_49x45,100,200,49,45,0.495,-130804.942939965,-2.33718347453227e-08,1759750.37461786,8.83378334037843e-07,-43590407.9674353,-3.56939608536777e-07,1759750.37461786,130804.942939965,-2.33718347453227e-08,0.2468849910918836,0.018351339848142034,-3.278962343822767e-15,-0.2576210122053171,13.453240642637834
8,case_0008_steps_0200_mesh_49x45,101,200,49,45,0.5,-130823.932060256,-1.36854613752568e-08,1759989.38203593,6.6474433424446e-07,-43597125.4536679,-2.09330409006725e-07,1759989.38203593,130823.932060256,-1.36854613752568e-08,0.24691852274792542,0.018354003935538467,-1.9200081207269552e-15,-0.257660712811102,13.45311484159717
8,case_0008_steps_0200_mesh_49x45,102,200,49,45,0.505,-130842.431542879,-2.49718655198627e-08,1760220.59884573,1.48630783769477e-06,-43603621.0613819,-4.68749732362994e-07,1760220.59884573,130842.431542879,-2.49718655198627e-08,0.24695096141698392,0.018356599328992255,-3.5034393998966033e-15,-0.25769910210618313,13.452979878846715
8,case_0008_steps_0200_mesh_49x45,103,200,49,45,0.51,-130860.600505996,-5.63000946973702e-08,1760444.29512777,1.72576039858541e-06,-43609906.2236909,-1.12905436822075e-06,1760444.29512777,130860.600505996,-5.63000946973702e-08,0.2469823449901289,0.01835914835205938,-7.89864777318251e-15,-0.2577362476607081,13.452821462844401
8,case_0008_steps_0200_mesh_49x45,104,200,49,45,0.515,-130878.25463788,-6.47548258903008e-08,1760660.90059492,3.54721532858093e-06,-43615990.1914903,-1.37590595272741e-06,1760660.90059492,130878.25463788,-6.47548258903008e-08,0.2470127337541258,0.018361625146641036,-9.084808188522225e-15,-0.25777220414782964,13.452661830388843
8,case_0008_steps_0200_mesh_49x45,105,200,49,45,0.52,-130895.410026545,1.36349365686961e-08,1760870.57760711,1.16366800284595e-06,-43621879.7214608,5.57668755618579e-07,1760870.57760711,130895.410026545,1.36349365686961e-08,0.24704215048733602,0.018364031969812563,1.9129197196687273e-15,-0.2578070114997945,13.45250056705589
8,case_0008_steps_0200_mesh_49x45,106,200,49,45,0.525,-130911.522835142,7.18632524043805e-08,1761072.66845245,1.84831947080966e-07,-43627555.6848255,1.84450914275658e-06,1761072.66845245,130911.522835142,7.18632524043805e-08,0.24707050291576632,0.018366292523732206,1.0082088167500481e-14,-0.2578405566647846,13.452388531681692
8,case_0008_steps_0200_mesh_49x45,107,200,49,45,0.53,-130926.535181228,-1.52406113840264e-08,1761269.16785193,2.71393048478785e-06,-43633072.9169121,-2.10310219017629e-07,1761269.16785193,130926.535181228,-1.52406113840264e-08,0.24709807088971872,0.018368398687755905,-2.138188609050477e-15,-0.2578731637217267,13.45234688609141
8,case_0008_steps_0200_mesh_49x45,108,200,49,45,0.535,-130941.268164964,-3.91693232293377e-08,1761460.35465722,3.13472594370978e-06,-43638441.6259072,-7.34266052404564e-07,1761460.35465722,130941.268164964,-3.91693232293377e-08,0.24712489353081696,0.01837046565850976,-5.495278282665582e-15,-0.25790489300140185,13.452293378112666
8,case_0008_steps_0200_mesh_49x45,109,200,49,45,0.54,-130955.733524129,4.07481443032154e-09,1761646.06546977,1.96991732082097e-06,-43643654.0039645,2.7704177796295e-07,1761646.06546977,130955.733524129,4.07481443032154e-09,0.2471509479149861,0.018372495082750892,5.716779713994795e-16,-0.25793569835913377,13.45222555792245
8,case_0008_steps_0200_mesh_49x45,110,200,49,45,0.545,-130969.86352599,1.67978889131781e-08,1761826.40460847,6.97055156706483e-07,-43648716.5485809,5.20021956162964e-07,1761826.40460847,130969.86352599,1.67978889131781e-08,0.24717624867769292,0.018374477457884262,2.3566675788280502e-15,-0.2579656181953828,13.452151183305222
8,case_0008_steps_0200_mesh_49x45,111,200,49,45,0.55,-130983.72915373,2.28932219292766e-08,1762001.20429389,6.4651362663426e-07,-43653623.3762797,6.36380548257875e-07,1762001.20429389,130983.72915373,2.28932219292766e-08,0.2472007722802449,0.018376422742528296,3.2118151378722286e-15,-0.25799461773857185,13.452061684897552
8,case_0008_steps_0200_mesh_49x45,112,200,49,45,0.555,-130997.306068467,1.9398491812872e-08,1762170.65868577,1.03295349163091e-06,-43658378.961137,6.78431490541698e-07,1762170.65868577,130997.306068467,1.9398491812872e-08,0.2472245459623723,0.018378327522048304,2.721520363055404e-15,-0.2580227234306654,13.451961048456633
8,case_0008_steps_0200_mesh_49x45,113,200,49,45,0.56,-131010.382974018,-5.65493481485824e-08,1762335.27459518,5.7653812746139e-07,-43662998.0087845,-1.23511958349809e-06,1762335.27459518,131010.382974018,-5.65493481485824e-08,0.24724764082736822,0.01838016215254876,-7.933616901173466e-15,-0.2580500221825207,13.451874840673405
8,case_0008_steps_0200_mesh_49x45,114,200,49,45,0.565,-131022.785417683,1.11386237455768e-08,1762495.50867556,-4.21411300521868e-07,-43667493.9499149,4.15283977872605e-07,1762495.50867556,131022.785417683,1.11386237455768e-08,0.2472701209416377,0.0183819021591076,1.5626983598737641e-15,-0.25807659337005573,13.451824452189452
8,case_0008_steps_0200_mesh_49x45,115,200,49,45,0.57,-131034.7188214,1.94046431645223e-07,1762650.88671054,1.54462077261996e-06,-43671852.8470215,4.84139090417557e-06,1762650.88671054,131034.7188214,1.94046431645223e-07,0.24729191977477633,0.018383576361490427,2.722383369774591e-14,-0.2581023546220619,13.451785164762544
8,case_0008_steps_0200_mesh_49x45,116,200,49,45,0.575,-131046.326484778,2.20368269410187e-07,1762801.19089325,1.13834175863303e-06,-43676068.3610888,5.40969242024403e-06,1762801.19089325,131046.326484778,2.20368269410187e-07,0.24731300676946869,0.018385204863982034,3.091666807690399e-14,-0.25812726847471024,13.451740603335512
8,case_0008_steps_0200_mesh_49x45,117,200,49,45,0.58,-131057.805151058,3.43078516373829e-07,1762947.19548149,1.64552693604492e-06,-43680163.7524788,8.42274556589473e-06,1762947.19548149,131057.805151058,3.43078516373829e-07,0.24733349055057025,0.018386815268766236,4.813235881660927e-14,-0.258151472397648,13.45167648313282
8,case_0008_steps_0200_mesh_49x45,118,200,49,45,0.585,-131069.255956479,2.38643848848863e-07,1763088.94689255,1.14782494620158e-06,-43684139.6004979,5.97204729047007e-06,1763088.94689255,131069.255956479,2.38643848848863e-07,0.24735337763021606,0.018388421764798366,3.3480648930095365e-14,-0.25817496981459853,13.451582783669545
8,case_0008_steps_0200_mesh_49x45,119,200,49,45,0.59,-131080.535614446,1.8071876994874e-08,1763226.63095499,1.02879607766226e-06,-43688001.0655637,5.67912906035417e-07,1763226.63095499,131080.535614446,1.8071876994874e-08,0.24737269407930979,0.018390004249619434,2.5354023248109622e-15,-0.2581977912238313,13.45147563434788
8,case_0008_steps_0200_mesh_49x45,120,200,49,45,0.595,-131091.501819727,-4.0268852891101e-07,1763361.43756663,1.83490521976637e-06,-43691781.3812476,-9.6581333082213e-06,1763361.43756663,131091.501819727,-4.0268852891101e-07,0.24739160683511535,0.018391542758451233,-5.6495373040956206e-14,-0.25822013303705016,13.451378717070083
8,case_0008_steps_0200_mesh_49x45,121,200,49,45,0.6,-131102.054496462,-1.26692088708857e-07,1763492.83564727,6.84235942571831e-07,-43695465.398073,-2.98642780194314e-06,1763492.83564727,131102.054496462,-1.26692088708857e-07,0.2474100413894909,0.018393023251104788,-1.7774325065332388e-14,-0.2582419057202572,13.451298245633984
8,case_0008_steps_0200_mesh_49x45,122,200,49,45,0.605,-131112.236249726,3.94563999250863e-08,1763620.90755332,1.64275422775972e-06,-43699055.876688,1.14645246185319e-06,1763620.90755332,131112.236249726,3.94563999250863e-08,0.24742800929666703,0.01839445170487877,5.535553840207641e-15,-0.25826312558899045,13.45123047244956
8,case_0008_steps_0200_mesh_49x45,123,200,49,45,0.61,-131122.073024573,2.47948188702996e-07,1763745.53386657,1.97115343780752e-06,-43702548.3241279,6.10154830837928e-06,1763745.53386657,131122.073024573,2.47948188702996e-07,0.2474454938028108,0.018395831759746496,3.478600558473015e-14,-0.25828376608965314,13.451171821666016
8,case_0008_steps_0200_mesh_49x45,124,200,49,45,0.615,-131131.685892422,3.14467697382081e-07,1763866.88495546,-1.54240183292131e-07,-43705949.0583067,7.59078255896384e-06,1763866.88495546,131131.685892422,3.14467697382081e-07,0.2474625188098412,0.018397180401478586,4.411839075966648e-14,-0.2583038645613637,13.451111170815752
8,case_0008_steps_0200_mesh_49x45,125,200,49,45,0.62,-131141.025303029,-1.12538097729598e-08,1763985.20304929,-1.64287030202104e-07,-43709264.4719407,-2.42715827880602e-07,1763985.20304929,131141.025303029,-1.12538097729598e-08,0.24747911830142963,0.018398490678400676,-1.5788584367542914e-15,-0.25832345878532487,13.451055449453976
8,case_0008_steps_0200_mesh_49x45,126,200,49,45,0.625,-131150.000358782,2.19295956838117e-07,1764100.62424599,2.33092157486681e-06,-43712498.6973062,5.26290656921446e-06,1764100.62424599,131150.000358782,2.19295956838117e-07,0.24749531137149805,0.01839974983799035,3.0766227489635635e-14,-0.2583425731834507,13.451015016546
8,case_0008_steps_0200_mesh_49x45,127,200,49,45,0.63,-131158.73014361,4.81612837388568e-08,1764212.92457852,-1.33273135816125e-06,-43715643.6875999,1.06800158050646e-06,1764212.92457852,131158.73014361,4.81612837388568e-08,0.24751106659848715,0.018400974587182387,6.7568095329562794e-15,-0.2583611601988199,13.450975948355289
8,case_0008_steps_0200_mesh_49x45,128,200,49,45,0.635,-131167.311882336,4.9452752315382e-07,1764322.48390819,-2.2289043499768e-07,-43718712.0096949,1.18134370836742e-05,1764322.48390819,131167.311882336,4.9452752315382e-07,0.24752643727521478,0.018402178566178203,6.937996713030107e-14,-0.2583792941021427,13.45093117019033
8,case_0008_steps_0200_mesh_49x45,129,200,49,45,0.64,-131175.662223039,4.92151629616355e-07,1764429.38528848,1.52710515521903e-06,-43721705.4408152,1.17467580764696e-05,1764429.38528848,131175.662223039,4.92151629616355e-07,0.2475414350537073,0.01840335008108157,6.904664004977142e-14,-0.25839698539688255,13.4508898631547
8,case_0008_steps_0200_mesh_49x45,130,200,49,45,0.645,-131183.750287409,7.27388128562989e-07,1764533.47915709,2.59713419836771e-06,-43724619.5847921,1.75147348784321e-05,1764533.47915709,131183.750287409,7.27388128562989e-07,0.24755603895105271,0.018404484799805738,1.0204925325253165e-13,-0.2584142081015106,13.45085405235933
8,case_0008_steps_0200_mesh_49x45,131,200,49,45,0.65,-131191.632830026,6.56085122674455e-07,1764634.67892729,8.58430894368212e-07,-43727452.7697815,1.5688492510435e-05,1764634.67892729,131191.632830026,6.56085122674455e-07,0.24757023681952584,0.018405590684760702,9.204576512857659e-14,-0.2584309523353632,13.450817257633947
8,case_0008_steps_0200_mesh_49x45,132,200,49,45,0.655,-131199.344491319,6.85831751112698e-07,1764733.01440715,7.07836534274975e-07,-43730205.6077812,1.63326918425355e-05,1764733.01440715,131199.344491319,6.85831751112698e-07,0.24758403284106356,0.018406672595841434,9.621908209609476e-14,-0.25844722171537104,13.450776154784188
8,case_0008_steps_0200_mesh_49x45,133,200,49,45,0.66,-131206.899674655,2.09064947742643e-07,1764828.96067409,-2.85619648821012e-07,-43732891.2081403,4.72212104796199e-06,1764828.96067409,131206.899674655,2.09064947742643e-07,0.24759749366687187,0.018407732553774963,2.933086334604477e-14,-0.25846309371829895,13.450732888668346
8,case_0008_steps_0200_mesh_49x45,134,200,49,45,0.665,-131214.314352711,2.0720162596799e-07,1764922.29883187,6.731841040164e-08,-43735503.8755217,4.69649964429664e-06,1764922.29883187,131214.314352711,2.0720162596799e-07,0.24761058858680166,0.018408772799455377,2.906944775757733e-14,-0.2584785346844825,13.450684153922916
8,case_0008_steps_0200_mesh_49x45,135,200,49,45,0.67,-131221.600643467,-1.45505713589067e-08,1765013.19937845,5.47793774785532e-07,-43738047.8478418,-7.24063539792041e-07,1765013.19937845,131221.600643467,-1.45505713589067e-08,0.24762334152094295,0.018409795032980278,-2.0413791252100687e-15,-0.25849356966017295,13.450630008500227
8,case_0008_steps_0200_mesh_49x45,136,200,49,45,0.675,-131228.715848214,-1.69966072327554e-07,1765101.88909239,6.49314529255207e-07,-43740530.2355911,-4.41908204606989e-06,1765101.88909239,131228.715848214,-1.69966072327554e-07,0.24763578428529853,0.018410793263914572,-2.3845468571997277e-14,-0.2585082406686466,13.450576557755845
8,case_0008_steps_0200_mesh_49x45,137,200,49,45,0.68,-131235.684086714,-1.63675872466573e-07,1765188.44959231,1.52379050177842e-06,-43742952.4847097,-4.27912780764927e-06,1765188.44959231,131235.684086714,-1.63675872466573e-07,0.24764792833059035,0.018411770876151406,-2.2962982079001536e-14,-0.25852255625546594,13.450521951224497
8,case_0008_steps_0200_mesh_49x45,138,200,49,45,0.685,-131242.447006582,3.20797284680818e-07,1765272.92061539,6.61716171634907e-07,-43745315.7642739,7.37537661166243e-06,1765272.92061539,131242.447006582,3.20797284680818e-07,0.2476597792317644,0.01841271968311599,4.5006403131423084e-14,-0.25853652332991744,13.450472471965256
8,case_0008_steps_0200_mesh_49x45,139,200,49,45,0.69,-131249.042804229,1.83964901034894e-07,1765355.45474374,-1.18852710784267e-06,-43747625.0205321,4.03209793375936e-06,1765355.45474374,131249.042804229,1.83964901034894e-07,0.24767135839539828,0.018413645043591432,2.5809440707226375e-14,-0.2585501711245223,13.45042536711634
8,case_0008_steps_0200_mesh_49x45,140,200,49,45,0.695,-131255.432428807,-4.16727752305945e-09,1765436.04755089,8.57942836773873e-07,-43749879.2405122,-5.57029892434002e-07,1765436.04755089,131255.432428807,-4.16727752305945e-09,0.2476826652004783,0.018414541478920996,-5.846501236752726e-16,-0.2585634936525757,13.450384604145533
8,case_0008_steps_0200_mesh_49x45,141,200,49,45,0.7,-131261.677873812,4.20908343234938e-07,1765514.78510229,2.66069969256932e-06,-43752081.8485384,9.82205733635055e-06,1765514.78510229,131261.677873812,4.20908343234938e-07,0.24769371172159654,0.018415417686510817,5.905153030163332e-14,-0.2585765111519674,13.450344485155538
8,case_0008_steps_0200_mesh_49x45,142,200,49,45,0.705,-131267.824092178,1.08204777127252e-06,1765591.64755426,-3.61212528332544e-07,-43754231.8702827,2.55833281812556e-05,1765591.64755426,131267.824092178,1.08204777127252e-06,0.24770449517477466,0.018416279973053513,1.5180639153415151e-13,-0.25858921786438094,13.450300252668455
8,case_0008_steps_0200_mesh_49x45,143,200,49,45,0.71,-131273.846819274,8.72717071331852e-07,1765666.62122023,-1.56436146880878e-06,-43756328.4328088,2.04844408244753e-05,1765666.62122023,131273.846819274,8.72717071331852e-07,0.24771501363984907,0.018417124934331484,1.22438244360816e-13,-0.2586016086307286,13.450254289043883
8,case_0008_steps_0200_mesh_49x45,144,200,49,45,0.715,-131279.692594929,3.48039717490423e-07,1765740.01786625,-6.75125306770497e-07,-43758380.6464322,7.71435020396893e-06,1765740.01786625,131279.692594929,3.48039717490423e-07,0.24772531085618169,0.018417945070125355,4.882839281730743e-14,-0.25861373729333065,13.450214446453206
8,case_0008_steps_0200_mesh_49x45,145,200,49,45,0.72,-131285.384516774,-1.05511142672876e-06,1765811.86288844,1.11992039819597e-06,-43760389.2942757,-2.60545452874794e-05,1765811.86288844,131285.384516774,-1.05511142672876e-06,0.24773539038673287,0.018418743620927942,-1.4802734464281147e-13,-0.25862560848047333,13.450178551008674
8,case_0008_steps_0200_mesh_49x45,146,200,49,45,0.725,-131291.002729709,-9.95146378079959e-07,1765882.07675056,3.09730239678174e-07,-43762352.0417153,-2.44766117134532e-05,1765882.07675056,131291.002729709,-9.95146378079959e-07,0.24774524107292906,0.018419531830704973,-1.3961452046330333e-13,-0.2586372083944377,13.45013778580099
8,case_0008_steps_0200_mesh_49x45,147,200,49,45,0.73,-131296.483712594,-1.3656262194961e-06,1765950.79714706,2.03654224151251e-06,-43764272.6750662,-3.31429267248495e-05,1765950.79714706,131296.483712594,-1.3656262194961e-06,0.24775488223267675,0.018420300787728796,-1.9159116082492782e-13,-0.2586485594124943,13.450099707260245
8,case_0008_steps_0200_mesh_49x45,148,200,49,45,0.735,-131301.800348025,1.42801809321913e-07,1766017.83686396,-1.15181853743707e-06,-43766146.1203129,3.1981672918846e-06,1766017.83686396,131301.800348025,1.42801809321913e-07,0.24776428760070415,0.0184210466875507,2.003444575484254e-14,-0.2586596315470136,13.450065666906326
8,case_0008_steps_0200_mesh_49x45,149,200,49,45,0.74,-131307.03875339,6.36411922882996e-07,1766083.0878994,-1.78267725914338e-06,-43767969.6083932,1.5170846552337e-05,1766083.0878994,131307.03875339,6.36411922882996e-07,0.2477734420248405,0.01842178161204938,8.928570448286259e-14,-0.25867040843272987,13.450026020435287
8,case_0008_steps_0200_mesh_49x45,150,200,49,45,0.745,-131312.089109511,8.57703162049361e-07,1766146.91024348,-4.54450764664216e-06,-43769753.0129247,2.02000492208754e-05,1766146.91024348,131312.089109511,8.57703162049361e-07,0.24778239601006302,0.01842249015409258,1.203318610277441e-13,-0.2586809484231085,13.449994758445719
8,case_0008_steps_0200_mesh_49x45,151,200,49,45,0.75,-131316.967732313,2.80304187144642e-06,1766209.50284075,-6.79960817251413e-06,-43771501.5811609,6.69151237673304e-05,1766209.50284075,131316.967732313,2.80304187144642e-06,0.24779117746738918,0.018423174602730512,3.9325405321337366e-13,-0.2586912825296224,13.449971723693258
8,case_0008_steps_0200_mesh_49x45,152,200,49,45,0.755,-131321.845870713,3.61876293841767e-06,1766270.66353285,-8.18061346308241e-06,-43773210.1599584,8.61393971547386e-05,1766270.66353285,131321.845870713,3.61876293841767e-06,0.2477997580349186,0.018423858983409046,5.076960168335785e-13,-0.25870138029699297,13.449937836479638
8,case_0008_steps_0200_mesh_49x45,153,200,49,45,0.76,-131326.646841522,3.65498582799439e-06,1766330.46321193,-6.24808330940141e-06,-43774880.675348,8.66090774991335e-05,1766330.46321193,131326.646841522,3.65498582799439e-06,0.2478081476584981,0.018424532537824778,5.127779238469029e-13,-0.2587112531081375,13.44990149138159
8,case_0008_steps_0200_mesh_49x45,154,200,49,45,0.765,-131331.237272886,2.66091890988029e-06,1766389.12547686,-7.42533666198142e-06,-43776519.0057231,6.2424302115005e-05,1766389.12547686,131331.237272886,2.66091890988029e-06,0.24781637770803444,0.018425176554511893,3.7331484671777876e-13,-0.2587209357045902,13.44987805000707
8,case_0008_steps_0200_mesh_49x45,155,200,49,45,0.77,-131335.669424655,2.339114360983e-06,1766446.60924254,-6.40605287571816e-06,-43778124.1409487,5.44502136676783e-05,1766446.60924254,131335.669424655,2.339114360983e-06,0.24782444241947452,0.018425798365290166,3.2816712898816167e-13,-0.258730422116414,13.44986184622084
8,case_0008_steps_0200_mesh_49x45,156,200,49,45,0.775,-131340.084358781,-4.52956301744134e-06,1766502.66658332,-1.81572340807179e-06,-43779689.5750732,-0.000110558863383403,1766502.66658332,131340.084358781,-4.52956301744134e-06,0.24783230700997477,0.018426417760511266,-6.354771343372904e-13,-0.2587396738931809,13.449836546151243
8,case_0008_steps_0200_mesh_49x45,157,200,49,45,0.78,-131344.335188578,-4.51014156196972e-05,1766557.06031478,4.19750967921573e-05,-43781206.9794884,-0.00108428586537457,1766557.06031478,131344.335188578,-4.51014156196972e-05,0.24783993820363764,0.018427014132639783,-6.327523922771311e-12,-0.2587486418124916,13.449815386239846
8,case_0008_steps_0200_mesh_49x45,158,200,49,45,0.785,-131348.818158037,4.36572112158529e-05,1766611.07382211,-4.43741961362321e-05,-43782715.7018393,0.00104977413252527,1766611.07382211,131348.818158037,4.36572112158529e-05,0.24784751605358063,0.018427643072909332,6.124908599302272e-12,-0.25875755842046333,13.449767562404324
8,case_0008_steps_0200_mesh_49x45,159,200,49,45,0.79,-131353.050791296,2.42825214541442e-06,1766663.92118138,-6.4391829255328e-06,-43784191.0091355,5.64607820479068e-05,1766663.92118138,131353.050791296,2.42825214541442e-06,0.2478549302982433,0.018428236892146146,3.406727556001635e-13,-0.2587662775441578,13.449736496706072
8,case_0008_steps_0200_mesh_49x45,160,200,49,45,0.795,-131357.185675168,2.66295572698416e-06,1766715.50617788,-6.42683903606667e-06,-43785630.9371625,6.20566561906344e-05,1766715.50617788,131357.185675168,2.66295572698416e-06,0.24786216743913844,0.018428816997587597,3.736006029135425e-13,-0.2587747875749907,13.449705831447812
8,case_0008_steps_0200_mesh_49x45,161,200,49,45,0.8,-131361.236324446,2.72784374116819e-06,1766765.9862243,-8.45844806462992e-06,-43787039.7234259,6.34313205978287e-05,1766765.9862243,131361.236324446,2.72784374116819e-06,0.24786924956055204,0.018429385285297795,3.82704096815212e-13,-0.2587831135567853,13.449675381104106
8,case_0008_steps_0200_mesh_49x45,162,200,49,45,0.805,-131365.222675103,3.27081131418216e-06,1766815.51011326,-8.18414662262512e-06,-43788422.4689107,7.61756724330098e-05,1766815.51011326,131365.222675103,3.27081131418216e-06,0.24787619753741347,0.01842994455220328,4.588799831001322e-13,-0.2587912856365622,13.449644237143412
8,case_0008_steps_0200_mesh_49x45,163,200,49,45,0.81,-131369.123400142,3.39657927284076e-07,1766864.01984423,-7.32893079202768e-06,-43789776.5348544,5.33425978233026e-06,1766864.01984423,131369.123400142,3.39657927284076e-07,0.24788300323251156,0.01843049180622317,4.765246569134936e-14,-0.2587992882191319,13.449614141539747
8,case_0008_steps_0200_mesh_49x45,164,200,49,45,0.815,-131372.943674907,-2.85866350901998e-06,1766911.47781874,8.48015929477697e-07,-43791100.7615543,-7.12041628503357e-05,1766911.47781874,131372.943674907,-2.85866350901998e-06,0.24788966137095161,0.01843102777343473,-4.010575165312016e-13,-0.25880711445060633,13.449584278107567
8,case_0008_steps_0200_mesh_49x45,165,200,49,45,0.82,-131376.697210524,-6.6296156152057e-06,1766957.97226923,5.24022721037909e-06,-43792397.995773,-0.000161240023231812,1766957.97226923,131376.697210524,-6.6296156152057e-06,0.24789618433134453,0.018431554377446712,-9.301049829059432e-13,-0.2588147811554635,13.449553914708147
8,case_0008_steps_0200_mesh_49x45,166,200,49,45,0.825,-131380.374443139,-3.00762051030912e-06,1767003.53729643,3.63868127806199e-06,-43793669.1833304,-7.34331542275868e-05,1767003.53729643,131380.374443139,-3.00762051030912e-06,0.24790257689786796,0.018432070276493812,-4.219555077842672e-13,-0.2588222939235359,13.449524289955372
8,case_0008_steps_0200_mesh_49x45,167,200,49,45,0.83,-131383.974352862,-2.52571035030957e-06,1767048.20369079,1.59413639266859e-06,-43794915.119321,-6.17448262119069e-05,1767048.20369079,131383.974352862,-2.52571035030957e-06,0.2479088433902823,0.018432575327490083,-3.5434569944175526e-13,-0.25882965745386305,13.449495742494243
8,case_0008_steps_0200_mesh_49x45,168,200,49,45,0.835,-131387.498592499,-2.13094245532508e-06,1767091.96356211,1.82985570518213e-06,-43796135.4873376,-5.18803878435392e-05,1767091.96356211,131387.498592499,-2.13094245532508e-06,0.2479149827016283,0.018433069762316717,-2.989615553936132e-13,-0.25883686987646604,13.44946804294358
8,case_0008_steps_0200_mesh_49x45,169,200,49,45,0.84,-131390.945307668,-2.70412473180048e-06,1767134.86722301,4.10305369769048e-06,-43797332.1418965,-6.53252825770778e-05,1767134.86722301,131390.945307668,-2.70412473180048e-06,0.2479210018905382,0.018433553320812323,-3.7937642744748875e-13,-0.25884394215160866,13.44944176392861
8,case_0008_steps_0200_mesh_49x45,170,200,49,45,0.845,-131394.325619519,7.78020605329832e-07,1767176.85766942,2.40215388203069e-06,-43798503.1592185,1.86468129470541e-05,1767176.85766942,131394.325619519,7.78020605329832e-07,0.24792689295959972,0.01843402756322378,1.0915275995202962e-13,-0.2588508629096807,13.449415333099447
8,case_0008_steps_0200_mesh_49x45,171,200,49,45,0.85,-131397.65357919,6.06057413754524e-07,1767217.99151296,-4.65907646685082e-07,-43799650.4075127,1.43122791484984e-05,1767217.99151296,131397.65357919,6.06057413754524e-07,0.24793266385116616,0.01843449446086198,8.50271046133165e-14,-0.2588576431918708,13.449387743045984
8,case_0008_steps_0200_mesh_49x45,172,200,49,45,0.855,-131400.888614887,-4.03735636417268e-06,1767258.44850565,1.03629939758321e-05,-43800778.4432464,-9.68664375307071e-05,1767258.44850565,131400.888614887,-4.03735636417268e-06,0.2479383397836302,0.018434948321688353,-5.664227747188203e-13,-0.25886430992707865,13.449364514460592
8,case_0008_steps_0200_mesh_49x45,173,200,49,45,0.86,-131404.068663198,-6.63012896906512e-06,1767298.60595861,1.62643065095835e-05,-43801900.0518229,-0.000158970230501154,1767298.60595861,131404.068663198,-6.63012896906512e-06,0.24794397369202953,0.01843539446803403,-9.3017700412261e-13,-0.2588709386775366,13.449344635502696
8,case_0008_steps_0200_mesh_49x45,174,200,49,45,0.865,-131407.182028274,-3.8888969255968e-07,1767337.05560251,7.72677572058456e-06,-43802970.174812,-8.28567121402557e-06,1767337.05560251,131407.182028274,-3.8888969255968e-07,0.24794936800256848,0.018435831259024465,-5.4559458925628194e-14,-0.25887726314616377,13.449318586119928
8,case_0008_steps_0200_mesh_49x45,175,200,49,45,0.87,-131410.243315658,1.43712976002908e-06,1767375.09094814,5.81183974190935e-06,-43804030.1795146,3.55667430369522e-05,1767375.09094814,131410.243315658,1.43712976002908e-06,0.24795470418894042,0.018436260743751067,2.016227830493904e-13,-0.25888352781532287,13.449294715197828
8,case_0008_steps_0200_mesh_49x45,176,200,49,45,0.875,-131413.241419221,4.28215839998192e-06,1767412.51248061,2.82509961380129e-06,-43805073.2098642,0.000103416948235235,1767412.51248061,131413.241419221,4.28215839998192e-06,0.24795995426011175,0.018436681364074337,6.007673893310852e-13,-0.2588896921653933,13.449272640969204
8,case_0008_steps_0200_mesh_49x45,177,200,49,45,0.88,-131416.2014741,5.9094246366298e-06,1767449.3053404,-8.43538600747706e-07,-43806098.5895699,0.000141775998201865,1767449.3053404,131416.2014741,5.9094246366298e-06,0.24796511613135921,0.01843709664633992,8.290654571329896e-13,-0.2588957521994695,13.449249677854489
8,case_0008_steps_0200_mesh_49x45,178,200,49,45,0.885,-131419.109321887,4.89582893359319e-06,1767485.41873372,-2.09113750315737e-06,-43807104.6741102,0.000116940031603008,1767485.41873372,131419.109321887,4.89582893359319e-06,0.24797018267654466,0.018437504604187433,6.868625801088513e-13,-0.25890169819836517,13.449226888340787
8,case_0008_steps_0200_mesh_49x45,179,200,49,45,0.89,-131421.954816465,2.46010190319002e-06,1767520.92028522,-1.75399350155203e-07,-43808093.7350091,5.79491524774767e-05,1767520.92028522,131421.954816465,2.46010190319002e-06,0.24797516338309955,0.018437903814162708,3.451411320688517e-13,-0.2589075435868758,13.44920582526428
8,case_0008_steps_0200_mesh_49x45,180,200,49,45,0.895,-131424.741453555,7.70808792838196e-06,1767555.77168457,-5.99359498210106e-06,-43809064.7065593,0.000183274638516195,1767555.77168457,131424.741453555,7.70808792838196e-06,0.24798005287625846,0.018438294766699535,1.0814097538960809e-12,-0.2589132820666297,13.449185839252477
8,case_0008_steps_0200_mesh_49x45,181,200,49,45,0.9,-131427.478123899,8.15438600415552e-06,1767589.97890929,-1.02886673403191e-05,-43810017.5955826,0.000193083633973856,1767589.97890929,131427.478123899,8.15438600415552e-06,0.2479848519946403,0.01843867870912867,1.144023348443891e-12,-0.25891891367794395,13.449166065888837
8,case_0008_steps_0200_mesh_49x45,182,200,49,45,0.905,-131430.165675032,6.04170500406731e-06,1767623.55666212,-9.35171203764185e-06,-43810952.9155875,0.00014144277454875,1767623.55666212,131430.165675032,6.04170500406731e-06,0.24798956280097276,0.018439055760355424,8.476237923420574e-13,-0.25892444145567384,13.449146530277243
8,case_0008_steps_0200_mesh_49x45,183,200,49,45,0.91,-131432.810723765,6.78963628703011e-06,1767656.45918842,-1.34058186631592e-05,-43811869.164477,0.000158535252609227,1767656.45918842,131432.810723765,6.78963628703011e-06,0.24799417887608755,0.01843942684868835,9.525551569236449e-13,-0.25892985652236744,13.44912620718079
8,case_0008_steps_0200_mesh_49x45,184,200,49,45,0.915,-131435.386710579,-2.62014065294247e-06,1767688.77338665,-3.58220540874754e-06,-43812769.1739824,-6.70220977667668e-05,1767688.77338665,131435.386710579,-2.62014065294247e-06,0.24799871241144417,0.018439788247947474,-3.6759384233781236e-13,-0.25893517561366725,13.449108475475514
8,case_0008_steps_0200_mesh_49x45,185,200,49,45,0.92,-131437.902036294,-2.81911342481234e-06,1767720.48955158,-4.89593276142841e-06,-43813652.3752682,-7.14744024605807e-05,1767720.48955158,131437.902036294,-2.81911342481234e-06,0.2480031620454429,0.018440141136729708,-3.9550881921132926e-13,-0.2589403953677333,13.449092401546844
8,case_0008_steps_0200_mesh_49x45,186,200,49,45,0.925,-131440.378903442,1.20049423357749e-06,1767751.68401475,-7.89700629866275e-06,-43814520.9683182,2.46936360213112e-05,1767751.68401475,131440.378903442,1.20049423357749e-06,0.24800753848705243,0.01844048862994954,1.6842389263704394e-13,-0.2589455287865557,13.449076294228927
8,case_0008_steps_0200_mesh_49x45,187,200,49,45,0.93,-131442.817622832,1.16002115377878e-05,1767782.33983826,-2.39579869685258e-05,-43815374.496959,0.000273114159426768,1767782.33983826,131442.817622832,1.16002115377878e-05,0.2480118393599622,0.018440830771212047,1.62745703224676e-12,-0.25895057317413184,13.449059992846587
8,case_0008_steps_0200_mesh_49x45,188,200,49,45,0.935,-131445.216808179,4.01261887048032e-05,1767812.42173052,-6.07029163575135e-05,-43816212.078988,0.000952936139100302,1767812.42173052,131445.216808179,4.01261887048032e-05,0.24801605971292234,0.018441167366027748,5.629522166226471e-12,-0.25895552331660987,13.449043370747596
8,case_0008_steps_0200_mesh_49x45,189,200,49,45,0.94,-131447.604158082,4.84664373577859e-05,1767841.88850303,-7.56211111365701e-05,-43817032.4647672,0.0011473935254287,1767841.88850303,131447.604158082,4.84664373577859e-05,0.24802019376737325,0.01844150230038437,6.799621200780091e-12,-0.25896037182858056,13.449023280614393
8,case_0008_steps_0200_mesh_49x45,190,200,49,45,0.945,-131449.946699867,4.53020362256029e-05,1767870.84356929,-8.20259743932183e-05,-43817838.5252347,0.00106631636947441,1767870.84356929,131449.946699867,4.53020362256029e-05,0.24802425603175957,0.018441830948365392,6.3556700832815095e-12,-0.25896513567740004,13.4490038828679
8,case_0008_steps_0200_mesh_49x45,191,200,49,45,0.95,-131452.249912551,3.55590645593207e-05,1767899.30430386,-7.58513400569427e-05,-43818630.7987962,0.000829050491262251,1767899.30430386,131452.249912551,3.55590645593207e-05,0.2480282489436533,0.018442154078652035,4.98877537609277e-12,-0.258969818045067,13.448984749062571
8,case_0008_steps_0200_mesh_49x45,192,200,49,45,0.955,-131454.518180576,7.34384431322344e-06,1767927.2620633,-4.2296107153561e-05,-43819409.0249455,0.000152042772754157,1767927.2620633,131454.518180576,7.34384431322344e-06,0.248032171290419,0.018442472306361615,1.030308027775855e-12,-0.2589744173919797,13.44896536484763
8,case_0008_steps_0200_mesh_49x45,193,200,49,45,0.96,-131456.752069114,-1.19374728677624e-05,1767954.75424792,-1.79548037522181e-05,-43820174.1742474,-0.000308251902850998,1767954.75424792,131456.752069114,-1.19374728677624e-05,0.24803602831915036,0.018442785710785198,-1.6747732662123288e-12,-0.2589789394542139,13.448945956906112
8,case_0008_steps_0200_mesh_49x45,194,200,49,45,0.965,-131458.946057753,2.79284632587196e-07,1767981.83356414,-2.63653628280736e-05,-43820927.8740605,-1.450309861184e-05,1767981.83356414,131458.946057753,2.79284632587196e-07,0.24803982742431904,0.01844309351743403,3.9182366444083314e-14,-0.25898339384952246,13.448927490924993
8,case_0008_steps_0200_mesh_49x45,195,200,49,45,0.97,-131461.100342119,1.4155157212703e-05,1768008.43042048,-4.21929829599321e-05,-43821668.0628847,0.000316656974973739,1768008.43042048,131461.100342119,1.4155157212703e-05,0.24804355884255613,0.018443395753753554,1.985904315048824e-12,-0.25898776839435944,13.448909417457731
8,case_0008_steps_0200_mesh_49x45,196,200,49,45,0.975,-131463.218622803,3.93765135087709e-05,1768034.59834033,-7.86833600159298e-05,-43822395.8047906,0.000916433353950197,1768034.59834033,131463.218622803,3.93765135087709e-05,0.24804723008295035,0.018443692938919894,5.524346138555824e-12,-0.2589920693774235,13.448891765028298
8,case_0008_steps_0200_mesh_49x45,197,200,49,45,0.98,-131465.290503034,7.99917199993949e-05,1768060.5883225,-0.000136922057890843,-43823118.9505666,0.00188025104822032,1768060.5883225,131465.290503034,7.99917199993949e-05,0.24805087635949566,0.018443983614313264,1.1222475280770216e-11,-0.2589963431971804,13.448877506429701
8,case_0008_steps_0200_mesh_49x45,198,200,49,45,0.985,-131467.304257636,6.91158835745553e-05,1768086.03432458,-0.000138866290171791,-43823826.6975899,0.00161087721593844,1768086.03432458,131467.304257636,6.91158835745553e-05,0.2480544463181031,0.018444266134944685,9.696644789359528e-12,-0.25900052600970797,13.448865056665865
8,case_0008_steps_0200_mesh_49x45,199,200,49,45,0.99,-131469.261610225,5.6541481562089e-05,1768110.9927659,-0.000135997844267877,-43824520.7049172,0.00130270389493603,1768110.9927659,131469.261610225,5.6541481562089e-05,0.24805794787414867,0.018444540742629655,7.932513254790229e-12,-0.25900462762009596,13.4488546684618
8,case_0008_steps_0200_mesh_49x45,200,200,49,45,0.995,-131471.162913595,4.8851181163323e-05,1768135.54848796,-0.000137872406867245,-43825203.7182636,0.00111370714046188,1768135.54848796,131471.162913595,4.8851181163323e-05,0.24806139293050977,0.018444807486863574,6.8535990105721825e-12,-0.2590086642556278,13.448846950947011
